key,occurrences,candidateIds,sourceRecordIds,status
"template:1bach-ccss:topic-0:template-1sjzn5s","3","[""cand-718caa4e-94e8-5ca3-9129-f316eb4faae2"",""cand-983a76a6-3ee9-5981-91c7-3344f6f85197"",""cand-d3b35e6b-6d08-590b-a799-bbb399e1f420""]","[""src-1f73ea19-91a2-5db7-902b-9256481d3534"",""src-1e0c6d7a-c502-510d-ae8e-a8ddfd104722"",""src-bc61c09e-8132-506a-b1fc-2a837adbf9e1""]","MATHEMATICAL_REVIEW_REQUIRED"
"template:1bach-ccss:topic-0:template-4cvace","3","[""cand-130ddce3-321b-5470-911b-39219dd62bf4"",""cand-2a47109d-fda6-5bbb-806e-7639586581b5"",""cand-3f1f70a2-9fee-5859-a67e-08c5206c53e2""]","[""src-ab3541cb-6ff2-5750-bfaa-0387f2040480"",""src-80e0ed0f-b556-5352-8264-ffeb6939c586"",""src-04697240-ea81-5e1b-b333-5cc18b31db72""]","MATHEMATICAL_REVIEW_REQUIRED"
"template:1bach-ccss:topic-1:template-1dymd4n","2","[""cand-e5f68656-30a0-5a2c-8ee0-a4827ae91c6a"",""cand-fd8423a7-1d71-5261-af45-c0f22fac9223""]","[""src-e843f98c-aeba-58e9-9b74-9badb15e4f40"",""src-b172ceaa-f8b6-54f2-8453-d41181377a15""]","MATHEMATICAL_REVIEW_REQUIRED"
"template:1bach-ccss:topic-11:template-1om5127","2","[""cand-67413e2b-0347-52db-baca-7c7f0a2a65f0"",""cand-7e84ccf7-ec4d-5a5f-9f77-4bc6acea6ad4""]","[""src-60a4e8f5-0f41-5847-9ba9-81b1fcfa0271"",""src-22dd8860-2154-543f-8546-8009f3655761""]","MATHEMATICAL_REVIEW_REQUIRED"
"template:1bach-ccss:topic-11:template-1veke3y","3","[""cand-3a630485-194c-54a7-95c3-0fe8b32feac1"",""cand-42505896-add3-57c0-8b7a-44bf408232d8"",""cand-d4eea943-2d92-5621-ba02-8b1dad77102a""]","[""src-8eaf30ba-64a1-5561-81ac-560392225317"",""src-4f78fcf0-2205-5d06-981e-e1fabca66f50"",""src-dcd12b43-2b98-5163-8fd0-c2fdd9e0061f""]","MATHEMATICAL_REVIEW_REQUIRED"
"template:1bach-ccss:topic-11:template-87spv9","2","[""cand-0e914741-094d-5751-be3c-99cda6fbf5b8"",""cand-59f04730-0f63-5d35-a264-51d44ea1d687""]","[""src-167a71a3-c76d-5284-bed6-247387691b1f"",""src-7695fd09-42eb-5147-9e4b-8d5499abd8cd""]","MATHEMATICAL_REVIEW_REQUIRED"
"template:1bach-ccss:topic-2:template-1smj58i","6","[""cand-060e1cc0-9e12-577d-bc71-fc33a41d9512"",""cand-4a61b33d-ea8d-59b9-9f72-95bfc77c3662"",""cand-901e7c26-b884-57a2-bfe9-032d1586dd6a"",""cand-b9f85f19-2e5f-5cd8-9ab8-1c451adc9020"",""cand-f425ede5-feab-5b49-b2f3-eca592456560"",""cand-f853e9d7-ea72-5399-a399-aa9cc4c27695""]","[""src-a76fcaac-02f2-5197-bc6e-3e4da02e7447"",""src-95d3efb4-c019-5146-a43f-3897596f9195"",""src-3fd8365c-d870-5340-acb1-30197bc89bd7"",""src-0129f83c-c85f-5fde-bb84-f9537029c883"",""src-591e4ea0-bd1a-5bda-9d23-2c95333ca8f4"",""src-fa7eae6a-2fcb-5cc5-913c-dad9b5e82943""]","MATHEMATICAL_REVIEW_REQUIRED"
"template:1bach-ccss:topic-2:template-5w6dnv","13","[""cand-27d71576-7387-5be6-9af3-e6a6700b3e7d"",""cand-55fd08bb-7a66-587d-9b99-ded1267c8bd2"",""cand-66b60e6e-23d3-59ec-a2d3-3fcb12b9f17f"",""cand-6907c9a4-37e2-5086-a8d1-3ce9b77f051b"",""cand-6e91360f-877a-57c7-ae65-7fb06da2690f"",""cand-74a2dc28-329d-5e7f-b5c3-00f80b762122"",""cand-a0ad9167-87b3-577a-8fac-76903ec0f9e7"",""cand-a727594e-73ca-540d-a771-e68027e47fee"",""cand-b3400ec6-ee79-5809-a980-63a6845f4892"",""cand-be1f7a6b-bf95-5956-ac55-efe1fd459e85"",""cand-c1d5203a-ed92-5de0-95fd-741bdcad4af0"",""cand-c303040c-6562-5da5-9fc4-295128f8d9f0"",""cand-ebff8a37-c47f-552d-aaaa-0e8059cabac4""]","[""src-386cf668-dce7-5024-9e39-079c7c2aac57"",""src-d77d8ea3-a2ce-5171-a461-b6eaf1667c77"",""src-34779a14-88bf-5c41-be3b-ba0a90797d2b"",""src-0ad9ce00-19df-5a19-8bd2-c744bc235222"",""src-a4f4d91f-504b-5ecb-a851-68efc2e34d3d"",""src-d2ff2dfb-79c4-59ab-9bab-14c0ccd86bd7"",""src-74bdadab-48b9-5778-9be7-4d0377db9193"",""src-cfc0a898-c7ae-54e8-97bb-882b6c6f7a11"",""src-3b1cbfba-c98a-5b78-8640-0d4cb6dd98f8"",""src-b24302b4-54df-5583-8d3c-25f478a03b14"",""src-96964402-39e0-5478-9954-16456be79900"",""src-5d54208b-210b-520e-933e-bde00467406b"",""src-c61567c4-0529-501b-a70d-cad332790e79""]","MATHEMATICAL_REVIEW_REQUIRED"
"template:1bach-ccss:topic-2:template-9mu2p0","6","[""cand-1e7b57ad-47c2-5efb-bc87-e34366110b45"",""cand-51811e74-37fc-5336-8460-b9765db15ec8"",""cand-74eb59aa-1b3c-5f5d-af2a-28a563d6610c"",""cand-b17c26d4-017b-5f58-8715-0b8ed989076c"",""cand-b9148ac8-6eaa-55a5-a9f0-664b423918a0"",""cand-e810c1a0-8e44-55cf-8937-839679f9ded0""]","[""src-a0346001-9523-508e-aa10-1917e99e5b37"",""src-b2d49404-619b-5b1a-8b3f-4b5643261b2b"",""src-d5342f5e-d7ce-50ec-9614-7e9ee8275e80"",""src-3ec969e3-17c5-5f8d-b960-a21d29c94c2d"",""src-64b01dc4-8048-5194-b054-832d76043ed6"",""src-6d9736bb-a7a1-5c53-a12b-4f598f61a637""]","MATHEMATICAL_REVIEW_REQUIRED"
"template:1bach-ccss:topic-3:template-s5k4np","2","[""cand-d5ae966e-89fc-5d9d-8079-649edc652474"",""cand-f5d7a091-2222-5f3d-936b-edc2e9fda443""]","[""src-495f5480-1eca-50ec-be02-ae5153aae104"",""src-612c5a92-ba50-58d8-b286-b2ff1ff83ee3""]","MATHEMATICAL_REVIEW_REQUIRED"
"template:1bach-ccss:topic-5:template-169avje","7","[""cand-0b1140ec-f68c-5548-a3b2-e0e2f4fdd034"",""cand-0e241902-2e1c-50ab-b13a-7491ad359c93"",""cand-8b14e84a-28fb-5f67-b551-03d06074f148"",""cand-8da02429-85ed-5fad-8da7-319dcd95c7eb"",""cand-b71e7a0c-44a3-53f0-98af-eaf40e1eebad"",""cand-d2c9d8ee-0d01-5015-8de7-c6ffd5b923f7"",""cand-d645ca22-905e-5619-9cff-7ed7ae4d34c4""]","[""src-97303464-1470-5817-bdc6-01e6644b3356"",""src-130de0c2-4623-5518-a648-09879c579e18"",""src-48756455-cbbc-50c5-ace7-8b8ee044abc5"",""src-9e783a1f-1fab-5f42-83ee-8d58a14df4a8"",""src-7f8a0fb1-208b-524b-9eb0-005eda2b31b0"",""src-68902cdc-9728-5b9f-87f4-1e16de98d5a7"",""src-76c8feb9-b29e-523a-bbde-ea5ca9f16d3f""]","MATHEMATICAL_REVIEW_REQUIRED"
"template:1bach-ccss:topic-5:template-1stxudo","8","[""cand-109ac323-a879-52bb-9e7f-ae75bd51d298"",""cand-1685ec80-caf1-5f89-ac98-d4ed8796abae"",""cand-29d0ef0e-0b2a-5203-9b39-14f5ceb17e56"",""cand-76ea067f-397d-57e0-a63c-830fe280e16a"",""cand-8def8346-c092-5fba-9c27-20be63e88e0e"",""cand-b8fdb98b-4dc2-506a-adfd-99a0d0b7573d"",""cand-e8ad6c70-9929-5e24-a9eb-73d898cf3c59"",""cand-fa195bea-9867-5f04-8558-340dcd8baa2d""]","[""src-d81f565b-ba56-58b3-995a-5aaeae935738"",""src-80312bd3-cc7d-568c-8698-4c4c6736afc4"",""src-7883a9ce-04e1-568e-87ca-aacc593b0bb7"",""src-cfbbe311-f1f1-5068-bae5-41e12627ec01"",""src-443fc4dc-7184-5f0a-9162-9445f67ba842"",""src-7e06ca01-bd25-5ab2-837b-3a5d57bcb578"",""src-b6eba31e-7582-5ac2-920d-d405e37eccf1"",""src-24ea156c-924b-5eff-90d9-8a3723e6110d""]","MATHEMATICAL_REVIEW_REQUIRED"
"template:1bach-ccss:topic-5:template-1u7w4ib","8","[""cand-18428d91-915c-55f5-815a-18647a5cb33c"",""cand-42a25db0-4dc8-5115-91cb-86e129db3fae"",""cand-4c7db99b-21f0-5246-941d-e9e542b6119c"",""cand-514db0d4-d8f3-5af6-9293-6b706ba76cd4"",""cand-5c3a2f39-b497-563d-9f57-2256eb279f5a"",""cand-b76b3981-eb73-5926-833d-6f32cc6f3cca"",""cand-c30b4aec-3c49-5439-8bf5-f39e81f132d0"",""cand-f97c42c3-c332-5f5f-b38b-b523731044db""]","[""src-3a754fc6-b04d-57e4-ad85-43ba2d14d83d"",""src-3cb41407-0b33-510b-9c66-39e6fbc374df"",""src-25877f21-6b9b-5c49-b2c4-fc508b078297"",""src-dbd8b48c-1115-57fd-9171-8f596df9680b"",""src-6d5817b5-5190-5d5f-99a5-d2ead3dbaf46"",""src-61275b0a-0439-50f4-9d41-fc2a9d6e343e"",""src-17448b4c-6858-590f-90f3-886a71f291df"",""src-e717da05-613a-5aee-842b-1fd7e86d05a6""]","MATHEMATICAL_REVIEW_REQUIRED"
"template:1bach-ccss:topic-5:template-m70r2u","8","[""cand-50ee9334-ddd3-55de-a55b-b08f6f5440e7"",""cand-5330db24-4ed9-5a0f-94b0-97b8f028af4d"",""cand-68845420-8a16-5a2d-82c5-87e3f02ee482"",""cand-74fff524-fe32-59ac-bb57-ec8edc5618a1"",""cand-8a1fd97e-bbdb-5ed2-a324-958963817f7c"",""cand-9d5f736d-3fd6-5b0e-985f-18d1e98123f8"",""cand-d04e18cb-ddd2-5840-bf62-fa3b34f1ce98"",""cand-e7822aa6-f1bd-5e4c-97f6-d3a34f91bcab""]","[""src-2e1f579f-e07e-596e-a4c8-930c421c7dbd"",""src-fa437eb3-55db-54ec-82e7-7521215d7c01"",""src-54975b5f-73a0-53e3-9b4b-0f1490bb7394"",""src-ea95c68b-b915-5d0b-bde8-479fb857ec45"",""src-b2d2616c-6c82-5d50-a9f6-19fd8c06d141"",""src-c8cb6c75-021d-5662-8a5a-dd74cac8d905"",""src-1ad71032-4bd4-5246-b3c7-cf47a3d44eca"",""src-49718e36-320f-56bf-a5e5-3d3f463069a3""]","MATHEMATICAL_REVIEW_REQUIRED"
"template:1bach-mates:topic-5:template-1b8ajjv","2","[""cand-5ddcfe28-4149-53e5-b89a-1be741713a62"",""cand-d987ce40-8f6c-5d17-8375-5bd0d17fc8d2""]","[""src-d176c755-e71f-5bc6-a0cb-b320ec96a308"",""src-e6964a3d-af0b-540e-b71a-2df21a0e7732""]","MATHEMATICAL_REVIEW_REQUIRED"
"template:1bach-mates:topic-5:template-1g3mkd1","7","[""cand-33e312d0-e00b-5e5c-9f87-a1926b1b9d24"",""cand-97439cd5-d8ca-5c2f-a5b7-376af57bda23"",""cand-b3b4d055-d4f1-5011-a1d3-a81b57ead1b9"",""cand-c9217049-5311-575a-bbfc-9a7081f1a171"",""cand-d1514124-83da-5621-84af-7cb581ed7930"",""cand-d6824891-ec98-53d3-b336-69d23d267f19"",""cand-f4560a70-ec14-5bf0-a8a4-b65109ddbd1a""]","[""src-90dfebd2-b6d6-59ba-8506-b292475e6031"",""src-ff005af7-a1c7-520d-ba87-17810690eb5d"",""src-f89f1a2d-316b-5e50-9676-1f906154e520"",""src-c8741ddd-832d-5ca4-8fd1-981c1b17b8a3"",""src-14f21517-4d14-5bf4-bb34-ca2dba8096aa"",""src-0cab2f2f-85ee-5eae-b156-81d349a66aaa"",""src-ae628e63-f866-5c65-8785-771bf4ba5fd2""]","MATHEMATICAL_REVIEW_REQUIRED"
"template:1bach-mates:topic-5:template-2we07","2","[""cand-13667a6d-8e21-53ee-aace-034e35dd7382"",""cand-27cf668b-f186-50d5-a1ee-ef3ebb37ecd0""]","[""src-caad2144-e227-5c18-9831-3740ee1b8379"",""src-d4c06360-d4c1-50ca-ae2e-9fdc68087997""]","MATHEMATICAL_REVIEW_REQUIRED"
"template:1bach-mates:topic-5:template-slkfw","7","[""cand-1f51ef89-a8f9-54b4-8cfa-66eafdf00e11"",""cand-439a07ca-9369-5ebe-a596-e0d5735f7888"",""cand-85f9093e-5ca6-5fed-824a-76a79735f817"",""cand-9d761ad9-2149-53c6-b4f8-c5c3962412ab"",""cand-aa5c39c0-d226-58cd-b921-dc2a84295588"",""cand-b94c7e95-e72f-5da5-840f-128aa0fad375"",""cand-c789e569-1e00-5f67-9e66-3775e579f3e9""]","[""src-371a22b4-b0a5-55c6-9565-b1cdd7b7b210"",""src-e7bb4dfc-9d51-57ab-ba91-3cf416d52b85"",""src-69d59558-8043-5c17-baee-86dc46bea246"",""src-49a3e26a-c601-5f45-9f0d-1842ccb464f2"",""src-d26adefe-dc59-58cf-bd13-b5204a8423c5"",""src-dabf752b-b869-505f-9259-2ce431b9fd93"",""src-919d0a62-63a9-5807-a2c3-87e24d627dc3""]","MATHEMATICAL_REVIEW_REQUIRED"
"template:1bach-mates:topic-5:template-u2v93a","7","[""cand-2e2e08fe-d686-5f2d-a50e-a50e71a238af"",""cand-317f5f1c-51d4-5780-a8c1-1119d7d96013"",""cand-3d2f6a44-dd2d-5c52-85b4-06c593560d3a"",""cand-6cf2a6d3-de78-50e2-8a61-c1ab35a00216"",""cand-83bddd4c-298f-511e-9c3f-8c47b8a4fca2"",""cand-a6d36200-6df8-59dc-8b04-9243ca12cc62"",""cand-e4e8aaa4-ba36-5788-9da5-a13bfe806f7e""]","[""src-29a9d9b6-7394-552c-b2cf-864103d2cd22"",""src-41faea52-7a45-5160-ae7a-f919e2b1bc82"",""src-761705b2-d823-5387-8a96-57fe7a55c2bd"",""src-102c07d9-8317-5daa-a7bf-423de60d4867"",""src-4c54d0cb-5a21-5e74-984a-0eeb352decd3"",""src-36fd6d47-2c5a-5e34-88f9-d49dd794fdb3"",""src-8371628c-b4b1-5b7c-ad4b-c7ea08114a5b""]","MATHEMATICAL_REVIEW_REQUIRED"
"template:1eso:cuerpos-geometricos:template-115vglj","2","[""cand-310def8d-7a3f-5f81-9b5e-7743fd7937ab"",""cand-9fa67fdf-1604-5ac5-bbff-5d412db438eb""]","[""src-80fd9453-19d9-53ed-bfc9-804b7ddfd720"",""src-5beab575-f4b4-563b-927b-a8d4a72deeaf""]","MATHEMATICAL_REVIEW_REQUIRED"
"template:1eso:cuerpos-geometricos:template-1pjz59k","2","[""cand-03bd7876-cdf6-5cbe-b28e-676ff369b79a"",""cand-c51c6962-12b0-5a12-87c1-e48a8afbc7af""]","[""src-41897dd4-b20b-5bf2-9bc9-808deecf452d"",""src-15c9f63e-c2ce-551f-af74-0abc6e9d6404""]","MATHEMATICAL_REVIEW_REQUIRED"
"template:1eso:cuerpos-geometricos:template-1ros7rq","4","[""cand-312bc011-72a3-54e9-a83d-c4dd575e8d54"",""cand-4830e958-58bf-571e-90a8-abc5d0bd7edf"",""cand-8cadaf8b-7322-5c12-8121-0b8e4af8513a"",""cand-c59cd755-4da1-58af-99f6-7008cf13e7f5""]","[""src-2c6632c0-b228-5834-bf9c-bc2e621d7c06"",""src-325500b7-f300-569c-bacb-800553348514"",""src-80100e3b-303e-570d-848d-4f10edd63465"",""src-6809ddc2-ad0a-5979-947e-88b5a34988fc""]","MATHEMATICAL_REVIEW_REQUIRED"
"template:1eso:cuerpos-geometricos:template-82h24a","3","[""cand-0ffc36e9-880a-5553-9e4a-fe5798c7f992"",""cand-79bc0141-5ab7-5b4a-9a0a-a16036583c60"",""cand-fefacebd-b966-560b-8fed-a9b8c2592223""]","[""src-989f7e23-3fdd-579d-bf3c-b20db186b36a"",""src-f6b4d9a3-452b-54cc-8c0e-a65e9e78724e"",""src-ab163e3e-80d6-54f5-b9fc-2d3cf1ae3ab3""]","MATHEMATICAL_REVIEW_REQUIRED"
"template:1eso:cuerpos-geometricos:template-an0qxj","4","[""cand-30af5b30-5a0c-508d-bdcb-4839ad7d4015"",""cand-33db102c-71f6-5689-a719-9bf2df754d28"",""cand-95234697-9beb-5bef-af1f-ca434e230929"",""cand-a7781620-fb78-5524-840f-031f426b2ff8""]","[""src-1dd46803-44a8-51dd-8c83-6be3546a179c"",""src-ca1318e2-2001-5fd3-a428-e1c23318c3bc"",""src-57b292fd-0cd5-50f5-afa5-e3c9084d5f56"",""src-ded3b17e-e58c-5846-a925-7de7444f41a8""]","MATHEMATICAL_REVIEW_REQUIRED"
"template:1eso:cuerpos-geometricos:template-gbx0z0","3","[""cand-58611b7c-c606-5764-8cbb-dbdc925e33bd"",""cand-6f31f69e-c403-5755-afd6-84e759e33ecd"",""cand-c5145b88-a0f4-5626-b840-018a75fd31d5""]","[""src-8dfc46a8-51cd-5b8f-b9e8-3fee0b6ceda5"",""src-8862de12-32d0-5e67-a991-ab219f88db86"",""src-fdfb0163-fad7-53e0-8bce-1bbdb2ce621b""]","MATHEMATICAL_REVIEW_REQUIRED"
"template:1eso:expresiones-algebraicas:template-17qf43q","2","[""cand-379e65e6-87c0-5a2b-abc2-461b2e267a9c"",""cand-f6d8591e-3106-5bce-8631-712f548874f1""]","[""src-6d6bebb9-4984-5aee-a98e-49418ace56e6"",""src-ba2f8409-99f4-5436-8f5d-27d0604fb356""]","MATHEMATICAL_REVIEW_REQUIRED"
"template:1eso:expresiones-algebraicas:template-3b9irl","2","[""cand-09aacffe-6c6d-5c3a-a225-1f1e4f5ee0c2"",""cand-e451f189-d463-52a0-8ceb-32d97fafd41d""]","[""src-b3bd60fb-a6c0-5f84-af15-ad97ddb9a35b"",""src-c103cbba-8c1c-537f-b4a9-c89e5a7126ff""]","MATHEMATICAL_REVIEW_REQUIRED"
"template:1eso:expresiones-algebraicas:template-ht2t0u","2","[""cand-01265571-4e96-5337-a995-8d9decfdf3c0"",""cand-5263c34f-031c-5350-92fb-f1c04318fe01""]","[""src-10844e86-5976-5952-ac6c-848d440d3ec6"",""src-e330bb2a-5381-5112-ab09-2efea3720cd8""]","MATHEMATICAL_REVIEW_REQUIRED"
"template:1eso:fracciones-decimales:template-1aruw37","3","[""cand-15d26b71-a192-5a41-be2b-c109fdb85720"",""cand-45b46799-0bba-5d33-b84b-77c2ce1dc668"",""cand-a17edab5-f58a-5dc2-820d-3426b666ed07""]","[""src-323fc5a7-9e16-5746-9de5-d36e82afc0e5"",""src-0d52d4c2-a03a-5a62-9a9c-2491b2a4426b"",""src-de595bf7-9732-523e-a721-0a2b94ffb172""]","MATHEMATICAL_REVIEW_REQUIRED"
"template:1eso:fracciones-decimales:template-1clk0es","2","[""cand-b12ec601-ba59-544e-a472-f541c2b19e7a"",""cand-d7454a81-baad-592e-990c-115b4b52b893""]","[""src-9238bde4-b4d2-5e60-ac10-98bc3e5b6944"",""src-aa442b6b-6099-5f45-9c52-41e2ec1a708d""]","MATHEMATICAL_REVIEW_REQUIRED"
"template:1eso:fracciones-decimales:template-1cvvh31","3","[""cand-081f4307-3692-5865-83e7-f272b760f37e"",""cand-414a4fd6-32ea-5b5a-8462-fcf559aaba60"",""cand-a92c0e85-1e2e-5faa-93ab-a3b3ba6410f6""]","[""src-2d1dd7a5-aa87-5750-8d51-a5bf853b9fb7"",""src-7060d84d-346a-55c7-8182-4ad0dfca9aec"",""src-7eb4397d-61cc-54fa-83de-cf5ad121c2ca""]","MATHEMATICAL_REVIEW_REQUIRED"
"template:1eso:fracciones-decimales:template-1dvwbak","2","[""cand-3069ecdd-fd36-57d2-a82c-f65fd99a39d3"",""cand-e3e0d663-147c-5bd6-8372-c78fe8d25334""]","[""src-be4879d6-5504-5438-91e1-36caf65426cc"",""src-cda24948-ddf7-5f1a-a359-948e4683a283""]","MATHEMATICAL_REVIEW_REQUIRED"
"template:1eso:fracciones-decimales:template-1h5my0j","3","[""cand-1439545f-431a-5b94-8dc8-f921f402ad5d"",""cand-edd69c41-29da-5d88-a6d5-9c0aaa1606f6"",""cand-f05180d3-0726-5296-b3a8-c1535ed79f01""]","[""src-200d2b24-8f37-5ee1-8d39-495938815e94"",""src-c995fee2-d276-55a1-b670-9ae5c1ac0a75"",""src-1118bc95-6a11-5b18-b5b0-ea3253144b61""]","MATHEMATICAL_REVIEW_REQUIRED"
"template:1eso:fracciones-decimales:template-1mst931","3","[""cand-8da5c91f-d85a-5152-a3b5-924f614c8cc2"",""cand-bd3662d2-479e-557e-8000-26faa056428b"",""cand-d3dcd88d-bfad-58e2-a362-bb1db0834819""]","[""src-544cbc8f-9c23-59f7-905c-46f5ca6b8a69"",""src-4ef23e56-ed1e-568e-a9a7-838b3852d242"",""src-676d8b50-42f5-5b13-b23d-681c9336180b""]","MATHEMATICAL_REVIEW_REQUIRED"
"template:1eso:fracciones-decimales:template-1prw8ak","3","[""cand-2b1e1ae4-edaf-5754-af71-fdc6ebf24d19"",""cand-7032d724-efa9-582d-be95-736bd678b605"",""cand-dde38935-426f-5288-98d1-373332278fc0""]","[""src-99075e66-3503-5bc4-a90e-42c4037b673b"",""src-1b9c8e52-75c8-50bb-b3cd-facd6ef1e366"",""src-df85d36c-fd62-5cf0-93b5-e60bddbeb61e""]","MATHEMATICAL_REVIEW_REQUIRED"
"template:1eso:fracciones-decimales:template-1thv9yq","4","[""cand-446f141c-76bc-5727-9666-622617244917"",""cand-8a9dff33-4c01-587c-8722-035318615998"",""cand-d9e24c9d-658f-530f-9744-95a2cfbe08af"",""cand-f3d470df-c277-5ff9-ba0a-b745a6621cd5""]","[""src-cceeb518-9c7c-5e40-bdaa-9441be3b1f2a"",""src-41ec4213-70dc-5cb3-8914-1336731ab158"",""src-3f93b480-fc57-5bdf-80f5-f96c1549efa4"",""src-8d0468e6-8a93-59fb-a768-0863a64589d1""]","MATHEMATICAL_REVIEW_REQUIRED"
"template:1eso:fracciones-decimales:template-1ufrcwq","4","[""cand-09a3afd7-610b-5ca7-ac2d-20375a85e7a0"",""cand-8113b595-c442-5002-9003-4ff971f0da5c"",""cand-ab60a348-e8da-58b2-b5fb-62b5b964c8ab"",""cand-df0a41f3-4b76-5a5c-9b3e-bbb6a08c8df4""]","[""src-bae71dc4-90fd-5569-b8c8-1e555d478c4b"",""src-fa72a86c-dd5e-5a05-992e-fbc6c1bd94e5"",""src-724680c0-cd42-56f4-bde7-325e942b8260"",""src-47e8d8e7-a076-5fa5-9e97-e613655ecbbd""]","MATHEMATICAL_REVIEW_REQUIRED"
"template:1eso:fracciones-decimales:template-1y8wcmw","5","[""cand-30d55477-2b2c-5da9-9b16-cb00703a0a3e"",""cand-341bb9ca-da09-559e-9e86-543b68ef8825"",""cand-7b54d77f-d6e8-5688-955c-e04b5e280e8e"",""cand-9d9a3ba7-b49a-5506-8578-8115972850e0"",""cand-bf52dbae-ad64-59fb-9667-5ac84a828cff""]","[""src-6288bfdc-af94-541e-80da-151956a6966b"",""src-0c6b2986-d631-50d9-bf45-3e88445a338f"",""src-288216af-ff61-5b51-837b-ce491a5de04c"",""src-9cd09d47-bfd2-5147-81c2-b8d711410a63"",""src-8a00d6b6-64b1-5a9e-8180-1bcb78d19e41""]","MATHEMATICAL_REVIEW_REQUIRED"
"template:1eso:fracciones-decimales:template-b98z2b","3","[""cand-33e65496-2070-5b66-807a-70efca4c5ff1"",""cand-696e9e8e-d773-54b2-b3b5-8aff6f98a5b8"",""cand-818cfc3a-7429-5c35-89cc-6861a9192cc2""]","[""src-b26b5c09-7335-5a91-a10e-069e5f221d3f"",""src-cb707fdb-b8ff-54aa-a619-d7b1b45c5bdd"",""src-79694af6-ee43-59c9-ae77-b59c6f98ea31""]","MATHEMATICAL_REVIEW_REQUIRED"
"template:1eso:fracciones-decimales:template-ep2a9l","3","[""cand-14246b62-19d5-5861-b450-10a2645d636c"",""cand-58d85113-c313-56f7-9629-de7f31008c42"",""cand-d6815025-17f0-5f0f-929a-12e1b5411b09""]","[""src-2c28bca2-5e4d-562e-aa30-b1249b191526"",""src-07bf706d-2db4-5dc7-b025-11b0a98960ed"",""src-6ccb84c2-6113-582f-811c-6ba1ec5c24b9""]","MATHEMATICAL_REVIEW_REQUIRED"
"template:1eso:fracciones-decimales:template-qcfo24","4","[""cand-2079e14c-0ec3-544a-bd5a-03bc0cdee909"",""cand-27c45e59-b5dd-51dd-a60d-10c42a03fef0"",""cand-39672a00-9322-5eef-9bc1-dadb61ecad0c"",""cand-85b7c965-1fec-5f0d-ae31-29a5effbd30e""]","[""src-c00e2a77-73c9-599c-931e-59d637c8bd82"",""src-4b2542bf-5695-5f4b-9147-852c8d5948d6"",""src-b4da2ad6-9fa2-5620-835b-da5d7adbb061"",""src-73c767fc-075c-557c-9175-a7d6e5fa5e22""]","MATHEMATICAL_REVIEW_REQUIRED"
"template:1eso:funciones:template-117nv8l","2","[""cand-95fbe084-9ade-5dbc-8444-12cceb25a662"",""cand-d1a302cd-3b83-53fb-8781-ea11efa4656b""]","[""src-cccc39eb-6783-5802-b537-24de904ed953"",""src-514925ec-4381-59f4-a253-48014bad5ea4""]","MATHEMATICAL_REVIEW_REQUIRED"
"template:1eso:funciones:template-14a5ck8","3","[""cand-44595802-9d94-57a7-83a2-da01f09104c7"",""cand-c1a737eb-03e7-5bed-ab39-8534523db274"",""cand-c5d3a1b9-13ea-52ec-aaf2-5062652e4bf3""]","[""src-bafa3bac-be02-50c2-a05d-7440348b1d59"",""src-93d3a4f7-8594-55cd-9923-aef03c61ac9b"",""src-b4eb58d5-b789-5ace-9edd-f39f43c138d0""]","MATHEMATICAL_REVIEW_REQUIRED"
"template:1eso:funciones:template-14hmu70","4","[""cand-2d52befb-3054-557f-a372-6a0b1ad8c486"",""cand-35fb514f-428a-5266-b3ae-18f268950604"",""cand-377ad942-cbdc-5a18-a191-145d8a1b2441"",""cand-80a36639-9ad0-50c4-9b36-fb779bdd7678""]","[""src-f125f816-f958-5e0d-bcae-eac721a22242"",""src-351f32e9-bc0e-59e6-bacd-69a594153938"",""src-1d5d082b-55b3-5b66-913e-84e806143e13"",""src-80fc3116-cfea-549b-aa39-c4ef0c1a6861""]","MATHEMATICAL_REVIEW_REQUIRED"
"template:1eso:funciones:template-15eiu0a","2","[""cand-70b19f6b-9b00-5604-a2d2-3963620e03ba"",""cand-e92cd060-edbe-5e6b-a5b1-fc8b30be5d9c""]","[""src-f921d7c8-686d-501d-ad5d-e18cb77029d0"",""src-303fc8de-8079-586e-a60c-462c89b69fed""]","MATHEMATICAL_REVIEW_REQUIRED"
"template:1eso:funciones:template-1a0mttq","6","[""cand-0dc48883-bcf3-5271-95eb-b240582b9ab2"",""cand-801bb707-ecdc-5f13-bc3a-9bbdef476283"",""cand-8b0352e7-32ed-5a74-bbf9-ebc8370d367d"",""cand-94bd15ec-1389-543c-bbef-c5a7773adc2a"",""cand-9f3ac1b9-48ec-51c6-a097-b1119090f3a7"",""cand-c68d3544-8f9b-5e6e-b390-c3a1ac276dfb""]","[""src-e3efe8e1-02c0-5e4b-be5b-90723280bb28"",""src-382eeb7e-e314-5bf6-a13b-5cf67af0e59b"",""src-d0ea1675-d281-5058-b8d3-c219cdb07fc8"",""src-2844dc7e-bd59-5b5f-94fb-a760acc0f3b6"",""src-599625e0-a049-5600-9cfa-4dff8c57b280"",""src-bb960e0d-d5ec-5ac8-91fe-e8138a1a2f99""]","MATHEMATICAL_REVIEW_REQUIRED"
"template:1eso:funciones:template-1lt2z65","3","[""cand-9656340c-7021-5305-86c2-0f2ef6581c13"",""cand-b06ca525-25c9-5cb8-9dab-02a7a3c622dd"",""cand-f1ed390b-03aa-578f-87b0-fe340f2b77d4""]","[""src-7ac3e572-9363-5183-a769-6fd43001b16f"",""src-16cd9b36-d85f-5d96-bbd7-41c2b162432c"",""src-b16a6f58-2862-5983-b2b7-3db3ad56f47d""]","MATHEMATICAL_REVIEW_REQUIRED"
"template:1eso:funciones:template-6vhdxe","8","[""cand-19172b7d-82e5-53b6-a540-9dfb3ff76429"",""cand-3b9b652d-2ca9-5455-bde2-ec2640b0d113"",""cand-3ef8b7e4-90c4-5559-81c3-d157a8a3d520"",""cand-64720c6a-1ec5-5990-8f70-d001261960a5"",""cand-d9dc93a5-4088-5ec0-a271-3517c7c36dac"",""cand-f2004a5e-a61f-5fa6-8fe1-d46b869ab957"",""cand-f4df73c1-fdb6-50f1-a7c7-f488a8b6351d"",""cand-fbbdbf16-124d-57b1-a027-ecab5424e285""]","[""src-0743e3be-04c7-511d-82ec-4a05c6a7203e"",""src-7fccd0af-1c4b-58c8-8c0e-7c97c6b73e11"",""src-5487e0c5-2b7f-56a5-a384-d72518227355"",""src-93aea34d-590b-5284-a419-798f8bd94554"",""src-4ba73a9b-c59c-5edb-aa71-d05c72af655c"",""src-188842e5-ce34-5043-bd5c-2f8fdc3b6057"",""src-a186d8aa-2b42-504c-aeb4-f3b979a32fc4"",""src-58712267-5b11-5ed9-aca8-f81efcac122c""]","MATHEMATICAL_REVIEW_REQUIRED"
"template:1eso:funciones:template-ab10yd","5","[""cand-064f6247-f588-50fe-91b3-e534a964f112"",""cand-56ab9926-93c7-551b-ae61-cea60adb92a1"",""cand-5b1b880e-affe-5380-a7ea-265acfc79728"",""cand-67819209-3276-5a09-b508-338b647f504a"",""cand-a2b21a43-2d9f-593f-836f-9e49ce73dee0""]","[""src-38aa9082-62ac-5548-903e-1ab9efc17e2a"",""src-7a9f0c3b-e1a2-54b0-895f-7ed8f0424fbd"",""src-ef5fcbb8-d33f-59d4-8fa9-1564d8012904"",""src-841049a7-3e58-543d-9b7e-78eeb5acce6e"",""src-988d980a-bf67-51b4-a049-20068339c32b""]","MATHEMATICAL_REVIEW_REQUIRED"
"template:1eso:funciones:template-c9onca","8","[""cand-24d70236-ba86-5392-9dba-4229098a028f"",""cand-2a6b3d5e-e493-54fc-ae50-92f0bbdccaaa"",""cand-474ded23-73f3-5423-8657-76ca72f83513"",""cand-6229002f-43fb-54e6-9996-ea447b30f8e3"",""cand-64c28519-35e3-5560-a305-3677ab15054a"",""cand-7d22389d-943f-5941-bec5-57a9a423906d"",""cand-cfce8029-7a42-530e-9821-42675b696fd5"",""cand-ea4d6855-fbea-5bb1-9c6f-5547533ba77e""]","[""src-817b9295-44be-573d-8670-713618235e6b"",""src-69c662d5-6b7d-52ad-94a7-629e48bdab4f"",""src-6c111d38-a130-5c51-bf4f-86d47cfb2f50"",""src-2b379c61-f02c-563f-9ff2-4273d2b32652"",""src-221a162e-5d0c-5b3b-8df8-deaba808af5e"",""src-64741795-8219-51a1-b3b0-02e92f2a0070"",""src-dfd92d08-7e99-5e15-90d5-fbf1c1fcde59"",""src-ba5eb582-f907-51e5-81de-8b73be41a885""]","MATHEMATICAL_REVIEW_REQUIRED"
"template:1eso:funciones:template-n0sncx","3","[""cand-2f22fe92-7cf5-5550-a1c0-b5ee370274e3"",""cand-45b4421d-c16b-54bc-9286-6cb427329abf"",""cand-4764c3c0-1f03-5c9b-b3f7-66b4c5f180a6""]","[""src-fe50afd5-5409-58ab-9883-f25ad07639f5"",""src-0d4cd2b3-317e-5fa5-b1d1-64d9a88e16cd"",""src-23bb25a2-e27d-5310-9212-dad22a7e9268""]","MATHEMATICAL_REVIEW_REQUIRED"
"template:1eso:funciones:template-so0nrw","8","[""cand-03933822-7dc8-595b-919c-653c7fe39910"",""cand-0b96d008-c1bb-5b3c-b0c9-1f1cac583d0e"",""cand-6dce4a8f-dd94-5a3a-9c9e-fe4f5c96b85a"",""cand-a00d3b09-4f67-5e80-9093-48b5eb398c9c"",""cand-b6d01afd-d6a2-5e76-bc6f-8ab8eb7ebf45"",""cand-dd4b8d82-5351-538a-8623-8532832ef9ad"",""cand-eef134b5-560c-58f7-b8a0-4e888f21ac86"",""cand-f859d0ed-f4e1-5c14-b243-cb010eba12e4""]","[""src-6f4f364d-6f80-599f-8056-f3d8cd486a64"",""src-1fc56f2f-d474-5c83-b63b-308a25b99308"",""src-103f329e-6d81-57aa-a4d4-95602daf9629"",""src-0ea06e99-3206-586f-903d-917c8abea110"",""src-49045679-2e84-59fb-93a7-489ea73c4dfd"",""src-badc8c5a-fa1b-534f-9e83-18a8ce23161f"",""src-fff6c570-541a-5590-912f-15fcf2b43bc0"",""src-a0d344e8-9ba4-5b81-8b2a-61f9c4353217""]","MATHEMATICAL_REVIEW_REQUIRED"
"template:1eso:funciones:template-zj7vmd","2","[""cand-04955675-deba-5ce6-b678-f171001ce194"",""cand-7715acc7-f303-5ff9-b74e-eb0d90db5e5f""]","[""src-52f9f761-1efd-5ab3-81d8-3f722e1ceac5"",""src-54274b93-8180-502f-99c2-7519a327736c""]","MATHEMATICAL_REVIEW_REQUIRED"
"template:1eso:medida-angulos-rectas-circunferencias:template-1384jl4","3","[""cand-c84dea7a-7e6e-58e8-a8d0-c38c6a0cff32"",""cand-ceecc0c7-d0aa-57d7-92d4-6b7f71c5881b"",""cand-e9fd3972-2196-5d5b-a8ef-30e4b6e76149""]","[""src-fbb24295-6ded-582f-b105-b62755bcf9d4"",""src-cead977b-fd24-5bf9-a426-f267ef0c4b4d"",""src-f9cc21fc-2754-5bda-9eef-77c201524f9d""]","MATHEMATICAL_REVIEW_REQUIRED"
"template:1eso:medida-angulos-rectas-circunferencias:template-16h9fof","3","[""cand-824afede-f438-58d8-a47d-dfeb47112e4d"",""cand-a3a7aa4f-32d5-5a82-811c-72fc0b22e27a"",""cand-bc6d91ae-0ccd-50f4-bb30-c048243ea895""]","[""src-6825ef74-d952-5418-b947-d1ec9f9c2b1a"",""src-ee5fac48-8083-5631-83f7-22dd341152a2"",""src-f341cc43-5d0a-5b3c-96e0-7f5bb0134bd9""]","MATHEMATICAL_REVIEW_REQUIRED"
"template:1eso:medida-angulos-rectas-circunferencias:template-1a3lbi3","3","[""cand-75ac30d1-8fb9-5277-9961-b1559473326d"",""cand-ab2d7ecc-97f2-5238-9f65-ca8b9587d3fb"",""cand-c62f493b-f7e3-5667-8ef5-b134e413f36c""]","[""src-cfb34ce6-472a-56f9-804c-99c3ada261a1"",""src-dab0fdc5-3157-5558-9c24-33df43b35a8b"",""src-de28eb64-809c-55f0-8a11-904f3621e090""]","MATHEMATICAL_REVIEW_REQUIRED"
"template:1eso:medida-angulos-rectas-circunferencias:template-1ll0oe6","5","[""cand-104a812c-2371-56ca-a818-aff7e15a566d"",""cand-2c37bfae-3ee6-5cd8-a1df-957c959e849d"",""cand-385cf7da-4c32-5e55-a45f-8f12a14c9d7c"",""cand-69f06de0-eac5-5329-89d8-8868e61c07b3"",""cand-a5238240-1867-53fd-9681-492ed69e5a91""]","[""src-79b93f89-d28a-59dc-aacd-16d20df685cb"",""src-8ce818fd-f5f7-5dc4-a241-366739dcf956"",""src-7c332645-f45b-5a6d-b7ab-4bd7d4c5f3d0"",""src-d4f3d9b0-3456-5024-a697-274421c534cf"",""src-368c3596-d048-5558-b662-93f199adf605""]","MATHEMATICAL_REVIEW_REQUIRED"
"template:1eso:medida-angulos-rectas-circunferencias:template-1vfixla","5","[""cand-2ecc5973-b1b4-5b0a-a3b2-a104b30f3ae7"",""cand-3eacd23e-10d2-5174-92f9-f50baaa428e4"",""cand-4023918c-eb4d-5e2e-9224-075bd5e3e6e9"",""cand-514ee3a2-10b6-508d-afbc-c1114be86843"",""cand-562f8770-b360-58af-97c0-dec63512333e""]","[""src-5f68c53c-844d-5b3a-a635-be02bc605c0a"",""src-231dee13-7d35-5471-b661-f1f9cdd17d16"",""src-9923670b-2d88-5b97-ab1b-d7255497699e"",""src-ff5373f6-9a59-51bc-a884-74068f11fea9"",""src-2ad9784c-7a0c-5e14-b7ba-b7f4d3c458d4""]","MATHEMATICAL_REVIEW_REQUIRED"
"template:1eso:medida-angulos-rectas-circunferencias:template-1ygngi5","4","[""cand-0e0ee88a-c8ad-53be-8075-01e203571913"",""cand-4f5c7109-001f-59dc-ade2-24800fea8341"",""cand-c7cbae14-a198-5de0-8ccd-22be3d2c6ebe"",""cand-da5da8e4-5f32-513f-9555-533f61990ec4""]","[""src-f5003a81-5ec5-5402-bd90-0c873da685c9"",""src-4ee4dc11-3cf2-5ac4-95e9-708909f97304"",""src-052229cd-6a94-55fd-89e8-47b9ae25e87f"",""src-693a347b-c18f-5b6f-88be-358e213ac09f""]","MATHEMATICAL_REVIEW_REQUIRED"
"template:1eso:medida-angulos-rectas-circunferencias:template-tcidt8","5","[""cand-2066504b-2b0e-53ff-ad03-b3b00ef1142c"",""cand-2d804674-45bb-5586-87c4-e7791910aec2"",""cand-4a0ddd3f-17f1-585d-8f68-624f9775a17a"",""cand-557c2f6c-77a8-5269-bb34-8de9987a1e2c"",""cand-8f57f257-a45e-5252-a2d6-371a4648b385""]","[""src-ce8ed3c3-6a6b-5d84-b925-98d5e7409d5d"",""src-f61ab717-776d-5a0d-880b-f4fcdbaf6da8"",""src-fb79c4fc-4ee8-5045-8d2e-59d4e001c44e"",""src-dcd87508-a35f-58ee-99ac-e8bfce468ce5"",""src-77d6e181-0aa6-51c4-9b0b-35aa938afe11""]","MATHEMATICAL_REVIEW_REQUIRED"
"template:1eso:medida-angulos-rectas-circunferencias:template-ye6eoz","5","[""cand-6ff82e1f-9a75-504c-9f1b-b4c65050c154"",""cand-7385829b-4d40-50bd-b692-6900aefe7eaf"",""cand-be6c10dc-01bc-5cf8-93b0-5005205717a0"",""cand-ea153b2a-eac1-57f8-9389-baa7d31afde2"",""cand-fb62e1ef-ce22-5e3f-afb5-0f22b8fc1022""]","[""src-81cdb824-3edf-58d4-a487-2a32e9ae853f"",""src-e46894c3-02dc-5274-a439-1885bd9be074"",""src-824b562a-a222-5719-a3a3-b13d57d5d3b0"",""src-fc53bd69-9da5-5a75-8061-cb1f6cf0201d"",""src-1c288377-a5f1-585b-bde3-bfff789a94fc""]","MATHEMATICAL_REVIEW_REQUIRED"
"template:1eso:medida-angulos-rectas-circunferencias:template-zknvfa","3","[""cand-a197fb17-1bc2-58c0-b30b-c4c6f7fd4613"",""cand-b3cf41fa-3294-5ab6-b5f1-4b99b7a594ee"",""cand-f4c56d74-cd4a-5014-8204-9c46030cc0d8""]","[""src-7ffce4fd-b85a-58c7-8f7e-c59bb71bfe56"",""src-9c156053-3785-564a-8d01-59293061ce8a"",""src-5201e83f-1531-527d-a51a-29c57f66372c""]","MATHEMATICAL_REVIEW_REQUIRED"
"template:1eso:numeros-enteros:template-19i1bjk","2","[""cand-2eda5822-54ff-5318-abed-681a679dd0bb"",""cand-8e865b5f-e254-50f8-8c7c-2bf52f0345db""]","[""src-6cf1b530-275f-50ad-8607-0ecbaf9b1f88"",""src-882e9484-8a16-5a9e-aea4-f7997df05506""]","MATHEMATICAL_REVIEW_REQUIRED"
"template:1eso:numeros-enteros:template-1ewdxka","3","[""cand-3b12acb5-4031-519a-ae18-19fbacb57c85"",""cand-4c39c60a-8385-5282-b067-b32570a6011d"",""cand-e8c9b11b-b65c-5d27-8c35-fa8cf4bc8db3""]","[""src-717a7b60-19fe-51da-aa41-7fee0a0c23c1"",""src-b8f91433-5603-56a6-9544-c886ff8e4c53"",""src-a08a9f91-dca9-5014-af5a-b96b8c3cf87c""]","MATHEMATICAL_REVIEW_REQUIRED"
"template:1eso:numeros-enteros:template-1oft2dq","3","[""cand-10ef5768-ebe9-5b44-8725-18635ae2bc67"",""cand-5a913c5d-8407-52eb-9969-67302fccd91b"",""cand-75fc7015-6b10-504c-8f7e-21279e6ae715""]","[""src-d02c234a-27ba-5fdf-b202-9854df0ba899"",""src-be5633b5-7c34-52a8-9418-f8c1893c68ea"",""src-fd00d6d5-92fd-56f8-9dbb-69d599106810""]","MATHEMATICAL_REVIEW_REQUIRED"
"template:1eso:numeros-enteros:template-1pvg655","3","[""cand-b3f1885f-48fc-5ae4-9444-053bdbf24889"",""cand-cf46432c-be11-5986-a016-bb86b31fb39a"",""cand-daca1dcf-9895-5c34-bb24-7c1e8f1c5c37""]","[""src-078ac4cf-2442-5c8b-9d43-a5f93c6443d4"",""src-9ba9b10a-44d8-5d7a-a30b-aa84daee6bff"",""src-92dc307c-1f72-5a2f-9d78-b3bd455649c4""]","MATHEMATICAL_REVIEW_REQUIRED"
"template:1eso:numeros-enteros:template-1uqll0g","3","[""cand-1ed91e0a-d20e-598b-85c4-d3f5382926c1"",""cand-8dc061d2-a659-5e61-8380-a6d47aea1667"",""cand-ee3bc7c8-539e-5d16-8796-2d8c6d1bafa0""]","[""src-4cb4e044-0637-55ab-a566-58d9df323f20"",""src-b6070785-edbd-5a08-b72e-37c0af99aeaf"",""src-b4fd5b14-faad-56d3-9f15-432fb0f39941""]","MATHEMATICAL_REVIEW_REQUIRED"
"template:1eso:numeros-enteros:template-1xjo48h","5","[""cand-02404cf5-23f7-5c15-8b80-4c4772e471d3"",""cand-749a8d7d-30d5-5c13-8e34-65f67db0ccec"",""cand-8fc223dd-e698-555e-9a3a-76169ba33254"",""cand-ade64b50-ce3c-5176-bf63-7cf7e74630a6"",""cand-af4dac91-e3ad-568b-8cb4-84388296bcaf""]","[""src-f0228e7d-3451-5854-936a-715407e0079a"",""src-71a59563-0430-5c95-9f5f-1afb95c20704"",""src-311af19a-2458-546d-8d99-92386049c046"",""src-8df2fca9-465a-5a7c-aaf0-f4f5d26b9eb8"",""src-379e4b0d-9834-5c5d-b5fb-98e9ce05b815""]","MATHEMATICAL_REVIEW_REQUIRED"
"template:1eso:numeros-enteros:template-1ysbur2","4","[""cand-0c7a1438-1c34-5960-82a8-142e2c8af641"",""cand-507fb0e2-1f0c-586a-a835-5ad14ec89b81"",""cand-aea8fb3e-5a61-5191-ba5e-02769bd65b6d"",""cand-b876eb0d-511d-5d21-a620-eaa691c75ec5""]","[""src-e3be3c18-994d-53e1-a907-35d0b7eab690"",""src-91bc8da8-ea8c-53dd-9261-550527acbc1f"",""src-6975ab56-08ef-5e6b-8284-29d57f4ea517"",""src-c3fe1317-213d-5336-ab49-0839505eda58""]","MATHEMATICAL_REVIEW_REQUIRED"
"template:1eso:numeros-enteros:template-3v6isc","3","[""cand-5bda7ac9-aa92-591f-bb52-62e8442b2c33"",""cand-94b77bce-7a7c-510d-ac57-76cd6f04e6bc"",""cand-aed15050-8b79-5665-a97d-4000754d6603""]","[""src-06df5283-65e0-5364-a288-78c2c545df4f"",""src-5c908438-17e8-5cd0-9801-1813d6109f1b"",""src-898ce834-1a83-5300-ba5d-5b1e486d7e83""]","MATHEMATICAL_REVIEW_REQUIRED"
"template:1eso:numeros-enteros:template-i58xkf","2","[""cand-0f212c81-23de-559d-8e86-add2e9c6501d"",""cand-f6bacd77-bd3b-5539-a398-7d8086e38483""]","[""src-70ce71c0-eb93-5190-8a0f-2795bf44ce94"",""src-8761b4ff-a8cf-5baf-9552-3fb31d452529""]","MATHEMATICAL_REVIEW_REQUIRED"
"template:1eso:numeros-enteros:template-u89k5q","2","[""cand-8e1fe6f5-56a9-5bef-9377-5259c2a6fdc1"",""cand-df46dec5-9ee6-5f8a-bcb6-8a3630b22c46""]","[""src-f8ef8f85-52b5-5f86-abbc-7f4eaab230eb"",""src-e0eb4340-7006-5ba4-8583-f8b0b0e5ad95""]","MATHEMATICAL_REVIEW_REQUIRED"
"template:1eso:numeros-naturales:template-1aruw37","2","[""cand-182ffb24-acad-5eef-bdb6-dc8ce0d5f6d0"",""cand-cd2168e0-db0b-5527-b0d0-7404914eed47""]","[""src-e0174c94-6228-58c5-b518-a80158a5992b"",""src-55d7bfd2-8545-5ccf-a225-7a56bb4c534f""]","MATHEMATICAL_REVIEW_REQUIRED"
"template:1eso:numeros-naturales:template-1clk0es","4","[""cand-1154eb87-1adf-56d6-89aa-8cddc61e533c"",""cand-2933c55c-efc5-5795-8118-bdf73abc4bb0"",""cand-ca0415de-3db6-5616-a734-c08d7873b5bf"",""cand-d8152ac9-3a43-57a4-b64d-f386e9a78e5e""]","[""src-aaa9d6b0-5731-554d-8bf7-bbdb5bdde511"",""src-6056586d-269f-51b9-a023-a339011c82c4"",""src-aa721d0a-15e0-5e37-877e-c9e9da534c22"",""src-f3802090-6f97-587c-81c7-37bf25b085ac""]","MATHEMATICAL_REVIEW_REQUIRED"
"template:1eso:numeros-naturales:template-1cvvh31","3","[""cand-600cb5f0-8373-56a5-aeda-fbb55481a41e"",""cand-8de14bbd-1c91-518c-a68e-042f71cd94af"",""cand-acace4a1-eade-556e-90a5-84081d749146""]","[""src-5f80df27-43b6-515a-a089-da469c5bacef"",""src-30805a8d-6b0d-507f-a293-654cf48ee248"",""src-3c6b02f4-637c-5a0e-925c-85408cf44f5e""]","MATHEMATICAL_REVIEW_REQUIRED"
"template:1eso:numeros-naturales:template-1fkn0mc","8","[""cand-21fb080a-9c2b-578a-bd44-8f14446dfd0f"",""cand-2d303821-db85-5f22-b9d7-2f9310d72ab2"",""cand-4c6f9c8f-136e-5bb4-91bc-20ad0168743a"",""cand-5e4b9cfa-63bc-565d-b857-952b6e811196"",""cand-8a3d58d1-a722-5ad8-80b2-7dc3b9b8744a"",""cand-9bfeeb65-13ae-54de-85bc-06f063bb06d8"",""cand-a5a46105-e565-5b2f-b13c-30c3bd49dfe2"",""cand-f44820fb-884d-512a-b7bc-5999e19a0d82""]","[""src-3bb467d5-f362-51a7-8db3-651d52575b42"",""src-03dd3823-f791-5eef-a054-50e02aad90d3"",""src-4a8ea5ef-7036-5eb2-8bc6-a1d4be6f6349"",""src-e90e17a1-22ec-5828-83d5-777fc7fcf140"",""src-42d6d455-92f6-5f4f-896a-0e172705c6ce"",""src-5f34502f-2895-5632-8fd6-f5ff70c2b90d"",""src-fd0d901d-c57a-513c-998e-fe264c99773b"",""src-5acc8b53-4f2d-5e47-bc56-dcc28453ae20""]","MATHEMATICAL_REVIEW_REQUIRED"
"template:1eso:numeros-naturales:template-1gedj","2","[""cand-65384ad5-7d07-58f1-ae61-311233279bad"",""cand-c3c80d81-fe86-54f0-9f7d-b96769e878d9""]","[""src-a7bee152-65aa-54b2-a621-4d7f08407c57"",""src-61aa12f2-825c-5913-8a41-660a28168aef""]","MATHEMATICAL_REVIEW_REQUIRED"
"template:1eso:numeros-naturales:template-1h5my0j","3","[""cand-71488a61-f3af-520a-96d1-0d6072556e6b"",""cand-ba0ea749-74dd-5232-ae84-3d6b8c6a9ce6"",""cand-d28f4240-5a1a-53b8-a7c5-1ea8739287eb""]","[""src-bb4241ac-582d-5942-a1df-5f2544b70c5c"",""src-213494e4-7dff-5d69-98a1-2598709476d8"",""src-1f8cc0df-0f85-5e69-9751-e7f1f36a7064""]","MATHEMATICAL_REVIEW_REQUIRED"
"template:1eso:numeros-naturales:template-1m4s1ra","8","[""cand-12694c4e-7215-5b6e-8d06-02bbb33f3d0b"",""cand-5e55f77e-d5ae-5ca3-a469-ff4da81ea662"",""cand-6537f4a3-68c4-5496-808f-26f2876d02dc"",""cand-7ec8f5f2-f83e-5630-8215-cdebe6683b16"",""cand-d21f6c88-32fa-500a-805e-5976276b7f0f"",""cand-d31931af-f184-55ab-89a2-c93d51edece2"",""cand-f5a20674-cdfc-5a0a-8217-34a9fbca2cc9"",""cand-f7aa8ed8-7bb5-50b5-b0de-b894b8ac3915""]","[""src-905dca71-6252-5286-be4f-afce6253606e"",""src-9f7f6763-28ae-5471-9e35-8da1c6bd167b"",""src-510e9d7c-2c50-586c-b624-b446b7c1664c"",""src-a95a9aa0-0bd1-5c25-acff-6798f7285e1d"",""src-6987e74c-0043-5e26-b9b6-0990159ce403"",""src-96b82df1-764e-5604-97e2-e7a04852701c"",""src-873eff82-d474-5d17-a61e-c9b4bc541807"",""src-69255ee7-35b3-54ed-8234-917160f8ac42""]","MATHEMATICAL_REVIEW_REQUIRED"
"template:1eso:numeros-naturales:template-1mst931","4","[""cand-0e4605e2-3349-537b-9904-b418ec01e849"",""cand-3385a1d8-17dd-5692-a5d9-fd7afead866a"",""cand-b114eeff-fc81-5001-9b2d-bfc8313af423"",""cand-df22ff16-fc1f-588f-8e49-0705190254cd""]","[""src-29814fa9-d46d-5f13-9097-c38a094609b6"",""src-e87d771e-6617-5032-960f-f3058b4c16f1"",""src-e3ea4a28-5fb1-5f01-a98a-3bb362c4cb19"",""src-f7fd605e-e1a9-54b2-bf0d-e86c0cdd05ab""]","MATHEMATICAL_REVIEW_REQUIRED"
"template:1eso:numeros-naturales:template-1o1lski","8","[""cand-065c0cf8-2556-51c5-8b02-c730e4712845"",""cand-1b5f94fd-4f07-5d27-8bd8-efc4c9b95c9a"",""cand-1f3d4e75-015d-56fe-a90e-46630e19f04c"",""cand-2156238a-e36d-5a20-8846-117e1d452bfa"",""cand-277ca683-ccf1-5c23-a426-ba93a8ae055b"",""cand-5aeabb39-f05f-5b86-954e-eaad5ada8b61"",""cand-ad68b0df-662f-519b-85e2-500f14f81454"",""cand-fa5e9208-a0cb-5b3f-8aa4-68e590a785f4""]","[""src-88bcc354-ff21-5517-a0e2-4742321d922b"",""src-9712ad6b-b224-560e-9d7b-1788051614db"",""src-d47c1dab-9942-555f-90ac-a46a258e9eef"",""src-72dde9bd-11de-5605-9b59-3c77203c356b"",""src-df5e2641-8983-540a-8335-9367489ea189"",""src-66f6e4fd-ec30-5436-912c-a597ff96e135"",""src-dec4bc21-6c5f-5ca6-99b2-746261989f6a"",""src-a3394c0b-9eaa-53ac-bc6c-e84ecff090ca""]","MATHEMATICAL_REVIEW_REQUIRED"
"template:1eso:numeros-naturales:template-1thv9yq","4","[""cand-0e0c1656-20bc-53db-966f-232ebb616baf"",""cand-43472387-459f-500c-8be1-f7ee00d86c6e"",""cand-5b6fe610-da74-57b3-adf8-336d90052d00"",""cand-b10a7020-b167-56cc-a0da-9059bf1f9faf""]","[""src-408620fd-b019-5c3b-8b14-bc0c94509f38"",""src-a3464b3a-cd00-5b95-aa0e-a03395efad52"",""src-f0c384b6-0996-5e73-a41f-c0ff8316b025"",""src-156b85bb-1a37-5bad-9f8e-356c00d5acd3""]","MATHEMATICAL_REVIEW_REQUIRED"
"template:1eso:numeros-naturales:template-1ufrcwq","5","[""cand-3af224e1-9e3c-501e-94bb-57c363fd60bf"",""cand-53a5a9cf-d0a6-5233-9e00-ca09b907eb9b"",""cand-60d3a393-edb9-5951-aca2-d5b9c0a1c3ff"",""cand-8b828965-18b9-579c-a4c6-1b4a03611b1e"",""cand-f54960dd-5a0d-5850-93c9-c731ec9e3142""]","[""src-c30cfa2b-eea0-58dd-bd54-cdbb7ad3f8e6"",""src-66bf3227-6f76-51ed-9e21-d179f5d9afbf"",""src-a644d315-bab7-577a-9664-62411e5347ef"",""src-dc258c5d-ac38-5302-a331-22eee101df61"",""src-541cdfe6-f7a5-5c47-9f04-fd947b0669d2""]","MATHEMATICAL_REVIEW_REQUIRED"
"template:1eso:numeros-naturales:template-1y8wcmw","5","[""cand-2fab0cdd-de00-5584-af9b-14453d1be3fe"",""cand-427ec47d-9428-5acd-866c-8d2e9502d4f5"",""cand-57f35e41-06a4-5875-a79c-e9a02ff04cef"",""cand-67a3e241-9a65-5be3-8da3-6ea8a945ffe0"",""cand-951167c8-8c27-5679-ac84-cea6ccbb70a3""]","[""src-53a276f6-6847-5e61-aeec-994a04add7d9"",""src-057c4f3d-25b3-524b-9986-507544449444"",""src-44923c71-a9df-54fe-bb8f-2b478e4965ef"",""src-1e522976-6fb6-56ce-8056-526846805e81"",""src-a2b7d9b9-41d4-50d9-b6ac-2cde755ba014""]","MATHEMATICAL_REVIEW_REQUIRED"
"template:1eso:numeros-naturales:template-3w11fb","3","[""cand-2279a066-ad64-5e48-ab22-b8100aac6d5d"",""cand-2763b270-0fd1-51c5-84e1-cc196f8956e6"",""cand-8e1c6942-727c-5049-b57c-d9603bb201e3""]","[""src-8a8ecb62-3c7b-567c-b6ba-cd4804346476"",""src-cdbfa5b8-2432-5889-b0a6-18a0c440a18a"",""src-7152cd34-e93a-530d-8508-d3e2b049b798""]","MATHEMATICAL_REVIEW_REQUIRED"
"template:1eso:numeros-naturales:template-b98z2b","3","[""cand-1c96eeee-aee4-50de-a81d-efb310649f95"",""cand-d01fb448-f871-5938-90bd-5b24af34e8d8"",""cand-ec3f49b0-fecb-5920-a420-2e4dfc89d0e3""]","[""src-56bd2b71-5a49-53b2-9d59-c9188d04ccf2"",""src-0c6f333d-ee9c-5f19-9ba7-be68adc60f8d"",""src-9f391a16-0878-5575-a37e-e655a6ee0b83""]","MATHEMATICAL_REVIEW_REQUIRED"
"template:1eso:numeros-naturales:template-qcfo24","4","[""cand-64f55df3-9b72-5d05-846a-95612b00e5a8"",""cand-a930e739-8dfd-5c49-8aec-5d96d1d506a7"",""cand-cce4b092-756b-5786-801b-6b3595dd573d"",""cand-cfad5baa-70c9-527a-998b-ad4d621f0016""]","[""src-e54d197d-2f1c-5049-ab24-4d4e6c55aa95"",""src-bdb77fc6-7092-5633-b30e-94c1e37b2d97"",""src-0074fa87-54ca-5a1c-87dc-15614df6dd4f"",""src-c1c849ab-6480-5413-87ab-94146650cced""]","MATHEMATICAL_REVIEW_REQUIRED"
"template:1eso:numeros-naturales:template-uu5yb","8","[""cand-342b2746-5421-5a6a-8515-6b9fde576a63"",""cand-43c4d258-93c5-5523-92e6-52509ee8570e"",""cand-4f906ebb-1e7d-5dd5-ac33-63f8d52438c8"",""cand-64b7c188-a6e1-5985-ba93-c9886f97f436"",""cand-9819a500-77ff-5b95-b9df-8c7a8086a8dc"",""cand-b58aa0f6-9989-5522-8484-b1bec252fd3e"",""cand-e18a5324-c2da-53b7-bb17-e5e24648a77c"",""cand-f0f2e31f-27f4-5564-8344-9b4bbf8cc28a""]","[""src-e2c4848f-577a-53a1-b520-e1289fd69f6f"",""src-e2e38bc6-18de-51dc-91e6-5f786cd168f9"",""src-0d76c549-d978-585f-ab0f-ab86eda670ba"",""src-905205e6-b7a5-5ba6-a679-5829915f7bf0"",""src-66944e1a-a980-505b-b1d1-41ebc2687813"",""src-e05e29b1-beb3-54e1-84c3-27732960e3cf"",""src-e04f0de3-cb93-5b91-a4de-5cc91e3dde8e"",""src-fbab6048-7370-5daf-8154-49a54ae3e340""]","MATHEMATICAL_REVIEW_REQUIRED"
"template:1eso:potencias-raices-cuadradas:template-111jhnh","2","[""cand-2cfa1b99-dbf1-5451-90a1-1d264019f414"",""cand-43363aca-606d-505c-a082-3b064d198057""]","[""src-4a5ff540-05ef-5743-bc65-6ae1269bba53"",""src-98cd98d8-3885-51ad-b1f1-e2b38939cec9""]","MATHEMATICAL_REVIEW_REQUIRED"
"template:1eso:potencias-raices-cuadradas:template-155vfxa","4","[""cand-10da4cfa-745b-5e92-b311-b5f7292032b7"",""cand-39e79df9-c930-570a-802d-e2a52eea60b0"",""cand-aaf3caef-c155-5eda-86ad-9f2d36d6eaa1"",""cand-b28b0386-7405-5116-9502-d051a6cb26ae""]","[""src-f1dc8fdc-3461-53f9-aec2-a2900c766169"",""src-4295e14f-9485-5626-be57-c7f94bd97720"",""src-502ab591-123b-5938-a0a3-fd11b2234569"",""src-23e43637-fa80-5ebf-94d5-f8c445de0e21""]","MATHEMATICAL_REVIEW_REQUIRED"
"template:1eso:potencias-raices-cuadradas:template-19rl6oy","3","[""cand-7c64eac9-9ba8-5b1f-8b53-1afb372bdce6"",""cand-8f039b9a-ea7b-5a3e-a1ef-14c18ee9fb32"",""cand-bf5a86a7-c81f-5861-b7c0-becdd677083d""]","[""src-9acb4963-d1d9-500b-ae02-ce44ba945b9b"",""src-30cbfb99-dce5-5d0c-8e97-39c17ec8633c"",""src-d63ac86d-a459-5808-9a38-2f102eb2340d""]","MATHEMATICAL_REVIEW_REQUIRED"
"template:1eso:potencias-raices-cuadradas:template-1wccx7m","3","[""cand-09678ad1-9c7e-5701-ae91-9e21e0c9249d"",""cand-4e739b27-62ff-525c-a48f-d5fd3d8c0ad0"",""cand-8f64baf8-d14f-566d-a159-0708d64c6810""]","[""src-06956295-5ab2-523d-ae6f-844ad7f244dc"",""src-08672d0f-3882-52d6-a869-d12cd9e76a08"",""src-35045e8c-1478-56e0-a39d-a8b76c0d0e5d""]","MATHEMATICAL_REVIEW_REQUIRED"
"template:1eso:potencias-raices-cuadradas:template-1wvv9p","5","[""cand-02f17362-5245-57b9-b5f6-b5fb7ce0d85d"",""cand-04ae53aa-6c5e-53b4-a4df-d2432d19e5eb"",""cand-dd13e99e-222e-53d4-abf1-c7bf2cc1c45d"",""cand-f7ca18f1-7490-5398-a3f0-07ec03ad5920"",""cand-ffa7307a-69b7-59b5-8ce0-74df2bdf43eb""]","[""src-2dbd2e8c-cbe6-5178-81b5-60c15b766a5f"",""src-1916cd72-32e0-5710-bd73-9ffbd1d58299"",""src-dd54dcf0-eeca-5cb8-8fea-4e7007878adf"",""src-1bed520c-e094-5519-8d0b-b1c01eff3d72"",""src-5d7a1a94-f1d2-5361-b750-b2f0ef8bfd09""]","MATHEMATICAL_REVIEW_REQUIRED"
"template:1eso:potencias-raices-cuadradas:template-1xpz1cb","5","[""cand-20ab2cf8-1935-5940-b519-5c6434905e01"",""cand-6c36cad4-d27c-5d4b-bd31-da0250c9575c"",""cand-88408665-cf87-576b-911f-efe4cfafd22e"",""cand-aa15a907-a6bc-5799-a392-e5cc3f59f1ea"",""cand-dc8a5449-38d7-5075-b722-98763c4b2a99""]","[""src-034406ab-e4a4-57e4-8992-0f5e36b2495a"",""src-b9840235-aae5-57d4-8dd3-a91e6d4e5009"",""src-8c99f6bc-636f-5740-b8c7-b13ee9c60b5c"",""src-7751452c-0a02-5d55-b2e8-ea0a992248c8"",""src-8d45d07b-f448-553a-988e-298306bdf57a""]","MATHEMATICAL_REVIEW_REQUIRED"
"template:1eso:potencias-raices-cuadradas:template-9m4gru","4","[""cand-03dab2f7-f949-5ca3-afd3-c0a456190e15"",""cand-22862c23-1d7a-5c7e-8315-7453d7cc04a4"",""cand-2849bacc-ffb6-5a0d-94bb-b17b21ff55ac"",""cand-43977c18-8f87-561b-b616-51ae64a871f0""]","[""src-cbf38f93-301d-5e95-9f50-f0c456ce140b"",""src-71127e91-08ec-5522-b4e6-5bf59887fd22"",""src-727aa54b-28fb-5477-b243-0ccfde057c38"",""src-d53db28b-cd0f-5162-9143-85f58ad7bcba""]","MATHEMATICAL_REVIEW_REQUIRED"
"template:1eso:potencias-raices-cuadradas:template-aedux","4","[""cand-6c4c8d4c-6b28-5e53-9305-2d733a9e5b41"",""cand-8e80a9bd-9129-5198-835b-5d66029d8c71"",""cand-d95c9b66-2fe8-51f9-a22d-8f02773919a9"",""cand-edafea19-7bee-5199-9861-b5045bca0541""]","[""src-5e58c980-471b-5c26-8728-9083019f1386"",""src-55edd496-dfc3-5c81-a11b-af916d61f337"",""src-05fe2877-9abe-58ef-8185-39981ff6273b"",""src-ef89ae38-f3bf-507a-bfae-d95824b71ae3""]","MATHEMATICAL_REVIEW_REQUIRED"
"template:1eso:potencias-raices-cuadradas:template-cy3weq","4","[""cand-207cfe02-8280-5c5f-9320-503b8b7f3f1e"",""cand-65936cb9-c03e-54b8-8253-54d65714792b"",""cand-9d7cf890-3efe-5103-b45b-6db18a2cb1d2"",""cand-9e8c48e6-0d90-5fa2-a44b-7183d1d9b060""]","[""src-4a0252d4-591b-58a4-a58d-d3c52d243a3c"",""src-7f531373-b025-55d2-a48f-c623feea16a0"",""src-d0209c49-9bc2-5c97-833c-a563ea4f2352"",""src-e8a246c0-c012-5537-9569-8a9393eb126b""]","MATHEMATICAL_REVIEW_REQUIRED"
"template:1eso:potencias-raices-cuadradas:template-jpykyg","3","[""cand-4a248d8c-1112-59e1-8c52-eea03e438ef8"",""cand-bb9da8ce-e062-57b7-a29c-75d57f014fd5"",""cand-df735264-f5e9-5fdc-b210-16f8b707fa5b""]","[""src-390f9123-3962-5cfc-8ef1-3c7dc90a3220"",""src-d4df414e-0627-5155-a45a-6e9698396334"",""src-b85c1bd1-d970-59f6-bedc-3f5badd7900e""]","MATHEMATICAL_REVIEW_REQUIRED"
"template:1eso:potencias-raices-cuadradas:template-laih5x","3","[""cand-3cd403fb-735d-586d-8e4c-9339e1131a7e"",""cand-97d472fd-6326-5880-8094-f394a170e242"",""cand-d6576e5b-666c-5e2b-b62c-ffe0c3ef470c""]","[""src-51e62c94-afda-5884-825c-18d8ec2522ea"",""src-abd5c7ff-67b1-58f4-8bc4-10602b6d451c"",""src-ef6d0fc8-6091-52c9-8fac-329e26d0064b""]","MATHEMATICAL_REVIEW_REQUIRED"
"template:1eso:potencias-raices-cuadradas:template-nxsw3j","4","[""cand-40f06d42-2c80-5944-af54-27b0ba3337a5"",""cand-55a8da01-fdae-5818-a0eb-d77bdafac587"",""cand-742663df-38cc-585e-aa13-1c432ff6df9a"",""cand-d7a32046-0ee0-5702-8519-d1e5f75d0af7""]","[""src-9d3f87b9-ad4d-581f-870e-653e177ce82e"",""src-54e4be45-57c2-5c57-9dce-03f160c73a6d"",""src-26eefb15-4ec8-515f-88a3-1e4391581dab"",""src-5fe9958b-d3d5-5cf0-9bd5-5c233fa64c0f""]","MATHEMATICAL_REVIEW_REQUIRED"
"template:1eso:proporcionalidad:template-127bwhv","3","[""cand-42928c01-d83d-55ce-8037-1dca72987b02"",""cand-57f5b609-be02-57d1-b7f4-1b5ff5c145b0"",""cand-8ae664c0-cd0f-5241-b38e-2a70e75a3f2b""]","[""src-2c7fad09-d840-5933-b68a-3b605a564315"",""src-532f7acd-602d-5127-800e-40c73eb2db2b"",""src-94774214-da80-50d4-83dc-c88d2e177d07""]","MATHEMATICAL_REVIEW_REQUIRED"
"template:1eso:proporcionalidad:template-19so7s","4","[""cand-3c6f54d3-7cbf-5402-8349-2cb364e22dfa"",""cand-dc6efd00-0267-50a9-8afe-21e36f64e638"",""cand-dee0c9c7-3d21-52aa-9cf1-b8b23d039b41"",""cand-f4e359db-0826-5aa3-a19d-84012efd002e""]","[""src-3cbef809-20d4-5805-abce-9330a3bc0022"",""src-c0bc095d-c606-5bd3-b433-2a37b820b497"",""src-5e2b5237-3809-592a-a566-2d3d9802368c"",""src-c1734d9c-0776-5f36-a44e-0ceca0a853a0""]","MATHEMATICAL_REVIEW_REQUIRED"
"template:1eso:proporcionalidad:template-1g3ce1j","3","[""cand-2ae26e90-c334-54de-a66f-c3113a17a7f3"",""cand-3413a264-3f1e-5650-b511-c83ecc6700fa"",""cand-408056ea-b9f7-5f77-a4b3-cc06d20b38d0""]","[""src-bbc2a502-cd22-5964-b76b-315758499ea2"",""src-a59e52da-9348-5dc6-82e4-6bf482fd23e2"",""src-0aed667c-f002-533b-9a0c-85d43fd7f045""]","MATHEMATICAL_REVIEW_REQUIRED"
"template:1eso:proporcionalidad:template-1mvw0i5","2","[""cand-3568fc42-0e58-5f83-a3d9-31139af33367"",""cand-85ededdc-3f60-5622-b6ea-942e7f27de18""]","[""src-85678163-7a38-5b5e-9aa4-c2b0fc49741a"",""src-0ffcb185-3a72-5f23-a4f2-53eb98867087""]","MATHEMATICAL_REVIEW_REQUIRED"
"template:1eso:proporcionalidad:template-1oi9sif","4","[""cand-5e7fc102-97ad-5d22-9772-3c2203e0acc1"",""cand-7b4154d6-5fa6-55d1-a478-b033e28499b2"",""cand-a5e8e2d4-857d-539c-ba8b-d744b007dd44"",""cand-fb72adfa-e1f8-5616-8623-bb2714c9f966""]","[""src-e5615fbc-f490-5094-aca4-867979bed70d"",""src-3e85e5eb-3b22-5ed9-85e1-746d1e14b65c"",""src-8431cb35-6f00-5a0d-b286-cadc3f7fd1af"",""src-254e78f9-f1a9-5bf1-a21f-6682dcf21035""]","MATHEMATICAL_REVIEW_REQUIRED"
"template:1eso:proporcionalidad:template-1osraut","3","[""cand-9b9e5218-3589-5f9d-8225-1247228dac61"",""cand-9be2b72f-13ef-535e-9ca8-78de953d6e7e"",""cand-d3c252ba-3ae6-5dfb-8281-e42372bc5a07""]","[""src-19618467-067c-57ac-8f57-f9b254f641f6"",""src-59432fd4-79b0-5395-9b1d-10dd7cc00a61"",""src-5afd1dc3-90c0-55a6-a6e9-0d51a93a253f""]","MATHEMATICAL_REVIEW_REQUIRED"
"template:1eso:proporcionalidad:template-eej4k5","3","[""cand-5296e306-e775-51ea-ade0-acf706d5ca9a"",""cand-9036d4d7-0906-58e5-9094-7be3b78bddc5"",""cand-f9c1ef5a-2d89-55d0-878f-fd49e7eeab22""]","[""src-bfcfdc60-d24c-5975-9f58-f98908f62c2b"",""src-f16e20a7-783a-5a2c-af92-f106a468c731"",""src-4c409bec-51c0-52bd-a961-31126040eff6""]","MATHEMATICAL_REVIEW_REQUIRED"
"template:1eso:proporcionalidad:template-npac3g","5","[""cand-292f7838-29d7-58a1-90e0-3b0b2f21f405"",""cand-2c6d908d-022a-55d9-9ffb-4539fe980a15"",""cand-86fe3a47-d220-5cc0-872a-fd9acbe3d38c"",""cand-bf4af575-e2a4-5a2d-a730-ee6275738cfe"",""cand-fe2933e0-bd09-536f-b055-069ee79c5120""]","[""src-2ed95f42-7e9d-589c-acd3-cf3af600b5ed"",""src-fd7f7b21-84eb-5eaa-b4ae-308a57059d87"",""src-7a2491df-e458-50dc-928e-c93e57a9cddb"",""src-264f58a2-5412-545d-9de7-4a0d7f51e257"",""src-f308720a-ea26-5fb4-bd1d-a50954dd580d""]","MATHEMATICAL_REVIEW_REQUIRED"
"template:1eso:semejanza-pitagoras-areas:template-17gr782","3","[""cand-183487ea-901f-539d-8f4d-b110ad9ded31"",""cand-7c63502a-2aee-5cd7-b9ca-0f214c73b715"",""cand-b77e846d-6e7f-541f-9c6f-afbd35befcd0""]","[""src-4c185c54-4e82-5be3-b32c-269bd5d2eac9"",""src-a719594a-22a8-5ca6-9a26-de48d108886d"",""src-10195855-2485-54ca-91c1-6644020c6474""]","MATHEMATICAL_REVIEW_REQUIRED"
"template:1eso:semejanza-pitagoras-areas:template-19mlhkb","5","[""cand-017c9bad-6659-5ab4-90be-f025150e6d8d"",""cand-03c147cf-4bbb-513f-8a71-785aff528248"",""cand-360a4b21-2a3b-5618-a230-894bf4e7df91"",""cand-7b1d02d9-5244-50ed-8239-11f60ca96d83"",""cand-e783221f-220d-5851-a1b2-1a5e764e41ed""]","[""src-b0dd93ee-9c59-54a7-81ce-9c75a8a9d2f7"",""src-49996b8b-5959-5000-bb75-6e3213337568"",""src-7cf62dd6-ac24-52dc-bc17-7a0df30cb1b7"",""src-f76e02cf-9529-51d3-ba6a-6b9335b640b8"",""src-dfb57b02-6840-5d0e-964d-b43f1ff3927e""]","MATHEMATICAL_REVIEW_REQUIRED"
"template:1eso:semejanza-pitagoras-areas:template-1cmt6rk","5","[""cand-034a9741-ef6f-541d-8342-00b91bb1b8d1"",""cand-4224512e-1408-53b5-b750-dab7e1fbfc8a"",""cand-7342c154-0984-5925-80eb-a6c05f4ac79b"",""cand-b208f1e5-5173-592c-a59b-d13247f40f15"",""cand-e712ffba-a353-57ef-affc-dad92293c6d8""]","[""src-4809035c-dcf4-5fec-a3fd-d990abadccc1"",""src-d62f8e65-4f7b-5b30-a309-468519f89d88"",""src-40f05371-6011-5936-bd3c-1bfc742784b3"",""src-cda93cf3-69d9-5238-9323-53c4c6a561cf"",""src-a71ecd00-3619-5465-948b-03c447a14fa0""]","MATHEMATICAL_REVIEW_REQUIRED"
"template:1eso:semejanza-pitagoras-areas:template-1h0me1n","3","[""cand-53ec767f-88bd-5e78-8f06-0279599ae749"",""cand-5e8aed3b-61ef-5db5-82ae-84da7c951887"",""cand-d3e88668-af82-5c12-8eaf-20ba6ee70d7c""]","[""src-209a28f7-0d3c-5e9c-a2d4-ed800ca63c86"",""src-22b89349-0aad-5354-a55c-b41a24d95d1f"",""src-3cbf50fd-ab4d-52db-9d92-1f978853b2ee""]","MATHEMATICAL_REVIEW_REQUIRED"
"template:1eso:semejanza-pitagoras-areas:template-1hz45ff","2","[""cand-8685086f-ece1-5932-bea0-82d4b6722b0d"",""cand-a199e4bb-0e88-5d55-8f2e-eb3cdf4da67c""]","[""src-7b9407d0-4dbf-5c3e-b9b5-1f8340da482a"",""src-f9b4da89-4635-5be8-a2a8-0cb9c9d8f890""]","MATHEMATICAL_REVIEW_REQUIRED"
"template:1eso:semejanza-pitagoras-areas:template-5sh5qy","5","[""cand-92be4d54-fb7a-5e14-b0f3-04ce8e33f531"",""cand-96540706-20ad-50bf-a361-2ed7af6c3a62"",""cand-9e5e1cef-b452-5b20-84b3-2b821bab533c"",""cand-ba648c49-9739-55cf-8558-4e3dc72c9b5e"",""cand-eab6b996-f4a1-5c35-a980-fd563f842ef0""]","[""src-710fa5f7-1c30-5598-9404-e09aeb852e15"",""src-2bce0f67-568c-54a5-a969-8ddc3545fcbd"",""src-8dc57cd9-1f68-5ac8-bfd1-1c2b83945ccb"",""src-3d2e8a34-6a5d-543d-95b5-26c0c3306ea1"",""src-921b2a56-62bb-555a-9529-959067c4e29b""]","MATHEMATICAL_REVIEW_REQUIRED"
"template:1eso:semejanza-pitagoras-areas:template-grssvv","4","[""cand-16794754-5d96-5a1a-a9a3-96750db637c9"",""cand-b1a43546-38be-59c0-8eb1-73ec30f18e1d"",""cand-b6553c1d-0b4b-550f-862f-44ccb7858fe4"",""cand-d481939b-5e62-5f5b-8d9d-76bffe8b5d1e""]","[""src-84c28067-abed-59c9-bfc3-7c4d874f4527"",""src-b8e3fdb5-ee9d-5e84-93f5-19051c5a1b7a"",""src-4901f0db-524a-5cb6-980c-ba04d9b2459b"",""src-2da8438b-cc18-5acd-8d5d-b710c6f9a6c2""]","MATHEMATICAL_REVIEW_REQUIRED"
"template:1eso:semejanza-pitagoras-areas:template-ioy3gg","3","[""cand-1e979cd8-6718-565c-9174-9fa36ccfccd4"",""cand-7ed9319b-82e1-5e0f-b67e-bdf62cfcc987"",""cand-8bbc330f-8b23-57d9-99b9-fb7e1aae354f""]","[""src-c43880b8-d2f8-5c7f-adc8-c47e757dfeac"",""src-9752155b-8de2-5b8e-b2e3-88f0060edf7d"",""src-e8fce2c1-2e9b-53cd-a99b-85a1085a4b94""]","MATHEMATICAL_REVIEW_REQUIRED"
"template:1eso:semejanza-pitagoras-areas:template-q1wex1","5","[""cand-15696815-c5b5-5ceb-8e9c-3d3537895246"",""cand-6a9b3eec-8c71-5e53-9e14-164fab25973f"",""cand-9087468d-137d-5ab3-a4a0-595d35afce5d"",""cand-c30c5a60-72cc-52c5-9085-e4f0664b2b43"",""cand-c463f92d-e662-5c9a-a1eb-a092dfbb9c6c""]","[""src-804f9b4d-999c-5871-b1aa-4b683833294b"",""src-8d1bfd8a-926d-5716-8903-699971e7da4c"",""src-961286a5-a94e-50cd-91df-9f8b716ba956"",""src-81129908-38c5-53f7-93d3-272378ae6ce7"",""src-18df4798-17b3-5670-81c6-3e5b28e8834c""]","MATHEMATICAL_REVIEW_REQUIRED"
"template:1eso:semejanza-pitagoras-areas:template-snngn8","2","[""cand-4fcb8b99-dede-534d-8be7-83491a0f524e"",""cand-ecacae50-28d6-5aea-a66d-3a692c7ed1e6""]","[""src-3147454a-6e79-5a90-8287-b187a1f0efd5"",""src-72c227f7-f032-5817-a7a0-65426bdc6f0e""]","MATHEMATICAL_REVIEW_REQUIRED"
"template:2eso:cuerpos-geometricos:template-115vglj","3","[""cand-05b6a5a0-c1d9-5396-9d24-ad3e5ae44490"",""cand-8d9ac0f0-dc8e-54b6-950b-602946e3ce33"",""cand-98685330-86a1-5361-b6a1-4cefa35bb01e""]","[""src-d2054800-b8eb-5b4b-886a-16c5e3bbe69b"",""src-d330ee25-cee9-5c21-9826-da7bfed23b46"",""src-a1088f62-52d7-5d8f-8a95-f7ea23538849""]","MATHEMATICAL_REVIEW_REQUIRED"
"template:2eso:cuerpos-geometricos:template-1dhrvu","2","[""cand-cb48cb99-74b6-522a-9200-28b5a5a71ae2"",""cand-f5080fba-22dc-526a-a6ab-e65b402c98dc""]","[""src-cd9ef19c-6115-577c-ba3f-5a038738d88e"",""src-60f591b8-81ba-53d1-92c9-e8671150f6b0""]","MATHEMATICAL_REVIEW_REQUIRED"
"template:2eso:cuerpos-geometricos:template-1pjz59k","2","[""cand-64972602-727c-5be2-a2ac-99dd69bf0a3c"",""cand-ec5bbb4c-d561-5412-9934-b093fe653397""]","[""src-801478a5-0ab4-515a-ab7c-9659729998a9"",""src-f7a59d7f-cde5-5231-957c-90a5d51e495d""]","MATHEMATICAL_REVIEW_REQUIRED"
"template:2eso:cuerpos-geometricos:template-1ros7rq","4","[""cand-1f0d739f-b5ec-532b-b996-dcce5ce51aa9"",""cand-809b33b7-26b2-569c-9793-3a0d9df1db3f"",""cand-8fabcfb7-273e-5c65-9941-24eb9eddf50e"",""cand-ba02ecac-279d-53b7-b268-ac102e524666""]","[""src-a23cf79e-daeb-5c6c-a731-a3cdbc2aeadb"",""src-3dbfd88d-c5f9-5a2c-8cd5-692862b41a08"",""src-a3643649-459b-543a-8ee4-d2134cba326a"",""src-64dcc326-a147-5d4a-937c-49276d94e792""]","MATHEMATICAL_REVIEW_REQUIRED"
"template:2eso:cuerpos-geometricos:template-an0qxj","5","[""cand-14a9c0e9-ff19-5d95-8e95-eec36d895d7a"",""cand-4020edbb-7910-5c73-a0af-258140666067"",""cand-5f0e71ed-5889-5340-af6f-597f24241819"",""cand-5fb82068-8f04-5007-80fc-5e2853aab269"",""cand-7806938a-29b6-5727-a2c2-426b726f90f7""]","[""src-9ab8d336-47ad-5d1f-9d3d-b74df21ef719"",""src-8a0a8bf7-a369-53b8-a08d-c64152d5cf79"",""src-6d513627-134d-51d6-876b-4948c4e2b78a"",""src-b2d10665-0c8d-5f2e-881f-8da8b2e2e474"",""src-287952ff-501d-54eb-b198-de5b8fa35528""]","MATHEMATICAL_REVIEW_REQUIRED"
"template:2eso:cuerpos-geometricos:template-e4pn5z","3","[""cand-19393d0d-a77d-531a-8ae7-cf7180e329ed"",""cand-4376ce39-3799-53b9-a0e9-54873e3ff014"",""cand-53bb221a-d898-51bf-ad21-aff8758ed3ca""]","[""src-3dca788c-77a3-56d9-b845-ed20eacd368f"",""src-6efb6e29-742a-5e88-9f0e-693172d18702"",""src-55d5f5c7-c8dc-5593-8179-b133f5b9f9f8""]","MATHEMATICAL_REVIEW_REQUIRED"
"template:2eso:cuerpos-geometricos:template-gbx0z0","5","[""cand-526b4d00-883d-5a3e-adb9-6129414669e8"",""cand-9bb5ce60-3c82-50ac-acd7-e246ff7e6358"",""cand-d6c8c4ad-b576-53a0-afd1-0069732d0afa"",""cand-e33a9b43-7c8f-516b-81b2-0867cbd4fef6"",""cand-f7f13db9-3339-5acf-8629-4ff6b698a024""]","[""src-fdd2a9d5-bd6e-50fa-98be-30a5ead9bf8e"",""src-fc61b995-6852-5ccd-b0d4-85e03e93dff7"",""src-a283ab85-94a8-513e-acd3-3bdfd5aa00b3"",""src-a4ee0aa7-6a00-595d-84dd-a814e151e963"",""src-1107df1d-225b-5cbc-9e2d-486b1b9b9ce4""]","MATHEMATICAL_REVIEW_REQUIRED"
"template:2eso:cuerpos-geometricos:template-kx9spg","3","[""cand-21e4625f-d898-5727-a74a-6ad5d7a9a737"",""cand-495ac94e-dfbc-5d35-ae48-b5ad25d8122b"",""cand-8e8df7cf-f6ff-52f8-b0e8-193cfc0b2014""]","[""src-7a6a6819-1f6f-5f27-a2e4-40552289360f"",""src-39b68bf2-a160-5b91-a164-1c9fe8d4cfe5"",""src-83f10ccd-6443-593b-8a3e-a4c61857afa5""]","MATHEMATICAL_REVIEW_REQUIRED"
"template:2eso:expresiones-algebraicas:template-17qf43q","2","[""cand-5b10121c-5c40-5ad2-9f9e-db6add2faf3b"",""cand-eed1b62d-da66-5575-ac32-240b26fe7dd6""]","[""src-56be20ee-5f6a-51bd-87f3-a993ef7a4e43"",""src-32820f42-e894-5aeb-89ce-41b1dfc47b9d""]","MATHEMATICAL_REVIEW_REQUIRED"
"template:2eso:expresiones-algebraicas:template-1iwn4wu","2","[""cand-5fe667f0-35cc-5ab4-bc23-0a83cc52b88c"",""cand-9bff10ca-7bee-59fd-9daf-c101591d4548""]","[""src-aabf93b6-90d1-5d5a-bb98-7ca3d956a3ac"",""src-2d4e4f25-42b9-51a7-9108-b19abce061ce""]","MATHEMATICAL_REVIEW_REQUIRED"
"template:2eso:expresiones-algebraicas:template-i6l3ti","2","[""cand-dcfab8e0-7593-5e78-9bef-4d030ccf8695"",""cand-ebf5e9ae-9fc0-5e8b-9753-817c29e1d256""]","[""src-e15ccb8c-ea12-5568-b341-06d9b240b47c"",""src-54c2dd95-b8db-579c-9ebe-eed4e5ea0366""]","MATHEMATICAL_REVIEW_REQUIRED"
"template:2eso:expresiones-algebraicas:template-s8g1sa","2","[""cand-b4a5516e-1d26-5624-bebb-b501f5daba15"",""cand-bdaaf120-f9b8-5d38-8950-b7e88e43091b""]","[""src-fa8f8fa8-3cc9-56c8-8b8f-614077463157"",""src-a2d7a633-734e-5529-aa6f-5dc80c23f625""]","MATHEMATICAL_REVIEW_REQUIRED"
"template:2eso:figuras-planas:template-1384jl4","3","[""cand-6dc586fd-d511-5327-b9a4-5cbccb2ac20c"",""cand-90f73c49-7334-57bd-9d7a-9859a3f5d4da"",""cand-95ad8244-4c45-523a-96c3-14c833a5218e""]","[""src-8143311e-c2ab-5438-8d12-b40a02aa971d"",""src-80e8e2af-7991-5e83-be70-8050d226fc8b"",""src-986c5e83-3855-5d82-871d-1cec34e496b7""]","MATHEMATICAL_REVIEW_REQUIRED"
"template:2eso:figuras-planas:template-1a3lbi3","2","[""cand-70358e83-0202-5d79-b2ac-fd06bedc0176"",""cand-cda400bd-6076-5e35-9ea5-08f2a2abda54""]","[""src-dded8bc8-13e8-57c2-961d-f4e88f851b23"",""src-31c8eb00-8f37-58e8-9523-f3286415d95b""]","MATHEMATICAL_REVIEW_REQUIRED"
"template:2eso:figuras-planas:template-1ll0oe6","3","[""cand-05aa7c9e-d2f2-5e92-aa69-5ced1aa9b4cd"",""cand-0cd2f1c1-329a-5852-9acc-55788881a89e"",""cand-40e910cd-c01a-5881-8ac9-43a594d2b98a""]","[""src-fea5cc4a-77bf-52e1-80a6-0aaad60284c0"",""src-14ef979f-7900-5b61-96ad-9969b435a410"",""src-d8c8a53e-cb43-5864-88ce-72455f321bd1""]","MATHEMATICAL_REVIEW_REQUIRED"
"template:2eso:figuras-planas:template-1vfixla","5","[""cand-1e888268-0112-56c7-93b8-e2cbcca77e3d"",""cand-7f26e8b0-295f-54ae-b3d3-2d967d1c414a"",""cand-a9425c37-18e9-54b4-8470-2750c55f5d19"",""cand-ad336bed-8365-5133-9f37-cf7d3f73a9e5"",""cand-b78c3486-2aa4-5a18-8aff-778ca26fa0f5""]","[""src-994cf9d2-e057-52ef-86c1-81338399fcf7"",""src-5f36b7cf-c7da-5953-a06d-18f9f5d57b80"",""src-8b025882-0d12-508c-a628-279d7d84772f"",""src-32d5f632-6ed9-51dd-8c8e-3efd431f2c98"",""src-cddf5c27-cf54-5f37-84f9-db51fd6a5f43""]","MATHEMATICAL_REVIEW_REQUIRED"
"template:2eso:figuras-planas:template-1ygngi5","2","[""cand-a05fa83a-6b28-5ec1-9957-427356cb3ec8"",""cand-ca45e1de-0e3e-5850-a5d2-7535ffe15083""]","[""src-034a978f-2cf9-5176-bd37-ad275735bb95"",""src-b6d2150e-122a-5bbc-aedb-2b394a5c3da9""]","MATHEMATICAL_REVIEW_REQUIRED"
"template:2eso:figuras-planas:template-tcidt8","3","[""cand-40c26871-99ae-52c2-910f-c955091cfd62"",""cand-56631c36-8a85-59eb-b7a5-aa05b87d24d0"",""cand-6232f914-a903-522d-80a0-440cd6751f29""]","[""src-3bb9f631-787b-5fc7-84d3-806bce8c883b"",""src-343fb47b-e067-5cd9-b3a7-78666b9fe46e"",""src-a96e9ef1-3fcd-5e67-a908-5535201109ab""]","MATHEMATICAL_REVIEW_REQUIRED"
"template:2eso:figuras-planas:template-zknvfa","3","[""cand-228c6ff7-e394-5989-910a-7569eae08f8c"",""cand-ccbedcfe-62bd-589f-9d0d-5a36c37ec7ae"",""cand-e54df820-e127-5e0b-b7db-07d684a99b85""]","[""src-d564671b-2155-58e2-8ec7-a38026c89e7e"",""src-17cae4f3-8cbf-5707-b4ba-674c3d9a0e73"",""src-1a95d841-ee55-5567-8e47-07c1f7ae4fa1""]","MATHEMATICAL_REVIEW_REQUIRED"
"template:2eso:fracciones:template-1855vcj","3","[""cand-45fb5ecb-e13e-55ba-a037-be98175ec8b4"",""cand-b3c7a1f9-cb94-5f26-9b11-6462e7da9aab"",""cand-f049f361-2cd3-5afe-8e18-754c4bd07636""]","[""src-13d9d730-0940-5202-9915-21d6245ce322"",""src-1ba68f3b-f3d8-5d4d-8e68-0b2198655da2"",""src-993bd0ff-6c7f-58ca-8eb8-1ca76e3014fd""]","MATHEMATICAL_REVIEW_REQUIRED"
"template:2eso:fracciones:template-1b668zx","2","[""cand-41861ef8-c44f-53c7-8dbb-b414ca047529"",""cand-9d810753-627c-591d-ad95-7697dcccc0b0""]","[""src-c85b8b70-911e-5fc7-8cb1-692e9c7f9c14"",""src-dc3886b9-761f-54c9-9fd9-7ed231ceaeb5""]","MATHEMATICAL_REVIEW_REQUIRED"
"template:2eso:fracciones:template-1cnj5ks","3","[""cand-7f689e95-9837-54bb-8fa0-2cca8e30735f"",""cand-8e9b473d-c9c1-570c-873d-7964a26f1a47"",""cand-b23b1ad0-a01c-53a0-877f-a31f5c9c8cad""]","[""src-74ac3582-b889-55b9-aa0c-5c5fa3f58544"",""src-9bfbe065-837c-528f-816f-f06f3aecfa56"",""src-7ad74660-449f-5446-810b-d23087c871c2""]","MATHEMATICAL_REVIEW_REQUIRED"
"template:2eso:fracciones:template-1ig6sv8","4","[""cand-1e8f34d4-1c4d-5854-afaf-d297980f331d"",""cand-9268f1fc-cde6-554d-ac99-a9a6005e0f6e"",""cand-c9dbaabb-d602-5201-833d-dc6c2c429917"",""cand-edf19246-fd68-5101-980d-934d7bce1738""]","[""src-2ab540dc-8ef2-5cf0-9896-605ce50fb445"",""src-0b1a8f58-6f7a-5ef0-9d92-46070d16a255"",""src-38822b80-e1fb-5931-b0d6-e705e5d4f8dc"",""src-718c8f26-de57-5467-b2ec-ca33f05b667c""]","MATHEMATICAL_REVIEW_REQUIRED"
"template:2eso:fracciones:template-bczga5","3","[""cand-50eedd77-d87b-5e35-a1a8-f8fdc5d40fe0"",""cand-64cb3c5e-cfd1-59ec-9444-1cb395374066"",""cand-6b31bb67-0122-50c4-8766-0ea7e298ae57""]","[""src-24f502ab-ce0c-5ea6-95c7-5a71fb720140"",""src-a43f6638-860c-5f48-96e0-aa8f15510574"",""src-b19da103-d8b6-5f91-88b1-d6ea7b8bfa8e""]","MATHEMATICAL_REVIEW_REQUIRED"
"template:2eso:fracciones:template-f3c8fn","3","[""cand-0adf723c-555f-531a-ad0d-a10dab848035"",""cand-d3115f59-6085-5464-877f-a1f88b5a8ce5"",""cand-f2c445be-30a2-5f42-a311-85b4a06ed8bd""]","[""src-378efcbb-991d-5c6a-84d5-e1bce4a173a6"",""src-a52a2e56-6673-5c21-bf42-5fdf95dd8b3e"",""src-451f976b-7cc0-5b0f-ac30-f77737dc6739""]","MATHEMATICAL_REVIEW_REQUIRED"
"template:2eso:fracciones:template-h0n8m","3","[""cand-03703ae1-988f-58ba-af16-b2fb56dca2d2"",""cand-1c99fec3-b4d6-5ffe-a9c4-bf28906896f3"",""cand-fc78f01f-b63c-543b-9df1-0ff2fc3be8a0""]","[""src-27cf7257-0f8a-5fbe-a8e9-ea891b7723b8"",""src-fc3ac676-8dd8-5094-b475-65f99e40e3b9"",""src-9a4d2ba1-d14d-55e5-8512-a4262be99849""]","MATHEMATICAL_REVIEW_REQUIRED"
"template:2eso:fracciones:template-kzyoqu","5","[""cand-030417a7-0dd0-5f85-afee-b040530901c5"",""cand-37794767-0cff-5fc8-83ea-576b913bfe83"",""cand-4a3b182a-c42a-59e6-bb42-bd0ec23ec685"",""cand-7f60b2a2-b143-550b-8c36-26088b4dfec6"",""cand-e65862e2-df31-577c-856b-ae7e1fb53199""]","[""src-ce3fce42-f9eb-5534-9067-36cea11274ef"",""src-d561478d-92e4-50d8-ac55-35056419b1a0"",""src-3364d870-86ff-5dcf-9d27-e40d6eb885e9"",""src-4a02b59a-b2c9-5020-96fc-85428616ae20"",""src-82538ddc-0302-55f0-81b1-5df538a04dfd""]","MATHEMATICAL_REVIEW_REQUIRED"
"template:2eso:fracciones:template-l22acf","4","[""cand-335b8cb8-4066-5235-903e-95d079cb4d1f"",""cand-d09f6f7f-88b4-5552-9349-20291a7b1742"",""cand-e35bffa2-02c7-572d-9d08-b7e37087951c"",""cand-eaf0d781-99ae-58ed-b149-47ce1fa3b703""]","[""src-b45c9cb1-9855-53e2-be16-d45831cf6c5d"",""src-876f028a-9efe-5654-87b8-ef6250cb2566"",""src-769d22e0-b38b-55f0-bd8f-9f7039df4ded"",""src-ad93ad0d-9af8-52b0-91e5-3fe185ce8e72""]","MATHEMATICAL_REVIEW_REQUIRED"
"template:2eso:fracciones:template-lsnjc3","3","[""cand-21ca02f9-4d00-56ad-a865-7210c70dd145"",""cand-9cc23324-22d5-578a-bbe9-d130f80715ca"",""cand-a113e48b-d845-5d63-872f-2fdd20ee107a""]","[""src-d4e2e6ee-345f-5e18-8bd5-54b04e6f0393"",""src-5ca830e1-8be7-5a34-82c5-19c1807c5fd2"",""src-c39b2c5d-626b-5277-971a-225ac2fc2b2d""]","MATHEMATICAL_REVIEW_REQUIRED"
"template:2eso:fracciones:template-u5lqoz","2","[""cand-a76cf1d9-332f-5b7a-a994-e1d2aab27da9"",""cand-d8b6c2f9-adce-5ab0-9ba0-6caef72ebb69""]","[""src-fec6ce71-7845-5bcd-b4df-66ddac39f641"",""src-09b74fd2-ff37-59f6-820e-4788bb0a66af""]","MATHEMATICAL_REVIEW_REQUIRED"
"template:2eso:fracciones:template-wrztyh","2","[""cand-cb9d92ec-e7bd-59c0-90d7-886557cb0070"",""cand-f55398af-040a-5c81-9b07-f9a61e6c8950""]","[""src-595caf8e-6059-53d6-952d-2f647dc21a98"",""src-d71b9921-ecad-5898-89bb-7619b71119c2""]","MATHEMATICAL_REVIEW_REQUIRED"
"template:2eso:funciones:template-15eiu0a","3","[""cand-0b3a53cd-a109-55b4-989f-ce6f98023265"",""cand-91a18b95-ff81-58ca-8749-9d35cea352a5"",""cand-c40f9556-6ee2-5a58-819a-2a21493fc8a2""]","[""src-1ad49cc3-608b-55b8-86da-ebcb76f6bcb0"",""src-5de0e43c-718d-5d6e-97dc-c86dd13e018a"",""src-22376fa9-ea39-584e-a5c5-7127380aa44e""]","MATHEMATICAL_REVIEW_REQUIRED"
"template:2eso:funciones:template-1a0mttq","2","[""cand-53f29836-1791-5b54-b660-bd5d5857d53a"",""cand-b54be1a9-3c96-5cfb-8af1-eb8f5fc70d5e""]","[""src-a776f64b-889a-5123-aa2b-ea942f2ca908"",""src-89b4dda5-4663-5fae-a325-9e9aa9be0ff3""]","MATHEMATICAL_REVIEW_REQUIRED"
"template:2eso:funciones:template-1b0p4jc","2","[""cand-75aca982-46df-5dd0-8939-25a86d5412eb"",""cand-89b2cf19-eaaf-5d93-b719-bf6ae8471e28""]","[""src-48b2e255-4744-5a69-bb59-8678e4653b14"",""src-0cb397de-c241-5939-9a08-73f6b67fc9be""]","MATHEMATICAL_REVIEW_REQUIRED"
"template:2eso:funciones:template-1e2n6t9","4","[""cand-5c1af1b4-2aff-5772-bd87-e457499c2585"",""cand-5c6758e3-8b0d-5895-9c2b-068ec47dffd6"",""cand-87832bc7-8785-594d-893e-1eb0204ffb28"",""cand-e02b5722-816d-5d37-a406-145ada45c8c7""]","[""src-74aa105e-9d5b-59c0-902c-aa57118ac8a4"",""src-97b5c353-d46e-5366-8722-237481c6aa08"",""src-3aedaf9c-6a74-52fa-8139-5e7c7228e0d0"",""src-96bf18ee-c4f0-5f20-8aa5-ac98ad3867f5""]","MATHEMATICAL_REVIEW_REQUIRED"
"template:2eso:funciones:template-1l31f8f","5","[""cand-1aa39b25-e03a-5d0f-aa37-94bf07b4936e"",""cand-5c528c6b-c9c8-5133-819b-4420c6ed1dce"",""cand-7843bdfb-5f3a-5fd7-bb0d-48a94fcb6d5c"",""cand-a894d85a-2d2f-5de3-a7ac-6b87ec71f320"",""cand-c5bcdaea-3f1b-5575-b420-fdbd8367ef9a""]","[""src-921fe921-26b0-51fd-8360-83fcce3bec8c"",""src-c846b353-6601-528b-a611-84ca45a4af8d"",""src-c764f138-910c-5276-a693-75fb4b7de7e7"",""src-a36102a9-ca53-5929-8b73-d484e9b4b1f7"",""src-1ef801e1-edea-55a0-b380-7080d419dba6""]","MATHEMATICAL_REVIEW_REQUIRED"
"template:2eso:funciones:template-1njdger","3","[""cand-00a9e879-e8eb-54aa-981d-d20c073b58d3"",""cand-6bef78f0-31b5-5ba8-8d2a-6bcc5c53387f"",""cand-9f53b493-b6e1-5770-979b-8f173df403c4""]","[""src-461e39f0-607d-5a15-bc4c-d76b0411ba5b"",""src-db96b48d-4579-56a1-946d-651aa186f322"",""src-ecc21757-6e71-5d27-9046-870037603237""]","MATHEMATICAL_REVIEW_REQUIRED"
"template:2eso:funciones:template-1vs43on","4","[""cand-02850285-f525-575b-9065-bd02d79785f9"",""cand-0586986e-3359-575b-90c6-881e1c0089fb"",""cand-38d38ef0-5b33-57de-ba43-79f0790de488"",""cand-c178df4d-65ca-5f40-bdef-c43996e25d1a""]","[""src-d44339f6-30fc-527c-8a8b-4c90f48b28ba"",""src-1d1d084a-b9da-57ec-b56d-b205d934c9f1"",""src-fdee9d16-e139-52d7-bb80-728c9a5c953e"",""src-b8747336-2466-5842-8950-66dc00ef1cce""]","MATHEMATICAL_REVIEW_REQUIRED"
"template:2eso:funciones:template-6liwon","4","[""cand-ab9217b5-d8a8-56fc-93f4-b00508a63517"",""cand-e2c7aa3a-f875-5a85-a99e-b62ad48fc18c"",""cand-ecc7cdbf-51fb-56a0-8e6c-ab8ada722bd3"",""cand-ed6f2e3d-77dd-56ef-a74d-5e25c3d7b597""]","[""src-b520650d-267a-556f-b7be-829ba3bc1462"",""src-6418987a-9576-58c4-a81b-9a11ba14c1f8"",""src-4b83a766-b07f-52dd-bd9b-b0c581d1f11a"",""src-f86963bd-c745-5bf0-86e6-917c61aac13e""]","MATHEMATICAL_REVIEW_REQUIRED"
"template:2eso:funciones:template-6s8sd3","2","[""cand-39acfa4c-5284-5aa1-bda7-191d287eba0a"",""cand-ee44c807-9461-5719-acd6-51334ecfd971""]","[""src-1948060e-c399-59a8-bff4-a005994bc3b4"",""src-72742400-afac-5790-9971-3f3897dda6c3""]","MATHEMATICAL_REVIEW_REQUIRED"
"template:2eso:funciones:template-ab10yd","3","[""cand-2100dcd6-5e1c-5aae-8007-55f9562853cb"",""cand-80281a46-dd3c-5c16-9bc3-ff3b17da5d2b"",""cand-d8b17cc9-4622-53ec-901b-155ebe3b0238""]","[""src-4526cb41-a961-5400-81c3-32b557f0360b"",""src-eeafc3ad-312b-58b8-92cf-74e3de95da5e"",""src-eb09c803-849f-589d-ae7e-bf30544a9f54""]","MATHEMATICAL_REVIEW_REQUIRED"
"template:2eso:funciones:template-fwsq78","5","[""cand-10072768-29ac-5ab7-909d-4dec98997073"",""cand-15c9885e-2c0f-5fd0-9258-803100e8b33a"",""cand-9956daf6-bad9-5c4c-8ee4-652e9682b90e"",""cand-ddeaa7f8-6912-52f5-81f0-c01c568b37b7"",""cand-e9979702-bd59-5e0a-a2ff-be08f5a7ae61""]","[""src-40b7bae2-aa4c-50fa-9fac-852d3c651b15"",""src-3e0b0e78-a441-5f5f-a83e-fbe8b1a155ac"",""src-bc9ca232-abbe-5553-9095-f109013207cc"",""src-5d91f7f9-65d0-5bab-a608-88922966ef49"",""src-bdc80dd0-e3ac-5415-9cd1-865e0634746e""]","MATHEMATICAL_REVIEW_REQUIRED"
"template:2eso:funciones:template-prmfxh","2","[""cand-1941b85b-7abc-5a95-b83e-673df0918029"",""cand-8bf73afe-a46c-5ed7-9a7a-142bb5d69552""]","[""src-6ffb7194-7d08-531f-a227-c3c2540ed1dd"",""src-2727a222-c282-56a6-8098-1a1a631df04a""]","MATHEMATICAL_REVIEW_REQUIRED"
"template:2eso:numeros-enteros:template-19i1bjk","4","[""cand-18a4dbe6-88f8-5b6d-8097-8e29e609c6ac"",""cand-2117bcd3-5eaf-532c-adb8-0197ca32e57f"",""cand-7e326e6d-0e4a-5f42-a03d-1ddc1441b4be"",""cand-fade8200-879c-511c-83d3-0ced9228bf8a""]","[""src-56fa494e-dc9a-5a6a-940d-99cb924867f6"",""src-f70ceb03-ed62-521c-8c11-ef4230eac2a2"",""src-7a59b4e6-0ad2-5b5a-9c10-c8db67f5efd8"",""src-64dafe82-5979-5f34-81d1-45f388fa893a""]","MATHEMATICAL_REVIEW_REQUIRED"
"template:2eso:numeros-enteros:template-1ewdxka","2","[""cand-82493b97-e4db-5a8a-b9ed-e5485fee6201"",""cand-f0362c1b-5b23-5663-9c11-b9bd55905678""]","[""src-6e89a81f-dc2c-55a3-8035-74c2d3655745"",""src-28360475-feb7-5666-856c-b87df9b5686f""]","MATHEMATICAL_REVIEW_REQUIRED"
"template:2eso:numeros-enteros:template-1oft2dq","5","[""cand-1cbffebd-a4ab-5a74-ad58-a05f5930b22f"",""cand-2faa9567-10e3-5721-8788-78a0cf64ab1f"",""cand-764b51bc-b5cb-5ce5-b7fa-6ff606d5f617"",""cand-ae795c62-634d-5402-9e7e-7c1e8076e1ac"",""cand-d535b4cc-1707-5e17-bd8f-3c2cb16854e9""]","[""src-8efe9c57-5d4f-565a-aab3-cec6a14b3645"",""src-ec2138ee-3cb3-59a3-bfe7-a9d629020935"",""src-a0d7cc33-2262-5eac-89f2-e5bdcd101818"",""src-fb761c18-0c79-5669-a92f-f7d66b5f3308"",""src-1edecff7-e6f6-5716-b297-09c9e9c178cf""]","MATHEMATICAL_REVIEW_REQUIRED"
"template:2eso:numeros-enteros:template-1pvg655","3","[""cand-6f0a91dc-81f3-5576-9790-d2ddd89f4773"",""cand-b08365b8-bed7-5004-8ace-0a8e5b3ad47a"",""cand-ea5c0f71-e9b2-528f-8551-5f40d8480e32""]","[""src-e08aea0e-a8a1-5594-b7bc-dbb9b406f73b"",""src-0394d992-4b45-5083-89ac-4bb4d6ef4579"",""src-847681cf-efb0-5e3e-a7f6-36c8d2497a01""]","MATHEMATICAL_REVIEW_REQUIRED"
"template:2eso:numeros-enteros:template-1uqll0g","3","[""cand-0dd0fe52-7106-5fa0-bd34-e87178deeb89"",""cand-3a21f8a5-2e65-56d3-80fd-6bb8f8510206"",""cand-89c78cd7-cb8a-5fa5-b7b7-d3b00d4ec003""]","[""src-1bcce118-341b-5bab-a91b-ca0eeb955e0d"",""src-46249a8c-2e65-5e46-97b5-018058232fc3"",""src-bca9245d-d6aa-54fe-808d-e9828fec5d65""]","MATHEMATICAL_REVIEW_REQUIRED"
"template:2eso:numeros-enteros:template-1xjo48h","6","[""cand-3061a7bc-b26e-5394-9a55-3f230555fdb0"",""cand-3e266dea-6113-504c-b545-f38681006f3c"",""cand-6d53aa09-d721-5950-90c0-a26612f9b4a3"",""cand-914da17a-722c-5df6-9ab4-2a8f2b5ce74e"",""cand-c9bfe96a-e145-5708-b5da-3c3535094a56"",""cand-ed5084bd-552a-5990-b126-c88e16cc78cf""]","[""src-19771c5f-340d-5896-970a-4c738e286e8e"",""src-a0161f42-f3da-5d26-9a25-175e42f48733"",""src-be8fd2c8-d0a6-5f71-8e7f-9668089d4a98"",""src-7e87b95c-6932-542f-b6cf-58b261a5516f"",""src-c26a6eb7-efa5-5698-9e5f-7ad0d8dfb7a2"",""src-199e479c-dbf3-5a42-96fa-6da8900f3bb2""]","MATHEMATICAL_REVIEW_REQUIRED"
"template:2eso:numeros-enteros:template-1ysbur2","6","[""cand-22956d6d-924d-5bb7-8782-2a3a75d7f3fa"",""cand-711bac6a-a75d-564c-a31e-c53795796677"",""cand-9f333103-e445-5a2b-8a1c-a1cf00c9d7e5"",""cand-c22b582b-5420-52e7-978a-de52ca44e37d"",""cand-d620a6ff-3f8f-5e3d-b020-6cf0f8822c81"",""cand-dca56e37-730f-5e98-9f10-76f22d870119""]","[""src-d01aab8e-e444-523b-b53f-b23c3df5e1c1"",""src-8c3a65da-aebb-5e77-bdc7-bdcef332460f"",""src-95084cb8-e162-5e79-abf6-5a9cdfca0bd1"",""src-52f79167-4227-5acb-b466-7bd02be77fb7"",""src-2c1968b7-522e-53bc-bec9-12e4355fe647"",""src-3a1da9ef-4c5b-5657-af03-9a2258c380c4""]","MATHEMATICAL_REVIEW_REQUIRED"
"template:2eso:numeros-enteros:template-3v6isc","3","[""cand-10537231-c641-584b-a3ba-ad803ce52c1e"",""cand-b19b8ca2-4631-55eb-b608-f3de6d885f0b"",""cand-f3db5328-36d0-5a07-9c8c-2237667db467""]","[""src-470a3f1f-d2f8-5723-9a75-3a126335b554"",""src-727b0e14-38e1-55e9-bd92-a2bee7150558"",""src-1007d0d3-622f-5935-a398-7478c7f1274f""]","MATHEMATICAL_REVIEW_REQUIRED"
"template:2eso:numeros-enteros:template-i58xkf","5","[""cand-28e8d089-176a-599f-a480-7e55c8698611"",""cand-3a773d81-a1fd-515d-be3a-01b2c4ee2466"",""cand-6ff502cb-8f5d-592b-8005-e9e34c363eab"",""cand-71c7f845-848f-5a1d-94a5-114a701646ef"",""cand-99889979-7ada-5d7d-895d-0dc2cc04064b""]","[""src-3c7a6639-8077-56e3-827a-8a0509b69584"",""src-09c9a53a-87af-50ef-bea0-e97c65645d47"",""src-888eb0de-b31f-5b12-b7cd-29571a9f48e1"",""src-4af0c322-a3a6-545a-8dec-9153ac805f40"",""src-3df32509-b896-5e00-8dcc-c223f050aa11""]","MATHEMATICAL_REVIEW_REQUIRED"
"template:2eso:numeros-enteros:template-u89k5q","3","[""cand-4f158417-7ced-5088-9ddb-ad4a9fa584f5"",""cand-8133de72-7f87-59ec-8be5-97c71c7a7d89"",""cand-cf0eea44-789f-54d4-9e1f-386cd55d7564""]","[""src-425f5efe-30d7-574e-b0db-68f31e3ca43a"",""src-043c1a8b-e7f5-5e4f-9142-06c79678d56d"",""src-e71f1fbc-866f-500d-a625-3fd57fc58ac0""]","MATHEMATICAL_REVIEW_REQUIRED"
"template:2eso:potencias-raices-cuadradas:template-111jhnh","3","[""cand-18f55f71-c46f-5f94-b698-ce5f25b1d81e"",""cand-7bb4b9ba-cf02-5509-90dd-d034f09b4329"",""cand-de263d45-c0e4-58a3-85eb-c5f3fe33e411""]","[""src-57d27cac-26f4-5bbe-88d2-c1ccc2bb5e17"",""src-afe8a255-3343-5058-a2b4-7ac371f7867a"",""src-9e99b7f1-61b2-53d6-a1b1-c95d43ecb994""]","MATHEMATICAL_REVIEW_REQUIRED"
"template:2eso:potencias-raices-cuadradas:template-155vfxa","3","[""cand-077d6489-54e5-5de1-9c52-cd3be408342c"",""cand-5657ee46-5c4c-5f81-9963-01f91e26bd80"",""cand-79b5cf8d-22b7-5ce4-9e4c-6b79ddc2b2ba""]","[""src-97018e92-6c5c-595e-8be4-c209c9dc0a66"",""src-991ac455-8849-5637-9ff0-b30087d30116"",""src-0d08a035-b59c-5c32-8390-0d419e24f7a5""]","MATHEMATICAL_REVIEW_REQUIRED"
"template:2eso:potencias-raices-cuadradas:template-19rl6oy","3","[""cand-3d6da0e0-43d8-5a06-be81-b6da1681c0fa"",""cand-528b55ef-45f6-59e6-a7f2-d38e399e0157"",""cand-8da2e900-969a-5982-8682-7c4b057bb598""]","[""src-e7dc304e-8a31-58f2-b338-f65db0ce2bd3"",""src-5cd3fb04-a9a0-5c5a-8ed7-5c8847796eb8"",""src-35546ba2-99df-5d32-9af4-a9d8028e9569""]","MATHEMATICAL_REVIEW_REQUIRED"
"template:2eso:potencias-raices-cuadradas:template-1wccx7m","3","[""cand-2f6b0f72-4f97-5113-8aad-acea1cb9c6d1"",""cand-ae72cd18-2328-5abc-8513-395e7333aab2"",""cand-d71c338f-0638-5dc5-b020-a1beebf1bc68""]","[""src-1c844d09-2de0-50de-bfbe-af4216649ede"",""src-2b789732-d64c-5aec-b261-71edd8697176"",""src-4ae94504-7df5-58d1-be76-f5ce62244a24""]","MATHEMATICAL_REVIEW_REQUIRED"
"template:2eso:potencias-raices-cuadradas:template-1xpz1cb","5","[""cand-2ea35609-b2d0-5506-8d89-68d6fe1ba68e"",""cand-44ee3db8-c6e6-543d-9f77-eebdcad0944b"",""cand-68122536-a4af-5570-89e2-ea085909fc10"",""cand-97478b76-dff4-54c1-a6ff-632d408b72bf"",""cand-fd262ea1-8e46-539f-a391-0214507cd3a2""]","[""src-b27a39cc-90ec-5690-a155-86188456c835"",""src-57d50cee-ca0a-51ac-8170-282fa4b5d8f0"",""src-ec5ad52f-6f5b-551d-98d7-f6e416ac1611"",""src-0253c558-c666-5f42-9478-935fa73742df"",""src-c080f456-4d33-5c0c-9eaf-ce0d241e6b63""]","MATHEMATICAL_REVIEW_REQUIRED"
"template:2eso:potencias-raices-cuadradas:template-9m4gru","2","[""cand-50ef1d76-3433-55af-8774-225f5bf9de94"",""cand-f4ffb79b-ddbf-50ff-8622-4b50f92ed2c2""]","[""src-24ef9543-cdce-561a-b848-21ea2af43604"",""src-61018aa1-d1f6-5326-b86c-ebde7a0cdfc6""]","MATHEMATICAL_REVIEW_REQUIRED"
"template:2eso:potencias-raices-cuadradas:template-cy3weq","3","[""cand-24dccb95-4759-56ae-88c6-907c4eba9bc2"",""cand-84334ee0-d9f0-5b76-8421-0d1b523c7320"",""cand-b69e64f5-ce14-51fb-aee1-9f50934f83f8""]","[""src-eff78db4-4225-5418-9a5d-a73be0e31263"",""src-611bf8dc-a3ac-5eb1-9571-d722b23e555a"",""src-7049586a-0fc1-58a6-a803-b3b9f12ff7cc""]","MATHEMATICAL_REVIEW_REQUIRED"
"template:2eso:potencias-raices-cuadradas:template-jpykyg","2","[""cand-41b17ddf-eccd-57c0-8a77-73f5fbc9fbb7"",""cand-cbd48b4e-f24b-54d0-a49f-286115b5a287""]","[""src-58ebd2a2-b783-5af3-8c13-28d7589e00ac"",""src-fc6d78ce-84d3-5b33-a0e0-401b159db438""]","MATHEMATICAL_REVIEW_REQUIRED"
"template:2eso:potencias-raices-cuadradas:template-laih5x","4","[""cand-0db1cda4-a845-53dc-a2a1-e210ca8c0318"",""cand-6e997718-3327-56ce-a414-dc6b1ce889d2"",""cand-98eeb7b8-d479-5135-85cd-5e046fbcb0ac"",""cand-e1fa3379-4f95-53bb-a845-7997c17266b7""]","[""src-c93ca37c-8fbd-59a4-b317-33c13233c30b"",""src-ef5bc846-99c2-5e04-a1c0-bf4f9ff5b5f6"",""src-9c5efcd9-aa78-57bf-9899-134e0162b5fb"",""src-ed436bfb-fe13-5af3-87f9-27c9c4594e5c""]","MATHEMATICAL_REVIEW_REQUIRED"
"template:2eso:potencias-raices-cuadradas:template-nxsw3j","2","[""cand-2c1542b8-9df1-55d6-b633-6c2e18319f3f"",""cand-5384b9a0-367f-5041-874e-7af5bfc60cc5""]","[""src-7b4086a6-94be-5697-9efb-65d7b3a50b63"",""src-cd17f3bf-3c65-5cfb-8bbf-cf3885371224""]","MATHEMATICAL_REVIEW_REQUIRED"
"template:2eso:proporcionalidad:template-19so7s","2","[""cand-6d555856-6f02-5156-8b0e-2669f1422a96"",""cand-bdf0d068-bfd7-5982-95e9-efd86bbf9473""]","[""src-0a1cd500-4721-5525-9380-e1d1b4b78e8a"",""src-5396beb3-ee7b-5265-b33a-e896af5f63cb""]","MATHEMATICAL_REVIEW_REQUIRED"
"template:2eso:proporcionalidad:template-npac3g","4","[""cand-82d3f988-4e7b-5ed9-ad35-e87ec998ab0c"",""cand-99a82712-c1e3-5f03-a5d3-a7d951b373a7"",""cand-a76461a2-4868-51c6-9cf7-cac604e7a0ca"",""cand-bc80f3ce-5b55-56c9-b440-a6335e8a7419""]","[""src-ae554c06-1df5-57cb-9b83-21e6003d594d"",""src-f5cfe809-91a9-518f-b9ec-5120b0ea2095"",""src-701b9f49-9ed7-59da-9424-6e857772266e"",""src-99fb6189-21dc-5d10-854f-1cffc52bb95c""]","MATHEMATICAL_REVIEW_REQUIRED"
"template:2eso:sistemas-ecuaciones:template-16i3cef","6","[""cand-2f7daf17-b5fa-5c8b-b7ce-c0fb5c64301b"",""cand-7e807011-db55-5673-9b76-47da33df980d"",""cand-8592ad02-7b56-5e57-b61e-70a16bb43fbf"",""cand-dffc34c0-0c4a-5c40-88e6-f4267614fdd2"",""cand-f5e2c510-9dbd-5ff9-abd5-0156e18aef18"",""cand-fce2ab2d-9884-59bd-a222-5e020590bced""]","[""src-13728e7c-94c4-5511-ab07-c2253e28e693"",""src-fd4374bd-cccf-5a96-acd0-4b97d8f4763c"",""src-1abc182e-b0a4-5641-b482-1aba63dcfff7"",""src-6c74937b-4463-5f07-9904-90e38372d453"",""src-7c7fa02e-5c74-59dc-8621-02fc87607b88"",""src-60bce068-cbb6-5ca5-ad85-fa56a47b2ef2""]","MATHEMATICAL_REVIEW_REQUIRED"
"template:2eso:sistemas-ecuaciones:template-19wdwgb","3","[""cand-7b02e9ad-7522-562f-a2a7-602b06b09ebb"",""cand-a69d2fe7-3884-56fe-a48c-8d77dd92123f"",""cand-d3aa21d5-3c09-5992-a3e5-ebcd1cee9b7f""]","[""src-32b65d9e-037a-5ac0-97f0-f58b5300217b"",""src-72ecdff2-e2ec-5ede-ae6a-67db5251f589"",""src-d36e291c-bb21-5500-a8a6-67d230e55806""]","MATHEMATICAL_REVIEW_REQUIRED"
"template:2eso:sistemas-ecuaciones:template-1t6fs2m","2","[""cand-a296990b-60da-52fc-9fce-da2be647c0ec"",""cand-d081e206-edc2-56de-b595-bf7ebc1eacf6""]","[""src-52e0d810-831d-5e45-81bf-1b95ae68d0da"",""src-1d8b99f6-0f12-532c-bc7b-427bc5d3eb35""]","MATHEMATICAL_REVIEW_REQUIRED"
"template:2eso:sistemas-ecuaciones:template-1x02ggf","5","[""cand-3a30d4c5-9413-5de8-9a84-701fee54ff7c"",""cand-9e90c786-b705-5a44-bb36-1f7918ccf783"",""cand-b189abd4-9b76-59d3-a382-f057a90fa9f3"",""cand-ba43b058-697f-5a07-b82b-efaae26fe1b4"",""cand-db7faa22-52ec-55b0-a187-c8e5fc0e331e""]","[""src-8f81a2b1-7230-5046-a7e9-157ced453383"",""src-aa7f945c-6e3a-5a1e-9475-33cb0a6151e0"",""src-2aa54e59-2aa7-5586-ac55-3228b3ba2938"",""src-76e15539-f330-5d4a-ad66-05c2a3852fb3"",""src-526a5643-0228-5336-8d83-fb632dcc5e76""]","MATHEMATICAL_REVIEW_REQUIRED"
"template:2eso:sistemas-ecuaciones:template-1xnkehx","2","[""cand-56d6e8d3-8acb-5989-a40b-25dad10c6046"",""cand-edb1000c-8b3d-5177-bb26-d78eed6f528b""]","[""src-1a87f697-7d6d-55dd-8e15-19f8716c7a16"",""src-5db4f897-7279-5eb5-ae49-ac5af3c18402""]","MATHEMATICAL_REVIEW_REQUIRED"
"template:2eso:sistemas-ecuaciones:template-2jy6rt","3","[""cand-44fee5ed-2207-50f4-a890-d659f4e52b25"",""cand-6d5cc291-5aa7-56a0-b1a9-7d8288bab08d"",""cand-866a286f-96df-5c01-8f59-8d0c49e15d17""]","[""src-80f39fc3-f01b-58ba-a669-ed6fb9a56d0c"",""src-8625ddf4-4253-56f6-a0d1-302d21170507"",""src-8b779f78-de71-5b1b-8e9d-94837c69a748""]","MATHEMATICAL_REVIEW_REQUIRED"
"template:2eso:sistemas-ecuaciones:template-4zw6sn","8","[""cand-0ae69134-caa1-5d37-ba19-f79b94965375"",""cand-3c35abbf-307b-511a-8ea8-4560a84cf3fc"",""cand-6a208199-b008-5101-b6f8-60333227bb20"",""cand-84dac5d9-a511-588e-8439-e7a27afd3437"",""cand-a289737a-19b5-5084-8f46-b3b0c58ec024"",""cand-a63388a3-f716-5fd8-b7dd-6e480ab87167"",""cand-b2a30a6c-b65a-5606-ab2a-6d0ae9a4e5e3"",""cand-ec6b9f03-6af2-531e-9a32-b362154c7aa9""]","[""src-a9ea62aa-cc27-565d-8d8d-dc18c5cd2831"",""src-f5dc8e85-aa58-54f4-958a-bc3d6fa78e74"",""src-dab99674-d75f-5e1d-a012-321a8f326329"",""src-30a60fde-ac5c-5506-aa4f-88dd7d46a9b6"",""src-b5e5c075-7675-5f8b-ba5c-f75f314d87f0"",""src-82f8bbfb-34ec-5c10-b0dd-6582b7e1fe68"",""src-26777eee-a7ac-58c1-bfd9-539881cf531b"",""src-09f02bae-1c53-557f-ae51-e375649d9231""]","MATHEMATICAL_REVIEW_REQUIRED"
"template:2eso:sistemas-ecuaciones:template-6hws6r","8","[""cand-0ca1f7e8-d6fd-553f-9a15-f17c4bdae25b"",""cand-25ec587b-6cea-5e23-a130-14b66769cb75"",""cand-277b4eb7-33fa-5947-9379-6ec1113b8921"",""cand-4c03d065-18dd-5433-ad42-67268649407b"",""cand-ac3fb77e-2b8c-5320-a01b-db60e019ab86"",""cand-c756505a-b074-516b-a768-36f920372b4f"",""cand-dd478b1d-cf0c-5911-9ae1-51e5142e7ffa"",""cand-ee142292-a0bd-5037-addf-3ac110510575""]","[""src-7063e4da-1cf0-53e5-b43b-c807e221fc86"",""src-a296e4f9-674e-57ca-a55c-9ed2834605da"",""src-236f5b27-8fbb-51fc-a4fc-d79c7df0974e"",""src-24b0956b-9869-5cd4-a12b-09bbeca07f7b"",""src-cf3ebdf0-f406-5f73-bd27-b6e318f24af1"",""src-3f4aabd7-bc54-54a0-869b-94900059e28d"",""src-0998e26e-583c-5b43-93d7-cd6530fc5147"",""src-6c429383-7fec-55e2-8ee5-1f35c54cd11c""]","MATHEMATICAL_REVIEW_REQUIRED"
"template:2eso:sistemas-ecuaciones:template-a3p09r","2","[""cand-2543d2e4-9a21-5194-8207-2df17d51c126"",""cand-7657f472-232a-5953-8e24-44b99e685412""]","[""src-df1dec4b-a247-59c0-a0c9-77e1eeb1e2ac"",""src-a1d267e8-0434-5661-bbe4-103e38ffdfa3""]","MATHEMATICAL_REVIEW_REQUIRED"
"template:2eso:sistemas-ecuaciones:template-tn9mjx","8","[""cand-1a07cf31-341d-5526-9b54-77183a437f82"",""cand-2cea0a99-f533-5690-9e80-e6c333b22b03"",""cand-3f6a1a01-22f0-5565-9637-901de3c8fd97"",""cand-458ccfee-299f-59cf-a192-76e40696b85a"",""cand-7b182277-b471-5caa-963f-d5a3612d6c0d"",""cand-9ac5a47b-ad92-5a99-9e4a-6cd904ea36e2"",""cand-dcf76450-103c-5aae-bf0f-d97901d4628d"",""cand-f2e22381-90b1-5f69-87e9-ca4b8f5945a9""]","[""src-d38da273-4c6d-5558-a76a-27a9a3182da8"",""src-b1748e3d-7420-5013-95a2-f33c0c751655"",""src-e7258cfd-be5a-514c-8cff-cf1853cd61d5"",""src-a9334e71-ab08-5d86-bf0a-4fb2c74a0a27"",""src-c6c49e48-0a8a-5d16-a9c8-bff8a74f064c"",""src-e3e2dbe9-7b3a-56dc-ad33-c1d4a71553f8"",""src-45df1bb4-4f5a-5b70-a1c0-aaa8cb950749"",""src-e393c5ee-5383-5db2-b488-e92820fa1849""]","MATHEMATICAL_REVIEW_REQUIRED"
"template:3eso:cuerpos-geometricos:template-115vglj","2","[""cand-2bad96d7-78a7-5b1e-98d4-605834bc5ba1"",""cand-a28b4068-b1ee-5f59-9489-5a46fb8ff21d""]","[""src-9a2b9b26-dc43-5d65-8b07-6523a6113a6a"",""src-25bfee04-868e-5bd1-8fa5-9cae2754010c""]","MATHEMATICAL_REVIEW_REQUIRED"
"template:3eso:cuerpos-geometricos:template-1ros7rq","2","[""cand-341459bd-b2f1-56a5-91d9-1e2cad95f08b"",""cand-38d977e0-e124-53c5-a400-72a18ab4e230""]","[""src-28428d79-5ba8-51c0-a8fc-a08d7a465a13"",""src-c16fd03b-d851-504a-802a-dfd8bb8a711d""]","MATHEMATICAL_REVIEW_REQUIRED"
"template:3eso:cuerpos-geometricos:template-an0qxj","4","[""cand-2a960e35-4f7f-5e16-b5f4-5618da3068a9"",""cand-40b23fe6-4b21-558e-9474-0597b4477c71"",""cand-8c5f12a2-8c3d-5a7d-9e5d-b7e1e3152098"",""cand-e43ea1f1-6ef4-516a-95db-fe26da2d3c13""]","[""src-829722ed-1b18-5186-96b7-290d4975133b"",""src-e139b7b6-f96b-514e-a1c9-08d8d9f86c08"",""src-0b3ab03f-f0df-54e6-bdca-5269c926fd94"",""src-119b78e7-cd08-5491-bdd2-e0c256ca7cef""]","MATHEMATICAL_REVIEW_REQUIRED"
"template:3eso:cuerpos-geometricos:template-e4pn5z","2","[""cand-66f9fb70-ec14-53d6-8f06-18de48a577c5"",""cand-b8a0ca9e-f851-53f8-8456-2e80461c8a0f""]","[""src-2ee882eb-87f0-57e7-9a67-9bb1024f8b19"",""src-5406b7b8-ac19-5f90-a751-59a226a87666""]","MATHEMATICAL_REVIEW_REQUIRED"
"template:3eso:cuerpos-geometricos:template-gbx0z0","4","[""cand-737634d7-add5-580d-86aa-c131bc0777d4"",""cand-91081e43-d6f7-5deb-b6e9-495d8b8ea54d"",""cand-beeff735-5079-5b40-946e-e6b40e126c3c"",""cand-d963478e-190b-51a5-a83e-4d4958a59cce""]","[""src-05163f04-e23b-5453-9eb6-53f0fdf4fa4b"",""src-f6e42085-031a-5097-8068-d244227b45c4"",""src-4a020df3-9d5e-50d7-9300-3517c1c28c39"",""src-94999ea8-d9ed-5d57-bd0b-c92eed181500""]","MATHEMATICAL_REVIEW_REQUIRED"
"template:3eso:cuerpos-geometricos:template-kx9spg","2","[""cand-59f5d6eb-b23b-51f5-8110-ecc23af31015"",""cand-c3afa17d-4c67-504e-a6dc-fb2cf7f1f70a""]","[""src-b9676ed3-c6b2-5151-b9b4-b504e33763c6"",""src-110dac14-6b50-5ea5-85f9-104b64bf7360""]","MATHEMATICAL_REVIEW_REQUIRED"
"template:3eso:ecuaciones-sistemas:template-122ylga","3","[""cand-4e2265b3-d2aa-5a1d-a83e-bed7c3d0652a"",""cand-df066dab-bdf1-5dda-b708-f02fe8a1cca1"",""cand-f7c47e7f-9ccd-551b-b007-6746d5d05374""]","[""src-c3cc3e42-395c-52d6-8d83-9b692c3776f8"",""src-53075282-a4e1-5929-9c6b-1f6c7e9c027c"",""src-52c57785-4d6b-5ae2-8003-066490faaa2d""]","MATHEMATICAL_REVIEW_REQUIRED"
"template:3eso:ecuaciones-sistemas:template-16i3cef","2","[""cand-329c2a12-88d2-5dee-83c2-eb71c91f9c48"",""cand-9f5bc9e3-7723-5d32-8f3d-1bc9f55f7970""]","[""src-f5c85cd4-9f1a-5640-87bd-c266bb0e2c15"",""src-157bbbaa-1b9b-5b56-974b-f7e8f8f6466f""]","MATHEMATICAL_REVIEW_REQUIRED"
"template:3eso:ecuaciones-sistemas:template-1cvruy0","2","[""cand-3909006c-3c70-57ba-b0c6-e96eb170dde4"",""cand-9e51ef93-f774-567d-b273-fc7db62015f2""]","[""src-db38fd20-f886-52a9-af5e-4b754c16c78f"",""src-176077de-4765-5e46-814b-27f3c6180d60""]","MATHEMATICAL_REVIEW_REQUIRED"
"template:3eso:ecuaciones-sistemas:template-1e0ff5m","3","[""cand-1a79a1ef-0c9d-539c-b2f7-08ddb5d58152"",""cand-1adecdb3-824f-5d9d-bf87-c4c5d7bf8e56"",""cand-d11a9521-4917-5944-a68b-96613302477a""]","[""src-ec36bd70-34b2-5901-9d81-712240f907d7"",""src-e2d02c46-290c-5a13-afd9-4f838061ac31"",""src-ecf8d160-f48b-58e6-951d-a030507fffbf""]","MATHEMATICAL_REVIEW_REQUIRED"
"template:3eso:ecuaciones-sistemas:template-1q01n4a","2","[""cand-395d9426-001a-5d3f-8f17-0168f8029c19"",""cand-dfa11b79-6a0d-52d2-a089-86a715cb7381""]","[""src-8cfb103e-96a7-5a51-9b85-f5a851975077"",""src-f2fb4c66-364d-5908-ab93-bc3074ffda29""]","MATHEMATICAL_REVIEW_REQUIRED"
"template:3eso:ecuaciones-sistemas:template-1x02ggf","3","[""cand-0dd54c3e-7038-5a9b-8a79-bde0c5d730d2"",""cand-488aade8-cdd3-5c77-84a0-93a1728575f8"",""cand-af659cd5-7d1f-505b-ac13-830098139147""]","[""src-2dae0748-c31b-5806-8136-ce78f43d5a0f"",""src-51e2d52c-c5d1-5c66-877d-98aa89eabbad"",""src-ad4c4d18-994b-520c-bd5b-f5f458b91b4a""]","MATHEMATICAL_REVIEW_REQUIRED"
"template:3eso:ecuaciones-sistemas:template-g3jgnb","3","[""cand-750f6448-854d-5f8c-9070-36e6ec53893b"",""cand-9ffebe4a-aad0-563b-b378-1275d9d2a866"",""cand-d49a585f-20aa-5b87-ae9b-96f0ee2c30ca""]","[""src-f954e9f6-30a6-5666-a8f2-a723dc4d72cf"",""src-bd37153e-3524-5c32-a2fe-f49d4e1e70b0"",""src-77c99526-6dd2-5986-84d7-d1c75f4feb6c""]","MATHEMATICAL_REVIEW_REQUIRED"
"template:3eso:ecuaciones-sistemas:template-gtabcu","2","[""cand-8a85f601-3f5b-551f-a963-8e56674f09ed"",""cand-face625b-bd2f-5cac-8ec7-c8eca9d74d44""]","[""src-94a4235a-a9bd-5ec6-9ce3-d92e2a2c3d54"",""src-d1c05bad-e8d6-55f2-a232-a4c201d28f96""]","MATHEMATICAL_REVIEW_REQUIRED"
"template:3eso:estadistica:template-1c0m40o","5","[""cand-1d683c84-705a-53bc-b2fc-d2701278ad1c"",""cand-bb787f0f-35c3-5a59-a882-318fb6ba7647"",""cand-f5242ab9-f66f-5c6b-a1c5-970d59c309a2"",""cand-f6b9c593-1e98-5fa8-ac73-d95067957fee"",""cand-f99b63ba-9d93-507e-b136-3b1d85ad6d97""]","[""src-7dfbcb4e-0c7d-5690-ba1b-86b11026390b"",""src-fc97eddc-1c4d-5b16-b90f-6e573b41f7a6"",""src-e3e5d95f-01b0-5bcb-8c95-6fed3a882093"",""src-38f25297-d4b5-5773-8d36-9b90c6a39951"",""src-7a6c9aa9-3aa3-5f05-9219-ca8881c6e6c1""]","MATHEMATICAL_REVIEW_REQUIRED"
"template:3eso:estadistica:template-1s1jtjh","4","[""cand-542aa994-f5b2-5f61-ae12-b4a31c4fc6c6"",""cand-7cec4e41-9010-51ea-a0de-2a4c646ae8b2"",""cand-81a40d59-ea79-5dc8-b767-531d1507637a"",""cand-d84cd0f7-ff54-51b0-8d37-ff74237e4a4f""]","[""src-ff5e362c-1492-58c6-bbaf-471977628f4b"",""src-14a0e1b5-5d77-5d07-9bdf-cef30a8cdeb9"",""src-2b570b1c-eeaa-5686-b239-6022a9bf6113"",""src-e9c1b79c-6501-5e16-8999-67a33bc5f18a""]","MATHEMATICAL_REVIEW_REQUIRED"
"template:3eso:estadistica:template-1sjzn5s","2","[""cand-06160fa4-7361-53cd-a553-8ef9c074f454"",""cand-078aba01-8640-5303-bdc6-f7c44a4a62e4""]","[""src-40400e48-f162-5efb-aa35-4ef804fc49c2"",""src-a12d9c40-64bf-5871-9847-feba8aa10da4""]","MATHEMATICAL_REVIEW_REQUIRED"
"template:3eso:estadistica:template-4cvace","3","[""cand-7b9dc70c-3a19-5541-b8b4-9467addd3472"",""cand-8f29e369-eb7d-5b41-95c5-409f1e25539a"",""cand-cfb78bae-bc77-5dbb-8298-64589c100247""]","[""src-f285c303-6909-580e-a5f4-9796b05cd198"",""src-6950f551-ecf7-5eff-a544-66d491c0a208"",""src-d575f1bb-af04-5fa9-8929-380e37f531b5""]","MATHEMATICAL_REVIEW_REQUIRED"
"template:3eso:estadistica:template-6mr1v7","5","[""cand-121ebf17-5319-53d2-a36a-a16f86b3225c"",""cand-1648ffeb-e12d-525b-b284-b6bca4deacfc"",""cand-9aecc7e6-afb7-5b38-a49c-311a497899cc"",""cand-a44d229f-ac87-57fd-807d-e189ef3409a8"",""cand-bb7d66d1-6781-5233-8a36-98d511399fe3""]","[""src-71255d15-e6fc-52c5-9854-289dc53a12d3"",""src-75310a30-dbd6-59ba-b548-828d95f810a9"",""src-f792206b-a003-5be9-94e5-71320128960d"",""src-657042a2-f75c-519e-a873-629748d36a9b"",""src-319b4d85-fbb5-5502-8526-da666e140259""]","MATHEMATICAL_REVIEW_REQUIRED"
"template:3eso:estadistica:template-cv0t6n","2","[""cand-6da71ba0-35f7-5322-bd0b-4522ed47a31d"",""cand-7a4244a3-9807-5e0b-b5c9-b1ae14624102""]","[""src-0532548e-b10b-5d91-99d8-ba91b56b4f3c"",""src-4150d81a-c762-52be-adcb-1e92ee99412f""]","MATHEMATICAL_REVIEW_REQUIRED"
"template:3eso:estadistica:template-fdw0qj","5","[""cand-25353b70-2653-5628-b4f2-5584742177a5"",""cand-581f19b8-5145-52ee-b6a3-6a6ac669f94b"",""cand-e8c6fb1f-a6b8-5056-819f-24b5a35c32ac"",""cand-eae30dec-3446-5e31-b9dd-f518e94da84a"",""cand-f5ee3b4e-eec3-52b7-af01-6d0abcb241c4""]","[""src-938e9c33-8cb8-5b6b-97ec-e093b3a3855c"",""src-6f483f16-f0ac-51cb-8db0-2a15c4009959"",""src-2727f38b-0efd-5d80-859e-613a0e9db605"",""src-f36bca96-1b36-5d05-8928-98ee33eb68ca"",""src-9913a0c7-9c46-5a2d-815b-af636cdfd81d""]","MATHEMATICAL_REVIEW_REQUIRED"
"template:3eso:estadistica:template-uf80kj","3","[""cand-95bb7841-8626-5dec-bacc-fefd8a13a871"",""cand-96d9e9c6-3b9e-5c0b-97bd-e2bea74d75a9"",""cand-e252f948-6af9-56f8-8a95-b58846ab1db6""]","[""src-24d3ba15-1760-50df-8fcd-1e0974267bef"",""src-f76ea8a9-0a32-51a9-8603-ab5f3a4ed1a0"",""src-98e31087-3e4d-5008-8773-872797253f44""]","MATHEMATICAL_REVIEW_REQUIRED"
"template:3eso:estadistica:template-wnfwng","8","[""cand-1708e68c-6241-5bff-ac34-e4a141229ed3"",""cand-2a87ba23-0ac0-5ea2-ba90-e92a61801aea"",""cand-4798da36-47ff-54ca-86af-6d7d715cbb12"",""cand-62032791-6880-5873-9382-67abb89cafe0"",""cand-655e5b6f-b525-52b7-90fc-f9572e6b826b"",""cand-7923d1d7-330f-5460-ac57-e3ad39340e77"",""cand-a71b893b-1946-55c5-a67f-27be35c02fca"",""cand-df7e8d40-3309-5f8b-8def-036fd878438c""]","[""src-31c5cf3f-76f3-54a6-ad90-fe0de37865f4"",""src-1fd6c6a6-43bd-5417-ab41-d083116915db"",""src-21f657e9-66b3-57d0-8613-642a48614593"",""src-c032f457-b4d4-5bb0-8e24-8dd77f8bcd6c"",""src-a6cca234-6e2e-50ab-87cf-34fba45c34bb"",""src-1e2a8aea-c66e-5da7-9c20-68d891bb2ab5"",""src-87302484-23cf-5ea0-81fa-6ac2e855bb39"",""src-2bf64fdf-8ce9-5509-b222-88c17cea631c""]","MATHEMATICAL_REVIEW_REQUIRED"
"template:3eso:expresiones-algebraicas:template-1dygf3s","4","[""cand-11cc64da-dcc5-5ee8-8096-0bb48ce2b97e"",""cand-28d1e9d4-4824-5d15-83f8-55eac80b5176"",""cand-7c353aa5-cd38-5907-953b-df64d1d0c42e"",""cand-a64eb673-a8e2-5d6b-88ea-987555e8af67""]","[""src-ec6a1bb9-9888-5675-b50c-96cfa0330e95"",""src-a5530bcf-b828-5b91-a501-b2b9aaab55b7"",""src-fbda4b80-de3c-5300-baec-1125b920d7da"",""src-46e6e64d-7f74-5751-b633-2d88f89513d7""]","MATHEMATICAL_REVIEW_REQUIRED"
"template:3eso:expresiones-algebraicas:template-1lrle82","2","[""cand-cb583e92-0e7e-5a2b-b57f-137a58be8bed"",""cand-cb9837b5-661a-5b4d-8c88-39491c4a74a5""]","[""src-3ddd7c2b-1641-5867-a405-b34bcf38b4d9"",""src-e986a34c-288f-5138-b995-28dab3ec81cc""]","MATHEMATICAL_REVIEW_REQUIRED"
"template:3eso:expresiones-algebraicas:template-1m3u976","3","[""cand-28e76e33-97ed-5359-9cba-3f315e598587"",""cand-e0bb6e88-eaff-5034-9c56-2afa44a2fd20"",""cand-e7fd80e3-5f8c-5ef7-92f8-07bf7d42bc6d""]","[""src-0f535c5c-6d99-5754-a511-270204190b05"",""src-3162a065-d856-5b61-9364-8e38a752204a"",""src-56244d86-9dcb-5250-8b78-0d54ed98fff2""]","MATHEMATICAL_REVIEW_REQUIRED"
"template:3eso:expresiones-algebraicas:template-1pnahkn","2","[""cand-18d65eb8-02d3-564b-8d18-09fa5b111842"",""cand-7b73476e-8983-542b-825c-9e926b2094e0""]","[""src-efebfe21-c157-5a86-a18b-f869651deb75"",""src-354c7bb3-581c-52ec-9100-9fea14733292""]","MATHEMATICAL_REVIEW_REQUIRED"
"template:3eso:expresiones-algebraicas:template-1u6u47x","2","[""cand-d914d268-a2b6-5639-a248-c63973a48be3"",""cand-e375e0ae-2ad6-568b-b252-2e3a09ef2ba3""]","[""src-9cdf19db-5d84-5dc6-89d9-14d8f01ebc5d"",""src-38d1acc3-65d7-5c9c-b1d4-6c0fb7116a1f""]","MATHEMATICAL_REVIEW_REQUIRED"
"template:3eso:expresiones-algebraicas:template-78yej4","2","[""cand-6609bd6c-bb5e-5b56-80fc-18b3d3d1c718"",""cand-6b0f0b86-0429-5828-9c4e-04bb792d2dbc""]","[""src-108e4200-2fcf-547a-9741-9aa58af056b1"",""src-be099224-1055-5069-aa48-dbf049a94f48""]","MATHEMATICAL_REVIEW_REQUIRED"
"template:3eso:expresiones-algebraicas:template-koyzfd","4","[""cand-38333bd1-2fc3-5809-993c-cc48673b4028"",""cand-408ed703-f98b-504d-9777-7d67b876e3eb"",""cand-5a5e4328-0159-5884-88ee-b2c2160fb594"",""cand-dea4ecd8-93e9-57e6-919d-1ea462c391e1""]","[""src-874b9b9e-882b-5b84-8773-4eff45e61b25"",""src-23c7aaf9-5c4c-5e13-b866-335f0b2223ab"",""src-025179b5-a1f2-55ea-b3da-43d9725ee27e"",""src-2bd7922b-2d0c-54bb-8c14-079ec9db84b5""]","MATHEMATICAL_REVIEW_REQUIRED"
"template:3eso:expresiones-algebraicas:template-pub2o3","2","[""cand-02987049-e3de-5ede-8f1d-4a89513f00ff"",""cand-41455b27-2ccc-5725-83d2-7d67017931a9""]","[""src-be0c8b48-de6e-5eb8-b6ef-72c6a9983de6"",""src-13d7baa5-410f-56ff-a077-1a31ddae2df3""]","MATHEMATICAL_REVIEW_REQUIRED"
"template:3eso:expresiones-algebraicas:template-r8maln","3","[""cand-52cb00fc-d328-5f0d-8385-1d2ed152c133"",""cand-95ae6ec6-cad6-5647-9dca-aa38f84e537e"",""cand-c0d59961-be91-536c-806e-16e66893263f""]","[""src-da68dc7d-a547-52c3-9c88-0195ee59770f"",""src-d3b01045-5649-51b5-8126-c2f8dc25dc51"",""src-3c7777ed-34b1-5b38-9c52-540227d82e67""]","MATHEMATICAL_REVIEW_REQUIRED"
"template:3eso:funciones:template-15eiu0a","4","[""cand-12a524d8-ec7b-5e76-8650-56f30b9b8cdc"",""cand-6f443ff8-bdaa-5bd0-8187-a1bd8dcca414"",""cand-80d20c4f-20f4-551d-878c-ea3ef8e4f504"",""cand-a1ccb7fe-1f73-5968-aa8d-af285cebea7a""]","[""src-3333238a-64a1-5365-b82d-1a80969a3a95"",""src-36adf85e-879d-55e6-88bd-172d27b2a1b5"",""src-408c7bc4-4080-5aaa-9820-470b20e0f3f9"",""src-7e54fe3d-d0aa-5134-8de6-0fd294f7df43""]","MATHEMATICAL_REVIEW_REQUIRED"
"template:3eso:funciones:template-42v8gn","4","[""cand-4bb529d2-dc1d-5929-9b5b-1a021afcf2be"",""cand-70081464-f142-596e-bb7f-040856839e88"",""cand-885a0f8a-1b89-50f4-a0c5-f919fbeffe28"",""cand-bd63ec36-5147-5fbe-ba5e-e70d8442a792""]","[""src-6e7a021a-3766-5c0f-aa03-6ab56fcdbc8f"",""src-882fb92b-5da9-561b-8d1b-33b377e43932"",""src-6710ec38-779c-5bd7-8da5-fd89c5c59d11"",""src-6fbc669d-005f-56b9-8100-02832999e1ab""]","MATHEMATICAL_REVIEW_REQUIRED"
"template:3eso:funciones:template-cyjqe5","2","[""cand-4a4ff5d9-bbfa-5b84-acf4-18d69b637269"",""cand-6f1f7ab3-9563-52ab-8fff-ced83b09aec5""]","[""src-a85aa47d-f6e7-525a-a98c-2d24d8073c49"",""src-30d7d1ce-4778-5e33-920d-8e3332587f47""]","MATHEMATICAL_REVIEW_REQUIRED"
"template:3eso:numeros-reales:template-1aruw37","3","[""cand-8208a331-0c3e-5b70-8959-1fd4e9e7f437"",""cand-8ca890c0-8d0e-5d6e-a05b-7eae0c8d688f"",""cand-a30f134c-5b39-508b-a882-e5543053cd79""]","[""src-3c0c4a2c-8196-5ce7-a464-86d1d5a5ba43"",""src-e8795413-c786-59f3-9eb4-fa816a2e2e44"",""src-392be3a9-47b4-5073-bea0-1146ae894b58""]","MATHEMATICAL_REVIEW_REQUIRED"
"template:3eso:numeros-reales:template-1clk0es","2","[""cand-5ecab991-513c-5667-98dd-e17ad4bde836"",""cand-d55d771b-6c62-5c53-b3b3-81a8c7425f26""]","[""src-b8db5948-0dab-54fc-ac44-bf32afc78a0b"",""src-b4901da9-5ec7-57a0-aac3-3c48e7d027f8""]","MATHEMATICAL_REVIEW_REQUIRED"
"template:3eso:numeros-reales:template-1cvvh31","4","[""cand-30da2185-81c1-581b-88ac-d1c8b10d166a"",""cand-4301a916-4097-5ffd-92f2-67164c0825ef"",""cand-642fb025-0b3c-5ce4-8a97-815d6712dde4"",""cand-979ae663-6621-5a92-b09d-4d1f2ef81095""]","[""src-1b8224a0-4560-57c9-8033-d52457db5d7c"",""src-a61657e9-a0d0-5353-9900-83be2b4e6449"",""src-27993b08-a94c-507c-9868-fcfbb4c18b43"",""src-d8bc8006-14c5-5afb-90ca-1b1d02c5b866""]","MATHEMATICAL_REVIEW_REQUIRED"
"template:3eso:numeros-reales:template-1h5my0j","2","[""cand-2ceaa92e-2dd7-583c-8d35-d08fe971e0bb"",""cand-4603c90c-04e9-53e2-86d6-5878e8f8a84a""]","[""src-f0d08d13-cff5-585d-8c3a-95214c8123d0"",""src-4afb8f51-7bba-5e5b-90b5-a5313103ccc1""]","MATHEMATICAL_REVIEW_REQUIRED"
"template:3eso:numeros-reales:template-1mst931","2","[""cand-88a9fb54-f580-52b2-8492-2fe46e276bc8"",""cand-c88bfbed-59b9-5b2f-ab21-9da854c0c42b""]","[""src-7344f377-589b-5b61-bf4b-cc9e26220ba2"",""src-b1014438-4c83-5c1c-8063-22d01190edc8""]","MATHEMATICAL_REVIEW_REQUIRED"
"template:3eso:numeros-reales:template-1thv9yq","3","[""cand-577dcd27-1f10-513d-becb-f5b5e7dd1b40"",""cand-8b95c650-f548-5d29-9499-20d7a2414a20"",""cand-fcafaf06-ba84-5cfa-a242-c42f4999a879""]","[""src-d033a889-fa8c-5efb-b67f-ccbe80f381fe"",""src-69032141-b417-5ba6-a1db-bec21eb4be58"",""src-b4ac3375-3340-5d51-815d-9444936b13ee""]","MATHEMATICAL_REVIEW_REQUIRED"
"template:3eso:numeros-reales:template-1ufrcwq","4","[""cand-0f25dac7-78c7-5e6c-842b-f3b87a48baa4"",""cand-5e82f5cc-002b-5595-932a-102d6a965fdc"",""cand-b28d7d27-8ad3-5295-a88a-c71f65b822b4"",""cand-f5f15e0f-9455-5ea6-9c28-50eaf5a3828d""]","[""src-99c9c61a-9541-5eaa-8a80-5628232ddf96"",""src-8c40f83e-6b8a-5ace-8771-57831a2980b2"",""src-459684fb-576d-56a5-b1cf-f52519e1d73c"",""src-479e810b-2c04-557b-9a4a-58b7f723c87a""]","MATHEMATICAL_REVIEW_REQUIRED"
"template:3eso:numeros-reales:template-1y8wcmw","5","[""cand-2a01a759-d16c-57ca-af36-5eca1517da81"",""cand-5ceae1cc-2736-5bcd-810d-89a4ba908320"",""cand-b8781c82-7487-56da-9dd2-7579a81841c6"",""cand-eb9565dd-9983-5a38-a293-0faf386aba67"",""cand-f39c2e6d-8000-5374-a089-406d10cd4efe""]","[""src-5740359d-be6b-5278-ac36-7121020d5b77"",""src-b6250c86-1e96-542a-a8a5-a26e91398939"",""src-26c4f9af-ba8a-5395-891d-0572f69fbf91"",""src-0dec586f-e50c-5f61-b1db-198dbb210434"",""src-57af2d30-e252-535d-aa16-a403f5a85956""]","MATHEMATICAL_REVIEW_REQUIRED"
"template:3eso:numeros-reales:template-b98z2b","4","[""cand-157127c6-4f96-5a53-838d-509da16c231b"",""cand-733b7b6b-ad44-5e3c-9671-319cbd714786"",""cand-8053b467-16f8-5b5d-968c-978d9ac188b4"",""cand-ca70b15e-7a7c-5939-8d0e-e5addc87f1c9""]","[""src-b056a607-6aec-57e4-bff3-9428aa3f80a2"",""src-b7843a00-c9d0-55a0-a490-b4fa53db247f"",""src-37bd48d5-78ae-54c1-bfe7-9d27616f4e66"",""src-1a899d6e-bc45-57e9-8e1f-faac5554cfa0""]","MATHEMATICAL_REVIEW_REQUIRED"
"template:3eso:numeros-reales:template-qcfo24","3","[""cand-07021c9e-b52c-53e1-b9cf-f2e62933339c"",""cand-18982199-65f8-5202-8a4a-058582cf1428"",""cand-5aae7f50-fb69-51d3-98b9-1c28cf3b6e1f""]","[""src-520fc41c-43ce-5c95-9750-b491030e5a19"",""src-4e2460ca-4bf7-527a-ac15-36983d1c008a"",""src-636fea2a-9cb5-5828-9d6c-48c717091c08""]","MATHEMATICAL_REVIEW_REQUIRED"
"template:3eso:potencias-raices:template-111jhnh","3","[""cand-13af8948-d6b5-50bf-9036-4b0aa0120da5"",""cand-3fed9a16-dc89-5d60-b293-f5133f176ef8"",""cand-8bbf8ad9-0e99-59dc-819e-fafad3d910d4""]","[""src-80d62f50-e0d9-541c-a152-7055e36c95eb"",""src-70db57cd-6f19-58a4-8b11-567b5be19272"",""src-6f0f0f4d-0dc5-5b3f-be9d-bd4d6e1d8925""]","MATHEMATICAL_REVIEW_REQUIRED"
"template:3eso:potencias-raices:template-155vfxa","2","[""cand-24bebbd5-38cd-5fe5-b518-85160c0ca6cc"",""cand-6543c805-eed5-5e56-968d-5bef015d4b72""]","[""src-a38ee839-5441-52a8-b325-60ea263a0c61"",""src-a3f33fd1-f0b3-593b-97f4-01bfa70ee6fb""]","MATHEMATICAL_REVIEW_REQUIRED"
"template:3eso:potencias-raices:template-19rl6oy","2","[""cand-08945780-e7c5-5f5d-99b5-786ed74d4914"",""cand-fe7a4a19-599d-5ae6-b7f5-720e5c7fca45""]","[""src-a8b61fcb-981d-5687-a4a8-3eca10940cb8"",""src-5ff6e382-7aed-516b-9873-778de1921cfc""]","MATHEMATICAL_REVIEW_REQUIRED"
"template:3eso:potencias-raices:template-1wccx7m","3","[""cand-08bde41f-eaaf-5d07-980c-42d7a4474c8a"",""cand-15263675-aa99-5651-a5f5-035827c50d1b"",""cand-86f69a58-2b96-5490-8b09-c7c0fa7f1652""]","[""src-397f3954-0f11-5284-b491-c4755ae597e7"",""src-e2574bdb-52c4-5298-8139-74f6c808c451"",""src-d4f2ad20-c6d6-5fdd-8ea6-b2d05b7fa497""]","MATHEMATICAL_REVIEW_REQUIRED"
"template:3eso:potencias-raices:template-1wvv9p","4","[""cand-5c8c1323-ea0a-5919-9ac5-ba5879f46d7a"",""cand-614e84e5-7e6b-57d2-87b1-2a980bebd476"",""cand-b9355d5e-bfa5-5238-951e-d84c40bd2826"",""cand-ee247673-7e6f-5dc5-a2b9-c075d4056a5e""]","[""src-67a5c6e6-92a2-5ec6-bf12-aee9b12d8ad5"",""src-b04ca126-1c94-5307-a83e-9ae2e3a57276"",""src-4781c416-1978-5060-bd33-ab1de03c4002"",""src-b44c5822-d637-5aae-895a-84a59d3614ce""]","MATHEMATICAL_REVIEW_REQUIRED"
"template:3eso:potencias-raices:template-1xpz1cb","4","[""cand-6188b05c-1bdb-50c7-9615-14f49cc8ef29"",""cand-9b31ea53-2a3d-5529-a11e-5e7f11840363"",""cand-c8c1c3b5-3715-5b36-a639-b8ed6bb32e67"",""cand-ec28d8ee-42d9-5226-98b3-19b379bdbb75""]","[""src-06b2a6f4-9b54-5a9b-8921-044fc79f74d0"",""src-5c9b7a67-dc87-5762-b957-1394fba2b29e"",""src-8c4e15c4-2156-5846-8936-24181f9ff5b6"",""src-66f150cc-4294-51ad-a2e8-305201ee9182""]","MATHEMATICAL_REVIEW_REQUIRED"
"template:3eso:potencias-raices:template-9m4gru","3","[""cand-03ce7a54-7c3b-5812-b9fc-a30c9aee0db2"",""cand-4d929e2a-f891-5a30-8511-453db8f75431"",""cand-b6382f11-cab0-5d14-ba38-f26c845245f8""]","[""src-0480d077-c819-5a91-b61e-0f768ee14d88"",""src-362fc541-a3e8-5bc0-9537-1f6b3171897e"",""src-509a95c3-3859-5608-ab95-1cec29829b08""]","MATHEMATICAL_REVIEW_REQUIRED"
"template:3eso:potencias-raices:template-cy3weq","3","[""cand-73559453-9892-562a-b8ac-225d03843f9e"",""cand-876cb842-c8a9-5a62-a979-98fbb6d86597"",""cand-c283a292-023d-5fd7-800a-aa2fd6177a54""]","[""src-b48327fd-035d-5a57-823f-a70aebafe103"",""src-93d1ac69-f6b6-5d23-a8b2-8b59968399c7"",""src-45dee0cc-f72b-50e8-abdb-1dea9f4bdcc7""]","MATHEMATICAL_REVIEW_REQUIRED"
"template:3eso:potencias-raices:template-jpykyg","2","[""cand-20c96f0e-8f88-581c-9652-d9f49e903093"",""cand-46beb676-a492-5229-81fe-2ffc582ce17a""]","[""src-a1f7543b-29d1-5d0e-a08f-c407288924a7"",""src-827f3aaa-dd4f-53f2-b116-13112d369f22""]","MATHEMATICAL_REVIEW_REQUIRED"
"template:3eso:potencias-raices:template-laih5x","4","[""cand-1d2716dc-97f2-5d34-9fdf-f89f6734e2fd"",""cand-9145754b-8d6d-511e-b10a-7e888d4626df"",""cand-a982bbbe-00dd-5f9a-95f6-5675d8be52da"",""cand-b4e7e3a2-47f0-5834-a575-b552b161874f""]","[""src-3abd371e-399f-57f4-9d16-fc67d289d446"",""src-1a770131-03c6-5625-9588-3b36fa954a3e"",""src-62482d56-6df7-5b96-b004-7c1f17891f74"",""src-39e17edf-0311-57c9-a874-921be51eaeff""]","MATHEMATICAL_REVIEW_REQUIRED"
"template:3eso:potencias-raices:template-nxsw3j","3","[""cand-0e7e811a-7dd9-5f61-b570-1f1401fb552f"",""cand-17d3f53d-a845-502a-bce6-566bd58cfa84"",""cand-ed9af521-c5d2-5c27-b9e1-23152e13f380""]","[""src-ab24d66f-56cc-5d8d-938c-cb779f8e9239"",""src-85fd42e6-e07f-5281-a41c-e99a9ef7ae38"",""src-8cee81bd-4873-5798-8cd6-ef57dba06447""]","MATHEMATICAL_REVIEW_REQUIRED"
"template:3eso:probabilidad:template-1dymd4n","5","[""cand-65f49a64-5006-5636-a6f9-cfe0dcad4426"",""cand-66ea3509-1ee2-5c19-a418-5f198d2d3b55"",""cand-7c3db30a-0c9e-564c-a8e5-d28d808f17db"",""cand-85a26c1e-89de-5644-9e05-20fc5ce29161"",""cand-b61cdf0b-b15b-54b7-99a2-dbe7723d90f2""]","[""src-16e2d44b-485e-5a43-a444-398f514eee20"",""src-db2f8399-ba44-582e-ade9-cd830db12436"",""src-bcf0bd14-e977-583b-97bf-58c6bd4c3a17"",""src-7bada493-5895-5ef5-aecb-1d8083717358"",""src-a83a99cf-535d-5a89-a404-bf01e56c189c""]","MATHEMATICAL_REVIEW_REQUIRED"
"template:3eso:probabilidad:template-1hb9x5e","2","[""cand-a24d5f3f-389e-5f26-8cc0-2a3c5d94178e"",""cand-f8c5ae67-2789-58c6-9eab-c78f36e904bd""]","[""src-e635ddc2-a5f7-5342-9cdb-31ec42c65b83"",""src-c5346836-8bd4-5386-8b13-8f74864bc6a9""]","MATHEMATICAL_REVIEW_REQUIRED"
"template:3eso:probabilidad:template-1q8sr8l","4","[""cand-303e25f9-98b8-5b19-888a-04832010a41e"",""cand-ef549ec2-51b4-5026-9a9a-84adf94a2c24"",""cand-f60beb78-0469-5c42-8169-ed32200b328e"",""cand-fafb2c30-ff3a-5f4e-b5ef-d20cdd1d308e""]","[""src-6f52645c-3d40-5b42-a48e-9a6129579e00"",""src-6d184ddd-5058-5f2a-baf5-daf88059c8e2"",""src-48cbdd33-bbed-5a5b-98a9-17d0d8ea0422"",""src-87ac1eee-84fd-5707-bd3e-fe7555e7e71f""]","MATHEMATICAL_REVIEW_REQUIRED"
"template:3eso:probabilidad:template-1wgglda","7","[""cand-000de040-d5ce-5cda-adca-060c3555f5d5"",""cand-39bd5740-8d59-5228-902a-721e6626fc6e"",""cand-467f02c9-8514-500b-9ae6-821834d3757d"",""cand-57ea6442-e1bf-5c43-b7d2-91c684300d22"",""cand-70ea028c-c675-581e-968d-1711a855d5d7"",""cand-7be0ea69-7ce4-58d1-9cba-8ea60e382922"",""cand-c95e38c2-abf4-51b4-97e0-2e14791801a6""]","[""src-a5ca7ded-5a46-546d-afdb-08204858857f"",""src-80b8096a-05c5-51cd-9858-d284e3dc1e02"",""src-d4b4870b-b888-56fb-9a3b-540571698ca5"",""src-bf162894-be5c-5d86-a2ae-487ea43ccef0"",""src-1b0bfd81-d020-5ec1-9554-f62b05d138df"",""src-cba39298-7eb1-5bad-a1df-177456f5516e"",""src-2a337d19-3dd4-51ff-8eff-3fd5b0387a5f""]","MATHEMATICAL_REVIEW_REQUIRED"
"template:3eso:probabilidad:template-3buhml","2","[""cand-2dd25364-c851-5e30-b888-40a99d773d22"",""cand-aaf8ba75-8693-5cc9-b055-e04f27375154""]","[""src-73e1c56f-dc6c-54aa-bc4b-3e4ab2c564f0"",""src-02ebe174-04f0-57df-8e13-f6e7feaeba78""]","MATHEMATICAL_REVIEW_REQUIRED"
"template:3eso:probabilidad:template-a83wcc","7","[""cand-030b48a8-e578-5dd8-a9c6-8dd953a42425"",""cand-1a0a404a-0e3f-5d07-9be1-fe9abf942913"",""cand-4149a22b-48d2-5b7e-abdf-a3a41bcc01c8"",""cand-57b2ea4f-d17a-589e-bbf6-876995b7bb81"",""cand-7c770ff2-4ed1-5fa4-980f-af9809372bab"",""cand-d838277c-021d-51d0-880f-9df90e1f2de6"",""cand-f1a8e100-f524-5c7c-869f-acb4cb97b09d""]","[""src-77a14567-fc46-5e68-83af-bf171e3446f6"",""src-9319c0fd-7185-5589-86f9-82ea1dfadd28"",""src-1bbd1f5a-6e85-533a-842f-d1cf3b8b1233"",""src-69930136-f3c1-5fc7-8632-0f151fea550d"",""src-4f3bfd40-5472-5f3c-be5f-f3324b43e43f"",""src-0d67ec02-65a5-50b3-afd3-a4969b504dee"",""src-6b677057-5d28-54a6-b264-4d24bee4c400""]","MATHEMATICAL_REVIEW_REQUIRED"
"template:3eso:probabilidad:template-ardv1u","8","[""cand-0aa23189-9908-5f6e-b276-a298f43ab035"",""cand-0f3112e0-6f4a-5ba0-bcee-1658de74a6ca"",""cand-1b9dff51-9845-59d4-9bed-aa0f66c49bd9"",""cand-3a860dcb-cd63-5591-8536-a059f45e7134"",""cand-6f74f6cf-94d3-560b-a444-2783bf6d8a26"",""cand-9b71c842-97d0-5558-bb36-91f730b83e41"",""cand-c7da80b9-3962-5652-a6fb-f6021869aeaf"",""cand-c88acf24-4825-51db-84b9-7f07f6e5ee42""]","[""src-8bf56a2e-1632-5a00-8e7e-255f608a69c7"",""src-d8d21e38-8bfc-55ce-a219-be1b97dd17ba"",""src-4bbcfa5d-0116-58fe-8b58-824fd8709cb6"",""src-6409fb59-a35e-5c05-aea3-adc1a1834bba"",""src-3d06144c-533f-5d5b-bf4f-453df03d92fc"",""src-94ea1546-2b36-58b2-9114-0d886bb7c9c5"",""src-b27d68e9-266d-5917-8387-77f1c0b0bf62"",""src-731e1d07-2c2a-5f7a-bcec-75bfe8615459""]","MATHEMATICAL_REVIEW_REQUIRED"
"template:3eso:probabilidad:template-d4uh6l","4","[""cand-1b8894eb-775e-52b5-a808-533d353d1b13"",""cand-805464ee-7f2d-532a-9155-04d384b8d684"",""cand-8364e2c5-d471-5c8a-9171-cc9a0e97fa12"",""cand-a1a65ec6-b4e2-5806-bd03-e7b5ee1fe645""]","[""src-dd02faca-262a-51f6-8add-677f40fc51cf"",""src-30d87d78-3151-5b09-bcaf-3b4268368c7e"",""src-b8161b16-4ce0-5502-9b6a-ab2172e4f80a"",""src-60238610-2367-5170-8118-3b212e25e841""]","MATHEMATICAL_REVIEW_REQUIRED"
"template:3eso:probabilidad:template-f1ckzb","2","[""cand-44e697fb-36ac-590c-a62c-94370f7b5cc7"",""cand-b2d46835-d46c-5396-b163-64cfa70221fc""]","[""src-47106c27-c496-5e9a-8893-07453171d01f"",""src-717c8a43-901d-57f8-b089-3cc394775ca7""]","MATHEMATICAL_REVIEW_REQUIRED"
"template:3eso:probabilidad:template-j36hyl","4","[""cand-0f20b64c-9c6a-5844-bc97-202d8e94e6fb"",""cand-a37d50fd-b7cd-5719-a9ae-f170b4099a7e"",""cand-a49e8bed-94e1-5529-b31c-077553f632c0"",""cand-c62ee7e8-04e0-5608-a0f6-52318161544f""]","[""src-0f2f02e9-9a16-537c-95ab-51582cae995e"",""src-b3804835-544c-5b29-8b32-aabbb8f3f9d3"",""src-9c8ba12e-6d24-5f7f-aaae-7e9bc7b1215e"",""src-0ae2747d-61dc-59b3-b3a8-bb54b57c4533""]","MATHEMATICAL_REVIEW_REQUIRED"
"template:3eso:probabilidad:template-ln267l","4","[""cand-29147d9c-95c6-53a0-87b8-9b814909be55"",""cand-b36ddfb1-c551-520f-af18-4c750038aaf6"",""cand-d20f2160-6e4a-5288-ba50-f5edbad0583a"",""cand-da13aea3-470d-543c-b629-30571deb73c1""]","[""src-2a51815f-6033-541f-be9a-669479a814c5"",""src-4c241600-585c-53d4-b95d-44523f7bf64a"",""src-ba8f3672-8206-5c1a-a5c0-a483fb4d7541"",""src-4dfbe849-376f-5c88-92a5-5c5e00960897""]","MATHEMATICAL_REVIEW_REQUIRED"
"template:3eso:probabilidad:template-p5tl8e","2","[""cand-2040dff1-c270-5759-84e2-f05d4d9fb74a"",""cand-fd737178-4be9-5f64-9e61-b6134072aaea""]","[""src-fea4d5e5-ea63-521f-8e0d-d6d69d289f3e"",""src-5b66c10e-c007-5102-88d9-045906a501db""]","MATHEMATICAL_REVIEW_REQUIRED"
"template:3eso:proporcionalidad:template-19so7s","2","[""cand-bcbe767e-fd9a-51e4-bd49-ff8ef12e0e3c"",""cand-c26dd962-7a25-5676-8092-a1bfb1b4d9ec""]","[""src-9cf68590-0930-538f-9358-4f12724360f8"",""src-d4aee040-0a6e-55d1-9f13-4f84315f5ebc""]","MATHEMATICAL_REVIEW_REQUIRED"
"template:3eso:proporcionalidad:template-npac3g","2","[""cand-4ca504fb-9ac8-59fb-a0bb-8524bbe8524a"",""cand-caf83841-09e1-570f-af65-068ee74f6307""]","[""src-ff1a4735-e7d3-59bd-bcaa-057956e7e5e1"",""src-080847f0-974e-5667-9aef-6b5aa9f65901""]","MATHEMATICAL_REVIEW_REQUIRED"
"template:3eso:sucesiones:template-13n5ed4","2","[""cand-37bddd23-72e1-596b-b377-c5243d00e8cf"",""cand-ced7121f-0025-5757-8866-d5251c7a2026""]","[""src-3448a602-4466-5b86-be06-64fbafc66f34"",""src-e4bf8c17-fe5b-5ef5-8bcc-809935bf23e6""]","MATHEMATICAL_REVIEW_REQUIRED"
"template:3eso:sucesiones:template-164vr3t","2","[""cand-2c4f854a-86ec-5d75-9a6d-f0888ae194fb"",""cand-3175a665-0537-54ce-af2d-dd4ce8777c3e""]","[""src-a7b4b814-224d-55b1-84e0-e322a7941e5b"",""src-bb63d538-18c7-5dfd-9116-f1d91862634c""]","MATHEMATICAL_REVIEW_REQUIRED"
"template:3eso:sucesiones:template-1q5sduu","2","[""cand-62189e19-eb03-5fa2-87c1-4b2dac04cd54"",""cand-991bed7c-43ad-59b4-a054-021a63af33b0""]","[""src-f79e7519-d34d-51b1-a6f0-cf010ebb27c7"",""src-b97f5bd0-7981-595a-b6f7-597eef3542d6""]","MATHEMATICAL_REVIEW_REQUIRED"
"template:3eso:sucesiones:template-82ntnn","4","[""cand-0d3b43ba-4864-5dc5-b10d-c033d0939010"",""cand-0f873fdb-e559-5cec-82a9-ca896c091fac"",""cand-b90c1887-20f3-5f4b-a69f-dbbc805a81ce"",""cand-fe086673-48e6-5b14-be43-0df3a2f84f92""]","[""src-75a3586e-ff43-56e5-b0f5-6077d47fcc0f"",""src-869c03d5-189e-566a-aa17-ec3ac2b498d0"",""src-4ec4e48e-ffd3-50c8-a533-bfdddd7c8d7d"",""src-f749221c-8926-5a22-9d53-c5202d2f7929""]","MATHEMATICAL_REVIEW_REQUIRED"
"template:3eso:sucesiones:template-9lnpdr","3","[""cand-08c2260a-6bf9-59d4-85ff-bbba09e5cf4d"",""cand-2ee93cbc-31f7-56c7-81b8-f5eb541878d0"",""cand-c3561ad1-ea0a-5905-a482-1430576e8e38""]","[""src-dc7c70ce-3c70-5fcd-badd-ed0f12af80a2"",""src-2e21e0b2-ca8c-5766-aace-d85d529e0760"",""src-7c68e5eb-7118-5b56-aad9-3de0491df4d6""]","MATHEMATICAL_REVIEW_REQUIRED"
"template:3eso:sucesiones:template-dj8g1c","4","[""cand-2df059f2-922c-505b-b2bb-162f4f8d9222"",""cand-8183ec46-d438-54d4-b7d0-0bb3f9825651"",""cand-8ed85877-f569-59d7-95b0-d2789dd0415c"",""cand-ac677ead-3659-5c13-84db-560ae531777a""]","[""src-242cac10-e51d-5a41-ba61-7d3ccccdd226"",""src-ad1e0c2d-20de-5520-bdb5-22d95720897c"",""src-09c5b0dd-0d06-5a6a-beb0-f9d08c9be712"",""src-e75a7d1c-4e83-5cf5-a4a3-7202c27d4ff4""]","MATHEMATICAL_REVIEW_REQUIRED"
"template:3eso:sucesiones:template-j04qp0","4","[""cand-11ce4ec5-a756-5f92-9f00-fde3696a3f8d"",""cand-4aae1c61-4031-5803-b9ce-221eb3113167"",""cand-51882061-c0fb-50f8-8db4-51f6ad96ebfe"",""cand-777da7c4-4bbb-5ea7-9f74-010e83144e8e""]","[""src-06c58145-4036-5097-9104-ac9953b2b803"",""src-e4d5b813-a351-5e86-9066-fa806ed77883"",""src-998aa966-0111-5d45-97e7-08d9690fe3fe"",""src-14bef79a-048f-56c3-8dbb-4c76e7fd8d02""]","MATHEMATICAL_REVIEW_REQUIRED"
"template:3eso:sucesiones:template-mrdbqs","4","[""cand-39800fdb-87b3-5295-a8b2-6527df67f8c3"",""cand-51eee247-cb62-52c7-8d10-82549154a436"",""cand-9bb04084-1b8a-5610-a06c-488bc3fc7387"",""cand-ebaf4606-cea4-5c47-8309-e720400a0974""]","[""src-584f940c-a318-5b31-bde9-15cac8ec3bf2"",""src-ef4b4333-7a0a-5334-ba06-a67f4ad203fe"",""src-a6e90ee0-f19d-568d-ae63-9088a3d02b51"",""src-4a3a7119-a40f-51d6-898c-4c314d505ffb""]","MATHEMATICAL_REVIEW_REQUIRED"
"template:3eso:sucesiones:template-nf7oiy","2","[""cand-50106e03-f19b-5436-894a-101ce5d6af3e"",""cand-ec6944e5-19a6-546d-9b80-2a503f4e9f0a""]","[""src-05d89316-6b60-536f-9d2f-83ba5dc10b9d"",""src-7f696ebf-5296-566b-88f5-631e82c89549""]","MATHEMATICAL_REVIEW_REQUIRED"
"template:3eso:sucesiones:template-o4luzl","2","[""cand-4f550ecf-2ec4-5d91-aa9e-d98f37088066"",""cand-e27f9ba2-f6b9-5223-ae7a-e8213b9c6e62""]","[""src-ccfdd580-d270-5dd1-8632-eeede1fb9721"",""src-5364628e-3c4b-58d0-b412-78531c83b2fd""]","MATHEMATICAL_REVIEW_REQUIRED"
"template:4eso-a:areas-cuerpos-geometricos:template-115vglj","3","[""cand-9b76b5e0-9844-5e4a-9dee-9b7bb13b23aa"",""cand-d86ab5f5-a613-5062-b5ed-bb5b505f19e6"",""cand-e65b960b-bc08-569d-948d-399f000021f4""]","[""src-19fff0e7-8e7f-50be-afe2-cdd011997b1f"",""src-23e0ac14-c77b-5e77-96ac-45e764e4e533"",""src-29a8e4e3-3be2-51f6-b600-c7a515deef10""]","MATHEMATICAL_REVIEW_REQUIRED"
"template:4eso-a:areas-cuerpos-geometricos:template-1384jl4","5","[""cand-0a62d463-961b-50bb-ac59-f56852575f7e"",""cand-6a42e582-0a1e-532e-bea4-e1a38b4f9f10"",""cand-ad891dfe-0b5d-5cef-b2d6-030bf6e357fc"",""cand-af847a2e-879e-57c3-ad5f-2f1ad27bc767"",""cand-d9d3574c-174e-59e0-b25b-6196c532c119""]","[""src-02e6a4bf-ebb1-5ba4-99ca-cf1d802c1aa5"",""src-cfc27e13-5435-58be-932d-26a70b4905c1"",""src-ff6bc457-31ce-5b91-9236-ee830bc663ce"",""src-a96d9cee-ce4c-5c44-ad3b-7aab53586394"",""src-7538c82b-50f2-5793-971a-8f410d3d412c""]","MATHEMATICAL_REVIEW_REQUIRED"
"template:4eso-a:areas-cuerpos-geometricos:template-1a3lbi3","6","[""cand-106fe0e5-0681-5982-a0b2-30578c6e9989"",""cand-5e4639f3-c47d-5848-aa5a-158c011c617a"",""cand-9a79d22a-7a2c-5a25-be95-24fd0c675d0c"",""cand-b172a016-ae72-53a2-a508-50c2ff7d9905"",""cand-d23c3524-e0f4-5fb6-9f2f-03545ab039d0"",""cand-ec823eb4-8174-5579-8ceb-4fa77be011d1""]","[""src-04101c21-96a5-5565-8c0b-5a6c4b396742"",""src-e828501b-5205-526f-b75a-56271f08cc99"",""src-477739c8-cf51-5821-b8ae-1518145a4f9d"",""src-0e961f3e-ded9-5bd8-bb85-09027af71636"",""src-e3d62018-e787-5e3b-92bd-d8bed2e048e1"",""src-a48c921d-f1d6-53e2-a8c6-f855149e2b9f""]","MATHEMATICAL_REVIEW_REQUIRED"
"template:4eso-a:areas-cuerpos-geometricos:template-1ll0oe6","6","[""cand-35356f87-5988-53e7-a651-19ba2a30264c"",""cand-518c3f31-e411-55d0-a94b-0bbc766e6370"",""cand-523c2602-12dc-51f4-8a4c-29db5c2972e2"",""cand-6913c077-2764-5afc-b362-c2ef667b7ae2"",""cand-6e13795f-fe46-53cf-9561-6ef2c5e328f8"",""cand-ddd40dfc-5c7a-5d63-8d9b-c4038d39f084""]","[""src-e27b274c-5bd8-50ae-965b-2237f3c534ef"",""src-8f83b97d-2cd8-5220-911b-f51b80356414"",""src-39cae807-d11e-5788-be2c-adf22c987e0d"",""src-42bf44d6-bdb6-55b7-a61a-c982929bfd13"",""src-a08f2b05-efa4-5d5c-8ab6-244882844b1b"",""src-06fdc7de-f660-5399-b0f6-e5381c94e453""]","MATHEMATICAL_REVIEW_REQUIRED"
"template:4eso-a:areas-cuerpos-geometricos:template-1ros7rq","4","[""cand-580780e2-2851-5746-b8ea-0ae5ba1f133e"",""cand-5d71b715-1916-5350-bb65-acc288436f17"",""cand-698b6a7d-8dc1-5b6d-be3c-2ca46c9a2638"",""cand-7b2744b2-6beb-52b4-a6b6-2718ce7940ba""]","[""src-68ee798f-3e2b-5663-b37d-5b2938ca4d2f"",""src-86e30058-6f31-5407-bb50-fe5fda5fdab1"",""src-c31c8638-6f51-57ef-8e6c-3c9bc8fce24c"",""src-3f226d08-4237-5138-b385-f169f379a790""]","MATHEMATICAL_REVIEW_REQUIRED"
"template:4eso-a:areas-cuerpos-geometricos:template-e4pn5z","5","[""cand-0f95e1a3-aa6c-5e8e-8874-4caaf2f843fb"",""cand-9d454289-2c62-5e3a-885c-e2835f5bad3b"",""cand-d45e1a3a-1e12-55ad-aabb-f642e8267dba"",""cand-da0b048d-e1b5-5a91-a7aa-b52f2341c744"",""cand-ebb0c865-ca4c-54dc-b94f-1b2b9e9805ae""]","[""src-d6aebd5b-7caa-5f84-87c4-e7c34e0cbeab"",""src-23863d2a-4764-5ead-9bfb-9ff065eeae60"",""src-a735b209-7d0b-50e8-a291-bc17bf8bc6a2"",""src-1d98b45c-69e5-5c88-8a57-91d24ceb4d74"",""src-5400ce28-38e0-5479-a690-f753b558b144""]","MATHEMATICAL_REVIEW_REQUIRED"
"template:4eso-a:areas-cuerpos-geometricos:template-kx9spg","5","[""cand-5dd3b87d-cebb-544e-b610-63449e9bbf53"",""cand-97551e93-b815-5957-94da-44082c05768f"",""cand-a1d228a2-740a-56bd-a325-66142c2548d2"",""cand-ee69461b-8c88-57ae-b3f8-19d9f36f6dd4"",""cand-f99d06cd-a326-554d-90ba-8be4c7bb988f""]","[""src-e3d6da0c-5ea8-542b-952c-c1528871460d"",""src-79864398-3c22-55f2-95eb-78120ac4e087"",""src-b7fdab35-a64b-554d-8249-26fe05ea17a2"",""src-b5011a0d-b1ed-5529-b2c3-1fef432427dc"",""src-8438bac2-161d-5d35-b2af-63d380d72185""]","MATHEMATICAL_REVIEW_REQUIRED"
"template:4eso-a:areas-cuerpos-geometricos:template-lt4kzi","2","[""cand-2365f466-b6d5-5355-bde0-dc3e54104754"",""cand-fcb47c53-1ddb-5718-88bc-ee70fbbfb70d""]","[""src-72a54fd3-9849-5911-aea0-4107d73a64aa"",""src-7a162925-6a65-56f4-927f-be1a8ae77d04""]","MATHEMATICAL_REVIEW_REQUIRED"
"template:4eso-a:areas-cuerpos-geometricos:template-zknvfa","3","[""cand-6335b6ef-dbdc-5420-98ed-4378f471d22b"",""cand-6da23acf-70ce-5bc2-8519-e785f4ff4748"",""cand-729abcff-eb7d-5b38-8f8f-efea2b706cf7""]","[""src-65b9be9a-c1d0-5f11-8df9-c7f03ae83857"",""src-98189c1f-5417-595c-b4ec-c0e968ff5fa4"",""src-ee19296e-7009-51af-b57b-f55040f3aafe""]","MATHEMATICAL_REVIEW_REQUIRED"
"template:4eso-a:ecuaciones-inecuaciones:template-1gqz09g","10","[""cand-1830c3bd-4b79-5561-af27-2149e3f1eab2"",""cand-34e3378c-0536-520f-8c8f-b1ec3e308670"",""cand-4a512425-1e0f-544f-9a45-9a5a96a45b61"",""cand-8295f13f-060c-5008-9694-87d70837e2f1"",""cand-9b38dad5-d2c4-519a-a6dd-def4d1faba21"",""cand-ad3e10a1-d5b4-57c6-b027-c5ad2b494d8a"",""cand-b24c4c04-0e93-559b-a873-85bc73a0d668"",""cand-b93cfc00-6d3c-533b-9336-a4a22f800e99"",""cand-cd693cb7-d94f-5cd7-a58b-5c0685b32ddf"",""cand-df8a7e36-33e4-5088-a21e-4c70ebce3aea""]","[""src-d255fd7a-d358-530d-a4f2-d34a060076ab"",""src-63e9a446-c450-5ddd-9756-b730de693417"",""src-1ab41631-11f8-5763-929a-954be1d50625"",""src-968021e9-28a7-59ee-81ba-ab148b45a2b8"",""src-e28a7aa1-f703-5c93-a504-e57cdaba89ae"",""src-2a03cd16-6053-55e2-be6a-e5f169c0882d"",""src-43b2fcf1-227b-546e-a4b2-481b75358d8d"",""src-ca26465c-a234-5af4-9cf7-fdf38b4e3352"",""src-f7d98051-a576-5b42-9adc-27b7f9448699"",""src-503800c5-ce2d-5b16-9e25-69f5e96a54a8""]","MATHEMATICAL_REVIEW_REQUIRED"
"template:4eso-a:ecuaciones-inecuaciones:template-1gtkcsh","12","[""cand-1db40bc1-af30-57d6-bde1-a54b9d845d0a"",""cand-2803d6f2-f7e4-59a0-ae48-248347b501cb"",""cand-384aef84-c001-5074-a568-5e59b74a5a26"",""cand-42713b64-4fb7-5d83-a2d6-cefc9dff2401"",""cand-4b95964d-4b19-570a-b4de-24c7cefaf0c7"",""cand-74038462-280d-5915-9f4e-f6a80b90370a"",""cand-89c0e84f-9ec9-530b-bf12-8bab1418bef4"",""cand-8dae09cc-397a-5e20-8c88-d20020b17b35"",""cand-94ab39ee-cf09-5f3b-a82e-6e5e7b9e255e"",""cand-af3d6d60-e6b4-526c-a50f-bb27f334f213"",""cand-b4ad11be-5b95-5259-ad2a-09b6a7b1159d"",""cand-d4148b00-c227-5591-a2b1-b68b82929def""]","[""src-34da3738-fb8e-57cf-b219-a0bb5e7288fa"",""src-1785fe10-9ea6-5681-80fb-76b045e7d956"",""src-ac911495-6d8b-53a0-ba45-71ff5de8b924"",""src-b847fa7f-d735-5c0f-ab7f-03507f715ee3"",""src-7d7d51f1-bf8c-5423-a25b-4b135906f77d"",""src-cf4ddf8d-cc49-5f37-b001-22ec5e10df55"",""src-2db33dcd-64c8-51a9-bf2b-077ab8040972"",""src-d99bedfd-d862-52b7-9a3b-919956c424bc"",""src-56cfb936-d7e9-5a2e-9461-01860188c942"",""src-2fab3afd-ed99-5a9e-ac3e-fa1ea2db619a"",""src-674ef4e7-f67a-5f6c-9ade-deda8f149207"",""src-23031bb5-2c24-590b-861c-1a69051fd5f4""]","MATHEMATICAL_REVIEW_REQUIRED"
"template:4eso-a:ecuaciones-inecuaciones:template-38gcuu","10","[""cand-06ec02b4-eacc-5e71-a907-b1ab021f2200"",""cand-18f099b1-66b9-5c72-997c-795ba8bc1b41"",""cand-1a9f1b3e-e5d1-58c6-84e8-071dd9218364"",""cand-2094f76a-70e7-5da3-9751-2eed88d8f14f"",""cand-3706a6e3-2981-54f8-9c80-6548791ad4bf"",""cand-41cd66a3-c529-53ca-a1e3-9e24bd7064d6"",""cand-570b3371-d54f-5c90-a343-bda6a6b2b048"",""cand-a1bd0177-0b4f-5c7c-8bf4-8e9348c16afe"",""cand-b7dcdde5-07de-556b-ba15-28187a288691"",""cand-d17faccf-b4a6-5395-bd8a-867f9dc6866d""]","[""src-06fb1ac1-0d33-5847-8b7c-9130c3bc21fb"",""src-798835b5-2db7-5bb0-8fc4-90c78b68b18f"",""src-f16815e5-c955-56e2-87ce-22d40a21bd0f"",""src-25a854d8-a381-57d3-a96c-2fb7fab2bade"",""src-cfc40686-20a8-5410-bb44-6e86c30fe63f"",""src-73b93b7c-8cb8-5cae-bfe0-178f9049cb14"",""src-561a6d44-11cf-5924-b658-35c112d1ee48"",""src-4020c0de-732d-53c3-91ed-cdc9da3c8462"",""src-f88f66c5-aca3-5d44-993d-16079444ec4b"",""src-c5be4cae-ff9d-5d90-8503-8173e51e710d""]","MATHEMATICAL_REVIEW_REQUIRED"
"template:4eso-a:ecuaciones-inecuaciones:template-3htjas","10","[""cand-2d2889da-d7f6-5399-a7f2-50b2540b1963"",""cand-40593bfc-69e5-59fb-8fd1-387f637d6f92"",""cand-531f3135-f7cc-5c45-89ce-157c680082fd"",""cand-7c335972-e264-5e7b-9a04-ee254be9ee16"",""cand-a545ba99-2bc8-5998-ae36-330eb1ca328c"",""cand-b2d5000a-6300-501b-8d9a-69b053f46f75"",""cand-f3aefd7f-dffb-5fef-9c33-023966f99c5b"",""cand-f530609f-7361-52bd-bf08-2f37f3085b74"",""cand-fabc6e46-9e91-5b61-aff9-3142d3beffd6"",""cand-fe6cc308-b92b-55db-8aa8-050110fcceac""]","[""src-aa484cf5-25ad-5eb6-ad6c-d485e0512b62"",""src-1dba39c7-270e-537a-ab3e-aae35a2751f4"",""src-8bbace26-d3fd-51b7-ad7d-4daba76538c5"",""src-7d6a6c78-048e-5986-bb4b-6cbda7ea6101"",""src-ad63a5b5-0a11-5745-8cf6-d39886f7b665"",""src-354a3fb6-16bf-54b4-9012-4b865f0c7546"",""src-71ebcd7b-9280-5238-929e-1573b2440028"",""src-3eed31e2-e570-52f3-bda9-edc2995c77d1"",""src-5dec7f9e-560b-5f72-a15a-9f0fc59f3458"",""src-d9058b11-a903-5dc4-a69f-93be9315ff3b""]","MATHEMATICAL_REVIEW_REQUIRED"
"template:4eso-a:ecuaciones-inecuaciones:template-64blrt","14","[""cand-062b938e-2486-57a6-b192-811e09405dfe"",""cand-25a0d2b9-82dc-5a51-b6aa-70bac0f69ce8"",""cand-327b924c-c277-571f-99c7-fc643b9d63a9"",""cand-349b3189-c517-52f8-b248-d951c0c9d80f"",""cand-413eed48-4612-5dc5-849e-d523f6b3338c"",""cand-62f377c6-60fd-53b7-b6b0-097bcde71478"",""cand-67972b68-39fe-54c6-b5e2-cb0fb65e3827"",""cand-6a0c8d65-ff15-5598-bdf3-83b2830a2a2d"",""cand-96696123-27cf-5bab-8b4a-5b7084e03e6f"",""cand-9a050403-5e7b-5e68-a24d-75d5b61f6e4b"",""cand-9bc55153-776f-5f68-a661-4e9ea13aa844"",""cand-a5cacd60-8bb4-5231-a1bf-8e338d553cb8"",""cand-c573b451-fa5e-5cd6-821b-540c2a789275"",""cand-ea19aefa-0346-5065-b2f0-10dd3bb0b6b0""]","[""src-9f0b4284-83d9-5fd9-8d69-8ccb200753ce"",""src-f9789bc9-5e56-5fae-8317-024773e1d4fc"",""src-8685a5d3-6385-5e0e-b2bf-b4f1368a8cef"",""src-9efd425d-b1fc-5fb9-91d5-41718488a65b"",""src-8efc2944-b6d4-53a8-90c8-64eccfe6c0e5"",""src-46e4adfa-5417-535b-a830-7f1f6975584a"",""src-c5c07ba9-8a44-56e1-83db-5e5cb1319046"",""src-5e523915-dcd7-5ce3-8565-a08dbd3708e2"",""src-2977b484-f6d3-556d-9e5b-8833e98d237a"",""src-94eb67bf-2535-578b-9663-8e25fcd1f599"",""src-47bfc6fe-4e48-54ca-9801-af4812636d83"",""src-1bcb278f-01fc-58e1-9466-9a014dfed9d5"",""src-6bf070d1-a53c-51bd-841c-a6fef270ebf0"",""src-a4f9059d-b4f8-5b08-8be6-a1b12b15d857""]","MATHEMATICAL_REVIEW_REQUIRED"
"template:4eso-a:ecuaciones-inecuaciones:template-e5gmoj","10","[""cand-06f8ba94-9237-5b82-9c1e-f6a344270bf4"",""cand-208d7d33-c19f-5e6e-8328-50c74799420e"",""cand-3efc0d65-7f9d-54c7-bcbf-3df9a6db7720"",""cand-74a62fb1-e4f5-5b3d-9201-d588f5d9e045"",""cand-76b732e1-a0ef-5511-b783-9961fc638ffc"",""cand-8bda13fa-ca70-5040-a0a9-cfae935193de"",""cand-a3ca62aa-7960-558f-8fb7-aadd3f2ef1d6"",""cand-d30117fc-dc4c-55e9-812f-9776ced4c186"",""cand-dc20d710-5789-5b92-915c-cf0d13b1f288"",""cand-e61284f9-6032-581b-9a25-5fcbfb9bd20c""]","[""src-3d50b443-6d80-5ac1-b8c4-eef63bf3690a"",""src-11d78579-cfb4-5310-aadf-f1e9da66c9bc"",""src-5e1c8bd3-0ec2-5dd6-809f-326b280b0932"",""src-8eb962ba-d5b5-5c5d-a3a1-6d974a00ba84"",""src-d6ed2168-64ae-5605-afff-8769e5e7d601"",""src-7edb2b85-91db-58fd-8388-2d2a33d0ca4e"",""src-953cec28-8786-5ed0-ab5d-6dbb2f99656c"",""src-b0ab1689-6a08-517b-847c-603c4098d548"",""src-beb8132b-8045-5b43-8a24-a10f91c89958"",""src-ab687c03-9e5d-5175-8538-7178270eadba""]","MATHEMATICAL_REVIEW_REQUIRED"
"template:4eso-a:ecuaciones-inecuaciones:template-p5vbr6","11","[""cand-1e40085f-83c7-5441-9b65-390a91100e52"",""cand-24d6ed4a-8beb-5f6f-82c3-249906f80499"",""cand-423a97e8-9d94-5c27-9fdc-1e5cd6ac0476"",""cand-530c7ddf-87a0-53ce-92cf-1465e528aa7f"",""cand-7ab3e058-4b1e-557b-a3b3-67fe0b079298"",""cand-953fc579-7b16-5ca3-9b90-c2ea6a6a49fc"",""cand-a33f2e36-423d-5596-a25b-9b23e3c91990"",""cand-a67c3faf-4a3e-519a-abda-8fb6fa167253"",""cand-baeaec09-3746-5e5a-bb7d-4955d674e26c"",""cand-d0d12589-fd54-5738-99c5-aae1464a40bd"",""cand-f1d8882c-ffd3-51dd-aced-9c496aa5e14c""]","[""src-03a21a35-0766-5a9b-94eb-cc5eb9a57e41"",""src-4e0cebf2-4ebb-5724-b14c-b31e50b61ecc"",""src-b03e3306-9e14-56ce-993c-9a356afabeaa"",""src-14acee1d-8a97-5bb5-aba3-5484a35d4e24"",""src-a28b0d65-62eb-5fed-8b36-0e7dab543af5"",""src-0f8206bd-8cca-53a2-aebf-3fcd690bcdbd"",""src-ada5e362-af78-53df-bbed-702893918163"",""src-f1b33ee4-a7e0-5390-9cab-0956d228b35f"",""src-b01dc69c-1669-50ff-9be8-f3cadccf3f90"",""src-cce11394-dc4f-59cc-a4c9-68690fb96549"",""src-e21861ad-aa6c-5654-9a80-0eb90087c429""]","MATHEMATICAL_REVIEW_REQUIRED"
"template:4eso-a:ecuaciones-inecuaciones:template-uqcmsz","10","[""cand-376a1841-0843-5da8-8660-a0e6e3a608d6"",""cand-413d89e8-c631-5325-a5bc-bc92736ec668"",""cand-4f02dbbd-49eb-55ee-a157-e5ae2fdbde4a"",""cand-84f5d37a-c29f-5d08-94c7-b2c528babb77"",""cand-87cef0b6-5584-5573-8cf5-806e1033f029"",""cand-8ba9d4d2-cd7e-5b94-9245-5d8ef05cbed1"",""cand-8f73240b-7df4-5b74-ac5f-3584b1bf83c5"",""cand-ab6ab51d-9d9f-5d2e-8497-ce3925717ec1"",""cand-ab73b1f4-d1be-5c1c-beaa-c49c867a7e2a"",""cand-beffce5d-2280-59f6-9cff-e258d24659bb""]","[""src-5a646cc7-c48d-5d5a-87a9-8dac4683c6e4"",""src-e8b84b50-971c-55be-b423-c60cf575f182"",""src-d89a8c0f-d857-5388-aa34-f3e1c4bb1ebf"",""src-9f1852d1-238f-530a-be63-fce340ef2c59"",""src-1b33ee3a-dd75-5fe2-9ce7-4d3c64ce583f"",""src-878a5543-1f07-558f-8874-c35997bab017"",""src-089ff847-b433-5690-9e8b-4a5206fe0abe"",""src-125d5d0d-22ff-50a7-927e-bf7fb9df771f"",""src-b5f91781-dbd8-5ef6-a8b3-084a988cfb00"",""src-8059b211-16c0-50da-aba6-2358d368f4fc""]","MATHEMATICAL_REVIEW_REQUIRED"
"template:4eso-a:expresiones-algebraicas:template-1lrle82","3","[""cand-23f5e4c4-8f7a-56a4-8448-1bb26970fe22"",""cand-9cafc80b-1dc7-5df7-9dee-af1a58221670"",""cand-ec3534be-fd87-5282-850b-4742a0397dbf""]","[""src-0eeab36f-fbbc-5fb0-9dfe-66b159d4f949"",""src-1237ae9a-8cd6-5a83-83cb-682b2bce4914"",""src-33476af3-cea2-50d4-9f38-e334ae02abce""]","MATHEMATICAL_REVIEW_REQUIRED"
"template:4eso-a:expresiones-algebraicas:template-1m3u976","4","[""cand-02fdef0c-763b-5248-9935-c0d20bda576b"",""cand-42bc1d99-8040-5496-8275-7187d53413ec"",""cand-a03e8d19-1213-5b00-b4fa-a7f3a10bd6d7"",""cand-cd78e45b-de2e-5cf8-8cb8-82a97f21ffda""]","[""src-63b4db3b-d104-5466-9a16-7aeb89a7017b"",""src-7e188394-8054-547f-939a-e211be67cbb5"",""src-1d3f45b1-99cc-5906-9ded-c85835343ce8"",""src-65f7dc58-55f3-5ff4-a118-e3953d7dce7c""]","MATHEMATICAL_REVIEW_REQUIRED"
"template:4eso-a:expresiones-algebraicas:template-1pnahkn","3","[""cand-517ba43c-fb73-56f6-b6f6-d26303c0e302"",""cand-962ca8d9-d520-5d74-aeee-46529c4b8ca7"",""cand-9c711c83-95fb-5fab-a047-802d0aac42cd""]","[""src-038bbd9e-e62f-533e-a8dc-f67b2e09eaa6"",""src-28a73013-e5d8-56cf-a89d-366fba2a99d2"",""src-9a22f039-9c8d-565b-b73d-08278c497bb8""]","MATHEMATICAL_REVIEW_REQUIRED"
"template:4eso-a:expresiones-algebraicas:template-1u6u47x","3","[""cand-26e2398b-b2b5-5f8e-ab7a-de11367d765a"",""cand-8f7f2345-8f5e-56c8-98ed-a4312a5a1b15"",""cand-b485ed02-99cd-55f5-bb5e-b8fefb181082""]","[""src-31501a0e-a7c6-5329-8994-d1449174d8eb"",""src-74f77777-996b-5c87-b03f-dae191ffd5d8"",""src-1dd900fd-1c7c-5771-88f6-8ab5e235288b""]","MATHEMATICAL_REVIEW_REQUIRED"
"template:4eso-a:expresiones-algebraicas:template-78yej4","2","[""cand-395939f0-252b-5dcc-bbc8-3fb30c4d9159"",""cand-daae70c1-a0ff-5d74-89d2-4b180052c942""]","[""src-f3d58ae1-6970-5d8e-9a98-843815439bf4"",""src-fd330e5e-2460-5d04-a000-bee250a71c8c""]","MATHEMATICAL_REVIEW_REQUIRED"
"template:4eso-a:expresiones-algebraicas:template-koyzfd","3","[""cand-185802c7-ee1f-5a2b-b7f3-4c8e1826bbc3"",""cand-6f48b1b5-4703-5650-b25c-271f659e07f6"",""cand-f69c8198-24be-5b43-9bd4-405567454d42""]","[""src-03613745-e5f9-5fe7-b99a-09f1008f6c84"",""src-8ecd57d5-4639-5c09-8db4-a57b1ca4d698"",""src-2d89c232-6370-5f0d-a6ef-6b84229ec246""]","MATHEMATICAL_REVIEW_REQUIRED"
"template:4eso-a:expresiones-algebraicas:template-r8maln","3","[""cand-09cde2fd-6922-52fc-bbd6-05924258d703"",""cand-716e6975-aab3-5fd0-82c1-127435968d99"",""cand-aca0f31a-d53d-5dec-9814-a7d20b4c2a78""]","[""src-f3b9afe5-bb85-543a-9664-1e8d3d8adf75"",""src-3ddd8d82-9d38-558a-ba13-c2ee0f42de69"",""src-0e27b696-6a9a-5922-87e2-daaa0b983f40""]","MATHEMATICAL_REVIEW_REQUIRED"
"template:4eso-a:funciones:template-11phxek","5","[""cand-0197722b-7981-5466-aee8-62c71be4c091"",""cand-3284541b-c93b-56fe-9db4-5109d48c492e"",""cand-6049eaae-03b5-5a23-8423-f286d0b9c0ff"",""cand-7720ac22-fbf9-54f4-8849-08e2b315937b"",""cand-9f03a5de-cf6d-5d9d-8438-9e242b9dcdf4""]","[""src-dbba718f-baf1-52c4-87b2-0917f3de9afd"",""src-7ed21f2d-b44e-5967-9456-a8b10bc681d8"",""src-2bb1a74a-5d6c-51bc-8678-90a15b6ff6bb"",""src-b45889b6-b303-58a8-8c59-cc7fe6a37633"",""src-01ffbdec-7d3d-5538-8da7-0bd21a2ecc7f""]","MATHEMATICAL_REVIEW_REQUIRED"
"template:4eso-a:funciones:template-138crkr","4","[""cand-864cb22d-a1ce-5dd5-9821-1804684f9f85"",""cand-8b85e83c-fd98-59a4-9592-86387d3ebb43"",""cand-c0827a0c-a8b3-5e90-8b1f-0383432cdebc"",""cand-d743b8da-6ca0-566d-b280-9d5e5524d6bf""]","[""src-93ca6d5b-35a5-55e7-97a3-0d1dd3c15702"",""src-819f8bd0-6718-5ccd-9e9a-5899ad7e97c1"",""src-00e17ac5-82ab-58eb-8902-d04f83728452"",""src-31b2e79e-43b1-51b7-83fb-9463affe2030""]","MATHEMATICAL_REVIEW_REQUIRED"
"template:4eso-a:funciones:template-1dsnzkw","4","[""cand-41ce8d6a-fbf4-5b97-a53c-676ddff4b250"",""cand-547597b0-b9b7-589c-91af-2dade56105b5"",""cand-761b98fe-e366-586b-b420-f0796ee29d05"",""cand-9fe8f12c-5f97-5853-b288-9919e48bb773""]","[""src-6ba6982d-f1a0-567f-9366-5c7cf846f4f4"",""src-cf176835-9234-5a14-b18c-dce3afe82454"",""src-a5fcf3c3-6ae3-5ce4-9474-505a63c4840c"",""src-1527a653-ab9c-54d2-8d33-81bb30e666c2""]","MATHEMATICAL_REVIEW_REQUIRED"
"template:4eso-a:funciones:template-1re1ucq","5","[""cand-204c3237-fc3b-5f9e-9824-0ac638ec733f"",""cand-4541c297-8148-5abf-bec0-b7f33ab69dbb"",""cand-8245b36f-fd1c-5cf0-9c0f-721bb9a803ed"",""cand-900f75e8-3827-57c0-acf0-0ea01899afdc"",""cand-e4d7e6ec-3ef4-5f27-9e1e-11226265bd1f""]","[""src-40bbd563-f03f-5715-a6f7-b5d2de9e9731"",""src-17255b32-f1a4-5e0c-805e-20c6c0bb7553"",""src-4d67735d-bfc7-59a5-b2d2-e4dee6377f79"",""src-469eeffe-c34b-5f0c-8548-e1f4c8be56ee"",""src-8d0f7625-0eb6-5e9c-98de-779a389e9083""]","MATHEMATICAL_REVIEW_REQUIRED"
"template:4eso-a:funciones:template-ejq53p","4","[""cand-140f1008-9f7b-5d84-8c4c-b5feace733c1"",""cand-41cb1ef5-3380-5434-877a-c85ab1e99af8"",""cand-df1cd2c4-04de-5ac3-85d1-39fbe26acccf"",""cand-ee0aa2e7-3ab3-51d1-ae8b-46dfc837b71a""]","[""src-f38aebb9-efa1-5378-a371-eebe6c6e980b"",""src-fbc4fd5b-de97-58c5-b530-0add99353916"",""src-84ac4a58-ea7e-5ea2-aaf8-ecb5e7a129f6"",""src-26c9691f-aa9b-5fc1-8e03-5dfe4a6f67be""]","MATHEMATICAL_REVIEW_REQUIRED"
"template:4eso-a:funciones:template-hhn5a1","4","[""cand-08b33844-daa6-59cc-8746-630d233376b2"",""cand-29e3b2ff-065d-56e4-a07a-22351c2d7fec"",""cand-44070fe5-6cc6-5329-a801-dcf8feb34d3c"",""cand-61f5237a-37d0-5450-9f89-4dbdb855e70f""]","[""src-7b0d1b6c-2000-545c-acb1-7c57d04af83b"",""src-def38bb8-6ca3-5acc-9791-f4f93dfdf4f6"",""src-95f80f38-d412-5840-a424-6be73e5b2197"",""src-50bfbcb2-e73f-5606-b4b0-218a74e56dde""]","MATHEMATICAL_REVIEW_REQUIRED"
"template:4eso-a:funciones:template-mqi9iy","4","[""cand-0d29ba57-ded8-5a24-9c26-3ecacfccd32f"",""cand-37453eb0-33cb-58e4-8629-e8ee9e0f291f"",""cand-9c778d9e-6c15-56cc-b55c-aec1bbe902ac"",""cand-eb31d43d-f2a5-5b54-8275-202319690ea6""]","[""src-6ed9a9a2-aae7-5c32-91fc-5b428bb2adea"",""src-7ba469ca-60c7-5db1-ab7a-f204122c2ccd"",""src-7ff995b8-69c1-5659-821e-632310b9a41a"",""src-e4dfdef2-c53b-5291-9285-b361d176b4fe""]","MATHEMATICAL_REVIEW_REQUIRED"
"template:4eso-a:numeros-reales:template-1aruw37","2","[""cand-1dc69d26-d752-580e-8370-ea6d1b0da91e"",""cand-d20833ad-122d-5eac-a415-1226cd489b5b""]","[""src-fd7017df-cc4d-512b-b870-cd6e944c30dd"",""src-e5f713c5-eb59-5adf-8f9c-c90e99c33a0b""]","MATHEMATICAL_REVIEW_REQUIRED"
"template:4eso-a:numeros-reales:template-1clk0es","2","[""cand-1cfbdcb2-97fa-50fc-b31e-1d86ca055412"",""cand-c0194187-8c24-5258-aa91-99a379243c20""]","[""src-3694b778-9d7d-59a8-b171-96879781e35d"",""src-009d6947-7820-5ce8-913a-68f48db9d198""]","MATHEMATICAL_REVIEW_REQUIRED"
"template:4eso-a:numeros-reales:template-1cvvh31","4","[""cand-68b6dd6a-fea9-58e1-b4c1-2fab2fca7776"",""cand-70fedcd6-784a-54f9-88b7-f58c04ad0858"",""cand-bb3e0325-a841-5e6c-8bbf-d3604c1ef5b5"",""cand-e954a6fb-e8ca-563e-a60f-a1c7877bcac3""]","[""src-064f022d-7347-571d-8c95-cd2db90302f4"",""src-941998d0-33a5-5cd4-a3ad-20158e3b4687"",""src-c6a45ce0-1976-53b2-9a48-7d647b4978c9"",""src-fd98bcb0-a6f0-5575-8ab0-2217219a9fa8""]","MATHEMATICAL_REVIEW_REQUIRED"
"template:4eso-a:numeros-reales:template-1h5my0j","3","[""cand-77e469d4-37be-50dc-8945-aba48ade6b5e"",""cand-86c89167-ad35-55c0-a958-ea90c83b36fd"",""cand-a83de6fb-edf0-5690-b387-935e78a4ab4a""]","[""src-18006f4a-d92a-56bf-9519-7dfeeedc6793"",""src-db79c1f9-71c3-5114-b36b-402c936f9b17"",""src-29d59c97-1e2d-5a51-bdb4-3a12606e4966""]","MATHEMATICAL_REVIEW_REQUIRED"
"template:4eso-a:numeros-reales:template-1mst931","3","[""cand-35572f17-0942-5a72-afde-838f06ea75ab"",""cand-8025afd9-9ede-5fec-a781-0740586141bc"",""cand-b777724c-8f94-56f0-b8e7-08356fa580e7""]","[""src-dd6bb95d-e7d4-5fa5-9996-98ab6798956b"",""src-60819c71-9bce-5722-a2f0-c6e19b1245ed"",""src-e46eadbf-e3ad-5cc6-b1d9-31e77dc70e96""]","MATHEMATICAL_REVIEW_REQUIRED"
"template:4eso-a:numeros-reales:template-1thv9yq","3","[""cand-a50a8e1d-f6f7-5fca-83ac-afa4d09f76cb"",""cand-b86fb054-6fc7-5ad5-8363-c5ecd88c8944"",""cand-f3126479-7844-54d2-ac23-caa82dbebb75""]","[""src-57670305-fca0-56b2-a486-0d827ffda670"",""src-fa6143aa-98dd-5f7b-a7bf-b801526942f6"",""src-261cb970-4ad0-5429-98c8-1e005c7dacc7""]","MATHEMATICAL_REVIEW_REQUIRED"
"template:4eso-a:numeros-reales:template-1ufrcwq","4","[""cand-20825ef8-e2cf-51f4-9bb6-9fa96f59d717"",""cand-71ffa719-6724-5aa6-a852-a02c8ccafe76"",""cand-8baf55d0-e120-552b-9314-509c6354f7dd"",""cand-e85b12b2-46b1-5517-8a12-b1913059111b""]","[""src-c6222198-a117-5d10-94b2-6309e5333801"",""src-db25886a-8663-5bde-8df4-75686bedd1d9"",""src-dda9aa5c-d349-5b83-a8b5-70f109bb64a6"",""src-0e9f81e0-3c98-5575-9f84-3dd4ac25718d""]","MATHEMATICAL_REVIEW_REQUIRED"
"template:4eso-a:numeros-reales:template-1y8wcmw","6","[""cand-33f49691-77ad-5fef-87c1-8474304f926a"",""cand-566a42cc-b3d6-5aa9-afd5-11a85432b3f6"",""cand-7ad33e64-c108-5e6e-8741-30252c3a903b"",""cand-96045c3f-d2d2-5eae-98e6-4c7f6fa505e6"",""cand-aa3b3ddb-cbac-55d8-b104-92aa8671addd"",""cand-c7dc5e0d-f52d-564a-a585-638fc5adb350""]","[""src-d3b373d9-0fe2-58ed-9d36-edc1ed2ada96"",""src-6896ad17-6d7f-5ef0-8209-a6b106b76ed4"",""src-9553e347-4712-5097-8716-d1466c940772"",""src-84956f7f-2cc4-55c5-9809-40b24485efd5"",""src-e3a7610d-1797-5e18-96d7-06196d7d6548"",""src-93f09df6-f907-5b8c-a8b8-e066790cfae0""]","MATHEMATICAL_REVIEW_REQUIRED"
"template:4eso-a:numeros-reales:template-b98z2b","3","[""cand-85cded4b-7923-5d27-a3a8-159df3289c27"",""cand-ba9318e4-da2b-5f21-a7c1-1423b6a21e99"",""cand-fc4ebcf8-f219-57a9-9674-c3d2ff47b4d8""]","[""src-8f1a8970-574f-58fd-9dac-da54ce6037db"",""src-48041b51-f83b-5659-bbc4-65269220b12f"",""src-beda1761-442d-5253-983f-26de2b94409e""]","MATHEMATICAL_REVIEW_REQUIRED"
"template:4eso-a:numeros-reales:template-qcfo24","3","[""cand-5351521a-0765-5b97-9778-5094cf7ac87b"",""cand-580870a0-ea84-54c0-8303-3ac7fb75c5ce"",""cand-e3dd60db-f1c5-5afd-a79d-e14bdbbebb4d""]","[""src-4cd588dc-d2dd-533b-b0b5-d41aeea663b2"",""src-302aca72-0655-5cd1-a86a-cdc6a77c8bdf"",""src-bb54ae87-5461-5f7f-ae53-029a88f1adb9""]","MATHEMATICAL_REVIEW_REQUIRED"
"template:4eso-a:radicales:template-15rlc6e","5","[""cand-5a0fd143-540f-5e43-9023-3c493a609e3e"",""cand-cbba96a4-492a-5183-bfa0-fc714da28f21"",""cand-e42614da-8188-519c-85fb-484b1ac6ea93"",""cand-eb708a84-5d53-5770-a580-742521b83f6f"",""cand-fccddfe6-a8c0-5ac6-aafb-8e24db2f0626""]","[""src-124ba8bf-4f2b-5ad0-a9ee-3d88595825de"",""src-008e1690-683d-51ea-b3e5-90e7c52ed3e7"",""src-5b3e1e0d-dff7-5536-8190-5c00bffac94a"",""src-1dd2d02c-a315-5bb6-98b8-c35e9f3fc745"",""src-69ffa1cc-c050-5d90-bac6-3b1e8aea2529""]","MATHEMATICAL_REVIEW_REQUIRED"
"template:4eso-a:radicales:template-1qx5tj6","5","[""cand-0d5c4ab6-97d6-59c2-a889-0d3a88cba299"",""cand-4c56732e-8678-55a3-ad33-7b27c6e27b55"",""cand-e0f3efc5-a690-547d-95b3-f4db2a83eeb9"",""cand-f16bf1a9-a0ce-5f51-802b-1c045277065a"",""cand-fe2e9593-4ff8-5fe2-8f9d-eb4fad634c4f""]","[""src-fc47fa36-5995-5732-9001-2f422d18a84d"",""src-016a3df1-31db-5ff8-a740-ba682288a386"",""src-e999146b-e30b-515b-b96d-59217c2e3b61"",""src-9bcd9a31-7e2a-5779-9ed9-3c86db9b089a"",""src-5af17f9e-e218-590b-8d8a-9f94b44f53f6""]","MATHEMATICAL_REVIEW_REQUIRED"
"template:4eso-a:radicales:template-1wvv9p","3","[""cand-481d3704-8a04-519d-bb42-4c287ce3ec68"",""cand-c2e31bc1-fa75-5b42-a78f-cc83d0fc7491"",""cand-c98781c7-a7b6-5f7c-a4a3-1ec08f894540""]","[""src-6fb87ed3-7086-52d4-b6d5-5c424137a690"",""src-8bcb4b69-22c1-5ac7-8925-295ad859522c"",""src-d4cdb2f5-21fe-56c6-9159-7b747593495f""]","MATHEMATICAL_REVIEW_REQUIRED"
"template:4eso-a:radicales:template-1xpz1cb","6","[""cand-4279501d-73a0-56db-a3e9-bdce28934ed8"",""cand-8e32f1d7-3812-5dfd-8560-00a7c7014037"",""cand-a664abce-a9cd-51e7-b6d8-0b721fb046a6"",""cand-b336278e-6a98-54e8-8b86-0e1d8a56662a"",""cand-daed7093-040d-50ff-b70a-6d36876e5e15"",""cand-f798b90d-2f19-5d90-b524-fb794a7f1529""]","[""src-acc76a8c-0b0d-5e27-998b-4cbba201b997"",""src-87c88ddd-271a-51d4-8c77-5bed9233401d"",""src-39964097-ab5d-5fcf-9117-18c054bd9826"",""src-d80227c0-9cb0-5c0d-af19-a6ea54d9f75e"",""src-da7d2850-495b-56e9-90f2-b55cc19aecab"",""src-c87e2acf-b648-5770-b14b-06df1dcbcf7a""]","MATHEMATICAL_REVIEW_REQUIRED"
"template:4eso-a:radicales:template-zr0vmv","5","[""cand-0675e83f-524b-5a41-842c-17a485e30743"",""cand-3630c9b3-351f-57c6-8bf2-6943733d0f3f"",""cand-652ba300-5d56-5807-b753-dbe59b269a87"",""cand-bd5e5919-134a-574f-9277-fd7f773446a1"",""cand-c0ad23a0-1dca-5d38-9755-0de1ba5e7ecb""]","[""src-ed85aac5-2c49-5ffa-8651-a7aacf2af99e"",""src-a86f67eb-1315-55e3-83c3-5e325e35f735"",""src-0102dba9-f4ea-59fd-b0c0-7c5a7483b4c6"",""src-ac993022-33fb-55d1-8caa-863430e3332a"",""src-37355713-2352-502a-8644-24a5756a00fe""]","MATHEMATICAL_REVIEW_REQUIRED"
"template:4eso-a:semejanza-trigonometria:template-17gr782","3","[""cand-bb0088e5-695c-5a05-9f82-c5949da28682"",""cand-cc30b3b7-6cf4-5281-b5da-ec84466f05f9"",""cand-fb8ca787-3319-589d-a6f2-5b1c4f97e1ae""]","[""src-496301a6-dd49-5bdc-9c42-61294081d31b"",""src-271d5d80-d303-5a25-81ba-f6a94784762d"",""src-336d5687-f600-5888-8359-fb703c9b4995""]","MATHEMATICAL_REVIEW_REQUIRED"
"template:4eso-a:semejanza-trigonometria:template-19mlhkb","2","[""cand-a23d979e-7725-5470-b92c-070b29386fee"",""cand-a4a1dd51-fc9e-564c-b160-677e9e32c8dd""]","[""src-1d86a51c-db09-5f2f-a37f-23bf7a2c9c9e"",""src-9c9824d1-6e5d-5231-90f2-a688be059de4""]","MATHEMATICAL_REVIEW_REQUIRED"
"template:4eso-a:semejanza-trigonometria:template-1cmt6rk","2","[""cand-25280297-2cfd-5279-a669-dfe355ca6291"",""cand-b58508a2-c45b-55e9-bb20-0eb57921ed5c""]","[""src-58e550e8-4108-5d6f-89e7-ddefd4e90253"",""src-e17cc554-a0fc-5dab-9a99-cbf2afa604af""]","MATHEMATICAL_REVIEW_REQUIRED"
"template:4eso-a:semejanza-trigonometria:template-1f203e2","8","[""cand-132fb9b9-7153-586f-b441-46eadf279543"",""cand-3f5d14d0-6ef5-5480-af2b-d2e0ac5d32f1"",""cand-5e21f352-b93e-57a1-807c-823967986692"",""cand-6adb68f0-b15c-5ce1-8ed6-6701186f2028"",""cand-75638656-7357-5296-b8b8-ade0c9dbf737"",""cand-7d634ea0-2ae2-59ab-bcfd-d1073934db68"",""cand-dc64a644-87b7-56d4-b6a1-2a0c3e977e39"",""cand-f8b4619e-0f9d-5e8a-9271-81c51a24e479""]","[""src-58528141-cb69-57cb-885f-66ece9087bfb"",""src-b886b02f-edc1-56a7-a451-6be5034eafa4"",""src-a1c54884-c527-5d90-9a89-14e29ea1dd63"",""src-1707d268-ce1c-5b15-88c1-bc0355a02b86"",""src-919bcb71-37fa-5828-a6ce-3f4f35938365"",""src-2d35fd89-d063-5d58-83ad-4dc364835f3b"",""src-ba8338c1-59c5-5a8f-9cbf-6c818d5a5e2f"",""src-e1b1baa2-b580-50ac-88d0-de13685ba047""]","MATHEMATICAL_REVIEW_REQUIRED"
"template:4eso-a:semejanza-trigonometria:template-1h0me1n","2","[""cand-5d367e2c-e11c-505a-b416-9d2569fb1384"",""cand-d82052b1-5152-50c0-9e3c-6d8cd1a6d2ca""]","[""src-7657b084-003b-5637-8eb4-e93e1c96f739"",""src-22123a78-d2ac-52cf-9ad0-688f2f632ab4""]","MATHEMATICAL_REVIEW_REQUIRED"
"template:4eso-a:semejanza-trigonometria:template-1hz45ff","2","[""cand-37c65f83-cf75-5ce1-a18f-935bd58b5038"",""cand-d0608e54-1f26-59f9-8608-22f29e230787""]","[""src-4676f5cf-ac84-5c6c-b03d-878e359e2498"",""src-6ffb5c30-3910-5c2a-b1bb-61ceaf83b669""]","MATHEMATICAL_REVIEW_REQUIRED"
"template:4eso-a:semejanza-trigonometria:template-5sh5qy","3","[""cand-40f494b8-6894-5313-95dd-78bb89fb5069"",""cand-68676f74-f49f-5b37-bb0a-829b77768802"",""cand-efa166a3-748d-50a7-9a06-65b47bc5b72d""]","[""src-5fdb42b0-2589-5505-8b08-10ad2943628a"",""src-727dc7b7-8292-5910-8854-478354abbfad"",""src-a8a1d6b1-6d09-5348-ac10-463c18591b46""]","MATHEMATICAL_REVIEW_REQUIRED"
"template:4eso-a:semejanza-trigonometria:template-grssvv","3","[""cand-14dd0fb9-25ed-5712-b208-85b99bbe7094"",""cand-3a30d6b7-8c29-5ce4-b7bc-8bb5bcb0015b"",""cand-89342e29-dc57-56ea-aabf-983112a3d6bd""]","[""src-bd94dd79-c097-5210-b259-1c48a3e583dd"",""src-9de4eead-5cfa-5cd9-961c-a031bad57e76"",""src-04215f7f-2f00-52ef-a2fe-f61bc499ad68""]","MATHEMATICAL_REVIEW_REQUIRED"
"template:4eso-a:semejanza-trigonometria:template-ioy3gg","3","[""cand-2f152241-f2ec-53a3-83de-7d67b6a0ccde"",""cand-d219e621-f085-5465-a268-89cc8c644d32"",""cand-e7e28771-5d7d-57c1-9a00-7b7f6dcdcb98""]","[""src-7b00b81d-7fe3-54de-8b1c-cc182eab1fc0"",""src-2b5cda46-2541-52bb-b5b5-ca51a87535e2"",""src-8a0051e5-dbcb-5e35-a8fd-29d74f0d5e71""]","MATHEMATICAL_REVIEW_REQUIRED"
"template:4eso-a:semejanza-trigonometria:template-q1wex1","4","[""cand-08963b79-7253-5666-b087-4535a96cd9ef"",""cand-0d9e93b1-207f-5564-b8c5-4f98bfe6235f"",""cand-2ce1ebbd-e041-5281-a3bb-f47dc260579f"",""cand-c0389ea7-6c05-5a3e-ace8-bbbb122eeae1""]","[""src-6e31f66a-c0f8-5f9d-9f8a-d30cb28e63f7"",""src-fbd6e598-ae4e-5338-ae43-a2e961519872"",""src-4b737558-ab68-5bc0-b574-c41373a88b6e"",""src-14eb2afa-9a62-599e-b7b3-f301e721d263""]","MATHEMATICAL_REVIEW_REQUIRED"
"template:4eso-a:sistemas-ecuaciones-inecuaciones:template-122ylga","6","[""cand-3212f686-ce5c-5b02-b365-5e01105ca30b"",""cand-62b23816-f6c6-5858-9799-f053dff1e520"",""cand-689d6773-3269-5867-9462-6b3431058231"",""cand-98d762fb-f3fa-5e4c-9dc5-c85ceb2ce7cb"",""cand-b277fb7e-c645-5fda-a5ca-f3bbf7ac2261"",""cand-c0db3deb-bbcc-5b4f-9f09-929945e89d46""]","[""src-b82e2ce6-a508-5e6e-af69-8d1a2555fe9b"",""src-7aa647bd-cc0c-5a2d-bec8-87153eda0891"",""src-9836d0f0-a213-5024-8445-bf98c117dab1"",""src-a5523783-f22b-59f2-95ce-e0e34a50459e"",""src-23124609-230b-5253-983b-bd6e547952dd"",""src-23786a24-d09b-5da6-acae-5fa3ea2072fa""]","MATHEMATICAL_REVIEW_REQUIRED"
"template:4eso-a:sistemas-ecuaciones-inecuaciones:template-1vyrn7j","8","[""cand-0da7d699-74a9-5a3f-91ed-343756f7b064"",""cand-1c0958c7-d15a-57c9-96c8-69eeb3389c5d"",""cand-23e5b5ef-7f81-5889-8267-f9df9f9f3c53"",""cand-2bb17d29-826e-52b0-a749-c309d2457334"",""cand-3a1006c9-7d89-5472-a0de-43fea83929ee"",""cand-b3846910-27cc-56c6-8c54-06e9773f9213"",""cand-d02d6857-bf53-52ff-b553-1dae52ceef9d"",""cand-d087b7cc-0e6b-5d40-9404-25680172e983""]","[""src-979eb2c0-572c-50e2-8dba-513634bbdf68"",""src-bc3c5dba-f02f-5833-b4f2-930a5d688aac"",""src-64d235e8-6844-50c5-a172-d73e114381bf"",""src-b2c59a96-de5c-5726-8ffd-c788cdc5aedc"",""src-ab8535b7-8af9-54c7-bfef-48ab3cd30486"",""src-634f9fa7-f1fc-54eb-85c3-a528424d02db"",""src-53f9c631-03c6-516e-9b37-d3e094db26b0"",""src-5479d210-820c-5314-a067-6cc7b3dca33f""]","MATHEMATICAL_REVIEW_REQUIRED"
"template:4eso-a:sistemas-ecuaciones-inecuaciones:template-g3jgnb","5","[""cand-007bfed7-f4da-5d83-ba7d-de220f678913"",""cand-6532c705-c960-5aa3-8441-eca1c8224166"",""cand-69472597-20f7-53de-b010-1a328c84bb54"",""cand-6ae09929-7f9a-5039-9224-f2f98faab30e"",""cand-d79fe382-1dd6-56d1-93ba-2f1853d815cc""]","[""src-bfd62d0c-aa80-5892-b537-28682d1146b1"",""src-aa8491e6-bf19-5ce0-b3f2-05a4b4683315"",""src-15f1c4a2-640b-506d-8654-54d45e000a68"",""src-432f8138-4e51-52f3-8bbf-8a1879ef9939"",""src-60545b8e-d36a-5cdd-82b1-57f47933aef7""]","MATHEMATICAL_REVIEW_REQUIRED"
"template:4eso-a:sistemas-ecuaciones-inecuaciones:template-vzk4pw","6","[""cand-1d711a6a-f98a-58ef-8ece-fe95527fba1b"",""cand-30a70034-faa6-50f0-b563-63cfb62c23c0"",""cand-3f6aad2b-0787-5d84-9412-d39fb976f294"",""cand-618a4330-4fe9-54d8-a580-1bd3dd158b06"",""cand-d872a485-d3ba-5703-8a5a-bdaab9a6de4a"",""cand-f5b90b93-51d8-5c90-b375-00d8e0b78b14""]","[""src-f6c9c8d9-869a-5b29-b610-b6c226bf7829"",""src-e48c171d-5965-55d3-be60-86b104149082"",""src-c6b4414f-bf44-542a-ae57-b2337f368eee"",""src-3bb51b30-10be-5468-a38f-23b5c7145b76"",""src-8b55fb75-d4f4-56c4-8f3c-e262c6763ad7"",""src-93929700-fbaa-50d7-8fe2-f8855c5e9acd""]","MATHEMATICAL_REVIEW_REQUIRED"
"template:4eso-b:combinatoria:template-1om5127","4","[""cand-092a9dbf-6fdf-5ee8-b579-f7b1ae049e87"",""cand-42f0eb33-8cf0-5dbf-964f-ac53aaef8b39"",""cand-5fd4de6b-c46c-54ab-99ae-0da2299d929b"",""cand-ec321cfa-a1e6-5d90-a25d-365de9255932""]","[""src-eeb1a6d3-bab0-5622-9154-9891da8cfb6e"",""src-a7f6779c-d680-550c-a300-d2112729ae03"",""src-38dfc883-bbbb-542b-aec0-59f8b50624b9"",""src-93923d31-f61a-5a70-9e2a-829396cde8a8""]","MATHEMATICAL_REVIEW_REQUIRED"
"template:4eso-b:combinatoria:template-1qrbfxi","4","[""cand-205bc317-dd71-50a1-b231-69b01e80a520"",""cand-2a56599d-d1ae-594f-88e7-5ee8cec6b508"",""cand-c82b753c-78b1-5ae9-a70d-a1eb160f0f45"",""cand-e5b5c625-a70d-5b18-b243-4dcec9e3b056""]","[""src-146ab711-48eb-5c28-a1ce-b9802f994699"",""src-7f3cdf00-f3d7-572f-b5f9-50d59a92df18"",""src-c5a7e21d-4eb2-598d-a7a0-1b6418646e8f"",""src-569f9195-0b76-5cd6-a075-b73cf3175c03""]","MATHEMATICAL_REVIEW_REQUIRED"
"template:4eso-b:combinatoria:template-1veke3y","2","[""cand-5d0a9960-69b5-561b-b2e3-df552125a178"",""cand-e551c914-7531-5c5d-8bda-db31ea74469f""]","[""src-d0843120-d690-5bcc-906a-ea5f4289fdc9"",""src-1229726b-db16-5cee-8e64-8a8b499151c6""]","MATHEMATICAL_REVIEW_REQUIRED"
"template:4eso-b:combinatoria:template-82v1kx","4","[""cand-025135fa-fb9f-584b-8bef-414e8ab4509f"",""cand-3e5fdbf4-8f27-5ae0-a1b3-71ca4a770e1c"",""cand-51a05f88-071c-5d7f-9816-0241755007bb"",""cand-f86a1ae5-b7db-5943-89c8-15295f5e3a4c""]","[""src-90b86609-cd76-504a-a8ee-8ca4ec61c642"",""src-4a20bdfc-50e4-525b-bfae-18aac2fbd45d"",""src-76a4889d-cb01-59c9-9054-fb9e89ce9e90"",""src-79edce5d-ae7a-5fbc-b117-8373201774d2""]","MATHEMATICAL_REVIEW_REQUIRED"
"template:4eso-b:combinatoria:template-87spv9","4","[""cand-00e934c6-84c0-5681-bb77-f362f1986b0f"",""cand-458428af-bea2-5d22-a4ad-dca5606a4d92"",""cand-66a5b471-425b-5684-bda0-f120219d8045"",""cand-9b5daf8d-5c27-55a5-9576-18abe18841e8""]","[""src-01773335-5071-5dc7-acdc-207c34f04157"",""src-6af670c6-da01-5302-8d45-93db6d0188d9"",""src-06c436e0-5d79-535d-b181-20818affd1d6"",""src-2ecae1a7-a305-515d-8cda-620bb58a1e71""]","MATHEMATICAL_REVIEW_REQUIRED"
"template:4eso-b:combinatoria:template-a2d6lz","2","[""cand-561066c2-540d-5aab-a43a-aa11b0d8cb9e"",""cand-6b04a4f4-a6ea-5eee-a7c2-9c9d285a1f47""]","[""src-4ebd12cc-4ee4-59de-b4b3-c12df4fd4b72"",""src-10943c63-bb58-5893-9bce-5852f14b06fc""]","MATHEMATICAL_REVIEW_REQUIRED"
"template:4eso-b:combinatoria:template-s0i6cb","5","[""cand-1574f0f8-f010-5591-bb68-d20edf58f97a"",""cand-169e6d7d-678e-5612-b74e-5559bfc00b0e"",""cand-2b50514b-6efb-5336-8337-285b5e4522ab"",""cand-d26752a9-0077-50a6-ada9-e6ed3c2dff94"",""cand-ff488364-8dd8-5e3b-9b14-c73f575d2da5""]","[""src-21a28e85-18f1-5671-bf8d-34fdebd3de1c"",""src-198ee02b-ac97-5eb9-905c-18827d48333e"",""src-9ee4a431-cbfb-50b2-bc6a-8a6e6e1dd1c0"",""src-81ff4889-d570-51fa-b349-a15b644828e7"",""src-4bcb6460-491d-54fd-90e3-4a99f59a0e05""]","MATHEMATICAL_REVIEW_REQUIRED"
"template:4eso-b:combinatoria:template-wbswbz","2","[""cand-81e19f4a-f5c7-5e0d-9c86-eb33d619ad32"",""cand-a3e03e91-43c4-5c50-b700-af6236719535""]","[""src-190b9800-bd11-57af-9df2-73e29992be84"",""src-25ab4396-de2b-5009-9b69-0036d5b65483""]","MATHEMATICAL_REVIEW_REQUIRED"
"template:4eso-b:combinatoria:template-yvfwf","6","[""cand-325b122d-666b-5678-b0f5-cbda9006f9f9"",""cand-4066e6f9-c549-5a86-a2e7-d3a348999fb8"",""cand-86245266-8ccb-53d8-9977-bd8097a75fb2"",""cand-aa04f72d-18c3-57ff-9f44-ae2c24d807e0"",""cand-af4e719a-2fa9-5f18-96c3-684f2fb20151"",""cand-f6464c13-c36f-5ac6-8116-289cf74a7236""]","[""src-96e87166-ce83-5b4b-b2c3-da3c9eee9a2f"",""src-1836b58f-71a6-5c83-a1a9-03a00ec922a6"",""src-5d828824-8041-5982-9022-82fc1b939c12"",""src-c1358dc3-83a2-53f1-991c-27a24248a39d"",""src-552019e7-c51a-57b5-b315-6ec189e4cf46"",""src-efa99117-393b-5a8c-8734-0896017d1b4c""]","MATHEMATICAL_REVIEW_REQUIRED"
"template:4eso-b:derivadas:template-16hch2o","5","[""cand-53f2f116-0913-5f26-9221-36ade3a639fe"",""cand-547755bf-02ba-57dd-b8fc-30d1a548a34c"",""cand-5caa7f81-48ab-5614-903e-75c8341f224e"",""cand-811e2749-019e-5a62-b958-6374119872ac"",""cand-a688f04a-53be-5a99-9a38-fef17974b454""]","[""src-4289be88-b78f-5667-8502-6602dbe01b59"",""src-0d5f9681-0a4c-5ff2-ac61-8dccc51a7f92"",""src-f6fdaf20-e18d-5565-9ce7-ee2be4535528"",""src-9c927dca-19be-50a4-9c33-5cf31efff50b"",""src-4b6d3e40-c3f3-525c-86bf-f26cdcafc797""]","MATHEMATICAL_REVIEW_REQUIRED"
"template:4eso-b:derivadas:template-183mqa7","3","[""cand-2eb1a533-64a1-5923-a4f7-36962611208f"",""cand-583263ae-e230-59fd-8d55-7d388c791bc0"",""cand-e2d870cf-91ce-5321-bde6-1f32cc2fc7da""]","[""src-1f472ad3-1521-5501-a174-c75398c3c101"",""src-a9e110ad-ca32-5199-aa19-da03378bc6b1"",""src-710fb739-3e71-5880-8a15-694f2bceb81b""]","MATHEMATICAL_REVIEW_REQUIRED"
"template:4eso-b:derivadas:template-1ld06uf","3","[""cand-1ff40229-da6d-544a-aac3-5767d2db0e86"",""cand-242fd64b-8a61-5cb9-ac10-676c5729589a"",""cand-36e4df2d-dd43-5f88-956f-7e5f18c4224c""]","[""src-6d94b25d-f56d-5cc8-8be0-74c72163cfd3"",""src-fd35a264-49fc-54cd-aaec-401fd9f0bfe4"",""src-462981cc-9ffb-5360-87f7-897fe988d6a3""]","MATHEMATICAL_REVIEW_REQUIRED"
"template:4eso-b:derivadas:template-1nxqp5b","6","[""cand-2c520f55-44e3-59ca-a13c-4f6c282e2973"",""cand-547534ae-15b1-5abb-9fed-f4c3884df68e"",""cand-64e9556b-3662-58a7-ac98-13f09920ce65"",""cand-6e24e6e6-a159-5f8a-b6ff-ec42384ced51"",""cand-83333f62-bb5f-52c6-bcfe-6b59cf15f470"",""cand-8c281ed4-3eeb-5ffa-be02-4937d3fca8fa""]","[""src-98963d06-8448-57ff-9081-e4cd429e4fff"",""src-759f60fe-4d75-590c-88a3-3e3da2107129"",""src-88a70641-f057-5a72-a048-ed15a0f509be"",""src-cded901c-88e0-5576-a051-773936f0e1ee"",""src-84e19012-0c19-5cd7-9c22-576f18fffe74"",""src-128e7696-7164-5c37-bad0-ef9116fb5beb""]","MATHEMATICAL_REVIEW_REQUIRED"
"template:4eso-b:derivadas:template-1xv0s1c","3","[""cand-494e9563-e80d-52f5-8667-2e800e5b9fa8"",""cand-60a8cc67-00a5-5e41-bcfd-65c30e9ba0b7"",""cand-e1f8e306-4195-5fdb-a62b-15196033965d""]","[""src-bca30136-74da-5bb4-9043-cbd03b13fff4"",""src-f171067f-40e8-5ccd-9cad-7eadcbadba72"",""src-a4c756b6-2d58-54a2-92e3-dad77d390aaf""]","MATHEMATICAL_REVIEW_REQUIRED"
"template:4eso-b:derivadas:template-3zfxsq","3","[""cand-0b0adff7-be68-5692-b916-a8b5252bd41b"",""cand-1146d5f6-389c-53cd-b01c-1550145cabaa"",""cand-d1711a17-e44f-5ade-b12b-7313a485f429""]","[""src-67745201-1d5c-534b-8c38-49a4a66bd150"",""src-b73edfd9-fc3b-5016-9c6b-4ab7da7838b3"",""src-c6f18db3-f1af-5e8a-915c-3fa8ae4db1c6""]","MATHEMATICAL_REVIEW_REQUIRED"
"template:4eso-b:derivadas:template-54wcjq","6","[""cand-4337530a-5dd9-5e68-94e6-ddbec0a1c192"",""cand-4ada0091-5db8-5f07-ada4-860630cc243e"",""cand-77caf6ce-bf4e-579f-bb3b-79a8dcc16c46"",""cand-e47660ca-ae23-529a-b2bd-4ec7eae483db"",""cand-f9be8901-02a1-5202-be40-0cf7e4089016"",""cand-ffb73036-bcf7-5707-b2b8-9aa72d1a3cf9""]","[""src-b0851f8f-55b0-5504-9f5e-11150f7b94ca"",""src-51d5059e-c4bd-5693-9019-b847596be34c"",""src-44afa673-af98-5dc3-9e28-d5bb1a9a4ab9"",""src-1bb4d09a-388e-5d12-91bf-5f78ce9676df"",""src-e9af6c52-66e9-576d-908d-947707804b2e"",""src-ab530a62-7237-5341-8f91-b79ed330764d""]","MATHEMATICAL_REVIEW_REQUIRED"
"template:4eso-b:derivadas:template-b7v9um","2","[""cand-26388345-717c-57d4-a244-c8d5bae8bdc4"",""cand-b8896dfd-026e-5f69-b72c-55ada461812f""]","[""src-a48ad4af-dd86-5df7-9643-dc6ffda871e0"",""src-50b51d6b-4b43-50f6-a8ba-7baed5d9aa8a""]","MATHEMATICAL_REVIEW_REQUIRED"
"template:4eso-b:expresiones-algebraicas:template-1lrle82","3","[""cand-7635a93d-93f2-5ba8-ae9a-8323fcedcde5"",""cand-b930d347-cd14-5708-a8cb-0f15ad4649c1"",""cand-fcce7064-7b16-5a76-bec7-aafffe07e352""]","[""src-ed1823b3-4816-5e54-9578-d94600c78926"",""src-af065e0f-d513-563c-a7a6-5fbe25e83d4d"",""src-d6af6109-e7c5-52e5-baaa-36ba59bf0200""]","MATHEMATICAL_REVIEW_REQUIRED"
"template:4eso-b:expresiones-algebraicas:template-1m3u976","4","[""cand-0e5540a7-ed3d-5a89-b907-74237a406bf5"",""cand-79f4e580-5cd5-57b0-ae10-f10b935f4129"",""cand-9dad3db0-de87-56ec-90b3-277a19557c4e"",""cand-fa839ab9-b497-5486-8c13-d983c7674dd3""]","[""src-d2746254-970d-585e-aa9d-4107bb19ee26"",""src-b71aaa71-307b-5f44-9859-276d6094e391"",""src-4ec836ed-a356-5cd2-afe8-2c5d112f954c"",""src-7d320dab-c971-58a8-b9fb-c8c32198c7c4""]","MATHEMATICAL_REVIEW_REQUIRED"
"template:4eso-b:expresiones-algebraicas:template-1pnahkn","4","[""cand-1ccd6bc7-5903-5835-a477-7abf5ce65d3a"",""cand-3653325b-046a-5c41-b497-4c08902b9cd1"",""cand-416f5576-048f-508c-8fa0-14438d3b10b2"",""cand-6a0a9cb1-bebb-51e6-b06f-24847ffdb325""]","[""src-3c90061b-89f8-5ef8-9e7d-7cebd0139bac"",""src-c38daec4-55b8-5032-8b9a-8184e61d253d"",""src-ab2894e6-3846-5c3e-b9d7-5e78bc9fee9b"",""src-d7c91120-5dc3-5407-953a-95bd517d51af""]","MATHEMATICAL_REVIEW_REQUIRED"
"template:4eso-b:expresiones-algebraicas:template-1u6u47x","4","[""cand-394dd98c-0805-5aa2-b9ca-03651bc85fd4"",""cand-3b39a0e6-3b25-5f75-96bb-06d7ee38c5fe"",""cand-a5187262-78b4-529c-ab78-9db9af60558a"",""cand-b51a7ca2-6eab-53e2-9f3a-4ff95aea7789""]","[""src-c1531d50-3681-54bc-baa2-8e09e15c0347"",""src-38e6366b-7659-5706-ae54-26e054caf7a8"",""src-5a6c49b0-3a07-5ea0-be8e-a233cea61926"",""src-59be8f2e-dd6d-546e-a017-b78f094386ba""]","MATHEMATICAL_REVIEW_REQUIRED"
"template:4eso-b:expresiones-algebraicas:template-78yej4","3","[""cand-489da913-8664-5d13-8a76-0905e70b12cf"",""cand-8d55141e-458f-57d0-b028-a6bd36cd20ce"",""cand-92e8a223-2dbd-53d2-b4c5-f147b97b3c91""]","[""src-0758cab9-7f20-548a-b2de-f0e4f93a05dd"",""src-55f02674-f114-5a62-8669-cd4a9f0b36d2"",""src-82cdab92-f6f6-5cce-937a-5cd27ee6b829""]","MATHEMATICAL_REVIEW_REQUIRED"
"template:4eso-b:expresiones-algebraicas:template-koyzfd","4","[""cand-3963b252-c14a-5b4b-aab5-03ba277c73a8"",""cand-6fef59a2-218a-5f54-b120-5a3bc9955ff2"",""cand-a2114bda-71a0-58db-91ce-4a489abbbc80"",""cand-b41a613a-0a4d-530b-a9dc-8a96e52d0138""]","[""src-f7cee9a4-0292-56b9-b1cc-bc1cf9345a74"",""src-5f5cabce-f8f3-508d-acf1-d26031bd7525"",""src-bc1e3ac3-051d-5253-8a70-4f100fe20e37"",""src-c592b9fd-a73b-52cd-bca1-1139cd59fa1d""]","MATHEMATICAL_REVIEW_REQUIRED"
"template:4eso-b:expresiones-algebraicas:template-r8maln","4","[""cand-5f7f00b9-e162-500d-a592-c7c1e89f43fa"",""cand-7092e284-55bb-52dd-b46d-38dbe31bfef3"",""cand-91300fda-c830-56d4-a3f2-1f2db5fd91bc"",""cand-fb74dd83-4c43-5244-83d3-bdb370413ed2""]","[""src-f25ea967-e057-59c6-a0e5-00a61f699d34"",""src-9ed71096-0c6b-5559-947e-50556f7a3f55"",""src-f2855a28-90b4-5d25-9a3b-aec0424d029f"",""src-c651a849-82c2-5a9f-9210-cbc8e414116e""]","MATHEMATICAL_REVIEW_REQUIRED"
"template:4eso-b:funciones:template-117nv8l","2","[""cand-8540f748-ca77-5681-8d61-a1c0ecc93796"",""cand-a33711fa-748f-5817-a4e2-37fa1261fc75""]","[""src-a27a5c27-ceb3-501b-967b-42f141f39fab"",""src-dbd40961-d476-5b07-84fb-a028e7e172f7""]","MATHEMATICAL_REVIEW_REQUIRED"
"template:4eso-b:funciones:template-14a5ck8","4","[""cand-24979816-30cd-5d33-9c55-89b229e12e1d"",""cand-55fc793c-7cf0-54c9-8eed-af50cb5bde2f"",""cand-b32017f1-c401-5cc1-94f2-33dcdf86ae20"",""cand-c97838fe-4945-54d0-8ec1-a0d7c4f273fd""]","[""src-a77a1812-f384-57ec-b9ec-212b4a042722"",""src-d1ae8f9f-bd2a-5b94-a527-d2ecb9758c75"",""src-e9ca0b2f-7ac5-558f-9472-9b0aa1114ed5"",""src-64031cb5-677f-504d-8f9f-4f8e061b93aa""]","MATHEMATICAL_REVIEW_REQUIRED"
"template:4eso-b:funciones:template-14hmu70","2","[""cand-ea43321c-98dd-5bc3-8240-d9738a7c0581"",""cand-f14339a8-4f26-5dc7-9feb-892c0315c292""]","[""src-205af554-0d71-54f4-b135-5bccf1ce4181"",""src-81883598-892b-5df4-88a0-c9a0fc5ead25""]","MATHEMATICAL_REVIEW_REQUIRED"
"template:4eso-b:funciones:template-15eiu0a","2","[""cand-5686ee23-85f0-5d16-8552-b63ebe4495e3"",""cand-5af6d91c-bc8b-5427-8bd8-5245eb43715c""]","[""src-8529b935-c6d0-52c8-9ed4-b39bebb5e428"",""src-adec8c15-405f-5357-be20-ea4441a4fc45""]","MATHEMATICAL_REVIEW_REQUIRED"
"template:4eso-b:funciones:template-1lt2z65","2","[""cand-4b2c8d64-76c4-5fe7-8046-ffc3c206d7e4"",""cand-f6ebf5b0-8022-5c20-b657-c8811c77d158""]","[""src-849f063a-ce95-5e9c-b905-71e427a6ccea"",""src-06c15309-994c-5ed9-9738-0ffdf6ef12ee""]","MATHEMATICAL_REVIEW_REQUIRED"
"template:4eso-b:funciones:template-42v8gn","3","[""cand-426ec5c7-b398-5ea6-857f-f72af00743d6"",""cand-49b05d52-6704-5480-8d5f-71ff94447f85"",""cand-e2dbf135-6a76-5ed2-b5e9-b29c1ee2fbc2""]","[""src-fad8369c-aed2-583f-bc86-7dc8b34ddb4d"",""src-a9e758f2-a3f8-5a8d-9c1f-c81e52f95c1c"",""src-d8262302-1759-599c-9b01-3dd5104b91d4""]","MATHEMATICAL_REVIEW_REQUIRED"
"template:4eso-b:funciones:template-cyjqe5","3","[""cand-244f998c-bc58-545f-a27d-f75af3e37755"",""cand-6dbfd1de-3741-531c-b520-d25eae3228ee"",""cand-abb43dee-ac50-5e87-aba7-22fe20d7ac48""]","[""src-9f7da6a3-6913-5ba4-9ae7-bace9f53faae"",""src-56d5a0b1-c08c-59b7-89bb-acba125f6c38"",""src-e6eacca6-302d-5773-bc1e-301133400c47""]","MATHEMATICAL_REVIEW_REQUIRED"
"template:4eso-b:geometria-analitica:template-12w2a1d","4","[""cand-24306f6d-2c08-5c59-b962-3281dbeb7cdf"",""cand-ba93ad9d-5ed0-50a2-8e36-bed03d916a1c"",""cand-bfbd4894-0acc-512f-adde-e4de9a804b09"",""cand-c0e667f5-ebb9-5d6f-91a7-6d87e9dccb16""]","[""src-2074f6cf-6f1c-53b7-bf4d-a8d8f93bfe59"",""src-7cfe26e5-2c30-5afb-abcc-c52dcfe73b52"",""src-54e99031-20a3-5feb-8016-a79cb14cedc0"",""src-f56c35bb-0e86-5222-b2bb-c348e603ea17""]","MATHEMATICAL_REVIEW_REQUIRED"
"template:4eso-b:geometria-analitica:template-12yt1ac","3","[""cand-01b88fa9-b954-5315-8272-66fd0baf8268"",""cand-3c74900b-6b6a-5056-ade2-0f53d4e04dc4"",""cand-cc89453a-6658-5ee0-b3d3-c91a47b16362""]","[""src-3985e2a3-12ea-5379-9aa9-f1961f263b15"",""src-a3fff754-e68e-5cff-af32-c0430890c657"",""src-ad9abf5d-180d-5bdf-994a-355be94358df""]","MATHEMATICAL_REVIEW_REQUIRED"
"template:4eso-b:geometria-analitica:template-1cnc9nh","8","[""cand-35aee0fc-5033-543a-9ac7-ff7e7794d1a5"",""cand-36ca753c-d4c0-5665-875d-b7e21526c2a6"",""cand-735eb8e3-80e4-58fb-9e3e-7e06dfb96168"",""cand-ab59b420-2af7-55c6-ab8f-29a5216a6d24"",""cand-ad7f4654-2bce-5771-8b16-d6d8d54fcc25"",""cand-e1ea1e6c-a802-5791-8474-a71c9faa6364"",""cand-fa7d0099-f827-5590-b253-72feec631a4f"",""cand-fb066f99-c725-5af5-aef6-55149db37f27""]","[""src-381b143a-5011-5b74-a854-6c8a595b1a16"",""src-d376b7ae-f66c-5602-9bc9-3e7dbaada911"",""src-2bef70db-457a-576f-9528-ebe8ab3ecfc6"",""src-afe4068b-f86d-53cf-a54c-9da5f278aacb"",""src-4e0ca160-0427-5fe2-bb4f-4a062bcadf6b"",""src-df9950eb-b944-5709-8ff3-f3ea6ee6252d"",""src-73b844d6-1ac9-55c3-a582-36e4646b357a"",""src-63f7574c-3810-5cd9-b88e-f9311e922731""]","MATHEMATICAL_REVIEW_REQUIRED"
"template:4eso-b:geometria-analitica:template-1qprdcy","5","[""cand-7d1813f3-5c15-5906-895c-244d27a70c5a"",""cand-b582b3d8-29a4-5fcc-9711-9d68d80c2fc4"",""cand-c4fbabf5-081f-5bf8-8c14-114dc6c1c134"",""cand-ea7206ed-2a24-5c13-8f09-1df091048b88"",""cand-fb240049-479a-5ad3-ab21-f9bb6175ca91""]","[""src-b079d385-9500-583e-a320-90e7b8e459ae"",""src-130ab71e-4ed5-5565-bebb-a8b3a9f28ff0"",""src-75acfe38-91f7-5aa1-af59-f420f8a454c9"",""src-54f98b1d-8f54-519c-a557-27451dbc9481"",""src-f0dbc132-64f6-5a57-bc55-9bd6ba512e4c""]","MATHEMATICAL_REVIEW_REQUIRED"
"template:4eso-b:geometria-analitica:template-1y2seo9","11","[""cand-0b93ede9-d92a-5453-800f-19af7f54e374"",""cand-14fe1128-b5a1-57b7-a95b-7cd21b1c1d2e"",""cand-34844e0d-9dbe-51f6-aa9f-765d1b2145fc"",""cand-3816b5ba-10e1-58a6-ab5a-f46c3a342bf9"",""cand-3b38781c-4fae-501a-90a9-458a32da9a16"",""cand-5a20e333-e7af-5732-9cae-afc54a441d0a"",""cand-74bcb186-c996-546a-b5c7-3342881d6199"",""cand-ae0452c1-f258-55cc-8834-41538dfe3a1f"",""cand-df1dcd5d-8b35-51da-8f56-c92cfe05b0da"",""cand-f52fe533-9699-5be3-9f54-02eb28b1e645"",""cand-f672188e-5a32-553f-adac-2d4917b23adf""]","[""src-a8373910-04b1-5960-9da1-69dc3ad67bb0"",""src-b0d88b39-848d-546d-9452-179eae460ef4"",""src-bfce493a-74e7-5fda-8920-3a6aa318bb73"",""src-107165c5-e173-5651-a19f-f388ec2248b6"",""src-327fdf63-b2d3-5021-b4dc-a9dbfc21332c"",""src-fb9bf471-f5e3-532d-9eac-ea9b3f6829f1"",""src-fbdb26e8-c966-516a-9cb1-b43048335bd8"",""src-572160f5-cfb7-5245-889f-abe63c42a328"",""src-1371d0c6-da10-5b1b-afbc-507d5c7f09e4"",""src-c770df96-9d2e-5a8c-a0d3-7d0577e3beeb"",""src-aa952a93-5af5-5576-bc8b-21fcf1155aa9""]","MATHEMATICAL_REVIEW_REQUIRED"
"template:4eso-b:geometria-analitica:template-52ivoi","3","[""cand-260a80f5-d48c-5d7f-8eb6-7d20de0b5bf2"",""cand-3c3c6fd7-91dd-5715-9392-d03d56fbc69d"",""cand-a738b9d6-8f25-58af-ad34-b7266a4872c3""]","[""src-9e81c2f7-bada-58e5-9a05-f0315c9e010f"",""src-30580072-d232-5546-9821-32aa473683e4"",""src-25d34fe2-b894-5ecc-bd22-33f1d1ce11c7""]","MATHEMATICAL_REVIEW_REQUIRED"
"template:4eso-b:geometria-analitica:template-e94bxq","3","[""cand-b913aa3a-06d3-5785-ab44-2bfc9a9803c5"",""cand-cba77bf1-b7e3-5cd3-a8be-966068bffcbe"",""cand-e8daa0bc-1c26-5240-b8d0-97a2f7db88a6""]","[""src-92362df0-170a-5131-9fa5-558d20606c58"",""src-6224b071-3277-5c81-b3dc-f04d3ad24036"",""src-60f617f0-d375-589b-aea6-d3a063e3a2c1""]","MATHEMATICAL_REVIEW_REQUIRED"
"template:4eso-b:geometria-analitica:template-imszhm","8","[""cand-096137c0-d9cc-5136-a4fd-bac14c8f8d83"",""cand-1a8e7250-2c74-5ae8-8b75-cd3357bfa23d"",""cand-1d4a3c4a-3dd1-516a-90f3-1a025484c33b"",""cand-b1c8d0fb-b46c-5af7-a7cd-a66f68c79709"",""cand-b3ea3eb7-b5c2-5d37-b729-1ef6f6cd771b"",""cand-c23d8114-9546-5031-b66a-f947aa301bf7"",""cand-e1575671-0544-55ed-9e72-b5eab6dce839"",""cand-f148924e-91b8-547e-8639-0a34f64d971d""]","[""src-4a44302b-265f-5b26-af59-622fda46175d"",""src-98e88fc5-ab47-5819-b6ca-b97a12ea40a5"",""src-b038b254-bc20-56ef-b285-b77d4ad2820e"",""src-ca5d3550-66aa-5b8c-a889-53e515210886"",""src-f9e6813a-da03-5211-b4a9-ce4d85f074ce"",""src-265636f4-ff4a-5afa-b429-e0772505b8f1"",""src-6e978528-760a-59cf-b36c-4422364a2f36"",""src-99e313cf-280f-54b3-8c6e-60364071ba67""]","MATHEMATICAL_REVIEW_REQUIRED"
"template:4eso-b:geometria-analitica:template-t497fd","5","[""cand-1777d664-6e94-5602-aaa8-ce4af70a6836"",""cand-4d185228-e40a-5f22-98bc-23795647a39d"",""cand-bad9dc25-7a1d-5073-a584-fda484232e53"",""cand-d1c203a7-71e3-5991-ab2e-3d762635a7b7"",""cand-dc941a3d-9502-528f-84b7-20387cd4b561""]","[""src-4f9601ad-023a-5dd9-a1d8-b1f5ddb23448"",""src-818de3db-219b-51b0-8ac1-da7a650e6129"",""src-b73e64a9-cc4d-5511-b89b-e68fe20c48d0"",""src-5f41adeb-012a-51ca-bd4a-5051c6e47248"",""src-50f0533c-12a7-5a1c-afad-fcaed8e4687a""]","MATHEMATICAL_REVIEW_REQUIRED"
"template:4eso-b:limite-funciones:template-1bubgzt","4","[""cand-02159eea-c53f-5efc-9ff2-d6c911d202e6"",""cand-14336527-6c05-5f6d-be71-2ba658fdb1bd"",""cand-a2831c24-6fab-5cc9-815d-f86135fa5224"",""cand-dec73ac2-88db-521f-956f-7edab924db16""]","[""src-b7f03580-4fbb-5a41-89af-c3255a1898a0"",""src-7286df68-feaa-5232-883d-2b89214b2649"",""src-6c0724bb-bd1b-50a2-84fe-75146051847f"",""src-468a606b-117a-5520-b2eb-fd7432698fd1""]","MATHEMATICAL_REVIEW_REQUIRED"
"template:4eso-b:limite-funciones:template-1in29lr","2","[""cand-91de646b-5b14-581b-bff2-02375765bf5e"",""cand-e0d5fe9c-2d74-5c53-8eab-5510c4d05e01""]","[""src-b5d68cc5-e416-55a1-b9fa-e8f3658c77fd"",""src-a6c95b17-9546-57fb-bd70-cb88988ff343""]","MATHEMATICAL_REVIEW_REQUIRED"
"template:4eso-b:limite-funciones:template-1o4bbir","5","[""cand-7fb18dce-a1a4-5739-acb2-3dc1d42a82f0"",""cand-95d584db-46ae-5c38-932a-a1ed50c132c5"",""cand-b1dd3c81-b044-5f47-ab18-58ad75ce5983"",""cand-ef6f05c8-2be0-504e-bb8b-ead7852bf40c"",""cand-f9761d43-b09f-50aa-b057-350ddc4acb84""]","[""src-182f28b9-bb47-5d01-8ca8-1bbd0a909c6e"",""src-6d6734b7-0295-59c3-8e0e-fe16e7efc375"",""src-74a05a40-75f7-5ecb-af7a-91180ca6133b"",""src-353b6003-d9ad-526c-b3bd-ba71604c590a"",""src-30b0cbb0-483f-5f79-9b66-67d3b8a87e55""]","MATHEMATICAL_REVIEW_REQUIRED"
"template:4eso-b:limite-funciones:template-1rudn5z","3","[""cand-0d60dc9a-ff9a-5c74-8276-7f202aa66bb0"",""cand-10ff1f40-052d-5978-8f5a-8e6a9619c518"",""cand-c6027150-d4b0-5321-93e0-369946c7376c""]","[""src-4dfb56a9-8063-51b3-815e-c99c23e3f199"",""src-a2bb3d3e-5617-5e71-8256-359c8328c722"",""src-1a64767e-f35b-58a1-ac1e-65147ae4a8be""]","MATHEMATICAL_REVIEW_REQUIRED"
"template:4eso-b:limite-funciones:template-1x3yjo8","6","[""cand-5642c9f0-f000-58f4-8cd5-21fd34ee810d"",""cand-5a394cea-638a-5ee5-ad1c-edf1d459cca4"",""cand-739a766b-db63-5e31-b1ea-bc33d9ad3340"",""cand-94ab5e9e-72dd-52d8-b70b-40743979adc5"",""cand-96956b5d-bd75-589b-a48d-81e23f9038f4"",""cand-ddcbe1b5-4cc4-5507-b37c-f07e9b706cce""]","[""src-10dcf583-b52c-59d3-b0a4-76756d8707c1"",""src-dacd2f59-784a-5a91-8b23-c62c9d70a592"",""src-58167e50-723b-53d9-a330-6837a5d14582"",""src-ee3b3ab0-0126-51ea-aa1d-08f3e67fe218"",""src-2630c881-8c20-5936-9ed1-3ae442a56cc2"",""src-bdc44b2a-bff8-5ad3-bece-40bdc91757e6""]","MATHEMATICAL_REVIEW_REQUIRED"
"template:4eso-b:limite-funciones:template-mvsp0h","3","[""cand-2879e94c-c37d-5836-9757-02f9cc838408"",""cand-397f509f-2250-54c3-bcfb-f89d6cecbaf5"",""cand-e65baf5a-c706-50db-9b47-6b64cba38a6b""]","[""src-12c41b3e-934a-5535-b965-a6bbd7ae5102"",""src-10511227-8885-5aee-9da6-b68811126e79"",""src-cb55825c-58db-5e62-ac70-a14060af338d""]","MATHEMATICAL_REVIEW_REQUIRED"
"template:4eso-b:limite-funciones:template-qyylg2","3","[""cand-28a571e4-fdc1-5c77-ac08-673d237a1ee6"",""cand-777618c8-2cac-5be6-9f98-1fe29bb22f89"",""cand-d28bf3c0-f4d5-5119-a81d-ef78a16d3765""]","[""src-e25eb56a-653f-5c29-8313-8f738ef4887b"",""src-2394d637-dc8e-5deb-a632-82f49a32533f"",""src-8abb8b7b-1b8e-5b0f-ab5a-07a6252edab4""]","MATHEMATICAL_REVIEW_REQUIRED"
"template:4eso-b:limite-funciones:template-uvpioy","3","[""cand-60b4f6e6-2d75-5010-ac3a-38a68d4878c8"",""cand-7163ca36-fbf7-592a-9066-54a5b0101cb4"",""cand-add2f8eb-0b77-5429-902f-d5c41c1b0dd6""]","[""src-d5004a7a-1eb9-5eaf-97e7-181b7c1a1054"",""src-b71482a1-1662-56ea-8020-c5fa0f2d1b85"",""src-f91fa163-2987-5374-ac2b-c4f55b23eb2c""]","MATHEMATICAL_REVIEW_REQUIRED"
"template:4eso-b:limite-sucesiones:template-12z5955","3","[""cand-40599e97-48f0-5637-afc6-4e69f8702e6e"",""cand-a177ccfc-7d92-52ab-b223-6395777262eb"",""cand-d0882198-315c-50e3-9b61-493705269af5""]","[""src-2993279c-a07b-5480-9a6a-252c50429ed6"",""src-adf25695-a3a0-5880-b273-5ef9f5603d29"",""src-e076d885-cfcb-5206-973d-1c7c72317241""]","MATHEMATICAL_REVIEW_REQUIRED"
"template:4eso-b:limite-sucesiones:template-1p8jyva","6","[""cand-1714f071-b898-5dd2-adf0-a22f34a92d25"",""cand-36b8ddb6-a740-5de4-b985-2f9646f5c74a"",""cand-4ec125e8-b8d1-5c7c-81fe-5552328c6c3b"",""cand-7519325a-2ab7-5c60-b94e-9b3222d2b618"",""cand-765fa063-96c0-582c-97d6-6f1e020213e0"",""cand-f2ef8896-148c-5ef7-85ad-39c222af6ec4""]","[""src-f04c955f-4e83-5e62-889d-eccbb08faf1d"",""src-199acc2d-a3a2-5968-9a45-e429a3fa9a76"",""src-220cfa6b-824d-5cdd-8651-2926d6e9d6d8"",""src-b2f7c863-f0bb-5eeb-971b-b26055beeb45"",""src-e1254c94-8323-5217-920a-34e09d29903a"",""src-3deaa135-3179-52fe-88d3-67d5bf6221db""]","MATHEMATICAL_REVIEW_REQUIRED"
"template:4eso-b:limite-sucesiones:template-1ujwq9s","5","[""cand-0160d933-e4fb-51a4-93b3-cffdc9522ae9"",""cand-05cd5a4b-de09-5f89-ada9-52089b262ffa"",""cand-3a43da37-ef14-594d-af7a-466fcaaecf36"",""cand-6207bc17-9944-5b8b-815f-e8c19385dc53"",""cand-f84001fb-6746-5471-a090-8a03aa048653""]","[""src-8e0f0d96-65d6-516f-932e-bc3207f41982"",""src-4adedd2a-6774-59a9-a107-fe6b89d8a541"",""src-1cf32280-7703-5eb7-a2b8-aeed2b9cc446"",""src-1f2adb9b-bd33-5adf-8f38-4b5b0502066d"",""src-a46e629d-9b76-5833-b014-33359d6c00f8""]","MATHEMATICAL_REVIEW_REQUIRED"
"template:4eso-b:limite-sucesiones:template-84sgb1","2","[""cand-4d6b22b1-d6f5-58aa-9b47-1fd358c8aea0"",""cand-d3110d59-5683-5328-868d-26a5f8f03c48""]","[""src-7a8b6a72-6ae4-5480-a3d1-730be25b7a9a"",""src-0e5ad62f-4edf-5071-890f-c72de7574b9c""]","MATHEMATICAL_REVIEW_REQUIRED"
"template:4eso-b:limite-sucesiones:template-la058l","5","[""cand-0d8cada1-688c-5be2-bf7d-669eddbafe75"",""cand-71aa0396-5ab6-57d6-a7c2-118fe1a1001f"",""cand-c2ee00d8-9b3b-5a73-b55c-d39168dc0736"",""cand-cce1e63b-4ba0-5c33-abe0-06379d7dabab"",""cand-cf85b17e-3ce2-5170-8165-c5094d538233""]","[""src-bcadda14-5434-51eb-bc7d-e98215306771"",""src-f9e6daf2-cf06-5c8d-9613-04e4dc93874e"",""src-a4545f19-fbb1-51a1-8eb0-8eeeb760841e"",""src-b9e7a119-dc2b-5ff9-a7e7-281c24f7f9b8"",""src-889de19e-0ca7-5e3f-a49c-c8a4959d46e3""]","MATHEMATICAL_REVIEW_REQUIRED"
"template:4eso-b:limite-sucesiones:template-lnd9hh","3","[""cand-8f4fd18f-5307-5f0a-a595-b1a3d9d963bc"",""cand-a90ef72d-48ee-5f9d-a04b-d4e574c7a442"",""cand-add366e3-fcb8-5700-b8ff-9bab150d7725""]","[""src-c5f92400-f281-528c-beed-7e8a9c5699b1"",""src-f7d39ed8-c32f-5229-afa8-219631949f41"",""src-6812441a-feac-5ad9-96fd-ba3d82805e5b""]","MATHEMATICAL_REVIEW_REQUIRED"
"template:4eso-b:limite-sucesiones:template-vi56qj","6","[""cand-5f34c334-a333-5f46-913c-f8af58e0ea6a"",""cand-ac329546-b7cc-5c1a-a406-a8330640c39b"",""cand-ad73e195-59f8-59e0-9440-c5996b8406e5"",""cand-bf2f8428-ec7f-5827-8732-fef5e5268003"",""cand-e9a1e0e6-ef7f-5e24-aab7-fc41f41efd47"",""cand-ed05a28f-6fec-58a1-a0ff-97d4221e67d3""]","[""src-b01c51a7-693d-5e6c-8024-d8c4669b9ec1"",""src-6b450411-8d76-500d-a092-0e97b75a15a4"",""src-c554ab3f-a828-53ba-995c-a5bb95eb1f50"",""src-e9c77bb8-9d94-531c-94ff-5bf46831efde"",""src-62b61161-ec4f-57b4-9256-6e027ca84a1e"",""src-4a1381d2-cacb-50d2-b647-bcd91fa48b99""]","MATHEMATICAL_REVIEW_REQUIRED"
"template:4eso-b:limite-sucesiones:template-yjfw3u","2","[""cand-52e2920c-6249-5e6e-8000-bb613552825f"",""cand-f2758f09-888f-53fb-a9fe-48501b3954af""]","[""src-50465636-fa77-5c4e-88cb-808ee3367962"",""src-7af5021b-ad87-5adf-9fd3-0c74ce815f08""]","MATHEMATICAL_REVIEW_REQUIRED"
"template:4eso-b:numeros-reales:template-1aruw37","4","[""cand-45313848-e270-5182-98c2-6a9fca11fb77"",""cand-7c16c782-ce15-5da8-ad25-a59e8bca7a54"",""cand-7c3b0c29-f538-519c-b7dd-86e71155d77d"",""cand-f658209f-a26d-57f9-b3e6-e71ae8be3b5d""]","[""src-f81a88b9-2fc4-5067-9f28-d8ad5b70e9af"",""src-d4729a13-a62c-5918-a103-8c569c7b70a8"",""src-ddb2c997-7d2f-5695-9c02-8309f8e7661e"",""src-e86e72eb-52b5-5612-9633-d693f94296c7""]","MATHEMATICAL_REVIEW_REQUIRED"
"template:4eso-b:numeros-reales:template-1clk0es","2","[""cand-4faaaf40-274d-5151-8f53-012526659631"",""cand-b0368d45-40c2-50ea-a8cb-653995b8ebb5""]","[""src-82069cae-47f2-5c09-b8d2-bee3f940444d"",""src-7ae963c9-55fd-52f8-aeca-4638d5e929ce""]","MATHEMATICAL_REVIEW_REQUIRED"
"template:4eso-b:numeros-reales:template-1cvvh31","2","[""cand-639bada2-8229-574d-93d0-abcdb3eef699"",""cand-edc3e1dc-1564-528b-ba39-01bc43dd1e83""]","[""src-3964f869-b3e5-5720-bd58-b58508416bee"",""src-c6395f44-9173-503b-8982-4eb05ae13617""]","MATHEMATICAL_REVIEW_REQUIRED"
"template:4eso-b:numeros-reales:template-1h5my0j","4","[""cand-30202808-4547-5bc5-a722-a6fec18bcd7f"",""cand-6615876d-38a9-5a8b-ae11-b114e5e7fb59"",""cand-8a6fb14a-8dc0-5281-8fe4-60a765cf98f5"",""cand-f160fd1f-5bc3-5b42-8a7a-23e7baa30bb1""]","[""src-498cd1d2-1428-513f-bd81-b1395caa58f4"",""src-753ddf9c-efec-5b03-a118-142aa0faeeff"",""src-11e376ea-314a-5813-a770-fc9b3ce9e59f"",""src-f5b2e1c3-d6ce-58d3-b652-67780397c005""]","MATHEMATICAL_REVIEW_REQUIRED"
"template:4eso-b:numeros-reales:template-1mst931","3","[""cand-d25d820f-89f7-514d-bb3d-9f83c5d4ef27"",""cand-ef7639c3-7e15-5843-9a47-55415f562d54"",""cand-f217191d-517c-5248-ba75-66851270d80b""]","[""src-e56649bf-5ac1-594f-966e-f7e8fa73b2db"",""src-e31a092b-6c89-5d84-8d74-5addfe27a117"",""src-552f1863-b17b-502d-90fd-d718a3747393""]","MATHEMATICAL_REVIEW_REQUIRED"
"template:4eso-b:numeros-reales:template-1thv9yq","4","[""cand-90bd3cb9-44cc-5f1f-9c6f-3715445ecd7c"",""cand-bc1eaff0-635a-5164-a621-201a472cf1f5"",""cand-d08831af-352d-5eb6-b047-b7a59a5242fc"",""cand-ea025e74-82f6-5aa2-afb9-a2f04b680ad0""]","[""src-0c14396d-9729-511b-8509-9a3b059854e7"",""src-b7994c7e-5e79-5e22-ac62-3efce8110b25"",""src-c2fec280-3f9a-5b30-9ca1-662f2cd3e96b"",""src-d2cf0dcd-313c-5cf0-8661-48fb40a418a6""]","MATHEMATICAL_REVIEW_REQUIRED"
"template:4eso-b:numeros-reales:template-1ufrcwq","4","[""cand-9633958b-746c-56f4-a0b0-417c6d7941b4"",""cand-ae589b26-ef2e-5bed-803a-748d8e68abc6"",""cand-cf947141-e458-5cf2-8a4f-1b7bc5f7c02b"",""cand-d205f145-53fe-5209-9556-c376cd64633e""]","[""src-4ca70d9c-d9ee-5b80-a36f-a25d73b2b812"",""src-41010ba5-5f7d-5d17-b940-05eadf99dd64"",""src-09ebdbf9-2958-5aca-8844-735c0666e1ff"",""src-cabbb658-ffea-56ae-b827-36c842aada7f""]","MATHEMATICAL_REVIEW_REQUIRED"
"template:4eso-b:numeros-reales:template-1y8wcmw","5","[""cand-130e3c69-9069-5e4c-97e6-d93fc72ad10b"",""cand-334e5a1c-3b8a-558a-bbb4-7f641684026c"",""cand-4403c186-f911-55ee-8f12-9ef81f3e69d5"",""cand-e860fa48-7d72-56dc-92c1-4557673b9b47"",""cand-f724c49b-6e45-5a40-8a7f-e50eeb378516""]","[""src-8679694d-6d99-50f3-a402-05df903a377a"",""src-ca8504f1-c902-504e-87b5-5cbc5cf16ad5"",""src-1e416599-39f7-5272-a8ba-ef8188fc755e"",""src-681b5458-c1f2-5952-9f95-da2642e81799"",""src-54026291-59c1-53d3-9b91-ec9cfd9cad36""]","MATHEMATICAL_REVIEW_REQUIRED"
"template:4eso-b:numeros-reales:template-b98z2b","2","[""cand-204b9c36-94b1-5d7a-9697-f38e59e92a4a"",""cand-301ab380-7d75-585e-88e1-363ce18831ae""]","[""src-37665b95-b076-5275-8d80-cd59e50099f2"",""src-64e06a48-77af-5a45-a6ad-cb1a5efca3c4""]","MATHEMATICAL_REVIEW_REQUIRED"
"template:4eso-b:numeros-reales:template-qcfo24","2","[""cand-06f4d5cd-17bb-5df6-8944-b92edaefd9cb"",""cand-ce3e86e5-e062-5413-87cf-727d934e5c57""]","[""src-150d4e74-a86c-5565-b59d-c518dcdcd132"",""src-bb7ca65a-6264-5843-a6b3-f6e935ac133d""]","MATHEMATICAL_REVIEW_REQUIRED"
"template:4eso-b:radicales-logaritmos:template-1b4wsrs","9","[""cand-09105e7b-6fe6-5a95-8150-1338993d0522"",""cand-0a1811c1-a310-50dd-bdcd-af1b15994862"",""cand-15300ca1-90ed-52b9-aa44-3a0e1055142b"",""cand-801ee684-7c93-5f06-8966-734882d8e6be"",""cand-b6b30491-0986-5be7-9e9f-608622799e33"",""cand-c2c4bf9b-311e-570b-acbe-3d10362fa275"",""cand-e19a6fcd-4894-5a3d-a64c-f7f8cb750d1c"",""cand-f1efd072-05da-5fe5-b926-b814adb478bc"",""cand-f6184a5c-47c6-5b38-bbea-dc8998663cbf""]","[""src-ea844d35-1198-5577-8735-3c4476d52663"",""src-b49580f8-5087-52cb-bd92-4dcf2314db45"",""src-d3ce27c7-92c8-5510-83ac-a4316b026f94"",""src-beb25675-9a45-52a6-82bd-ff39cab4f8f8"",""src-cc818e62-e9f8-59ee-aa6b-a23d6ced87f4"",""src-e5f85431-945c-5cd0-a40d-a58218bad7b3"",""src-19b7d35e-2b25-544e-b775-ca1e32692138"",""src-66e971f3-b4e5-56f7-9c09-9372ff57c9a2"",""src-7126e377-aeb9-5890-80ce-3ac0299ee1a4""]","MATHEMATICAL_REVIEW_REQUIRED"
"template:4eso-b:radicales-logaritmos:template-n7bvmw","5","[""cand-02373874-3f1d-573e-87a0-a530e67891d0"",""cand-4cfe71e7-68c1-5515-bf47-eff6c39d669b"",""cand-8009835f-8663-55b5-a6af-3f8b1839c204"",""cand-d5cf1288-84be-52cb-ae76-512b95eb9db8"",""cand-e5375530-ac7a-5c67-ab15-20c5eb37016e""]","[""src-cd18b9df-1aef-52e9-bc85-edd6fa28eafa"",""src-61fb42cb-30c2-51cf-b0f7-0cd52f08debe"",""src-4bf656e8-f1ef-5ebd-ad70-1a3693c619c7"",""src-ec2d1ec9-68ee-515f-a670-36faf9c2dd48"",""src-f88fe276-6d96-5754-b575-cd4136e9f6b8""]","MATHEMATICAL_REVIEW_REQUIRED"
"template:4eso-b:radicales-logaritmos:template-rl8qni","7","[""cand-2e5bd425-0a03-5784-848b-2ea60abd22d9"",""cand-7928cf9c-6473-5a3a-b884-69d125bb16d8"",""cand-8dea341b-c7e9-5d86-997b-8d2415a170d3"",""cand-a4a373b9-6782-55bd-ba63-def499ce1a03"",""cand-aa839c5a-f61f-5f27-9bde-adaee55cc5c0"",""cand-c7cc846c-793d-50db-95c4-d2ff0d361382"",""cand-dcf506fb-187b-5c39-b5ff-39427aed5413""]","[""src-f5695c33-e5fa-5499-b28d-e2f07c234203"",""src-2128922c-f751-5425-b9de-c2a899dcfed0"",""src-a4e608ac-de4c-517f-90f7-d7f84e0120c6"",""src-34a43a99-fc0c-5c82-9b82-95baaafd08db"",""src-d109b9fb-7793-5aab-b3dd-46cb46c0b517"",""src-b740b30a-ceda-53fe-9e88-b57b27ad4913"",""src-a2192db5-9a85-54d8-b43e-f094e0b41601""]","MATHEMATICAL_REVIEW_REQUIRED"
"template:4eso-b:radicales-logaritmos:template-tn9mjx","9","[""cand-4b618078-e216-5025-9d77-796bee97d9d1"",""cand-76962577-1528-5205-a4af-2793f985d7d8"",""cand-85dcf924-4942-5696-99dc-e9541a731084"",""cand-8c357c1d-802e-59a1-b8c7-b5565a5b9655"",""cand-bd7d4058-e21d-5ec9-87c6-249f3c408564"",""cand-c07317af-750e-515c-8a2f-e6b6da28a069"",""cand-c789a7b1-d4a2-56da-bf09-8c65b55561ac"",""cand-d6678671-50ba-5bbc-9a59-65d32a6505b4"",""cand-f8078ff2-d121-5ccf-87f3-24bbc04bd909""]","[""src-e3be5355-0aa8-5fda-9777-f7683112412d"",""src-cda046b0-0e4c-5f45-a24b-9bcea2187cc8"",""src-e312fbcb-a166-58bd-b6af-488dcc0fdfe7"",""src-845aade2-3940-501a-bbfc-6538925e779f"",""src-567b1690-0df1-55f1-93ad-8787ffe593d4"",""src-d06a53fb-0694-50f7-aeab-95db728887b5"",""src-59a84bc0-388d-58d2-9269-3ee073257d95"",""src-eeedc4ae-2e18-5318-b00b-3430863cfaab"",""src-fb9a5c33-1f97-5380-aae9-631a36b45e2d""]","MATHEMATICAL_REVIEW_REQUIRED"
"template:4eso-b:semejanza:template-19mlhkb","4","[""cand-1f488b82-39b2-5423-91b6-af68d8d25de5"",""cand-307821ee-54c8-55d3-8dad-01ed735da452"",""cand-3c122608-e2d4-5ef9-9a59-95f4ab09a25b"",""cand-9e48f228-aff8-5cc1-a5a7-1cb727af3287""]","[""src-b0fe3bea-f0af-500a-9dcd-f6fc74fbf045"",""src-3ffce43a-d4b9-5180-87bf-524095084e29"",""src-cbeff4b0-7d41-55d6-bed6-1a6f623a18fa"",""src-78c9fae4-e9fb-5d38-94c7-af6bc624880d""]","MATHEMATICAL_REVIEW_REQUIRED"
"template:4eso-b:semejanza:template-1cmt6rk","2","[""cand-806aa6dc-2df3-501e-b859-50f37ed2fdb1"",""cand-9ed4dfa4-bfbf-538e-a82b-80b86456e46d""]","[""src-1dc89f3c-6be8-5fca-b745-64cda601ac1a"",""src-be54efc3-7b6a-5f46-89a9-7032f0c77164""]","MATHEMATICAL_REVIEW_REQUIRED"
"template:4eso-b:semejanza:template-1h0me1n","3","[""cand-21a3a7ef-15ea-5c49-b88d-72cca4c500e9"",""cand-8b0afcf1-b399-51f1-9740-87406ac2b2aa"",""cand-9539877c-48a7-5fec-939b-74732c8ccfb6""]","[""src-7aa3739f-fc9d-539c-a324-9b9d08c1d51b"",""src-71c07178-7cc8-56a2-a752-849f1bc4596d"",""src-a17b8d00-5954-5254-b4ed-d692ea9ea454""]","MATHEMATICAL_REVIEW_REQUIRED"
"template:4eso-b:semejanza:template-grssvv","3","[""cand-5185efe6-3843-549e-a459-1d3ab838f1f3"",""cand-5a25ca5b-84b0-5b0f-b8c5-07282832eb5b"",""cand-ca205f11-f06e-5a5f-918c-1c87b46176de""]","[""src-2e4a85a6-e880-5498-a5a1-f1c46643ecbf"",""src-ade50e05-736c-545f-bdce-f5f69dbfa2e1"",""src-4d27cc2a-43cd-504c-b4da-73e9a437070d""]","MATHEMATICAL_REVIEW_REQUIRED"
"template:4eso-b:semejanza:template-ioy3gg","2","[""cand-bc090909-5cfb-5728-82e8-ec2a2cbd88c0"",""cand-e3ee522e-e82d-5e64-abe9-b2eadf922924""]","[""src-72a2866e-9815-5ac7-8445-b3d8501d65d0"",""src-055ac848-ef11-5df9-89d6-95422a9f913d""]","MATHEMATICAL_REVIEW_REQUIRED"
"template:4eso-b:semejanza:template-snngn8","2","[""cand-135c11ac-6c21-5434-a6fe-288a502cdaba"",""cand-d2bdc387-8c9f-5ce4-a23b-4ceab243fa62""]","[""src-b167901f-3969-5e4a-a64c-67d6b0b4792f"",""src-87982aec-c79a-5c4a-9afc-7cb66721920a""]","MATHEMATICAL_REVIEW_REQUIRED"
"template:4eso-b:trigonometria:template-17bmgdt","2","[""cand-4cf6bcef-6af0-5f7e-8491-b1542994f81c"",""cand-8b8ae6e1-67f3-5d21-8d78-49bcffae7019""]","[""src-0d6dec19-2f4e-5f41-ad81-d1685a24d61c"",""src-eaa84267-d9c2-5da6-ad1d-6611b0f73416""]","MATHEMATICAL_REVIEW_REQUIRED"
"template:4eso-b:trigonometria:template-1bre55q","5","[""cand-1317ae69-cb9c-5c32-ad2b-e36cfed7f485"",""cand-be9a6a39-2e63-5ccb-b776-24738a9cec6f"",""cand-c847795e-a521-5ffd-b88d-595b6fc3b893"",""cand-cd8266d0-8ba7-51ab-b99e-075705f22f1b"",""cand-fd780e32-f689-53d3-92f9-390bd8283fb5""]","[""src-3828341a-fb92-5d4b-8c2f-efc8fed0af27"",""src-5becb50e-8635-5cef-bd71-23ce7a9292c4"",""src-88199648-3cbe-5e64-955c-7dcdbeb69560"",""src-7c7cae3c-0255-59c0-a16e-8537ee576916"",""src-d7189438-ab16-5741-a0d8-f299cd0b6794""]","MATHEMATICAL_REVIEW_REQUIRED"
"template:4eso-b:trigonometria:template-1op2i5l","3","[""cand-a1108c9c-2779-5ca1-9517-0c310737ff3d"",""cand-af40dd84-d5af-5a3b-8927-19b9c9db799e"",""cand-fc80fd50-7dae-5a4d-9edd-211a78e99bc2""]","[""src-9b45e9e9-2e8c-561f-8512-ae9ade69e081"",""src-70feffcd-e9ad-5ffe-91de-70efe6e9ac41"",""src-423c5943-e0e0-58e8-88ad-36cf62f0ba5a""]","MATHEMATICAL_REVIEW_REQUIRED"
"template:4eso-b:trigonometria:template-1rb49u5","4","[""cand-3256d912-996e-5514-abe5-08e7b165e532"",""cand-71a4e919-5f8c-58ce-b368-4977303d0b53"",""cand-e5c3684f-5807-5714-8ca7-505806823c9f"",""cand-ea12b5d9-95bd-5bc8-b9bb-69b82f91e856""]","[""src-83c5f070-9e77-57e8-b9a1-6df1f70daf68"",""src-5ead81e7-0057-5837-b169-7885256faa51"",""src-9fca1571-d7da-540c-8e37-c89b9d6e624a"",""src-b236d48b-a936-57e3-84b8-1012a515f82b""]","MATHEMATICAL_REVIEW_REQUIRED"
"template:4eso-b:trigonometria:template-9fiq9l","3","[""cand-23fb2116-885f-506a-9bad-7c785181e814"",""cand-5e4178f5-3a91-51df-8eac-acfc5f569339"",""cand-b644c444-4deb-5501-94c3-ec7da3f777fc""]","[""src-adb0ebec-7e1f-5a13-94e7-42ee65952dd5"",""src-1f8bf73a-498d-5c06-aced-1d21ae002cdf"",""src-4375f5de-2d5b-54d2-ba06-e0b29bbf15fd""]","MATHEMATICAL_REVIEW_REQUIRED"
"template:4eso-b:trigonometria:template-d8ltku","3","[""cand-782c3224-596d-52a0-8cd7-36e5f1968dff"",""cand-e887cd59-8628-56fe-b9f0-32065ee8be0f"",""cand-f896e01f-c9fb-5003-9fb7-d777e3159450""]","[""src-bf8a6fec-c13c-5633-bbce-82f3155b9b18"",""src-f0e6029a-68d2-5556-adeb-2d3d1949b153"",""src-cd1680da-37b5-5a83-8a40-f276bfec5b33""]","MATHEMATICAL_REVIEW_REQUIRED"
"template:4eso-b:trigonometria:template-lgesje","4","[""cand-18e30625-4b25-5d4b-9a8e-4da8bda9d8ac"",""cand-2ad37a05-0492-5a8b-8fb5-1fa203095259"",""cand-3f53b9cc-b343-5b88-bd63-0bffc2e847dc"",""cand-de485978-3df3-5dfe-89a9-b47e5eb13373""]","[""src-118c4152-f83a-52ea-9a2e-979511942911"",""src-bc24c5b3-28e8-5df6-a138-087812188862"",""src-84ed187d-ca8c-521a-9777-83bca0078052"",""src-6363104c-9260-5ca0-946a-653f2d8ab2c1""]","MATHEMATICAL_REVIEW_REQUIRED"
"template:4eso-b:trigonometria:template-q7xlzb","3","[""cand-0767cf93-3110-53d7-89e4-c60c421fb8a4"",""cand-399cc50a-d65f-59db-935e-2a995783c64d"",""cand-4969cc53-c971-561f-9060-4cfeceb10e80""]","[""src-e50a9d0f-3d56-5028-a6ee-c25a67c3e711"",""src-5dbd386b-cd20-5975-bfac-325eed894a19"",""src-12c3b5f9-c90b-5c65-a57c-b59706f4256e""]","MATHEMATICAL_REVIEW_REQUIRED"
"template:4eso-b:trigonometria:template-rtcxut","2","[""cand-49658aee-ca5c-55b4-863b-b80dab147535"",""cand-698f0a65-e471-500a-9ea0-03157ccb8fc4""]","[""src-04ee9838-c0c4-58e8-9e5f-6208a402323c"",""src-cc97c5a3-17ce-523c-9da3-c5740311e105""]","MATHEMATICAL_REVIEW_REQUIRED"
"template:ccss2-def-barrow-polynomial","2","[""cand-ae212a65-17b3-5866-937e-6005c6272549"",""cand-c973baca-28dd-512a-bb70-e16606557e24""]","[""src-b6a38095-aecc-5d89-a271-f55b66899013"",""src-0807e8d2-ca15-50dd-a5ee-2dbfa2fb2ce4""]","MATHEMATICAL_REVIEW_REQUIRED"
"template:ccss2-def-property","2","[""cand-133b6a9a-1a4a-5514-a70f-997d2b048983"",""cand-b80c74bb-4de7-5aa9-b752-a7d91d5f8f90""]","[""src-105e90a3-b458-56f7-8fa8-6998e9bcf3fe"",""src-f2b42b9e-b6e9-5404-930e-263812ef6172""]","MATHEMATICAL_REVIEW_REQUIRED"
"template:ccss2-ind-condition","2","[""cand-2b0c02f6-0a57-51c7-879c-401cfcfef342"",""cand-31f3f70b-b145-5cbd-8854-07ff9f199025""]","[""src-dd8daba8-e30c-5ae9-a429-051559ca0586"",""src-7c6a227f-4905-526d-8efd-418876b13776""]","MATHEMATICAL_REVIEW_REQUIRED"
"template:ccss2-ind-exp-linear","2","[""cand-30df3f01-db0d-5393-9c27-85a3bdb26e9d"",""cand-4b45bed5-2fac-5c84-9254-0f36362370eb""]","[""src-f32a6384-4718-5902-8e89-0e1080a32352"",""src-8d45ff35-1862-58ad-9436-32871cbdf504""]","MATHEMATICAL_REVIEW_REQUIRED"
"template:ccss2-ind-linear-combination","2","[""cand-546e3da9-7863-5042-a120-dbc4353fdaa7"",""cand-efeb9c2c-5f96-514f-ac8e-63be98e262d3""]","[""src-0c9c0d80-9224-52ef-941b-5cd65a8ea232"",""src-b5228e56-a3b8-598e-81de-e9ba3f9aea10""]","MATHEMATICAL_REVIEW_REQUIRED"
"template:ccss2-ind-log-linear","2","[""cand-170559e0-e6e5-5ff8-be81-6d5959145661"",""cand-7743c831-38c0-5c6a-b8f3-26fe76db1fd2""]","[""src-d6e81149-3ab0-5874-9fa7-58c8cd6ecefb"",""src-8bfbee93-4213-51d6-a017-2a62d20019eb""]","MATHEMATICAL_REVIEW_REQUIRED"
"template:ccss2-ind-polynomial","3","[""cand-074621ca-196f-5537-8ec6-54939e69d52e"",""cand-2afea60d-a785-5fce-bc1b-aa2d3a148fd0"",""cand-74541afa-fd16-5150-bcbd-676c6234580c""]","[""src-0ab0ec3e-efb2-51fe-90de-fecb9b198dd1"",""src-eb9f360c-c6bd-57ec-8020-72bc4f0584d1"",""src-b15503c6-9800-51ee-9f51-28d9845e995b""]","MATHEMATICAL_REVIEW_REQUIRED"
"template:ccss2-ind-power","3","[""cand-752a0227-e5cf-513d-b2c8-985a957a860b"",""cand-aed95de8-eec4-552d-8743-b5d51ceb6294"",""cand-d0287796-f38b-5138-9793-29aafbacb4f8""]","[""src-53ec8a9c-428d-5ae3-8c15-11c2d6378470"",""src-42af8bd8-3a53-5a01-8108-7c1f8641e0ef"",""src-478181cc-b275-5e8f-acaf-7fcc773fd918""]","MATHEMATICAL_REVIEW_REQUIRED"
"template:ccss2-ind-root","2","[""cand-08298b78-72a7-5301-b114-86b44c399818"",""cand-cbfddf46-ccd9-53a1-a231-7ebaaec2e90e""]","[""src-8384847f-c705-5173-9267-77df3be607f3"",""src-91491ae9-fd3f-5a09-b1eb-10825048b2c7""]","MATHEMATICAL_REVIEW_REQUIRED"
"template:ccss2-ind-simplify","2","[""cand-80e12c1d-34fd-569f-85be-1431f219d5ae"",""cand-a6150c5e-d9ec-572a-afbb-5d21c1f4d292""]","[""src-b455b0aa-4cdb-5380-9bc8-71453b609675"",""src-0a6b7752-7bb3-5233-acdb-694494777162""]","MATHEMATICAL_REVIEW_REQUIRED"
