candidateId,exerciseId,errors,warnings,diagnosticCodes
"cand-53c8e03c-de04-533b-aa33-a133ae18a9dd","ex-1e32ff00-4689-5ff3-a610-1f348346648b","0","0","[]"
"cand-0834eb47-5cbe-5cc2-a38b-43fa5336fc4b","ex-648b9969-ec05-5642-834e-5e66da422ed6","0","0","[]"
"cand-ce379376-8909-5393-994e-bc721c4cd784","ex-d85cfaee-eb0f-592e-9c9e-978034137eb1","0","0","[]"
"cand-9bd11696-9fd7-5942-a685-376805f58cb2","ex-62919eab-90de-5936-8803-e3edc40e88b0","0","0","[]"
"cand-f795fe4c-e0df-5f95-b848-6e3a8a4720df","ex-3b3283a6-dec1-5f2d-9092-e64e3e4ef42e","0","0","[]"
"cand-37ff5006-dbb7-5504-a496-e61cd8044c2e","ex-539f9377-877e-5dc8-bc38-d15db7a78499","0","0","[]"
"cand-6faffc80-c116-5fd7-8b17-16f1264b4074","ex-45503716-9b61-5500-8035-2beda0138495","0","0","[]"
"cand-891dc52c-dc4a-5179-af67-ce31370d6c69","ex-5022aebf-c986-5139-8a35-874284ce50e2","0","0","[]"
"cand-9721f2e5-2cd2-5756-84e7-9a3ad1edd558","ex-11dad0a3-2ad0-50af-963b-68c703c598a7","0","0","[]"
"cand-5719248e-2ab0-57e2-83a1-3e37d644cda9","ex-ace35a7c-2631-5036-89f4-546070e08bec","0","0","[]"
"cand-9d2007da-481b-54e1-9bfc-d0606b7ce6c6","ex-869bf4ab-563d-54e2-b7cd-abfa71496bbf","0","0","[]"
"cand-e6209222-2419-5efb-8253-794a4c7a7dd4","ex-2a6970cf-70ac-5dd5-8859-82de3d8cccc7","0","0","[]"
"cand-df1e8da1-233c-5f88-9928-41b11dbb557e","ex-afccb647-a42a-5c52-88f5-b27858acdcb4","0","0","[]"
"cand-c0f78f9e-3af6-5759-93c4-8676f62ce3be","ex-e44cead7-9e85-54fc-9548-6f8bd9259ea8","0","0","[]"
"cand-4cb87666-9fd2-569b-98b8-a94f9b80899f","ex-834afdcf-c5f2-5f5b-8a0c-826e7942030c","0","0","[]"
"cand-ec3f876b-dbe8-592d-b705-0bdfc787aafb","ex-ebe38459-ea4d-5c63-9992-d458ffa617d1","0","0","[]"
"cand-e3ce8eb5-ba86-534e-917f-0f9428f88d96","ex-462db749-1ef4-5f50-9d81-3f66a9a7224b","0","0","[]"
"cand-184c94b8-5f62-5a0c-a473-524af8ed72c6","ex-d99b46a4-c822-53ca-ba2f-a10d5a6a51ab","0","0","[]"
"cand-8a17dd9e-5bd3-5c14-8ad6-c30c1db6742b","ex-de914aef-20be-5a43-b023-4ea326681914","0","0","[]"
"cand-b370e634-263c-518e-a7a1-42ec9876a4a3","ex-93c2976c-47b5-5138-9df0-efed08be9add","0","0","[]"
"cand-1cab7bab-4d88-5ca0-85c4-54962588f406","ex-92f07c07-d42d-5eb8-a683-cf3484f6269c","0","0","[]"
"cand-7a74733b-579e-53c1-8eb4-57f0a83c796a","ex-6a8580bb-8a65-5f22-a624-df04ac932020","0","0","[]"
"cand-24be4e4f-9f06-5523-9224-21fdc54696e7","ex-7db8dfcb-0455-5afc-8273-8e50d8684a67","0","0","[]"
"cand-bc2d66a4-0d66-5de6-8bda-aa2d1c41df39","ex-0ef48f43-eda2-5105-a560-328a0578d1e8","0","0","[]"
"cand-5c3e3996-840f-5ceb-937f-7825db9f26a2","ex-a1da72f0-7a7d-5e1c-b502-c2ede7dcac1d","0","0","[]"
"cand-e51afab1-140f-5fa9-a53f-466a63d68868","ex-d134c3d4-7312-5290-aadb-94ad9e011283","0","0","[]"
"cand-ea0f3dbe-05cd-540a-be9d-75a8bfe1c7d5","ex-678f2c2c-8586-5325-bfbc-605e79026f12","0","0","[]"
"cand-d5bc9b97-e115-5f87-833c-c229bdb73edb","ex-07cb448f-0c6b-5bad-8d7e-2b39481c8116","0","0","[]"
"cand-f1b69fc3-ac35-511b-8745-cdf2a9a23606","ex-a3c20744-d902-5fe1-b226-d1b66b413f89","0","0","[]"
"cand-e0373cad-4e64-59c3-8187-87254f8f1ff4","ex-d1763ec9-a997-520a-ba4c-2a9b266d232e","0","0","[]"
"cand-63cfb5ce-7440-5166-813a-a51a080f5fd3","ex-e70d3050-6185-5a7c-9a57-1691a7552813","0","0","[]"
"cand-9d1d77e5-e25b-560c-a553-d8640515c55a","ex-3532cdc0-22a2-5d8b-b18e-5c5e059720f9","0","0","[]"
"cand-9fc0dfab-2dd4-51e0-9805-e444bffd46de","ex-8c2b7367-c5ca-5c2e-b574-659d6c96e590","0","0","[]"
"cand-c5608aed-001d-59e5-80a4-7ab36fc0f2fc","ex-47a72aac-dec1-58ee-bb6a-4d8e89531e96","0","0","[]"
"cand-248b513d-4208-52b6-bbc0-5d4c2dc5baa6","ex-d9e824a5-a851-5b7b-a135-ff7cf92bab6d","0","0","[]"
"cand-089cc8ea-359b-5498-8b2d-1b90e00da6c2","ex-3e52235d-26d0-5a3b-86b9-ae5ac65792b8","0","0","[]"
"cand-b69d1c10-26b0-5de2-bbe3-9965b6890a50","ex-2594b448-9c3f-5e4a-abc6-5b9ac9255f61","0","0","[]"
"cand-789c19f5-5357-5f28-a80a-8d614046836c","ex-af6ceed5-b87b-58f9-8dd2-1eaf411a5acf","0","0","[]"
"cand-ae53c0dc-e75d-5132-8d8f-b6a5bf9aad14","ex-555ef78a-fc62-5a2c-bb2b-9920ff321396","0","0","[]"
"cand-350eafe2-c2c3-5c57-92b0-d7db160ff559","ex-bc4384f0-eb88-52d6-90ff-55fdbfabbc11","0","0","[]"
"cand-c319edd3-05cf-5de5-aa6c-a3f1748bad51","ex-8b5fd097-57bc-5d27-bdf7-0c2cd64cc900","0","0","[]"
"cand-e4205365-73ae-5ddd-b4a7-56af2d1bb6a6","ex-27d411e4-6726-543f-9a05-efd17116fbca","0","0","[]"
"cand-f27eb277-1a83-5e87-a228-fdac2a8436e5","ex-3855dbe5-8b5d-53bb-9143-0840fdb03fdb","0","0","[]"
"cand-ec8a24ad-8374-58d2-a10b-8f6d895355d5","ex-dc014dd5-8b42-5457-9cf6-231c6f7c6673","0","0","[]"
"cand-cf1aaadd-c1ef-5512-9e4c-72d50120399d","ex-5119e732-5c54-5e9c-8f6a-5a0fa76d24f0","0","0","[]"
"cand-67228b57-f7fd-507b-9b66-efcf5804452f","ex-2d6456e8-ffaf-5487-aa42-adb405a033ff","0","0","[]"
"cand-10397590-ae63-50b4-b03f-442375c22c2d","ex-ebda727c-9614-50af-b55d-e5bc062815a5","0","0","[]"
"cand-54d81bd0-646c-5cf9-9ab6-d326c699b141","ex-82f36fa8-37da-59e6-8ed5-63301ba6599f","0","0","[]"
"cand-2b12b590-6817-5092-a397-f5dda76cc244","ex-13a65a04-4d6b-5e76-91a0-04f497b57d07","0","0","[]"
"cand-7b9b2491-8ff2-5282-b6c8-6cf28b62ad4c","ex-bf76d9f3-c999-5414-86ca-d4a242aa1769","0","0","[]"
"cand-b0eb0068-1ebc-5f70-be4c-bee4c9a496b1","ex-2e205e28-346d-5532-9f06-f1d885cd87fe","0","0","[]"
"cand-c4bb8370-6e12-503a-ae3a-a196cfa6d37b","ex-504efe42-bbda-5d1d-ba17-8295b1a5be67","0","0","[]"
"cand-53c0a608-70da-5cbb-b943-f1bd06b9fc95","ex-f3acf4f1-501b-5918-a3d3-62e86c208b15","0","0","[]"
"cand-fabfdf60-00fc-5013-9ff2-417ad49bd365","ex-5baad29d-1c9c-5e88-8903-eb955573b0a8","0","0","[]"
"cand-543e927d-998f-5c7b-9375-45f247eba5ef","ex-4197eead-5a01-55d8-998a-a9d2107ac9fa","0","0","[]"
"cand-a84d4c0b-6e47-56f4-b4e0-36528ba37cb5","ex-de614b19-063d-5d2f-84eb-bedced655aec","0","0","[]"
"cand-3e3ee85f-a242-51f5-bb4e-624973c95177","ex-1c0c5c0b-16e2-56d7-891e-b51f0f5f61c9","0","0","[]"
"cand-88bee065-d08b-5720-a701-13d8a3640260","ex-20a20b1b-f209-5185-86af-8441893b0ba8","0","0","[]"
"cand-a736f4ff-00b6-53d6-b90f-b6e1eddf852e","ex-39f5ad00-a702-5d06-be3e-5e042b270fdd","0","0","[]"
"cand-5f7ab0c3-c001-52e6-8408-6efa11f2de26","ex-d0f624e0-bd7a-5a3a-aa30-6cf87bd0fa25","0","0","[]"
"cand-b5e172f3-c305-5aa1-820b-508637308363","ex-d5f207dd-7c44-5028-a246-82dcda80ba0c","0","0","[]"
"cand-0cea3802-8116-5769-aace-564adb63db59","ex-21da14a3-5b56-5a4c-a58c-886091721849","0","0","[]"
"cand-9d87e900-9ed2-5444-8cef-a9fa2c556433","ex-66ea3d1e-8a75-5b56-9663-d2e2e6003467","0","0","[]"
"cand-56876213-cfbc-5cae-b7b7-363f0d8e4778","ex-da50e571-0c3a-5c77-944c-372e429532a1","0","0","[]"
"cand-2076a642-3515-50ad-829a-e5293c088f3f","ex-810d6242-22fc-5988-9e30-12eefa8c0791","0","0","[]"
"cand-ce12306c-a5b2-54d5-8234-9f366959d470","ex-6d30d823-8ff5-50cf-a7d6-1dab501dde51","0","0","[]"
"cand-76a09401-36a5-54f0-b4d2-8b97f3f7674b","ex-4c2d9a3e-bad6-52d9-9efd-b4eadb952c01","0","0","[]"
"cand-1a5b4b06-8317-5ffe-8fee-f8904bd3e797","ex-b233e1ed-4e38-5e8e-b824-ab970e2daff6","0","0","[]"
"cand-e48741d1-3306-5932-a820-32e761c443aa","ex-2a131bbb-3a57-59bd-88bb-109f12482889","0","0","[]"
"cand-401c6f5c-4d79-5911-8a57-89e16a954482","ex-85a3201f-7eff-564e-baef-1a52d67df464","0","0","[]"
"cand-a53b8324-0b17-54bb-ac30-d400c3ef91ee","ex-7ca06973-27c2-525c-9769-76fa0f2a53d6","0","0","[]"
"cand-4b8b71ce-001c-554d-8a22-fb29f6744f1e","ex-2cdf880a-0a6c-5b30-9925-7a44443b2530","0","0","[]"
"cand-312c3563-f1e5-5d3c-8960-68b4748dba52","ex-60e0f14d-4125-54a0-9ebe-3343fb30a732","0","0","[]"
"cand-5ca3b4af-9e39-54a4-b1f7-a50651874c4d","ex-6ea74ecd-100e-5772-a1ff-d2a2f77b4066","0","0","[]"
"cand-978c99f9-92d7-567c-ba70-beee366600e1","ex-92ae0e88-3c7c-534c-9a65-ce5c8db21ca2","0","0","[]"
"cand-537256eb-ce8b-59a6-83eb-9c1a9d5b5051","ex-7e466f76-35e7-5407-84e5-1ab4dc98c0e6","0","0","[]"
"cand-d3a876ac-c6ac-53ab-922c-8204c501f9b8","ex-23b751d1-e1f8-512a-a2a3-36b8a5e8b832","0","0","[]"
"cand-c2290dec-f0e9-5d7d-aab0-a8f4a058db5a","ex-2efed542-d5b1-5e1b-bdaf-ff7409dc8366","0","0","[]"
"cand-b65d14ef-b4c0-553e-bc0b-571a2eeb4612","ex-e49e6b6d-615c-5601-9ef1-d4d9413b36af","0","0","[]"
"cand-e2e7f27a-a514-5293-b9b1-6b6b4eb90215","ex-c58553f2-cfa9-57d1-9c2c-38d6fe37f611","0","0","[]"
"cand-3d152738-f7ba-5328-93b4-dea868d700da","ex-9d7470e4-71d8-561e-aafe-e3f46a25c1f6","0","0","[]"
"cand-c7d69874-2c37-53aa-b832-5842a4f03984","ex-b4d5dabb-8787-578f-8a7c-7ec1d633269f","0","0","[]"
"cand-8b59823e-7b62-513f-9a06-8d91beaed568","ex-15fd5f61-775a-5017-8a56-092f7128741c","0","0","[]"
"cand-4e1aa833-d4bd-5a20-9387-1fdc1324e297","ex-bab1936e-3695-598c-857b-959e861481ae","0","0","[]"
"cand-1b5e7183-7f0d-5941-8d12-5ab8eb48d496","ex-ac474d1f-eba0-5994-9cae-18b05c699edf","0","0","[]"
"cand-932aa0f4-94a0-5a97-bc56-6af5b8bb1abb","ex-8636da92-d9a7-5972-83d6-5faecb42d422","0","0","[]"
"cand-44ce6f18-bf51-5056-abb6-8d7f3f0b2fd8","ex-13ace849-27c4-5203-a9d9-b4b44546959f","0","0","[]"
"cand-3df3c2fe-fc92-59dc-9a86-54867dd5aa61","ex-6573364f-b791-50ce-a6c3-b7b3c8c3b5ba","0","0","[]"
"cand-fc493a74-1eb6-5fcd-a8b7-423b0b99bbac","ex-ff160f09-44e5-5c92-8d57-d5523ccca46d","0","0","[]"
"cand-3a79cd1f-1502-536c-a667-f6a37d55a446","ex-3a72c9f7-89f6-5819-943b-c4c448b50677","0","0","[]"
"cand-dbe58b52-5562-5607-93f4-95cd0e6e98b8","ex-1b64606a-a851-53d5-9e67-553b34d86489","0","0","[]"
"cand-49d9af3a-40c6-53c1-871a-6bff38400149","ex-88810dff-5c9a-5ad9-b546-4f0ac7ef07c7","0","0","[]"
"cand-b5ba8b6f-68b2-554e-9575-487ea3eef97c","ex-c3e51cf7-1952-5de1-b22a-5be44daffae3","0","0","[]"
"cand-af80daa4-2f3e-561c-851f-bd93c46fa3d4","ex-a3dacfd1-3968-5caf-957a-e30b5c287183","0","0","[]"
"cand-8da3ba12-7cb6-5c54-8974-ae0c9309c760","ex-0fb9c2d1-0fb2-5b0f-9a69-687f7b8c07dd","0","0","[]"
"cand-bc422408-a8c2-5c18-afb6-8c2a2e576e55","ex-287deb90-277b-53d3-ae26-97e848dd74d8","0","0","[]"
"cand-8fdd5bd4-67bb-551f-952e-0271a1b710b0","ex-cfe25ec9-bba9-5659-be0c-e46ddb5711fe","0","0","[]"
"cand-dd47a491-551f-527f-a08e-ecbdf044bbe9","ex-35b26ba1-df99-5b42-9ca2-6ae95377deed","0","0","[]"
"cand-2763b270-0fd1-51c5-84e1-cc196f8956e6","ex-24b4da19-4254-550e-ac98-8beb6a963fa0","0","0","[]"
"cand-1e81a0d3-a4c2-57b4-96e4-f07d5d1c8ee7","ex-37b268e7-32af-52a4-b78e-8d03ca99d056","0","0","[]"
"cand-8e1c6942-727c-5049-b57c-d9603bb201e3","ex-1a4620db-7436-5147-98ce-27ac75e5ca36","0","0","[]"
"cand-ed6f1f9b-986f-5172-b5fb-50cc0250313a","ex-1ccb1395-3838-518b-98e6-cf3f99cb541a","0","0","[]"
"cand-dccbb9a9-c348-51ea-b1d9-e106c34ff39a","ex-97dc363d-9b67-5548-acd5-5983b02f7e25","0","0","[]"
"cand-5ab8c627-b695-5580-87ef-e3d42ec81da0","ex-53b687fb-7159-5c39-9722-a687b4325250","0","0","[]"
"cand-3b44e3e4-f5a0-513d-9d3b-20a52b538a80","ex-5d33140f-8c83-525a-8afd-f65d4b94fa7f","0","0","[]"
"cand-53ed968a-0947-52a2-8134-76c903e8f290","ex-87bc1d72-8508-5f02-bae4-2893f946ec3a","0","0","[]"
"cand-2279a066-ad64-5e48-ab22-b8100aac6d5d","ex-29711e06-4e3a-5290-8dc5-a266ab3c8951","0","0","[]"
"cand-f10ecd59-5aa3-5417-888c-aa867d77c147","ex-c9609f33-f61f-5b5b-a621-c3aa478c01f8","0","0","[]"
"cand-97b1f743-8a2c-5347-802a-7f54ce4580d8","ex-a6680341-eec8-5eed-b83e-f1ed2e4fd877","0","0","[]"
"cand-0e589e64-cf6a-51e4-a72a-294d849827bb","ex-dc134550-f869-5410-91c1-e6e3ec95bfaa","0","0","[]"
"cand-7032d724-efa9-582d-be95-736bd678b605","ex-d0c4c3ba-adcb-54bf-b531-638eab43262f","0","0","[]"
"cand-2b1e1ae4-edaf-5754-af71-fdc6ebf24d19","ex-3acc20de-a1b5-5320-8a25-04748bab19bf","0","0","[]"
"cand-dde38935-426f-5288-98d1-373332278fc0","ex-bd497597-7ae4-5894-97a0-272fec1fcf06","0","0","[]"
"cand-306f6a6e-60c6-53af-bf3a-8097bf91d26e","ex-0d4d4428-21db-5d6d-b062-e63fccfb7657","0","0","[]"
"cand-604fc7d5-9688-5e2c-aae5-656890caf939","ex-c4ca74ed-c5bc-504d-be17-7d605e086be1","0","0","[]"
"cand-e3e0d663-147c-5bd6-8372-c78fe8d25334","ex-926d323c-64cc-531f-8904-1c447ee7f7c5","0","0","[]"
"cand-3069ecdd-fd36-57d2-a82c-f65fd99a39d3","ex-363a9f75-0cf0-50a3-8795-e696099ab76e","0","0","[]"
"cand-2ad1c1b8-5107-5ac0-bdda-2f379146900a","ex-f40577ee-d0db-5481-ae1d-0bf22ab72837","0","0","[]"
"cand-ae3637c4-3f75-51dc-b264-ee3c8c661505","ex-8c63454d-6166-5a07-a701-12c8aa4f3352","0","0","[]"
"cand-eb2d6f43-2303-5724-b44e-aefd0cdedc29","ex-9f7e8642-82cc-510e-bf37-ee71b1b9f9a1","0","0","[]"
"cand-72992c97-3d4a-5d37-8407-748845a972bc","ex-a8d5ff49-14f3-5fd4-8cd0-74c1787ad9f2","0","0","[]"
"cand-cefa5f0c-e864-5d2f-b0f8-c2e0580e2284","ex-622960aa-0c86-53af-b56d-a508ae7f897f","0","0","[]"
"cand-4d214574-015a-565e-a67e-ae01b204d663","ex-618be061-8e82-5007-8341-3e30223b0e01","0","0","[]"
"cand-7974b037-351b-5881-8014-55bb592aa306","ex-b44eff27-9b38-5327-a7f7-b46661495b5e","0","0","[]"
"cand-ea70ac16-e282-5002-bace-579972e76856","ex-2348e094-18d7-54f1-9765-e6d5721a4d80","0","0","[]"
"cand-4b017208-b2a5-54d9-b4cc-073fca8188e4","ex-782914b0-6b39-5040-8463-57fea2e13bc7","0","0","[]"
"cand-df82c0b9-2287-5b99-9ba3-316ac4ae214f","ex-abdc7624-4000-5ad1-ada4-ed6172f342bb","0","0","[]"
"cand-1123da6a-f8f2-5b5e-909b-25e2b7dc2996","ex-a538b3ee-8292-5043-b9e8-eb62498a7957","0","0","[]"
"cand-d97d1087-e852-57a2-88e0-7025ed977bed","ex-3aa002dc-ef69-5b49-83c6-bd74611d2731","0","0","[]"
"cand-a8a2715b-1ac3-5be1-a453-59dc3f8b78b0","ex-2e1b5ea7-5bbe-5d75-8d10-7f40e0d5e402","0","0","[]"
"cand-06de00f2-4b00-5866-ac01-ba07b7cd2f36","ex-98edebc7-fa9d-58dd-95ce-c8310096af5c","0","0","[]"
"cand-88516ef6-f307-5f63-ba00-89b4ff8dd1ef","ex-7e6fb793-e9cd-54ff-99d9-5413b0880c35","0","0","[]"
"cand-a8e3721b-ac29-5bc2-ac5c-fa6aad2a3142","ex-be896252-2a67-5bc4-8c19-814276a9e9d8","0","0","[]"
"cand-3b02d2bf-b576-55d7-8034-4a1ccfe561d3","ex-4165fe04-eb62-5e8d-9f4e-3b6a0cc1532b","0","0","[]"
"cand-c96f1eea-58e4-5f35-9c08-e95456ba21b4","ex-1830304a-3bd0-5c35-8685-382e8986d7aa","0","0","[]"
"cand-35ff95f5-6c5a-52b6-8c41-d3c7b726f059","ex-1a895d50-b96e-5502-80e9-7aba1698e9f5","0","0","[]"
"cand-3ca08f4e-05f0-5401-800f-9700ba7563a5","ex-62c6cc67-53b2-5c9c-89d5-dd05dbeea28f","0","0","[]"
"cand-39925896-ac41-53b6-8dcc-f96b3be24b83","ex-e3e36761-061d-581e-a598-af673118dc35","0","0","[]"
"cand-b5c5b57e-54dc-54dc-8ecb-ebcc379488e0","ex-6d223109-6c7b-58b2-92c2-4b9b4420b41a","0","0","[]"
"cand-39bb17a3-0cdb-5258-a2eb-f8ab177dfab4","ex-b72f1f61-54a0-5792-98a3-4859e57807db","0","0","[]"
"cand-6da7c71c-e7f9-5b50-b90f-4464a159317d","ex-a52d2567-f93b-5e7a-aad8-7a71208ea48f","0","0","[]"
"cand-a140cc13-255a-5ebb-80af-7988b7f3553a","ex-78fade01-2de8-5d12-9302-f66a927b8fcd","0","0","[]"
"cand-f97f26ee-0d04-58f1-9739-beb66ec15b71","ex-ee1dc0d8-37ff-5f6d-8bce-4bd9fdff80a4","0","0","[]"
"cand-e99b0a6b-a41b-58da-b219-5754b5f2f70e","ex-9678258b-c923-5a59-aa48-dbae0f77dc90","0","0","[]"
"cand-37035713-59db-520d-83e0-643681d89eab","ex-96c13919-2eaa-5af8-8ce1-75e3cf0f8a01","0","0","[]"
"cand-d88cd761-b833-5ea6-89f3-8343a333a40e","ex-10f39c84-279a-56ed-8867-9ce9d3b53c61","0","0","[]"
"cand-03e9172a-edcb-53fc-84ca-17d31cda0998","ex-23d4cd29-cf17-544c-803f-41f79118425e","0","0","[]"
"cand-3a5dc132-321d-55e7-8f30-2a044e8953cf","ex-c2e4c4ed-c17a-5c09-a227-7947b71820c1","0","0","[]"
"cand-95a87a32-b5bc-537d-a7ef-5df7f64978fd","ex-81640512-77d7-5d66-81c6-e466b53bf395","0","0","[]"
"cand-064bac26-aa7d-55ea-b40d-97b33785259c","ex-5c81f9ca-3f3a-5f84-8909-2aae66d6c44f","0","0","[]"
"cand-86908374-bda7-5dde-b739-0a76eb8ee512","ex-f47124e1-48e6-54f9-a9c2-201671fa9cb6","0","0","[]"
"cand-93ae8560-1d60-5f54-800e-fe32e48f1504","ex-a1a9b84a-2db5-5fcf-a763-6caca7fa03ae","0","0","[]"
"cand-82ee7ce6-7c47-547a-85a8-81657f797e7a","ex-cc4cbd3f-4ab9-5223-86bc-4c6c926389f4","0","0","[]"
"cand-e54b4ad2-b3b7-52ee-ae83-fcd5e1286e9e","ex-fca84449-0e63-539e-b389-637b02a9e827","0","0","[]"
"cand-3137ad77-b585-5ba2-947c-ac74bc991888","ex-114a633b-4125-5b8a-bdf5-bd40e3f45eb6","0","0","[]"
"cand-944d2f68-eb7b-5a99-97ee-4ccd627bf817","ex-03e3fbfc-b04b-5b84-8498-638cd9a0e92e","0","0","[]"
"cand-34b9f074-fe5c-5cdd-acc2-c81dc526121d","ex-96b01b41-3120-543e-86dd-a45c6f3eaa66","0","0","[]"
"cand-30c4f7a7-67b2-5a5b-b504-3c36db92e5ca","ex-3a4acfd3-4ace-50f6-b53b-18d018bfc74f","0","0","[]"
"cand-add260f5-06a0-52a3-adcc-d149fcd4f9e2","ex-0ed543c9-4619-52bd-8ccf-7690cc463687","0","0","[]"
"cand-109daf6e-7c71-5c73-be10-7486cd4b97d6","ex-379a6168-e926-5af9-9e39-c7e7da80245c","0","0","[]"
"cand-47e4ee93-770b-5386-8567-6a36aab817da","ex-9c19d1c9-9519-5969-b042-29268017a274","0","0","[]"
"cand-20bcbcfd-64b8-542f-85b8-b6fe8cc0d93f","ex-00ac9e6f-7c8c-5c08-8a82-13b8976b3460","0","0","[]"
"cand-451162f7-70d0-5ca4-a130-a052aa06618f","ex-4c9ef2a8-c28a-5c2c-826f-8308961a615b","0","0","[]"
"cand-a41e80a7-f08f-51a7-bc4e-5b6ef03883dc","ex-ecad9949-ef71-5e94-abb7-309ab765e4e4","0","0","[]"
"cand-247e7c8f-d56f-54f1-9b78-ab393211e0d4","ex-4a549cf4-94c1-5714-8d20-5c467bb9dfc0","0","0","[]"
"cand-cfe8ac17-75b0-5c78-9e27-e5f78af2f00c","ex-44b8a574-94a1-5a91-8517-c1b240237465","0","0","[]"
"cand-1c9dd5be-0803-5147-935d-7d7340d4fe88","ex-0ce77d0a-18b7-5d24-9881-b2d9184adc57","0","0","[]"
"cand-77e56c8a-896c-5f27-b56f-060f74d4e0e4","ex-07eaa13b-20df-5377-9e9b-2a42ba9134dd","0","0","[]"
"cand-07951775-d388-58e5-b5ec-0a09c5bb34f0","ex-24d32e5f-3d4f-53f9-a6b4-8f25c9f18e7c","0","0","[]"
"cand-f0044f65-f17f-5a79-a21a-963f8c5502c5","ex-626a1b9e-309d-5429-98ff-d93cca58b5de","0","0","[]"
"cand-b0a7eb90-f861-5b23-9464-14a6e5d17f65","ex-e403a7ca-7945-5735-89cf-fc12dcd71ebf","0","0","[]"
"cand-d5244102-a2a7-5661-a306-06f368d5ddad","ex-8944dd1d-f55b-5180-a8d6-9b2b637c4ead","0","0","[]"
"cand-bdba65bd-153e-565c-9f84-7b72ff9680cb","ex-787cdcef-e317-5f9d-8172-5487cf03cacb","0","0","[]"
"cand-6dbcb58e-4711-5761-8304-cfe220407204","ex-a47dadac-0f41-52cd-892c-dcef8ca5f019","0","0","[]"
"cand-b12f52fa-0d60-582b-ac3d-b40b11e5ca30","ex-a6450baa-579a-5048-8995-6e2e900d0a7c","0","0","[]"
"cand-8615f783-0176-5843-8ab1-b62c99803df4","ex-18ef2359-205c-5915-ae4d-f3e1d95b0935","0","0","[]"
"cand-1d8498c9-3fce-5fe5-8e5f-2987d4a20f55","ex-c4ec506b-a4c8-5db3-a66e-1ebfeaf64204","0","0","[]"
"cand-1ea3db9d-c26f-5913-933e-bae04b813b32","ex-a178e6a7-cc3c-5f74-873a-9a2f78e82a42","0","0","[]"
"cand-c6abc701-81b9-5749-a1d0-a6035bb2f0af","ex-0abd803e-db79-5a56-99b7-7e5de5b75deb","0","0","[]"
"cand-66a97fbd-79a0-5732-ad5b-abbaab24252d","ex-a4f70b43-eca6-5c7d-91b3-9d5ecfaa8218","0","0","[]"
"cand-cc4f9e87-8777-5a5f-ba8f-561d085233f2","ex-8c01b4b4-e3f3-5530-a900-5fd0bde8f7e2","0","0","[]"
"cand-2925c1ae-8db2-5bfd-a082-f6690c0e7730","ex-e491a73c-0c28-5ad4-97b5-86be5abcc420","0","0","[]"
"cand-09f065f3-2329-5247-a619-54a3132d09f4","ex-a5385b02-ccaa-597e-80c0-82a7cc7e7006","0","0","[]"
"cand-4038f7bc-0971-583a-9380-47b79c27a63a","ex-c2ca7069-361c-5d5b-b83e-ac1400b8b454","0","0","[]"
"cand-9da9f1ac-e567-5539-bad6-f1511a1b0f4f","ex-b8d38d95-440d-52cf-b635-19365efba7eb","0","0","[]"
"cand-9b09ce0a-3bb6-5967-90d1-9db57e8f4c5b","ex-6aa393ca-93c6-54f2-8ab3-1987b59ec637","0","0","[]"
"cand-91c67198-87af-51ec-8d1b-c9f9bb87dbaa","ex-8f228b4f-36dd-554c-a99d-c03d1d87db6a","0","0","[]"
"cand-64b1dd66-2ee4-5028-8226-4ead35f983ad","ex-3478ed46-9600-5583-bf68-1a763afe4fd0","0","0","[]"
"cand-f1372e5b-6327-5ce7-b895-b0c87fe88c1a","ex-98770b78-b67b-54ac-b4d7-1d27d50a1a95","0","0","[]"
"cand-1cc16486-8984-5aed-b8bd-e4106eb44568","ex-8479c61d-197d-59ee-b4c2-863b4987c7ba","0","0","[]"
"cand-7656065a-bfa4-5e80-bfee-3948e9cc7572","ex-ddb12734-f70f-59d8-8191-b7f9fea631ce","0","0","[]"
"cand-1ed57953-ec81-5f33-b611-738a9c1a5a39","ex-b8364abd-d5eb-50b2-920e-d599dbf8ec49","0","0","[]"
"cand-de80a830-28ea-54a7-8ef1-6b6626e52715","ex-e6bd9166-b3dc-5283-863a-47f71cd25d58","0","0","[]"
"cand-a69b7c58-d44e-5597-b620-1634ed7ee250","ex-fd45c941-0f50-501f-b4fe-4a5c8ebb0599","0","0","[]"
"cand-be0b5354-cbd5-5b78-a506-69b8d8ea65b8","ex-141fc173-8420-5bf8-ad85-da09a2cdf275","0","0","[]"
"cand-ad742b42-5363-5062-89f6-ac8572eab19d","ex-fdd55c0b-70e8-5b51-bacb-3f6b7bd31b34","0","0","[]"
"cand-28fddd4b-25a8-5b49-bcca-4372b69297fd","ex-b4b34412-7fc5-531e-999f-b7c52c4f7105","0","0","[]"
"cand-b3b083b8-3db5-55cd-97f5-a03283ca7625","ex-0de98ffb-bdab-582e-8ec6-0321a2af010d","0","0","[]"
"cand-6ea4c18a-4388-5b44-86d6-0c05ab8efa6a","ex-143356cc-e9fc-5e26-b6e7-5a94575cebf9","0","0","[]"
"cand-bb0fccbb-c555-56eb-bd32-9fda1658db1b","ex-7cd7f437-4b8f-5314-b380-5d8fd303326d","0","0","[]"
"cand-900903a3-2405-56e4-9a17-c53f5236946d","ex-6127de27-8fab-5a43-a48f-d146c8248f5e","0","0","[]"
"cand-ddc4abb2-4888-532e-a6ea-f4e2ba8d6739","ex-b6741cfb-9d55-5ff1-a03c-514f36dcb9f2","0","0","[]"
"cand-bc79a6ed-4411-5b58-b6a6-ec6d22121fda","ex-b5624dcc-022b-531d-bfda-004a0ff7c6af","0","0","[]"
"cand-359217d7-1d15-51a4-a5fc-e2e69ea59ee1","ex-a2a5d9e8-f04c-5e10-a179-90f0717510bd","0","0","[]"
"cand-94ed19a3-c368-59be-bada-48ae1d892829","ex-90179aa6-cffa-5ec3-9a5b-f0f6d6b2d90a","0","0","[]"
"cand-bb813793-90cc-54c9-a277-b2bf9f483f9b","ex-0b0b9544-d9a9-5072-9f1a-5281e900a794","0","0","[]"
"cand-f6eb666b-1974-5a3a-afac-6191e7c45b5f","ex-b45b66d1-f1bb-5bb2-99b9-cbdf57ae166d","0","0","[]"
"cand-3d010804-d153-525d-a759-782d5b6cc293","ex-f4bb6538-bd08-53cb-b3a5-f01a1b9fe9df","0","0","[]"
"cand-b61ec397-a78f-57b6-8b2b-0c26f05d62af","ex-f352bc96-19b4-5bc7-b561-343be66ef7ea","0","0","[]"
"cand-1bfa6e27-bc48-51aa-987f-c7fc7d9f9b4a","ex-e0f11f63-1310-5a6d-bf90-4e6c6fc4cc51","0","0","[]"
"cand-bbc30618-0245-5532-8e29-01571c89640a","ex-83a200a2-b75c-574b-a3a5-2f0a4173a411","0","0","[]"
"cand-18f9c5f6-f202-5fa3-b47a-ab02e3897954","ex-90063446-7e66-5e07-8382-19474d673a09","0","0","[]"
"cand-a4d0ddac-8b84-5b8c-a78b-71ecc51d0546","ex-0648c85e-abc5-5c8d-b405-479f54dac9c2","0","0","[]"
"cand-8148c092-0465-514b-8df7-083b8892dbbe","ex-c4bc0c9f-6d81-591a-88c1-48a11ba0514d","0","0","[]"
"cand-0769acaa-2cbc-58c5-8901-d8fc832e959c","ex-4f19d9ed-ff9d-56f5-855b-ddf428672764","0","0","[]"
"cand-076e58b6-b777-55ab-962d-50ba1ee3240b","ex-fda8f9d8-412a-5ea3-854c-b898a02df8b8","0","0","[]"
"cand-0d9c9273-ff43-5353-8bf6-409820a14d1d","ex-9df8c868-e296-5e03-874f-6ed372b0aa7a","0","0","[]"
"cand-25a9da83-db07-5699-900c-20c0a05ee6ca","ex-597e4ae1-01e1-51be-9b10-1dcf9179c0bf","0","0","[]"
"cand-5876fdc0-7844-5d41-b274-754707de1213","ex-a543aaeb-ebff-5936-83ce-6a8fe92b3850","0","0","[]"
"cand-afc30d58-664d-5cdb-9dac-d2cd43d7f544","ex-f9923aab-2447-58b1-bd78-56e25545c9c6","0","0","[]"
"cand-90f7c0bd-4b47-546c-9179-9ca332f17905","ex-fed1b732-319a-58a7-99a3-606dd1505b68","0","0","[]"
"cand-288ab695-0ade-5fb3-8cbf-0ea1ed8fc82a","ex-793c4b97-f82f-513d-9f33-54564422ace7","0","0","[]"
"cand-66b52d4f-1a7b-5d26-a0ef-94593b945028","ex-249c42bb-461e-5cce-8404-3a650675496d","0","0","[]"
"cand-5d0d42e8-517a-5a9e-8c42-da8fe9b94e97","ex-db8d4a53-8d07-5acd-acfe-0056f305311a","0","0","[]"
"cand-ddf10188-6909-5b40-9891-9ed976b89629","ex-bd3a908d-f977-5bc2-98bc-6ce48e67448b","0","0","[]"
"cand-6140bacc-8341-5ba8-93e2-6d110ed0ad16","ex-aab9dc4f-6ef9-530b-a1f1-a9e02f2630d8","0","0","[]"
"cand-2b1ba9af-397c-5f25-a22b-9a081800a1eb","ex-93a61e96-fe48-5a95-a585-7daea73375c3","0","0","[]"
"cand-9053b04e-1748-5ded-b4b4-518464d8c0d4","ex-88d06fc2-6ccd-5a48-a7dd-b92cefd20509","0","0","[]"
"cand-f5bcd480-d83a-5091-8d75-30bd1d9f4b53","ex-0ca307fc-70b6-5447-a1ab-ed9f0c9c0c11","0","0","[]"
"cand-16e1f291-2923-50dd-b2b9-1574db8a4f13","ex-462406aa-822d-50f0-8161-c396046d95fd","0","0","[]"
"cand-a17de21e-6a77-58a6-98a9-74e9a98bef1a","ex-1d49923e-bb41-5a29-88d9-3c027dbc9ff1","0","0","[]"
"cand-e9d40fb0-2987-588b-8d61-8ddb24f39cb3","ex-ec9285a9-4ddd-5f41-8a9a-2746e0515445","0","0","[]"
"cand-51e66e28-023d-50eb-9923-b5b15ee7fe8f","ex-a75508b1-345b-52ec-9c56-b2aabd2e3950","0","0","[]"
"cand-afc17aa7-ec76-5918-b4ee-60c934083c90","ex-007ad08b-b237-51c4-85bc-7655cd0d7f60","0","0","[]"
"cand-0aaa7d21-e44b-56d9-98ba-58e1e5f0c90d","ex-081ec784-c7b0-56bc-87c7-2a9c138f0a53","0","0","[]"
"cand-bf4922a2-de42-5e23-9c86-b3dd38d6c533","ex-ebb0cbb9-3fd1-5e0e-9b25-4cbe3d0c90cc","0","0","[]"
"cand-109a56bd-91af-56d5-b202-7c0a5f498bd9","ex-ce2af13f-a952-5629-97ab-e848039844aa","0","0","[]"
"cand-5bc1669b-1eb0-54c9-a547-16883144facf","ex-e4cd83fa-8b34-5cac-a2d6-2e0385f937da","0","0","[]"
"cand-8bcfa57f-defa-58b2-b683-ae5700864ec4","ex-dec5bec9-c885-5d26-95cb-fa13c1284635","0","0","[]"
"cand-d3822841-053b-5cc6-a661-220c50d5183b","ex-a7def5c5-76eb-5328-88a0-43c34beaa8ef","0","0","[]"
"cand-1d6b1f53-1463-5519-83ed-6c4e151aec15","ex-e1efb64a-8e95-58f4-9ce2-d105a0130fca","0","0","[]"
"cand-8b2af416-dea1-5d6b-88ac-ef26032b47da","ex-f8f1cdbe-d60f-52dd-81f7-56ccce5883ff","0","0","[]"
"cand-07830356-5a91-5160-817a-d9a8ce45c0e9","ex-cac761a7-ee55-560e-bd25-67aed7cc035d","0","0","[]"
"cand-88ae09cc-0433-5aba-9a7f-2d403439a1f2","ex-14ae8682-bcfb-581d-89c2-ef625c8f13a4","0","0","[]"
"cand-f07e9605-ea0b-561d-ac3a-67e6aa1ef83d","ex-bf62b00d-3953-5cf6-80b7-80d50fc39632","0","0","[]"
"cand-2ee86bcf-3005-5426-ae70-57a76c3d4fe8","ex-20286392-1471-5349-9eb2-2885439fe7a4","0","0","[]"
"cand-5bbabd47-c025-597a-8a90-d18b38a52b51","ex-0be82bde-654b-57b4-8bf0-a9466ed374a0","0","0","[]"
"cand-ddbca0b3-e47c-515e-a5f1-b7dd492cf5ff","ex-5c67affe-1c43-5090-81ff-29da3c8f6e5f","0","0","[]"
"cand-a618739b-cb8d-5002-a992-2c1c3e74a7e2","ex-b0cafb24-b0c8-57f6-8094-baadc5229c87","0","0","[]"
"cand-82eda209-4d92-51d1-91ee-ecb18caadf08","ex-6d0e63ea-618e-54b3-bba4-a695d8c335ce","0","0","[]"
"cand-c4a01a5c-aacc-57b9-bda4-551f687d3276","ex-f7158af5-febb-5cb1-93a8-f5eb77286da9","0","0","[]"
"cand-52e30f3b-5c41-5a3c-a22d-da40ba572f52","ex-8fa2a89b-8f92-54e6-be1e-5e26d5de47d2","0","0","[]"
"cand-3d8a67da-f030-5f67-845f-a27c259c6670","ex-4d145522-2457-57d4-91cf-ae3c011a637b","0","0","[]"
"cand-3905e4e8-c949-57f5-85cb-091a67c37e2d","ex-59b8a905-aa2f-5b44-aa94-f0f5acd80ae1","0","0","[]"
"cand-4af8af9c-cd79-52b0-900a-b71a04b26b7d","ex-be89e813-cdee-5029-a11a-845a49e9ffb8","0","0","[]"
"cand-8e80a9bd-9129-5198-835b-5d66029d8c71","ex-06ee827a-afb6-5f28-88fa-2dedecc301c9","0","0","[]"
"cand-6c4c8d4c-6b28-5e53-9305-2d733a9e5b41","ex-748bbdbb-0c99-52ec-97b5-ffc3300466e8","0","0","[]"
"cand-d95c9b66-2fe8-51f9-a22d-8f02773919a9","ex-8adcf32b-cb2a-52f2-8ddb-5fb72c193608","0","0","[]"
"cand-edafea19-7bee-5199-9861-b5045bca0541","ex-7a7447bd-3b5a-5847-8520-fdb45947e8e5","0","0","[]"
"cand-db286fa9-1620-5495-864b-e8a478806c75","ex-f3ea6059-31b1-5b6a-979c-e683ef900c3e","0","0","[]"
"cand-a60d63c7-3e3e-5d62-9e39-dafd284c585d","ex-fdbb5f0a-77b8-5a0b-a738-a0c1cbe24dba","0","0","[]"
"cand-ed19ca35-f4d7-5b0e-ba6a-07dfff1a15ec","ex-3eb361a7-9a36-5472-94a9-84801b5fd056","0","0","[]"
"cand-a7781620-fb78-5524-840f-031f426b2ff8","ex-e99f30eb-8560-5b41-8326-9897fc7dda46","0","0","[]"
"cand-fefacebd-b966-560b-8fed-a9b8c2592223","ex-dc9f33f7-2af2-5615-9c91-61a384eea3fc","0","0","[]"
"cand-c51c6962-12b0-5a12-87c1-e48a8afbc7af","ex-3eda733d-7dac-57b6-8780-13f44c0faaf1","0","0","[]"
"cand-310def8d-7a3f-5f81-9b5e-7743fd7937ab","ex-cc0b8847-5f4d-5b6f-aff2-2d5a994d0175","0","0","[]"
"cand-4830e958-58bf-571e-90a8-abc5d0bd7edf","ex-27d6fb60-4e4b-54bb-a475-64e2fe6a2ec1","0","0","[]"
"cand-30af5b30-5a0c-508d-bdcb-4839ad7d4015","ex-cd6a4ec2-709b-502d-84b6-29fded6eba76","0","0","[]"
"cand-6f31f69e-c403-5755-afd6-84e759e33ecd","ex-1dc24d11-a4df-5c22-a6b8-46eb09eeeeca","0","0","[]"
"cand-c59cd755-4da1-58af-99f6-7008cf13e7f5","ex-c276aafa-64f8-5830-9a98-d4c6ffe63fe1","0","0","[]"
"cand-58611b7c-c606-5764-8cbb-dbdc925e33bd","ex-780fe1ec-d8e6-5c17-b8de-1b2e52e22db7","0","0","[]"
"cand-33db102c-71f6-5689-a719-9bf2df754d28","ex-f445dc7e-4d0b-500a-a496-91aa8deea5bd","0","0","[]"
"cand-312bc011-72a3-54e9-a83d-c4dd575e8d54","ex-cdf01b96-41c1-5297-bac0-ed24c0ff0da9","0","0","[]"
"cand-141473a1-42a3-503d-801e-a1213fd09615","ex-8489d14c-7e97-5161-8c71-e31da46fb392","0","0","[]"
"cand-9fa67fdf-1604-5ac5-bbff-5d412db438eb","ex-2fd7310c-6ec6-5ce4-b01d-752e68c09466","0","0","[]"
"cand-79bc0141-5ab7-5b4a-9a0a-a16036583c60","ex-3283a56a-32da-5901-8675-35c13ba9511b","0","0","[]"
"cand-8cadaf8b-7322-5c12-8121-0b8e4af8513a","ex-2bd587e9-af49-59ed-be4f-8826b1b75a93","0","0","[]"
"cand-03bd7876-cdf6-5cbe-b28e-676ff369b79a","ex-db61e728-71e1-5145-971b-ab24df7492d3","0","0","[]"
"cand-95234697-9beb-5bef-af1f-ca434e230929","ex-a6f5422c-32f3-5ba7-8c4c-b270aba3e28c","0","0","[]"
"cand-c5145b88-a0f4-5626-b840-018a75fd31d5","ex-d080e334-000e-59fa-9c76-f34b89640265","0","0","[]"
"cand-0ffc36e9-880a-5553-9e4a-fe5798c7f992","ex-05d0b955-7fb4-5bc0-8aaa-352c55d62676","0","0","[]"
"cand-9f39ca04-1950-5d72-ab6a-b5740fefb997","ex-a126260e-522d-5048-b769-f3813d3269aa","0","0","[]"
"cand-be7d7089-f04d-5472-a1b5-13f9464caccf","ex-998e082b-c947-5c4b-95dd-cff259a65cf0","0","0","[]"
"cand-c1747ae0-3fd5-57d1-8e0d-ba04a818dc3e","ex-d7ef5161-1186-5bfa-b2ac-3df0a9e87cf8","0","0","[]"
"cand-428d9bd0-5bc1-5053-825d-13c18d6e5054","ex-84402006-846e-5357-8523-0adcfb01743b","0","0","[]"
"cand-efacce8c-ecbc-5f83-9ba3-293a292ee6c2","ex-0380fcbc-7008-55df-9f20-81a39049bd2c","0","0","[]"
"cand-bd3662d2-479e-557e-8000-26faa056428b","ex-a4efac08-e209-5827-b8ee-2b506cf97b2e","0","0","[]"
"cand-081f4307-3692-5865-83e7-f272b760f37e","ex-7ee41f34-5011-58d1-b85b-e6e352b8fc13","0","0","[]"
"cand-1439545f-431a-5b94-8dc8-f921f402ad5d","ex-20e32c6e-c7b5-5e46-bdf6-5b911b94cc68","0","0","[]"
"cand-45b46799-0bba-5d33-b84b-77c2ce1dc668","ex-832b9c85-1bb9-58c9-8d29-58fbbe465204","0","0","[]"
"cand-85b7c965-1fec-5f0d-ae31-29a5effbd30e","ex-b8c6c965-1e0f-5bc0-97aa-5c6af39eb9a4","0","0","[]"
"cand-27c45e59-b5dd-51dd-a60d-10c42a03fef0","ex-4ca4e1b3-6832-5b11-96c0-e1455cd652c4","0","0","[]"
"cand-09a3afd7-610b-5ca7-ac2d-20375a85e7a0","ex-01935f7f-d78a-5fbd-919f-1d6f621a17b0","0","0","[]"
"cand-d3dcd88d-bfad-58e2-a362-bb1db0834819","ex-6f91f219-779e-5308-8cf9-93659aae0f0f","0","0","[]"
"cand-341bb9ca-da09-559e-9e86-543b68ef8825","ex-5ddf0822-c997-529f-af5b-343ab96d1a57","0","0","[]"
"cand-8a9dff33-4c01-587c-8722-035318615998","ex-6a599250-2139-5b5d-9a24-277fcb3c495d","0","0","[]"
"cand-33e65496-2070-5b66-807a-70efca4c5ff1","ex-73f2877d-cb73-503b-a0a3-1fb75bff5be9","0","0","[]"
"cand-8113b595-c442-5002-9003-4ff971f0da5c","ex-6fc55c80-56fc-57cb-b331-2a0ccd9f3f55","0","0","[]"
"cand-f3d470df-c277-5ff9-ba0a-b745a6621cd5","ex-4c3a1b25-fd40-55a6-8685-742f1cb18b60","0","0","[]"
"cand-ab60a348-e8da-58b2-b5fb-62b5b964c8ab","ex-319a30db-b021-5d19-8370-2033f67d0425","0","0","[]"
"cand-df0a41f3-4b76-5a5c-9b3e-bbb6a08c8df4","ex-b2de62f4-e56e-5a87-8bc6-fd451b5c8952","0","0","[]"
"cand-39672a00-9322-5eef-9bc1-dadb61ecad0c","ex-e44ec502-e99b-501a-9bc7-49821c7ec28a","0","0","[]"
"cand-2079e14c-0ec3-544a-bd5a-03bc0cdee909","ex-b8e50808-191b-5e08-abcf-a9231e4d2615","0","0","[]"
"cand-15d26b71-a192-5a41-be2b-c109fdb85720","ex-a5e41e2b-a300-5174-923b-3f1070c4dffe","0","0","[]"
"cand-edd69c41-29da-5d88-a6d5-9c0aaa1606f6","ex-faed1022-4450-5498-9801-0376d1442ef6","0","0","[]"
"cand-a92c0e85-1e2e-5faa-93ab-a3b3ba6410f6","ex-cfe85dcc-3a90-58fb-be76-541ba8437c18","0","0","[]"
"cand-d9e24c9d-658f-530f-9744-95a2cfbe08af","ex-49fa178e-b971-534f-b94d-9b1b2919046d","0","0","[]"
"cand-818cfc3a-7429-5c35-89cc-6861a9192cc2","ex-55756bc5-b5aa-5e91-aeef-33b9b6435a9a","0","0","[]"
"cand-b12ec601-ba59-544e-a472-f541c2b19e7a","ex-c296ffee-9dec-5350-a9be-722c9dd43625","0","0","[]"
"cand-9d9a3ba7-b49a-5506-8578-8115972850e0","ex-7ba13512-f2e2-55ee-b138-25b6e1652ab6","0","0","[]"
"cand-f05180d3-0726-5296-b3a8-c1535ed79f01","ex-c3f2ee79-c62b-5e4f-8d17-e7cfc3a5009d","0","0","[]"
"cand-446f141c-76bc-5727-9666-622617244917","ex-3471adbe-0354-5b12-b83c-a37fa153eaf8","0","0","[]"
"cand-a17edab5-f58a-5dc2-820d-3426b666ed07","ex-43582bbf-f3c7-5d49-b33b-8cfa5fc34727","0","0","[]"
"cand-d7454a81-baad-592e-990c-115b4b52b893","ex-4bb1e719-abc8-56f5-b2b5-53ee7ca3e3ef","0","0","[]"
"cand-414a4fd6-32ea-5b5a-8462-fcf559aaba60","ex-78f3b4fe-69a4-532a-9e40-80973721cea7","0","0","[]"
"cand-696e9e8e-d773-54b2-b3b5-8aff6f98a5b8","ex-b7f25b0c-5466-596d-9dad-17e0f57d3c4d","0","0","[]"
"cand-7b54d77f-d6e8-5688-955c-e04b5e280e8e","ex-95abec1a-1a64-5770-833f-31969be6c0e7","0","0","[]"
"cand-bf52dbae-ad64-59fb-9667-5ac84a828cff","ex-5b43615a-60d7-5578-9bcf-b7d569aaa874","0","0","[]"
"cand-8da5c91f-d85a-5152-a3b5-924f614c8cc2","ex-7ef9c3f1-cc63-5414-83cd-096c41adecfe","0","0","[]"
"cand-30d55477-2b2c-5da9-9b16-cb00703a0a3e","ex-6758a809-04b2-5f87-9d34-b739e9b1a047","0","0","[]"
"cand-80a36639-9ad0-50c4-9b36-fb779bdd7678","ex-2e7b3d7c-4a09-522f-be6a-92d552cc5742","0","0","[]"
"cand-35fb514f-428a-5266-b3ae-18f268950604","ex-0685dbde-26c4-55c9-b03e-e7e3e19b6482","0","0","[]"
"cand-377ad942-cbdc-5a18-a191-145d8a1b2441","ex-e86052e0-5f2e-50b2-9e46-4bdc069ec985","0","0","[]"
"cand-2d52befb-3054-557f-a372-6a0b1ad8c486","ex-a713f9dd-7a80-5f15-9d60-e9203ada7358","0","0","[]"
"cand-75ac30d1-8fb9-5277-9961-b1559473326d","ex-675a0e73-fc51-5577-82fc-c6e23c19328e","0","0","[]"
"cand-8f57f257-a45e-5252-a2d6-371a4648b385","ex-faeaaad1-00c6-55e4-bd34-a301665ba6bf","0","0","[]"
"cand-c84dea7a-7e6e-58e8-a8d0-c38c6a0cff32","ex-45f47935-590a-53dc-a621-bce17d85bb07","0","0","[]"
"cand-6ff82e1f-9a75-504c-9f1b-b4c65050c154","ex-717fe2ea-f9c3-5ec6-9a0d-a9a2888c124a","0","0","[]"
"cand-4023918c-eb4d-5e2e-9224-075bd5e3e6e9","ex-3c09e698-a664-581a-911c-9ac8fb2fd74c","0","0","[]"
"cand-ea153b2a-eac1-57f8-9389-baa7d31afde2","ex-73e1f650-2e54-5bf1-8bc0-94930cec6847","0","0","[]"
"cand-be6c10dc-01bc-5cf8-93b0-5005205717a0","ex-651e102a-e538-537e-8c6d-52da0dc74a17","0","0","[]"
"cand-bc6d91ae-0ccd-50f4-bb30-c048243ea895","ex-b494d627-d3a9-5fc7-8eff-66bc28ade84e","0","0","[]"
"cand-385cf7da-4c32-5e55-a45f-8f12a14c9d7c","ex-ab031199-502b-594b-b70d-51c10480e318","0","0","[]"
"cand-514ee3a2-10b6-508d-afbc-c1114be86843","ex-a4c8ac2f-f4df-5fea-b873-cfadae945006","0","0","[]"
"cand-c7cbae14-a198-5de0-8ccd-22be3d2c6ebe","ex-39eabe0f-f0d0-52d0-a4f5-7c6fab000f90","0","0","[]"
"cand-fb62e1ef-ce22-5e3f-afb5-0f22b8fc1022","ex-58465f97-5381-5606-b57f-dc31436703c4","0","0","[]"
"cand-2c37bfae-3ee6-5cd8-a1df-957c959e849d","ex-13885632-4858-53f4-accf-58c8a5e3c822","0","0","[]"
"cand-c62f493b-f7e3-5667-8ef5-b134e413f36c","ex-aae81461-9753-5499-b160-94c1325a9e26","0","0","[]"
"cand-e9fd3972-2196-5d5b-a8ef-30e4b6e76149","ex-c7ba2631-b125-5675-ad9d-4128637ad64f","0","0","[]"
"cand-2ecc5973-b1b4-5b0a-a3b2-a104b30f3ae7","ex-b2e1e220-585d-5f8e-ae40-6229eed3fd93","0","0","[]"
"cand-a3a7aa4f-32d5-5a82-811c-72fc0b22e27a","ex-2e83fdbb-ad0b-523a-b570-064e1fc2cd9e","0","0","[]"
"cand-557c2f6c-77a8-5269-bb34-8de9987a1e2c","ex-40305dcd-d759-5269-a5de-f85b2294e586","0","0","[]"
"cand-2066504b-2b0e-53ff-ad03-b3b00ef1142c","ex-37e9675d-ca89-5056-bab0-54b281c46082","0","0","[]"
"cand-ceecc0c7-d0aa-57d7-92d4-6b7f71c5881b","ex-61abac8b-2422-5712-8664-6cd1bc552b94","0","0","[]"
"cand-2d804674-45bb-5586-87c4-e7791910aec2","ex-308b0857-66df-5183-8b8c-dd6909f7b306","0","0","[]"
"cand-4a0ddd3f-17f1-585d-8f68-624f9775a17a","ex-ad076c7f-7f1d-5408-ad15-25936fecc0e1","0","0","[]"
"cand-a5238240-1867-53fd-9681-492ed69e5a91","ex-e9734197-e02e-5c96-ae98-69935d5b063d","0","0","[]"
"cand-824afede-f438-58d8-a47d-dfeb47112e4d","ex-de2cbfcd-230b-51dc-aa57-9d218c8bd364","0","0","[]"
"cand-f4c56d74-cd4a-5014-8204-9c46030cc0d8","ex-c8f94eb8-78d8-5d7e-92da-e541bd7d6728","0","0","[]"
"cand-104a812c-2371-56ca-a818-aff7e15a566d","ex-a22d1c73-7736-5f09-badd-096963aec955","0","0","[]"
"cand-3eacd23e-10d2-5174-92f9-f50baaa428e4","ex-cb516bd9-13c7-5f6f-8257-545a72c64658","0","0","[]"
"cand-da5da8e4-5f32-513f-9555-533f61990ec4","ex-eaadb978-65f8-5e6a-847c-3403d68d2162","0","0","[]"
"cand-0e0ee88a-c8ad-53be-8075-01e203571913","ex-dd61b104-ac08-59ec-9c3b-7cc3c6d7c1a3","0","0","[]"
"cand-4f5c7109-001f-59dc-ade2-24800fea8341","ex-92b722d4-0554-52bf-8721-3ff9dde21ea2","0","0","[]"
"cand-a197fb17-1bc2-58c0-b30b-c4c6f7fd4613","ex-e909ed75-0a52-5de7-8a96-1ecc634c93a9","0","0","[]"
"cand-b3cf41fa-3294-5ab6-b5f1-4b99b7a594ee","ex-8cb90ce0-19f8-5555-80ec-12f003d466a7","0","0","[]"
"cand-ab2d7ecc-97f2-5238-9f65-ca8b9587d3fb","ex-fad69942-aea3-518b-9dea-987cb955dde0","0","0","[]"
"cand-8bb1acd7-a510-5a7c-9c4f-b48a672fa64b","ex-bf474640-e6d7-5c93-bf44-dc32fa916aa8","0","0","[]"
"cand-562f8770-b360-58af-97c0-dec63512333e","ex-1c8f0d20-66ad-588e-854c-bb0726232f05","0","0","[]"
"cand-69f06de0-eac5-5329-89d8-8868e61c07b3","ex-1d3cd8fd-84b7-5646-91fb-43e70bf62bf0","0","0","[]"
"cand-7385829b-4d40-50bd-b692-6900aefe7eaf","ex-7b092d78-802a-5202-8287-edc0ae51eb89","0","0","[]"
"cand-df46dec5-9ee6-5f8a-bcb6-8a3630b22c46","ex-70038606-1929-5a07-95c8-3465be4f9c8b","0","0","[]"
"cand-ee3bc7c8-539e-5d16-8796-2d8c6d1bafa0","ex-934e5d26-3068-5303-bd0d-7d1af42667f5","0","0","[]"
"cand-02404cf5-23f7-5c15-8b80-4c4772e471d3","ex-e9868e28-f703-58d1-9384-5fdf63d64d16","0","0","[]"
"cand-0f212c81-23de-559d-8e86-add2e9c6501d","ex-39d6aa1c-fd48-5f84-b886-030b4bd34fb7","0","0","[]"
"cand-749a8d7d-30d5-5c13-8e34-65f67db0ccec","ex-c700d272-100a-53ff-9231-395f0fd35e75","0","0","[]"
"cand-1ed91e0a-d20e-598b-85c4-d3f5382926c1","ex-079073f3-3ff9-5462-9b34-8468ada3db38","0","0","[]"
"cand-4c39c60a-8385-5282-b067-b32570a6011d","ex-2ec3e6b4-c031-5cb1-894d-7ace086ff464","0","0","[]"
"cand-507fb0e2-1f0c-586a-a835-5ad14ec89b81","ex-1dcec95c-7c09-5ef8-9467-bcffe3a6a9ac","0","0","[]"
"cand-af4dac91-e3ad-568b-8cb4-84388296bcaf","ex-bacaed6e-40bd-5f2a-a2c6-86c3e68e1831","0","0","[]"
"cand-0c7a1438-1c34-5960-82a8-142e2c8af641","ex-28b5c18b-899c-546a-875e-8180c58c5bea","0","0","[]"
"cand-8e1fe6f5-56a9-5bef-9377-5259c2a6fdc1","ex-c6f9f6d2-75fc-565c-831a-d8a6ed64f143","0","0","[]"
"cand-8dc061d2-a659-5e61-8380-a6d47aea1667","ex-b518dfbc-6913-50c3-8e15-7c378a81e8a7","0","0","[]"
"cand-ade64b50-ce3c-5176-bf63-7cf7e74630a6","ex-f24de74b-de65-5ce8-b4a6-65def4c4cde3","0","0","[]"
"cand-cf46432c-be11-5986-a016-bb86b31fb39a","ex-a85237cc-e9d1-5200-83ff-73e2ae43e17c","0","0","[]"
"cand-94b77bce-7a7c-510d-ac57-76cd6f04e6bc","ex-2702c841-8421-55ee-830b-a307b01ebb30","0","0","[]"
"cand-3b12acb5-4031-519a-ae18-19fbacb57c85","ex-99fcfe1f-84f6-5b47-8131-79a7e580587d","0","0","[]"
"cand-5bda7ac9-aa92-591f-bb52-62e8442b2c33","ex-375ad9ae-b3e0-5538-9601-59cc68604d13","0","0","[]"
"cand-f6bacd77-bd3b-5539-a398-7d8086e38483","ex-9899f7bc-1c3a-5d2e-af62-7a61304f480b","0","0","[]"
"cand-75fc7015-6b10-504c-8f7e-21279e6ae715","ex-5428dff8-3a74-5289-b15e-de135982708a","0","0","[]"
"cand-8fc223dd-e698-555e-9a3a-76169ba33254","ex-6e910736-472a-5099-8758-28af95c3ecd2","0","0","[]"
"cand-b876eb0d-511d-5d21-a620-eaa691c75ec5","ex-a71591f0-04b6-50be-af58-511bb6fc5adf","0","0","[]"
"cand-5a913c5d-8407-52eb-9969-67302fccd91b","ex-0f906751-f1d3-5da3-8e1a-235ffa6dcb63","0","0","[]"
"cand-10ef5768-ebe9-5b44-8725-18635ae2bc67","ex-9495220a-1d13-5ecd-8fd9-37f19439dedc","0","0","[]"
"cand-aed15050-8b79-5665-a97d-4000754d6603","ex-2de74737-d922-502c-8115-2f2a9d5315e2","0","0","[]"
"cand-b3f1885f-48fc-5ae4-9444-053bdbf24889","ex-3e7032ac-ed06-5236-b40d-bbd575519be2","0","0","[]"
"cand-aea8fb3e-5a61-5191-ba5e-02769bd65b6d","ex-d3dd71c8-3852-5de3-907c-1fc8819bdd31","0","0","[]"
"cand-2eda5822-54ff-5318-abed-681a679dd0bb","ex-1c782ff5-a1fd-512d-bd75-889a081e03b0","0","0","[]"
"cand-e8c9b11b-b65c-5d27-8c35-fa8cf4bc8db3","ex-08df30d6-b1c8-54c4-aea7-127edad6a39b","0","0","[]"
"cand-daca1dcf-9895-5c34-bb24-7c1e8f1c5c37","ex-f16c4f53-220c-5902-9df6-021ec35d8ac9","0","0","[]"
"cand-8e865b5f-e254-50f8-8c7c-2bf52f0345db","ex-111704b4-acd3-5c9a-9945-8e5d480f5ff6","0","0","[]"
"cand-71488a61-f3af-520a-96d1-0d6072556e6b","ex-0b17755a-ff82-5294-86f0-5ae8f2f3fe18","0","0","[]"
"cand-60d3a393-edb9-5951-aca2-d5b9c0a1c3ff","ex-3134bdc2-4b33-5ae9-aefb-dc0385a36060","0","0","[]"
"cand-43472387-459f-500c-8be1-f7ee00d86c6e","ex-04532ad3-dbc4-54b3-924d-fb38e5ebb0d3","0","0","[]"
"cand-3385a1d8-17dd-5692-a5d9-fd7afead866a","ex-fe2ec1eb-59cc-520a-af80-862578849b93","0","0","[]"
"cand-cfad5baa-70c9-527a-998b-ad4d621f0016","ex-f9e44bb4-195c-5157-b22a-b436ee8866fd","0","0","[]"
"cand-182ffb24-acad-5eef-bdb6-dc8ce0d5f6d0","ex-4a4504e2-f984-578e-b3f4-5fe3469f8a66","0","0","[]"
"cand-df22ff16-fc1f-588f-8e49-0705190254cd","ex-f052132b-f772-5818-a1f1-8d650dd623e7","0","0","[]"
"cand-53a5a9cf-d0a6-5233-9e00-ca09b907eb9b","ex-7a4ec883-c323-56f8-af6e-9b250a75e12b","0","0","[]"
"cand-a930e739-8dfd-5c49-8aec-5d96d1d506a7","ex-2abec6cb-e13e-5924-a0f5-0cd665dc263d","0","0","[]"
"cand-ec3f49b0-fecb-5920-a420-2e4dfc89d0e3","ex-4d4b34e3-e535-56b8-b6e0-cc09cc66071a","0","0","[]"
"cand-600cb5f0-8373-56a5-aeda-fbb55481a41e","ex-3efa8e6f-b956-526a-91cc-9b908272cfbe","0","0","[]"
"cand-427ec47d-9428-5acd-866c-8d2e9502d4f5","ex-69e26659-4a71-5c86-8781-4a89364e6a4e","0","0","[]"
"cand-cd2168e0-db0b-5527-b0d0-7404914eed47","ex-1c0d8196-d25b-5f90-a369-2a8f1595de38","0","0","[]"
"cand-2933c55c-efc5-5795-8118-bdf73abc4bb0","ex-7fa28f7c-bc47-5861-9b2e-06094eee99a0","0","0","[]"
"cand-8de14bbd-1c91-518c-a68e-042f71cd94af","ex-72ca2c6a-39f6-59c3-b56e-999d882bd237","0","0","[]"
"cand-67a3e241-9a65-5be3-8da3-6ea8a945ffe0","ex-12eb8453-6992-557d-b4d8-5a128901243f","0","0","[]"
"cand-ca0415de-3db6-5616-a734-c08d7873b5bf","ex-aab61388-8e79-5d89-b3b0-961f09eadb76","0","0","[]"
"cand-0e0c1656-20bc-53db-966f-232ebb616baf","ex-b46e2f63-f4d3-5e62-aa63-12d138d0cdd7","0","0","[]"
"cand-ba0ea749-74dd-5232-ae84-3d6b8c6a9ce6","ex-24b5ea27-dc73-5864-8dd0-71707cd901a7","0","0","[]"
"cand-64f55df3-9b72-5d05-846a-95612b00e5a8","ex-d9137d59-f0f5-5ae2-a065-2b9dad1b4cf2","0","0","[]"
"cand-b114eeff-fc81-5001-9b2d-bfc8313af423","ex-ec37bf1e-877a-5d27-a801-23874195a344","0","0","[]"
"cand-d28f4240-5a1a-53b8-a7c5-1ea8739287eb","ex-8d58e1d3-cef2-5725-ae9b-b1276facb2e1","0","0","[]"
"cand-3af224e1-9e3c-501e-94bb-57c363fd60bf","ex-1dd29b14-fd01-5998-9705-8c4ac7dfc9a4","0","0","[]"
"cand-b10a7020-b167-56cc-a0da-9059bf1f9faf","ex-f9660c16-2c5c-5282-a7f8-28c057255791","0","0","[]"
"cand-1c96eeee-aee4-50de-a81d-efb310649f95","ex-8d16e51c-d6f9-5e56-ab83-b88afe9be7f9","0","0","[]"
"cand-1154eb87-1adf-56d6-89aa-8cddc61e533c","ex-176a6552-88c3-54e5-81cb-1c5339ef17f8","0","0","[]"
"cand-8b828965-18b9-579c-a4c6-1b4a03611b1e","ex-cd4c34f9-9815-5113-824e-8ded8738b5e3","0","0","[]"
"cand-d8152ac9-3a43-57a4-b64d-f386e9a78e5e","ex-c011a52e-43ac-5341-9533-a998fd37efe4","0","0","[]"
"cand-d01fb448-f871-5938-90bd-5b24af34e8d8","ex-909f66e0-1341-5921-8b63-c3414df5c680","0","0","[]"
"cand-0e4605e2-3349-537b-9904-b418ec01e849","ex-9121c41f-3447-5406-b224-0832d7baa682","0","0","[]"
"cand-951167c8-8c27-5679-ac84-cea6ccbb70a3","ex-080e090e-8ad0-5449-a1c0-22155c11dd31","0","0","[]"
"cand-cce4b092-756b-5786-801b-6b3595dd573d","ex-0ceaabf5-ca38-564a-8596-b639496fb3e1","0","0","[]"
"cand-f54960dd-5a0d-5850-93c9-c731ec9e3142","ex-556fe709-40a1-5dcd-9100-25fe117ec7a9","0","0","[]"
"cand-57f35e41-06a4-5875-a79c-e9a02ff04cef","ex-e7e5c6de-210f-546c-9130-52edd5a42f0b","0","0","[]"
"cand-acace4a1-eade-556e-90a5-84081d749146","ex-00d682ce-98e0-564c-982e-2d448f7ff449","0","0","[]"
"cand-5b6fe610-da74-57b3-adf8-336d90052d00","ex-95e705a9-c619-50e3-b2e5-4d28f9496369","0","0","[]"
"cand-2fab0cdd-de00-5584-af9b-14453d1be3fe","ex-9f46cfcb-f8f0-55aa-83cf-3e2d17335a9e","0","0","[]"
"cand-6c36cad4-d27c-5d4b-bd31-da0250c9575c","ex-21ea419b-17fa-5fd5-b08d-98ac13262d51","0","0","[]"
"cand-f7ca18f1-7490-5398-a3f0-07ec03ad5920","ex-76b191f2-1a1d-59b3-a152-f77e0d109d87","0","0","[]"
"cand-02f17362-5245-57b9-b5f6-b5fb7ce0d85d","ex-2b569e88-823a-5b5e-a253-1d97e18e0047","0","0","[]"
"cand-dc8a5449-38d7-5075-b722-98763c4b2a99","ex-cb1f31d3-87b7-5571-82a7-6f47f0921273","0","0","[]"
"cand-aa15a907-a6bc-5799-a392-e5cc3f59f1ea","ex-f6992b01-34a1-5de7-bddf-22be812ca73c","0","0","[]"
"cand-20ab2cf8-1935-5940-b519-5c6434905e01","ex-26f45c2c-0131-59f5-a4d8-f9d19c818124","0","0","[]"
"cand-04ae53aa-6c5e-53b4-a4df-d2432d19e5eb","ex-b0cef0e3-2172-524e-82a9-0efb138b0267","0","0","[]"
"cand-88408665-cf87-576b-911f-efe4cfafd22e","ex-37e64eea-ee6a-551e-8813-3b814ecedcdb","0","0","[]"
"cand-dd13e99e-222e-53d4-abf1-c7bf2cc1c45d","ex-d5a5bf5d-4827-5b09-9c07-4a3832f600ba","0","0","[]"
"cand-ffa7307a-69b7-59b5-8ce0-74df2bdf43eb","ex-4e246fed-7444-5b5b-96eb-3f78d6f973ac","0","0","[]"
"cand-8ae664c0-cd0f-5241-b38e-2a70e75a3f2b","ex-ae2e4416-2071-5cd7-a75f-4302d48c37d2","0","0","[]"
"cand-85ededdc-3f60-5622-b6ea-942e7f27de18","ex-ea624835-2edb-54af-889e-5d0226fa3a81","0","0","[]"
"cand-5e7fc102-97ad-5d22-9772-3c2203e0acc1","ex-0685ef64-ee47-5ce5-a4f0-12a710e29d95","0","0","[]"
"cand-3568fc42-0e58-5f83-a3d9-31139af33367","ex-8c6aece8-d90e-5ab7-b865-a98141f9ddb4","0","0","[]"
"cand-dee0c9c7-3d21-52aa-9cf1-b8b23d039b41","ex-4ab962d5-9763-5817-9fb7-0809f5195e97","0","0","[]"
"cand-9b9e5218-3589-5f9d-8225-1247228dac61","ex-37568af5-6aa3-59c4-8664-2fe97852efe6","0","0","[]"
"cand-f9c1ef5a-2d89-55d0-878f-fd49e7eeab22","ex-2a7b7d95-4705-5951-9124-791186f70eb6","0","0","[]"
"cand-dc6efd00-0267-50a9-8afe-21e36f64e638","ex-2d727577-8513-5401-9202-4f5795271030","0","0","[]"
"cand-bf4af575-e2a4-5a2d-a730-ee6275738cfe","ex-027f8277-c013-5ab2-aeff-5cdaec175302","0","0","[]"
"cand-5296e306-e775-51ea-ade0-acf706d5ca9a","ex-327bc662-1796-5540-a667-f512b6dbf884","0","0","[]"
"cand-57f5b609-be02-57d1-b7f4-1b5ff5c145b0","ex-8743a23d-de7d-58d2-970b-19f92633791c","0","0","[]"
"cand-f4e359db-0826-5aa3-a19d-84012efd002e","ex-edb0a774-7620-54cb-a87d-ba43d270a88d","0","0","[]"
"cand-86fe3a47-d220-5cc0-872a-fd9acbe3d38c","ex-b3b831da-8326-5de0-be83-d9623abd5cdc","0","0","[]"
"cand-2c6d908d-022a-55d9-9ffb-4539fe980a15","ex-93e71ec9-7f74-5319-8715-40934c81bf1a","0","0","[]"
"cand-fe2933e0-bd09-536f-b055-069ee79c5120","ex-a60629f1-b6c5-5a11-ab26-8f512b697984","0","0","[]"
"cand-408056ea-b9f7-5f77-a4b3-cc06d20b38d0","ex-2c07b460-7f04-58fd-ae1f-79853c94312c","0","0","[]"
"cand-d3c252ba-3ae6-5dfb-8281-e42372bc5a07","ex-527d02bb-71fd-56c7-952f-2930b9203b48","0","0","[]"
"cand-42928c01-d83d-55ce-8037-1dca72987b02","ex-6189803f-e99c-5fd3-90ad-de4c24ae4c65","0","0","[]"
"cand-fb72adfa-e1f8-5616-8623-bb2714c9f966","ex-b5fa7f41-a2dc-593f-88d0-ed9e84b0af93","0","0","[]"
"cand-3c6f54d3-7cbf-5402-8349-2cb364e22dfa","ex-3380f697-1eef-573c-a4bf-4b6eb47ea942","0","0","[]"
"cand-2ae26e90-c334-54de-a66f-c3113a17a7f3","ex-b38a60ac-11aa-5acc-beda-16e111de70a1","0","0","[]"
"cand-9036d4d7-0906-58e5-9094-7be3b78bddc5","ex-05a614d0-1bd4-5fe1-9493-25d038fb2dae","0","0","[]"
"cand-9be2b72f-13ef-535e-9ca8-78de953d6e7e","ex-2ab7a8cd-d627-59fd-a5d5-0b29adadafec","0","0","[]"
"cand-292f7838-29d7-58a1-90e0-3b0b2f21f405","ex-1e7dd358-8511-5db6-8779-11387b4f4112","0","0","[]"
"cand-3413a264-3f1e-5650-b511-c83ecc6700fa","ex-72702e8e-ca20-5808-a950-8881eaaa177a","0","0","[]"
"cand-7b4154d6-5fa6-55d1-a478-b033e28499b2","ex-ea8d7408-4a72-5fb7-ad60-ddb4bc27bc8f","0","0","[]"
"cand-a5e8e2d4-857d-539c-ba8b-d744b007dd44","ex-b3fd4dc6-5bc4-5523-8e11-ed17aec7dc6b","0","0","[]"
"cand-d3e88668-af82-5c12-8eaf-20ba6ee70d7c","ex-a9317f3b-3f08-58ad-aa12-51593053fd3f","0","0","[]"
"cand-b208f1e5-5173-592c-a59b-d13247f40f15","ex-4695e680-8392-52f1-baeb-218d68f6474a","0","0","[]"
"cand-eab6b996-f4a1-5c35-a980-fd563f842ef0","ex-b80af4da-0d52-5366-8432-db67824b7562","0","0","[]"
"cand-8685086f-ece1-5932-bea0-82d4b6722b0d","ex-6705304c-3a6b-5844-920d-aeb15d0da5e1","0","0","[]"
"cand-e783221f-220d-5851-a1b2-1a5e764e41ed","ex-c30f30fc-ba9a-5d93-9ea1-43de286416cc","0","0","[]"
"cand-7b1d02d9-5244-50ed-8239-11f60ca96d83","ex-accfcb5f-d231-5139-9804-ef157cc95673","0","0","[]"
"cand-7c63502a-2aee-5cd7-b9ca-0f214c73b715","ex-54c44059-a335-5822-aadf-0c7618051f13","0","0","[]"
"cand-183487ea-901f-539d-8f4d-b110ad9ded31","ex-f9c447a4-72ed-5ec5-ab2b-a90e35008119","0","0","[]"
"cand-b77e846d-6e7f-541f-9c6f-afbd35befcd0","ex-585f24dd-90ac-5366-b64e-d9a97d762223","0","0","[]"
"cand-9087468d-137d-5ab3-a4a0-595d35afce5d","ex-335f563c-b4ee-5c74-9742-31467f038f8d","0","0","[]"
"cand-6a9b3eec-8c71-5e53-9e14-164fab25973f","ex-e1c4bda5-d273-5a09-8a3a-72fd18b54cb2","0","0","[]"
"cand-96540706-20ad-50bf-a361-2ed7af6c3a62","ex-f0c4ea46-e192-5283-90a6-f22d8c2c8ec1","0","0","[]"
"cand-ba648c49-9739-55cf-8558-4e3dc72c9b5e","ex-37ecf25c-442e-559e-978d-b2d3df31d8f7","0","0","[]"
"cand-4fcb8b99-dede-534d-8be7-83491a0f524e","ex-30cf12f0-09bc-53e0-8807-03f7736fe474","0","0","[]"
"cand-92be4d54-fb7a-5e14-b0f3-04ce8e33f531","ex-65ebebee-5577-55d9-ab90-20604fde5489","0","0","[]"
"cand-53ec767f-88bd-5e78-8f06-0279599ae749","ex-79a54dc3-5324-5613-b0b1-dc5bb01dfa20","0","0","[]"
"cand-ecacae50-28d6-5aea-a66d-3a692c7ed1e6","ex-1ecca0ed-33dc-576b-81b2-4c8997ac794d","0","0","[]"
"cand-15696815-c5b5-5ceb-8e9c-3d3537895246","ex-58118cf1-d614-57fb-8ce4-23296fdc9766","0","0","[]"
"cand-b6553c1d-0b4b-550f-862f-44ccb7858fe4","ex-bf52c20b-ea3c-5061-b60d-5b44f4871a7c","0","0","[]"
"cand-034a9741-ef6f-541d-8342-00b91bb1b8d1","ex-42ad208c-ddad-5d0f-992a-fcefc7424376","0","0","[]"
"cand-4224512e-1408-53b5-b750-dab7e1fbfc8a","ex-0f2b8a90-baa0-550f-9ef8-ea1abd41da8c","0","0","[]"
"cand-c30c5a60-72cc-52c5-9085-e4f0664b2b43","ex-130bd56c-13a7-5438-80f6-722acc5728ec","0","0","[]"
"cand-1e979cd8-6718-565c-9174-9fa36ccfccd4","ex-48682a42-fd09-51fb-907e-c6afb136e6ab","0","0","[]"
"cand-e712ffba-a353-57ef-affc-dad92293c6d8","ex-de8f286d-6565-5a33-92f5-382142e88359","0","0","[]"
"cand-d481939b-5e62-5f5b-8d9d-76bffe8b5d1e","ex-79e10bb5-128d-5497-a103-38ff2b3363bb","0","0","[]"
"cand-8bbc330f-8b23-57d9-99b9-fb7e1aae354f","ex-a8f385a7-3681-5c58-bcc5-84e27d5d4968","0","0","[]"
"cand-7ed9319b-82e1-5e0f-b67e-bdf62cfcc987","ex-a1c5418f-7414-53df-b6b8-e687f093dee9","0","0","[]"
"cand-b1a43546-38be-59c0-8eb1-73ec30f18e1d","ex-9c1fef45-a0a9-5f34-b142-e28f8b459c8d","0","0","[]"
"cand-16794754-5d96-5a1a-a9a3-96750db637c9","ex-918fce6e-608f-5365-92b2-7350359881ff","0","0","[]"
"cand-03c147cf-4bbb-513f-8a71-785aff528248","ex-33551f07-57db-5f12-b44d-b3b9cc5aa387","0","0","[]"
"cand-7342c154-0984-5925-80eb-a6c05f4ac79b","ex-648e3e20-a1da-52ca-8922-fce8b2c753c5","0","0","[]"
"cand-360a4b21-2a3b-5618-a230-894bf4e7df91","ex-78c5ba12-9d33-5394-bbfb-a194af9b8368","0","0","[]"
"cand-5e8aed3b-61ef-5db5-82ae-84da7c951887","ex-47eab035-596e-5fd7-8db8-be1bd4823115","0","0","[]"
"cand-017c9bad-6659-5ab4-90be-f025150e6d8d","ex-b43d2d1e-f12d-5f40-9cd5-cfd487543195","0","0","[]"
"cand-9e5e1cef-b452-5b20-84b3-2b821bab533c","ex-96b34ff6-a7ce-5bc8-9211-9501aa8931fc","0","0","[]"
"cand-c463f92d-e662-5c9a-a1eb-a092dfbb9c6c","ex-57a4d950-1830-5aec-8b92-387ef3546efb","0","0","[]"
"cand-a199e4bb-0e88-5d55-8f2e-eb3cdf4da67c","ex-f8804693-562b-5b59-b1d4-40c1bfa95678","0","0","[]"
"cand-617d3557-f0a7-570e-89e9-47f4a9c193ee","ex-9e9b9e2f-354e-56cc-9078-8139201cbc30","0","0","[]"
"cand-52566712-9b8d-5a70-b49f-b60f95bad72a","ex-51797b94-a899-5b12-8aa9-7d96e0826acb","0","0","[]"
"cand-b2a8f84d-9580-53bc-bfec-8531f2439409","ex-4cc7c728-522c-5a3d-8b81-ddc7c583a1b3","0","0","[]"
"cand-6a96aafd-9f83-5db7-8e91-f4effb96cc14","ex-4ff29cae-bf10-5d07-92c7-9b628cf90dee","0","0","[]"
"cand-5896bc50-3071-5d98-bd87-b3379802ddb4","ex-40eff308-120b-5d61-bb79-10644d8d1a91","0","0","[]"
"cand-0500f039-6010-5ee8-a47a-de20a60eeeec","ex-c70fc6e3-3995-5309-82d5-3e3a441aad52","0","0","[]"
"cand-e3c99730-fe80-5022-bdbd-4b8ab564ff5e","ex-e3b7a9c6-e37c-5311-b40b-fa27c940367d","0","0","[]"
"cand-b9fefbd6-16df-5eec-b1c3-026ceb08066c","ex-da1ecb11-91ac-5c19-a207-34b482f2798f","0","0","[]"
"cand-66fb61bd-4429-5b6f-8db7-771a3923b3ac","ex-f80e5f88-d7c2-5bc7-bbc3-2746f210eb6e","0","0","[]"
"cand-e6d3c026-947e-5f6a-9130-6dd8bc99ad8e","ex-7e804df7-e438-593e-95c3-191fd6501eb1","0","0","[]"
"cand-d34263d6-4f6b-5705-8451-2b91058620c8","ex-28e89201-4d53-59e2-90b3-f675908bef20","0","0","[]"
"cand-98f9cbfd-9b4f-5301-8bc3-f22fe2a453c3","ex-4949a467-084d-5748-9455-3975a5cdd506","0","0","[]"
"cand-f6ef83a4-5f7f-563d-8e24-a03b32f7180c","ex-63d34ae9-b7ab-594b-99f4-ee082fc077e1","0","0","[]"
"cand-3e957b58-9ed9-5825-a58d-e31de57e3ff4","ex-ff01f125-0eba-56d3-8b29-fbc722431ac9","0","0","[]"
"cand-45df937f-b217-5ca9-a3a5-b676b0f82bc0","ex-e6584a17-116a-5263-bc8e-750a31da9d6b","0","0","[]"
"cand-e915561b-6aba-5b99-8ba4-802c0e83d747","ex-b312287e-a053-5023-b6d7-cf8f2da0fef9","0","0","[]"
"cand-0dd84b16-0180-542a-8b58-03eaf213372d","ex-36f19f4b-034f-5c3f-8f98-e9bb973146cd","0","0","[]"
"cand-d78aa7a4-5fff-5f19-9975-e2247772c012","ex-7ad49e98-5aa9-53ea-ac3b-7df0d6298917","0","0","[]"
"cand-3b2b751b-bf59-5fce-b99b-83d36fd881f0","ex-391a1e6d-2515-510e-a93d-60256a998a3c","0","0","[]"
"cand-eaec7880-2d6e-5236-a65f-2baa7244291a","ex-a2d15eb2-628f-500f-a044-d056c0332e97","0","0","[]"
"cand-b5c717fe-486a-5a9a-9dd0-e3bf052e1431","ex-cbc27a8e-f56c-5f85-9c16-7f53d261620e","0","0","[]"
"cand-663958cd-c6e2-5602-9958-604efe304a09","ex-7fd56514-c92e-5999-b3fa-c903d55650d8","0","0","[]"
"cand-903747b7-c29b-5011-b4a3-bded6762f10a","ex-c9960bc5-f3f4-5cf9-b6b3-0ce29c1c81be","0","0","[]"
"cand-aca31884-820d-51ce-bdf4-0de36de44bc3","ex-1fda0d7a-e983-5aaf-b7a0-843762dc76fd","0","0","[]"
"cand-0eadf84e-5ac5-5cdd-94ac-eee239b4cd4d","ex-fdbc5415-55b8-5f06-9647-5375b492b655","0","0","[]"
"cand-dddc264b-6db5-5971-b595-56c9468b277e","ex-042b5ae7-d3f1-55d2-a396-1ca5e1da6bc0","0","0","[]"
"cand-c01cdb23-718b-5b11-9fef-7b13d4c8005c","ex-0d72c539-26df-5f27-9f2c-eab411bdbb6e","0","0","[]"
"cand-fa4dbc39-3fd2-5964-baac-c8db2fdd1008","ex-fe4316e4-e4fb-5f58-a485-55a9ea58d423","0","0","[]"
"cand-2e881bfe-68c7-57ed-ab5f-63e64b091654","ex-3e36444a-3c4a-56df-a7f8-1bffc1ab1056","0","0","[]"
"cand-c0144b2d-4faf-5b7f-8a23-fbc3b0c76a64","ex-bbf07b80-f164-5271-8037-705da3dd3b21","0","0","[]"
"cand-f63c7125-b48f-5e83-98b2-e349206f6f07","ex-79715afc-115c-5ccb-becf-5d2ce32f3258","0","0","[]"
"cand-2d2979d0-3dc5-56b9-99f8-56734b97b0ed","ex-ed0e1317-52d6-5260-a752-e4b568c0096e","0","0","[]"
"cand-dc6ea151-1a65-5811-9a8f-0c68747053b1","ex-ae63f4d2-00ea-572b-9bec-f01096cdb856","0","0","[]"
"cand-34c9e402-a7d1-56e6-9b8c-16d94f0aec87","ex-d1cc86fc-e0ce-5285-b7ab-12393f5e4a5b","0","0","[]"
"cand-98b8e4e8-981c-5d34-8faf-a247b787db6a","ex-d37ad2d0-7ea6-5a49-a253-c7425770c6e5","0","0","[]"
"cand-6924c049-5dfd-567f-9da3-a160031e2e7d","ex-d1e18608-6fbc-5c49-aa52-67ee82375baa","0","0","[]"
"cand-10627bfa-d3fa-57f4-8b8c-7b0a82f64fa3","ex-ab71bae4-b0ee-59ac-9725-232eac579e42","0","0","[]"
"cand-91cf9dc1-c349-5343-a285-2c5880071c0f","ex-088c3d09-63a6-55a7-96b7-93e2b710e637","0","0","[]"
"cand-70acfdcb-8fbd-584e-9ff7-f44ad83d18b0","ex-2d4e0454-5fa9-5fed-b726-243f17d2315f","0","0","[]"
"cand-2185af88-68a6-5b79-bd56-f501fb8dbcdd","ex-21953889-4975-5d36-99e5-465c18230d52","0","0","[]"
"cand-0c57ef43-a1ab-51a5-aa27-6ab8137ec20c","ex-fee0b539-088f-565c-9da9-8cd53985eed2","0","0","[]"
"cand-b49ecd3b-e43a-53d4-8b43-80d57d2853c4","ex-93e5bae1-c277-5956-997c-9db7a32a2747","0","0","[]"
"cand-a1971a64-51de-51af-b424-aef218696bdf","ex-e2eaa403-5dad-5ec6-8a2a-4227bc653341","0","0","[]"
"cand-af0ee5d8-7008-58e0-806a-7e55bd95a656","ex-7c840711-2f78-53b1-8fad-3166cc78f050","0","0","[]"
"cand-39cb309a-ad75-5fb0-9804-65c1fef8d3d5","ex-057bec28-058d-5bcd-8135-e9d280b81ff9","0","0","[]"
"cand-51ef0db4-ea0e-553b-bd7d-1eb01a3ba5a8","ex-6ab5223a-ee6c-5c82-aa97-8197e2906452","0","0","[]"
"cand-9851f0d3-c514-5082-bf29-a2cf927f3ea4","ex-475bb748-d5da-5cf3-b33c-76da9eb83dd8","0","0","[]"
"cand-04bda40f-f72a-5aa8-8c33-7e6870c4e3af","ex-e22cb936-6cec-5c83-a4bc-6a2a4a288d35","0","0","[]"
"cand-43d2680f-a724-5ddb-852a-006ff54504a8","ex-23ac9efe-9693-5858-b475-b5220558a267","0","0","[]"
"cand-c1eded45-5d62-5faf-b6f0-56926e64b67a","ex-4ada8da7-2799-5e07-b399-d7c61b8e9d05","0","0","[]"
"cand-d58708a8-1076-5fdc-9bd0-ba41b72ec2b3","ex-1478d36a-33b2-53b6-ad6a-9e019cda5cd9","0","0","[]"
"cand-552daf83-81e7-5438-9b37-ea05c763d18b","ex-fb69adb9-e019-55c2-95f7-c3681e8134cc","0","0","[]"
"cand-6d6b3b57-d225-5bce-bf73-491c7ae20388","ex-a35d1fe8-a8ce-57cb-9ecb-19e76efce155","0","0","[]"
"cand-ee31db58-6d31-5515-8a2d-d2fb961df075","ex-234cf48a-893c-51b0-acc5-330ddc63fe0f","0","0","[]"
"cand-8a02aeed-5be9-5367-9970-b7b484469357","ex-1166dd5d-06b3-54b9-826e-2228adbd02aa","0","0","[]"
"cand-1842813c-6a75-5f7e-8a28-3314df6e75f0","ex-af5cb550-e031-5214-9291-3a7044241ca3","0","0","[]"
"cand-2ceb672a-4b4f-5d41-b484-8f3203b44513","ex-617d618b-0f4b-5fca-aef1-5744a96859eb","0","0","[]"
"cand-c00246d0-c8b9-57b5-83d9-65d17c3a237c","ex-f52d3308-a2a2-596e-a108-bd866bae6e9b","0","0","[]"
"cand-317272d3-3465-5a41-86be-179ffe91099f","ex-c4834578-3c3a-588e-ab65-56ce51829feb","0","0","[]"
"cand-b2177cfd-0966-5bec-b5fb-46ab9bbf7be3","ex-8c767f15-c3be-5924-9440-0dad9dacc524","0","0","[]"
"cand-d2fb60ae-3b56-5f89-b908-b827196fe0b1","ex-3c4bc669-f8a8-5cf1-aaa2-c4f769c538ba","0","0","[]"
"cand-ec22672f-1cb3-555a-8802-6d90da534935","ex-aa5fb9af-72e1-5f4b-b063-9ff8557fca59","0","0","[]"
"cand-fdd74c25-fc8a-5ea7-b341-0119d0e01a6e","ex-0ae71687-ece6-5196-9dcc-02738dc8fef3","0","0","[]"
"cand-8fbb0985-2d31-5b85-9815-fb14a38a6211","ex-1f50d40e-fd81-5ea6-8805-c5fac95c8f78","0","0","[]"
"cand-062c22e5-68cb-56b7-b370-66b43d9a92cf","ex-801e71b2-f1bf-51b4-9863-777d18a99b13","0","0","[]"
"cand-932fe0db-a109-5ae9-96ab-1aa7a7357e0b","ex-2f006b3e-f853-5efb-8f53-b4258a01429d","0","0","[]"
"cand-4b1791a5-610f-593f-87a1-87f3b0ffd894","ex-87a78e18-e57c-54be-9dde-018217e73435","0","0","[]"
"cand-875bc414-e26e-5d8a-ada9-e9ea90e081be","ex-f19e98f6-0024-5320-8f0c-1126c2232a25","0","0","[]"
"cand-acf5642d-9506-5386-b32d-635955d5ccb7","ex-16a687d6-a8e2-5c4b-a264-e0c510d0e524","0","0","[]"
"cand-9c40b1e4-36b2-5d43-a375-62edc150010e","ex-2588efbd-b9a8-5f7c-a277-a5684ea91746","0","0","[]"
"cand-a176eb01-643e-5b9a-a824-26237370f1b4","ex-42f91dea-7373-5e0e-bce6-3f20c67049be","0","0","[]"
"cand-a5dc2f29-fcb4-5ae1-a1ee-af9d82a303e9","ex-0d32ffb9-2c10-5d62-b9c0-d986c8e28458","0","0","[]"
"cand-3cfb5e7f-cfa6-50f2-a521-45cb077da0ec","ex-815ad9ee-f148-57b7-9b69-32ed019a7867","0","0","[]"
"cand-c2d2f427-d98d-5ab7-a0c3-a40f9505c712","ex-d8ccef54-4625-5725-aa33-a9994029a23c","0","0","[]"
"cand-bd3d6e96-f963-59fd-a506-7376c07195ca","ex-5e2c80ac-ea4a-5184-b407-f203462d50e3","0","0","[]"
"cand-54e8bfac-6941-5d5e-9247-84bb0f5b9ae2","ex-f2fe93c4-64fc-5d13-8343-c5106ee942c4","0","0","[]"
"cand-eb0a23f8-b803-506e-a236-1204b247c0cf","ex-2fdcee0a-215a-5d56-b3fb-028678cec2d3","0","0","[]"
"cand-a55baf96-e00f-5b5f-bff6-0cff51a038e1","ex-c51af2ac-4040-566e-94f4-97a36561085a","0","0","[]"
"cand-c9aff0b7-88a9-57c7-a34d-071c402f95aa","ex-0f102460-6ace-5ef4-9d9c-522856b7731b","0","0","[]"
"cand-73dc3335-3d8d-5861-ae29-10587f012c1c","ex-b501f49f-f8e7-5910-ae02-2d63fbce08d9","0","0","[]"
"cand-bb1cec3a-feb5-517b-a76b-b344eb3ca954","ex-0aad0913-d991-585a-8d35-e3769b3a41b9","0","0","[]"
"cand-f1fa144c-db56-5ca3-b4ce-a1bd169417e6","ex-e2407ea4-3eb1-5a6f-98a8-674154da247f","0","0","[]"
"cand-57c64437-48df-5848-9dab-360640b91ab3","ex-9255c620-ee92-5367-bb66-b9ce95b13025","0","0","[]"
"cand-8a0a0635-d5b0-58d1-916a-907e283df7aa","ex-4bf6e555-46f3-5122-a277-64335d4e9bed","0","0","[]"
"cand-2ba698eb-9771-5551-a8cd-98acb704f652","ex-bbf98cc4-ae4c-5ee0-85c7-e647b272fa02","0","0","[]"
"cand-6626de4f-d5ae-5357-bdd9-e39ab8bd248f","ex-814d25bc-e86d-55e4-87ac-1fa970a71284","0","0","[]"
"cand-61cf7e4c-ee6e-535b-951f-f55a01f5670e","ex-e7c73eb2-8538-5191-8b3e-ce31b4a4255e","0","0","[]"
"cand-b10e9ef6-aed3-5baa-a9f9-0cbf9e5efba5","ex-d0b67c3c-7f49-5b29-8e9d-2a31951ac021","0","0","[]"
"cand-ba3771c5-211f-5885-b428-4a17d43fbb0b","ex-f5945b37-4177-5d81-9a9c-e77157e4633e","0","0","[]"
"cand-2ce5d2f5-6a67-54c7-a8e3-d5f3f976b366","ex-cbeb0e12-fc17-5738-8f2f-ce2df8554bb8","0","0","[]"
"cand-994ff63c-1877-535b-b1d5-be57d7291d6d","ex-d4994e97-fb84-5a68-8f7c-d882d30c9ece","0","0","[]"
"cand-c87ddb0c-76c6-5f82-a3d6-06cd4c493ceb","ex-59441d69-5036-5a53-ab32-c6d2109329f4","0","0","[]"
"cand-197046f0-e1d9-5888-ae4d-5ae69e1af44e","ex-99ac6301-61ee-5ead-86b0-b81550b9caa7","0","0","[]"
"cand-9917d6eb-8442-5a12-9346-b1e05b811608","ex-34397e1a-9f15-5b4f-9d20-5a47b8b97f31","0","0","[]"
"cand-32ff68ba-9d09-5678-9af6-8eaeb1fe714a","ex-17481fb6-b29e-5903-8989-effefcc41493","0","0","[]"
"cand-eb2dcf0a-7bff-5c5b-b98a-04ebbd6e341c","ex-8c83b19d-4e60-5cf2-a720-f940d190d0a7","0","0","[]"
"cand-976fbe95-683e-5ffc-81ad-e66376effcc0","ex-2ddad8f7-db28-58f3-86db-b5ef41bc5222","0","0","[]"
"cand-aa9296f8-112e-59c7-b1be-5f64cccacb5d","ex-4081e31a-3b9e-528f-8449-79998819bc88","0","0","[]"
"cand-fda751ba-6cf8-53c8-bc14-96eff82c0462","ex-b9cfc145-24e4-5c47-8347-7010b89b53bd","0","0","[]"
"cand-b0a78329-c5e4-5a10-a495-d38bf92d1f47","ex-452ebae3-951a-5225-a584-44abc6f0583c","0","0","[]"
"cand-5f5a56fb-35ad-5b6a-8776-a5b20912fd82","ex-f32c63f3-4455-57c0-9650-7b2d57c0aa10","0","0","[]"
"cand-64cb3c5e-cfd1-59ec-9444-1cb395374066","ex-77060455-d754-5d90-bdb0-aac74040c50e","0","0","[]"
"cand-dd09c4d5-7c7d-5a53-8d9d-eb87c09bba0b","ex-a714cea2-db45-57ec-8898-8f15b8129f86","0","0","[]"
"cand-6b31bb67-0122-50c4-8766-0ea7e298ae57","ex-e22bb30f-d3f6-5356-9037-d4ed29adbb7c","0","0","[]"
"cand-ca6f3ab8-528c-50eb-be88-618f032de8d8","ex-2dc5143d-bb9c-551b-acf6-a97571434f49","0","0","[]"
"cand-cafc6652-0a85-5857-be30-178f2c8071a6","ex-54c76526-4773-5c64-811d-a3f2ca92f0e4","0","0","[]"
"cand-fa19467f-c37f-5204-9d0e-3465ed9ba4c8","ex-ac5b9065-7d73-506a-95b1-58272974ceb0","0","0","[]"
"cand-2fae325d-370d-5365-841b-931ff1f1afa9","ex-996f6079-1649-5b46-ac1c-f0d2aa40608a","0","0","[]"
"cand-923f1c74-14ac-58cf-90ec-31875a217ec9","ex-820dcf03-7ca6-5ac4-9c9c-83b4066a624d","0","0","[]"
"cand-93e5be8e-3ebc-5ee1-96f1-8c052e65ddd4","ex-89c36ed6-9724-56a5-bab8-78d0bee4cd56","0","0","[]"
"cand-48c003fd-cc05-57af-9f89-30139d9db803","ex-1703f445-502d-5084-a17f-04b7e786f840","0","0","[]"
"cand-3195c8e5-de56-54e0-8612-123c79717caa","ex-c2ae19ed-72f4-5a38-9b94-0cf7ded90d21","0","0","[]"
"cand-bca710f7-4e36-5eef-864b-2f1dbe97fb3c","ex-c4ecd2d6-1476-507f-9eb1-3a9bbe954875","0","0","[]"
"cand-0dcc698b-8c17-5507-ad3b-925bc6dc347e","ex-887ee6e7-5943-5d88-8893-23db47202af9","0","0","[]"
"cand-088ad4ee-950e-5b2a-add5-5b3c25f6dce1","ex-7b7b442d-5e2a-5938-a8ca-7bcff6f54420","0","0","[]"
"cand-5b33997d-0164-578f-abc4-6865f126e623","ex-a9cfd222-66b6-58ed-9a3c-84a62d189334","0","0","[]"
"cand-e5af1ad3-d277-5a41-b790-f3a580906d02","ex-9566f8c4-e944-59d2-9eb4-cb573cd195c9","0","0","[]"
"cand-bfee1990-2c66-5644-a558-1c701870f3a7","ex-cb6bd98b-ec28-5a17-8666-183319827fc7","0","0","[]"
"cand-a88fa042-cd53-5ba1-b8e5-96b7a0bf5376","ex-4c071540-c755-552b-8cfa-33de9429fad6","0","0","[]"
"cand-4991537a-5393-597b-8e72-fab789333490","ex-a0a2b5b3-68f0-5b08-9c40-b01dbaa7f9b7","0","0","[]"
"cand-04a380b1-bfc3-5c29-af6d-9a5833c7e851","ex-b0b8c2fd-91d1-5801-8193-325eb9e8e0a3","0","0","[]"
"cand-204458e9-127e-5693-8d98-ef75b492a4b3","ex-3c80cc24-f502-503a-8519-f02ded1fac4d","0","0","[]"
"cand-5aabc27e-0b2d-5dc3-9dbf-92e43e1ed55f","ex-87c9c3d0-44c1-578a-b650-ad36edb282a2","0","0","[]"
"cand-0487646f-b730-5697-bc75-e2ef2d322b2d","ex-aa973d27-ca21-50eb-8f8b-d1f018a667f6","0","0","[]"
"cand-2066487b-0821-594b-8558-09e2ca259a65","ex-95381ffd-0f47-5899-9fc5-8059a9c0ef4d","0","0","[]"
"cand-332551db-a520-5b2a-ade6-fe9d0f025706","ex-0d895d35-6095-5a45-aee9-0fa0be56f04d","0","0","[]"
"cand-61bf9c3e-0797-51cd-a1b3-5f208ce4726c","ex-7712cec0-f5e5-5e7b-8e80-071db7df3ca2","0","0","[]"
"cand-ce6c84fa-da5e-517e-878b-e2ec5100284d","ex-578ea360-2e62-5053-8efa-558b7d68e5ab","0","0","[]"
"cand-bd881059-71e2-5284-adef-50c15ed18b27","ex-54d50641-5fef-55fe-b525-1b33bf9dd15c","0","0","[]"
"cand-e78625e1-8be0-57d0-82c4-1807e44741b9","ex-dcd7a935-b457-5373-a677-1b1ba769f20d","0","0","[]"
"cand-f77c92ea-6494-52cd-8bb8-3397195aecaa","ex-d11e20c8-8469-5f21-8dec-69c19208b46b","0","0","[]"
"cand-73d5972a-8143-5b47-bff8-b9b2b9c8439e","ex-5358559a-2404-5a26-b086-a7de63e20730","0","0","[]"
"cand-42e5c86a-f096-5943-963f-a4789d5eeb89","ex-05db86b3-1d65-53a3-834f-20747e800f2d","0","0","[]"
"cand-9b6e03e6-1eef-564f-ad00-a89b21bcbfce","ex-1d752bd7-69d5-5b98-903e-fbd1e0e2bc42","0","0","[]"
"cand-c71f1ba5-795e-56cf-9eef-8cf3d8624b20","ex-6a3b0956-76c6-5038-9d56-ee9a3c0a915f","0","0","[]"
"cand-46951d83-9780-5490-b165-c7950433e234","ex-469bc63b-9652-5b2c-bb22-1e27cea3e332","0","0","[]"
"cand-db8b6f2f-d65d-5f6e-b295-0c256685446a","ex-c29a91d9-c37b-584f-96d3-12300ccf6b42","0","0","[]"
"cand-1f9e2804-9179-5fe6-a63a-9abc9a71ada6","ex-f1c0adfd-e320-549d-9b9e-d0710fa458ee","0","0","[]"
"cand-a40afd9b-f7a1-52a5-8199-10826b589be0","ex-74038da8-3687-54d2-aa06-195996b692fe","0","0","[]"
"cand-7cc56cef-b01c-5808-a46a-5c7ded8d8cb2","ex-0f50ccdc-ae1e-551d-8e85-7dd58d022445","0","0","[]"
"cand-e1470931-9174-5d3c-af04-dcc1be83034f","ex-5d867f76-d7ba-5ca9-8774-18e750156b7e","0","0","[]"
"cand-0eae0abd-e71e-5a1e-a368-a7eff668da39","ex-baaa5421-d30c-5668-add6-c707aa7d9a7a","0","0","[]"
"cand-0d5d41d9-4880-5e8f-b0a5-a18e01bf1435","ex-77645381-46ea-50c3-8a17-cc56dd3131d1","0","0","[]"
"cand-8e8df7cf-f6ff-52f8-b0e8-193cfc0b2014","ex-752349ba-4326-5312-9f03-bd560f6eed13","0","0","[]"
"cand-e33a9b43-7c8f-516b-81b2-0867cbd4fef6","ex-5ef4f7bb-1b01-5577-8187-fbf304494649","0","0","[]"
"cand-19393d0d-a77d-531a-8ae7-cf7180e329ed","ex-8ac120bf-10e6-5b21-9ae1-7494e7a56cb0","0","0","[]"
"cand-05b6a5a0-c1d9-5396-9d24-ad3e5ae44490","ex-3be2d9e9-82bd-57ba-84c9-e432057f6b10","0","0","[]"
"cand-495ac94e-dfbc-5d35-ae48-b5ad25d8122b","ex-878946ec-ae3a-5e10-9dd3-e63e9edbe108","0","0","[]"
"cand-ec5bbb4c-d561-5412-9934-b093fe653397","ex-b108a8d2-a31c-583a-8603-0458adcbbe63","0","0","[]"
"cand-98685330-86a1-5361-b6a1-4cefa35bb01e","ex-4f8eb90d-df09-5012-af8b-1e75668cad7d","0","0","[]"
"cand-5fb82068-8f04-5007-80fc-5e2853aab269","ex-2cdeb537-1a75-5daa-9bb0-08767a331db4","0","0","[]"
"cand-809b33b7-26b2-569c-9793-3a0d9df1db3f","ex-7dd0ada1-08fb-5285-b8fe-ef918ed042f4","0","0","[]"
"cand-90c05376-acf1-5a38-b77a-fa0878395144","ex-628cb430-9bd1-50cf-83a7-c10c60f37c63","0","0","[]"
"cand-8fabcfb7-273e-5c65-9941-24eb9eddf50e","ex-e31f6f85-f0c0-5a34-9823-3ec3349248d1","0","0","[]"
"cand-21e4625f-d898-5727-a74a-6ad5d7a9a737","ex-1ae45ed6-ca73-5558-800d-1f67fb4e2d7b","0","0","[]"
"cand-5f0e71ed-5889-5340-af6f-597f24241819","ex-dd7c0cb1-8bc4-5d97-aae7-0372c1a5b0d4","0","0","[]"
"cand-83f43812-4569-5d17-94f3-7c2799b852be","ex-69acd79e-1441-5805-9b21-7e78313a97c2","0","0","[]"
"cand-8d9ac0f0-dc8e-54b6-950b-602946e3ce33","ex-66f7151e-8b0c-5b25-9167-903a82a0d19b","0","0","[]"
"cand-9bb5ce60-3c82-50ac-acd7-e246ff7e6358","ex-e2f0b9df-47e5-5556-97e9-af868615de86","0","0","[]"
"cand-64972602-727c-5be2-a2ac-99dd69bf0a3c","ex-a10e1baf-bda9-5dad-a5b8-aa6503d021db","0","0","[]"
"cand-53bb221a-d898-51bf-ad21-aff8758ed3ca","ex-49ee68c1-c337-5b46-bfa4-3709296ab36e","0","0","[]"
"cand-1f0d739f-b5ec-532b-b996-dcce5ce51aa9","ex-a62f098e-0e67-5df3-9ab8-5b219e176248","0","0","[]"
"cand-f7f13db9-3339-5acf-8629-4ff6b698a024","ex-ee2cb21b-0ed0-52fa-b771-62f358d68e41","0","0","[]"
"cand-526b4d00-883d-5a3e-adb9-6129414669e8","ex-dd087880-dfdf-5162-b887-1d744e75ef87","0","0","[]"
"cand-f5080fba-22dc-526a-a6ab-e65b402c98dc","ex-af93dd50-a011-5d08-bee4-4f9f6fb925b2","0","0","[]"
"cand-4020edbb-7910-5c73-a0af-258140666067","ex-71b1b28d-9dac-55d4-97d1-9b74a0118448","0","0","[]"
"cand-d6c8c4ad-b576-53a0-afd1-0069732d0afa","ex-bb28ed45-098b-56f6-b4f0-1a482b0adf41","0","0","[]"
"cand-7806938a-29b6-5727-a2c2-426b726f90f7","ex-ab6b7a68-7fe2-582d-be84-5e4028f2e030","0","0","[]"
"cand-cb48cb99-74b6-522a-9200-28b5a5a71ae2","ex-9c5fe2a0-2357-5c54-a12d-f2bb370f4cb6","0","0","[]"
"cand-ba02ecac-279d-53b7-b268-ac102e524666","ex-dd771408-f3d8-5098-af6d-7380b87b343f","0","0","[]"
"cand-4376ce39-3799-53b9-a0e9-54873e3ff014","ex-d06e1cf7-05e1-5885-ae03-2aa348b61186","0","0","[]"
"cand-14a9c0e9-ff19-5d95-8e95-eec36d895d7a","ex-39989b7f-a95d-5411-8637-c47a1bf9070a","0","0","[]"
"cand-cc7da672-7971-50b3-940d-bb0adf53ba10","ex-aa2aa468-af71-54af-8e35-bdd5a6b4e486","0","0","[]"
"cand-75efbdf4-d78f-5a4b-9872-679acc19f32f","ex-9a73d803-68d6-57bd-9f01-b5da8bd776df","0","0","[]"
"cand-1a207a20-abec-5041-bd05-8fe12ba2f500","ex-425f1278-6a76-550d-936d-9d63ed4ad5f2","0","0","[]"
"cand-6dc586fd-d511-5327-b9a4-5cbccb2ac20c","ex-8618fd9c-85e4-5270-9e79-635c5a7ce620","0","0","[]"
"cand-90f73c49-7334-57bd-9d7a-9859a3f5d4da","ex-06199809-c59a-5b4d-a141-66823aafe0a9","0","0","[]"
"cand-56631c36-8a85-59eb-b7a5-aa05b87d24d0","ex-1e68302a-7312-5c55-b0f4-5c6acbb2c17e","0","0","[]"
"cand-ad336bed-8365-5133-9f37-cf7d3f73a9e5","ex-cc40d192-d7a7-50ff-bac5-1b7ded21039a","0","0","[]"
"cand-228c6ff7-e394-5989-910a-7569eae08f8c","ex-f4cd73fc-274a-5ad9-8961-257f75565bb3","0","0","[]"
"cand-ca45e1de-0e3e-5850-a5d2-7535ffe15083","ex-548a4e0d-0004-58cf-8487-9fbff5ad108a","0","0","[]"
"cand-95ad8244-4c45-523a-96c3-14c833a5218e","ex-e3e06bfc-f437-57cd-b050-c494f615613d","0","0","[]"
"cand-a05fa83a-6b28-5ec1-9957-427356cb3ec8","ex-b7dca772-e0cb-5d6b-9858-f7c3b7e689d4","0","0","[]"
"cand-1e888268-0112-56c7-93b8-e2cbcca77e3d","ex-da9e8f43-59d5-5023-9dd8-ce395886b90a","0","0","[]"
"cand-70358e83-0202-5d79-b2ac-fd06bedc0176","ex-bb7998fc-b43c-5f4a-90ee-5ad1673a4f55","0","0","[]"
"cand-19a3f1c1-41ee-5ebd-9211-44e1a8e22a72","ex-1f2ed588-8ad8-57e1-9e68-5013d02c5613","0","0","[]"
"cand-cda400bd-6076-5e35-9ea5-08f2a2abda54","ex-95605044-cf45-5a22-9e3b-1e76c300e31d","0","0","[]"
"cand-ccbedcfe-62bd-589f-9d0d-5a36c37ec7ae","ex-0311fafe-5148-55d5-84a3-6968ccd5816a","0","0","[]"
"cand-40e910cd-c01a-5881-8ac9-43a594d2b98a","ex-90632650-45bc-5917-a2dc-6e80a133e07a","0","0","[]"
"cand-142bcf45-c751-535d-a8a2-5f9e9748df1d","ex-3793d65f-ea46-5f07-a209-b6dc0e4f159a","0","0","[]"
"cand-b78c3486-2aa4-5a18-8aff-778ca26fa0f5","ex-9a776c36-e1b3-5438-9fed-506dd9feaa49","0","0","[]"
"cand-7f26e8b0-295f-54ae-b3d3-2d967d1c414a","ex-f76e1b13-6781-54fa-8efb-559abf7a8d79","0","0","[]"
"cand-6232f914-a903-522d-80a0-440cd6751f29","ex-a54db229-0635-5f92-9ff6-83f2f0951d47","0","0","[]"
"cand-ec6c0491-24e3-5148-a18f-8b75d2d58b48","ex-d4d0e1cf-511e-5df5-aefa-2d3c7742e4e5","0","0","[]"
"cand-0cd2f1c1-329a-5852-9acc-55788881a89e","ex-2de93ba5-e4cd-5095-862c-70bc7f824aff","0","0","[]"
"cand-05aa7c9e-d2f2-5e92-aa69-5ced1aa9b4cd","ex-d7342a24-409e-5027-bc59-5b661752353f","0","0","[]"
"cand-40c26871-99ae-52c2-910f-c955091cfd62","ex-5468ddd2-217e-5628-ac9e-2824f784b8f0","0","0","[]"
"cand-a9425c37-18e9-54b4-8470-2750c55f5d19","ex-8e9e4e91-97a0-5b46-a432-1daaf02c338b","0","0","[]"
"cand-e54df820-e127-5e0b-b7db-07d684a99b85","ex-c781f367-c694-5aa9-b92a-dbccd11864ea","0","0","[]"
"cand-03703ae1-988f-58ba-af16-b2fb56dca2d2","ex-7662c141-49cd-5e66-858f-d7313694115f","0","0","[]"
"cand-a113e48b-d845-5d63-872f-2fdd20ee107a","ex-e53cefd7-65cd-57e3-96d4-0c71824497c9","0","0","[]"
"cand-f2c445be-30a2-5f42-a311-85b4a06ed8bd","ex-41b40f12-00ae-5588-b0ac-2105feb60008","0","0","[]"
"cand-8e9b473d-c9c1-570c-873d-7964a26f1a47","ex-f3d1b14e-3475-55b1-881b-aa347a00198c","0","0","[]"
"cand-030417a7-0dd0-5f85-afee-b040530901c5","ex-a3bada8d-5419-5a3b-8898-f4cc9b5b3ac1","0","0","[]"
"cand-21ca02f9-4d00-56ad-a865-7210c70dd145","ex-b8d8c737-8423-508f-a0f6-398d58145b94","0","0","[]"
"cand-4a3b182a-c42a-59e6-bb42-bd0ec23ec685","ex-d1ccbb86-7869-5698-910c-fe952f423827","0","0","[]"
"cand-a76cf1d9-332f-5b7a-a994-e1d2aab27da9","ex-6fd868fa-84b6-5baf-a811-6694707f8988","0","0","[]"
"cand-e65862e2-df31-577c-856b-ae7e1fb53199","ex-e88ec3a2-76bc-53d9-a173-2c29836f06a8","0","0","[]"
"cand-0adf723c-555f-531a-ad0d-a10dab848035","ex-249188fe-43f9-5c85-bbe1-238d42b4d3e6","0","0","[]"
"cand-f55398af-040a-5c81-9b07-f9a61e6c8950","ex-d5e01eef-db16-574f-ac89-088eb72a7472","0","0","[]"
"cand-1e8f34d4-1c4d-5854-afaf-d297980f331d","ex-b5369f8d-01a6-5cd2-8932-0fff4b805107","0","0","[]"
"cand-e35bffa2-02c7-572d-9d08-b7e37087951c","ex-8b2fbbb2-5427-58a0-8192-1bda6fd0cc17","0","0","[]"
"cand-9d810753-627c-591d-ad95-7697dcccc0b0","ex-ffa52eae-6557-5687-8860-f761d7e47bcc","0","0","[]"
"cand-7f689e95-9837-54bb-8fa0-2cca8e30735f","ex-bd6d3dac-05d1-5a75-8e50-6e3eb6d98da9","0","0","[]"
"cand-9cc23324-22d5-578a-bbe9-d130f80715ca","ex-abfd2eda-75de-5526-91e2-fd79cfa1a407","0","0","[]"
"cand-7f60b2a2-b143-550b-8c36-26088b4dfec6","ex-1a395abb-7b08-5ad0-9e4a-351aa321f976","0","0","[]"
"cand-335b8cb8-4066-5235-903e-95d079cb4d1f","ex-0e87041b-55ce-5789-a12c-9c590a09bbf3","0","0","[]"
"cand-d3115f59-6085-5464-877f-a1f88b5a8ce5","ex-2e0ca04a-41fb-5715-8fe6-83e35048ef18","0","0","[]"
"cand-fc78f01f-b63c-543b-9df1-0ff2fc3be8a0","ex-6aae93ec-d2f4-5f93-a073-27bcd7a8872c","0","0","[]"
"cand-d09f6f7f-88b4-5552-9349-20291a7b1742","ex-24d1f911-4b9b-59d3-a613-8302c88fba22","0","0","[]"
"cand-1c99fec3-b4d6-5ffe-a9c4-bf28906896f3","ex-17025913-689e-5997-9ec4-130e6b281572","0","0","[]"
"cand-edf19246-fd68-5101-980d-934d7bce1738","ex-6aa2f8ca-e9c0-5a73-a06d-8ae01e9f1045","0","0","[]"
"cand-d8b6c2f9-adce-5ab0-9ba0-6caef72ebb69","ex-9419e713-a8ea-577e-b068-2b49c8ed261a","0","0","[]"
"cand-eaf0d781-99ae-58ed-b149-47ce1fa3b703","ex-5f8916b6-4ba5-5a4b-bf8d-a2f4f98fcc15","0","0","[]"
"cand-37794767-0cff-5fc8-83ea-576b913bfe83","ex-b90b0caa-9034-5331-848d-022586a2253a","0","0","[]"
"cand-9268f1fc-cde6-554d-ac99-a9a6005e0f6e","ex-08d8ed78-e1e3-59b5-8c69-7f12ea13de22","0","0","[]"
"cand-41861ef8-c44f-53c7-8dbb-b414ca047529","ex-0f546a7d-8ef7-5aba-aeab-119a34c1aabb","0","0","[]"
"cand-cb9d92ec-e7bd-59c0-90d7-886557cb0070","ex-313147dc-b9c8-5a91-8f0c-7212d1b61102","0","0","[]"
"cand-c9dbaabb-d602-5201-833d-dc6c2c429917","ex-2ac0a00e-a12f-58dd-8d3b-a2613345ba59","0","0","[]"
"cand-b23b1ad0-a01c-53a0-877f-a31f5c9c8cad","ex-edbd86e6-e81f-56c2-a68e-fa042ec0ae22","0","0","[]"
"cand-5c6758e3-8b0d-5895-9c2b-068ec47dffd6","ex-c23cec45-5e30-575b-bd21-b89ea4ba099d","0","0","[]"
"cand-00a9e879-e8eb-54aa-981d-d20c073b58d3","ex-cbbe8696-b801-5956-b395-099ca0689bdf","0","0","[]"
"cand-87832bc7-8785-594d-893e-1eb0204ffb28","ex-a7c772d0-3005-5f77-bda5-2832371ab39e","0","0","[]"
"cand-e02b5722-816d-5d37-a406-145ada45c8c7","ex-1d46feb5-85c9-5bd3-8708-cf0b14058db3","0","0","[]"
"cand-6bef78f0-31b5-5ba8-8d2a-6bcc5c53387f","ex-18db08d9-50ce-592e-9da4-23fd4f50ccc8","0","0","[]"
"cand-5c1af1b4-2aff-5772-bd87-e457499c2585","ex-732e4ee3-19e3-558c-840b-13fcb70a1fa1","0","0","[]"
"cand-9f53b493-b6e1-5770-979b-8f173df403c4","ex-e0acb8ec-8d58-5076-b640-9dce4635cff6","0","0","[]"
"cand-28e8d089-176a-599f-a480-7e55c8698611","ex-b3f4e0b8-eb88-5247-816d-0a7d4ff7661a","0","0","[]"
"cand-71c7f845-848f-5a1d-94a5-114a701646ef","ex-c30fc355-5738-54a0-8fba-4a516c797104","0","0","[]"
"cand-82493b97-e4db-5a8a-b9ed-e5485fee6201","ex-aee41717-e711-5f99-a367-8a40d6faa430","0","0","[]"
"cand-8133de72-7f87-59ec-8be5-97c71c7a7d89","ex-2f5f5fc9-cfde-5b48-af28-cc5d09942668","0","0","[]"
"cand-89c78cd7-cb8a-5fa5-b7b7-d3b00d4ec003","ex-f6c42741-2dbd-5aef-b057-5432fc80da0e","0","0","[]"
"cand-6ff502cb-8f5d-592b-8005-e9e34c363eab","ex-d30a022d-0e6f-54be-9dd8-3f42b7fb49d8","0","0","[]"
"cand-2faa9567-10e3-5721-8788-78a0cf64ab1f","ex-c299c6ca-d5db-53d5-ad55-ff13e2663866","0","0","[]"
"cand-f0362c1b-5b23-5663-9c11-b9bd55905678","ex-31b734db-e689-5072-9818-1c903d62d37a","0","0","[]"
"cand-d535b4cc-1707-5e17-bd8f-3c2cb16854e9","ex-9df57fc4-7922-5b28-8799-47c988d60e71","0","0","[]"
"cand-ed5084bd-552a-5990-b126-c88e16cc78cf","ex-28df94ff-504b-540a-8374-3b300a4c76e2","0","0","[]"
"cand-b19b8ca2-4631-55eb-b608-f3de6d885f0b","ex-2c317f6c-f586-5f43-bcf8-02ec9aaf8eae","0","0","[]"
"cand-10537231-c641-584b-a3ba-ad803ce52c1e","ex-8854b5be-c34f-58b5-99f7-4112d1d6f3a8","0","0","[]"
"cand-22956d6d-924d-5bb7-8782-2a3a75d7f3fa","ex-7f4ae292-5523-53d2-ac0e-5d2b98fbef3f","0","0","[]"
"cand-914da17a-722c-5df6-9ab4-2a8f2b5ce74e","ex-584fba47-3643-5eba-aaf6-bca1f48eae1a","0","0","[]"
"cand-ae795c62-634d-5402-9e7e-7c1e8076e1ac","ex-96738247-b2a8-5ea0-bea2-6ab1fbce7723","0","0","[]"
"cand-cf0eea44-789f-54d4-9e1f-386cd55d7564","ex-1ef8d084-9b5e-5bfd-98b3-6cbe688728a4","0","0","[]"
"cand-d620a6ff-3f8f-5e3d-b020-6cf0f8822c81","ex-5844e377-00c8-58cf-ab4c-3636cbba2f76","0","0","[]"
"cand-c9bfe96a-e145-5708-b5da-3c3535094a56","ex-9c0fd900-dd79-5164-ba49-ab9e51ce5684","0","0","[]"
"cand-764b51bc-b5cb-5ce5-b7fa-6ff606d5f617","ex-34472032-b360-54c8-b578-f0b3baff7d07","0","0","[]"
"cand-c22b582b-5420-52e7-978a-de52ca44e37d","ex-33458cb8-76c2-5744-a15b-1bbd38230d3c","0","0","[]"
"cand-3a21f8a5-2e65-56d3-80fd-6bb8f8510206","ex-73406a8a-1624-5f21-bf32-0f6f09690033","0","0","[]"
"cand-dca56e37-730f-5e98-9f10-76f22d870119","ex-1d5e9eb2-ab29-5d17-a1c1-dbbca1070f69","0","0","[]"
"cand-ea5c0f71-e9b2-528f-8551-5f40d8480e32","ex-e01182c2-73a7-52d8-bc17-e92d7a04bffa","0","0","[]"
"cand-99889979-7ada-5d7d-895d-0dc2cc04064b","ex-41ba7dfc-674c-5a08-8f57-e41468ea96b8","0","0","[]"
"cand-3a773d81-a1fd-515d-be3a-01b2c4ee2466","ex-78f8d5c5-06de-5b64-8140-4fa7c099a38b","0","0","[]"
"cand-fade8200-879c-511c-83d3-0ced9228bf8a","ex-2be5d9e6-6ee6-51cf-bb6d-5a133cba8c6b","0","0","[]"
"cand-7e326e6d-0e4a-5f42-a03d-1ddc1441b4be","ex-33449ab1-080f-5c32-9c30-4a155d086b8d","0","0","[]"
"cand-3e266dea-6113-504c-b545-f38681006f3c","ex-b1320a18-35c1-53d5-8fdf-f63e94269a60","0","0","[]"
"cand-f3db5328-36d0-5a07-9c8c-2237667db467","ex-9d5b361b-bcb6-5de3-9e8c-1a00faa4ac86","0","0","[]"
"cand-711bac6a-a75d-564c-a31e-c53795796677","ex-884cc392-5d7c-513c-9a88-1e7e0800a069","0","0","[]"
"cand-6d53aa09-d721-5950-90c0-a26612f9b4a3","ex-3c479f9c-d7d6-542b-8069-d9c699a35a87","0","0","[]"
"cand-3061a7bc-b26e-5394-9a55-3f230555fdb0","ex-3c78ea9e-73d7-5e8f-88db-deb4b2fe7d28","0","0","[]"
"cand-b08365b8-bed7-5004-8ace-0a8e5b3ad47a","ex-1b9ea221-9f51-5566-8bc0-b5f357137df3","0","0","[]"
"cand-2117bcd3-5eaf-532c-adb8-0197ca32e57f","ex-52f2869f-47e2-5852-acc4-166bbc34041f","0","0","[]"
"cand-1cbffebd-a4ab-5a74-ad58-a05f5930b22f","ex-8392eab9-9da3-5bdd-9305-a2e3bdf01944","0","0","[]"
"cand-4f158417-7ced-5088-9ddb-ad4a9fa584f5","ex-b1a52172-ca08-543b-adc0-b5242bc6e1ff","0","0","[]"
"cand-6f0a91dc-81f3-5576-9790-d2ddd89f4773","ex-8af787a3-eebd-5cac-a4b3-33af41e53a5f","0","0","[]"
"cand-0dd0fe52-7106-5fa0-bd34-e87178deeb89","ex-41553533-bca0-55b2-bac4-2e8ca612e326","0","0","[]"
"cand-18a4dbe6-88f8-5b6d-8097-8e29e609c6ac","ex-7ac294b4-9d34-5111-bdda-3a5a3b6f0df3","0","0","[]"
"cand-9f333103-e445-5a2b-8a1c-a1cf00c9d7e5","ex-da5da508-e896-5039-b718-1ebf8c748068","0","0","[]"
"cand-68122536-a4af-5570-89e2-ea085909fc10","ex-238e64ae-58c2-5a9a-a8d7-ffcd2d7c16da","0","0","[]"
"cand-fd262ea1-8e46-539f-a391-0214507cd3a2","ex-7bae4906-00b8-557b-8e48-ce2c61f65709","0","0","[]"
"cand-44ee3db8-c6e6-543d-9f77-eebdcad0944b","ex-b7727258-6ee5-5ba3-852c-f917e394ef03","0","0","[]"
"cand-97478b76-dff4-54c1-a6ff-632d408b72bf","ex-f1d0b4c1-b996-5f89-b326-4d101ec4099b","0","0","[]"
"cand-8a6c47ea-f7d0-5c09-8224-c2a1ab2d2af8","ex-2168ed78-725b-5ab4-99dd-5071effbac22","0","0","[]"
"cand-2ea35609-b2d0-5506-8d89-68d6fe1ba68e","ex-1efae5af-34fa-515d-b774-45f8963ea4fb","0","0","[]"
"cand-6d555856-6f02-5156-8b0e-2669f1422a96","ex-8e58d526-ea5d-5c0b-8876-f961fce8a343","0","0","[]"
"cand-60d1cb83-378f-53b7-8141-c8ae41a8f5b7","ex-e3379f8f-be98-5d40-9a88-b9c8d81106b9","0","0","[]"
"cand-6defe1bc-76dd-5365-ba3d-0df701a4623a","ex-153f95bf-06bc-5e1d-9767-7d7dbc9a51ee","0","0","[]"
"cand-bdf0d068-bfd7-5982-95e9-efd86bbf9473","ex-844cb898-f655-569d-990e-3a3ea4e1afda","0","0","[]"
"cand-99a82712-c1e3-5f03-a5d3-a7d951b373a7","ex-51f9bdae-da58-57aa-8544-8989900ac5b6","0","0","[]"
"cand-82d3f988-4e7b-5ed9-ad35-e87ec998ab0c","ex-2a3a3a3d-7b56-5bbb-9507-597522c108cb","0","0","[]"
"cand-c233913a-761d-58fe-b18a-817ff3adf2dd","ex-21fc4615-ee64-5a22-93ae-9c76a938c73d","0","0","[]"
"cand-9e503b4f-7d56-543f-9596-30adcba20bc0","ex-a709c4cd-fbb2-5074-bad8-3832d41be954","0","0","[]"
"cand-bc80f3ce-5b55-56c9-b440-a6335e8a7419","ex-8020eab9-4cb6-5b66-8734-9e612a7a4495","0","0","[]"
"cand-a76461a2-4868-51c6-9cf7-cac604e7a0ca","ex-0bd759a2-5f61-55a9-8eee-f5270b5f6ffc","0","0","[]"
"cand-e9a57eba-d6c6-5922-82b1-258176e01acd","ex-fbc64a92-b8cc-5a32-a0ff-77f748f405c8","0","0","[]"
"cand-d2eb4adb-1a5d-5a28-a4ea-003c2880889f","ex-948bc277-0c7f-527c-8e92-362cdabafced","0","0","[]"
"cand-50095e70-6aa4-5da2-8d9f-d31ee5acf43b","ex-0bc0bc74-8031-52a7-97cc-924fd5600b9e","0","0","[]"
"cand-26dd72f6-9098-553c-a238-57244acde05f","ex-e852e6e9-5fed-5b08-8cce-c28f606f61e7","0","0","[]"
"cand-39c9c80c-8719-5375-afd9-9c4a86d1eda5","ex-72f01438-7692-59dc-9db5-d37c6fe161a1","0","0","[]"
"cand-68721ac1-8f85-5646-9891-a767fc1b9e2b","ex-2de77e72-a0cb-52ed-b7be-12873004ec33","0","0","[]"
"cand-4509c7bd-3189-557e-b290-7ce74a6be14a","ex-be0f3fc7-c769-5653-bb59-f097f41d9d55","0","0","[]"
"cand-d77b1b87-15e7-5515-9c2d-371926c50fdb","ex-799b6f38-2056-5d22-854c-62e18933337b","0","0","[]"
"cand-7ab77aa2-1993-55a9-b186-3ceb11252072","ex-8a90b10a-4f03-5c4a-b207-d0b7b12421db","0","0","[]"
"cand-3ca4dde5-eea4-53ce-aae6-8edd8a5e4f48","ex-2f41f642-622b-52fb-84fb-ab392ddb2126","0","0","[]"
"cand-448a1563-c4b4-5631-b663-25af4b2d8d5e","ex-bcdf15bb-a643-5be5-adba-790f63a8985c","0","0","[]"
"cand-154f3d65-2ea3-56f1-b1e8-2089deb0099d","ex-08e373bb-9fe2-52d7-9523-54da41e509ae","0","0","[]"
"cand-72e7d5ac-15fe-556a-b74c-c2d3d2a27586","ex-6156303b-21c5-57d7-aa31-c2ec00b35e51","0","0","[]"
"cand-09d23941-75aa-537e-8593-f9152fd2ff14","ex-4a983e0c-4010-5b57-a923-d0bc1f0d909a","0","0","[]"
"cand-c7b12a1c-a09b-5490-9d8c-758e86253d01","ex-64a7201c-873b-5c2f-83ac-8bd333e219a2","0","0","[]"
"cand-996a21b8-b798-5ff5-b092-1abb90e6314d","ex-e2a326bc-95bf-5ff3-8bcc-0bcc15d166c6","0","0","[]"
"cand-ffcc34db-355d-53fb-868c-b8180b6adbdf","ex-0c1af527-940c-580b-990d-7fcee2b9b920","0","0","[]"
"cand-f9c627fc-8886-53b4-9bc7-38649f81db0f","ex-b3f7c036-afbd-5aad-a1a3-72517ebc080e","0","0","[]"
"cand-ce59803b-c12e-5288-8d9a-6422c1a81ac9","ex-4b29fc9f-9bf7-5892-b651-673fabf6b83c","0","0","[]"
"cand-85708700-dcc0-5eb2-93a1-34418667a687","ex-df46c4b6-0659-5ca7-86bd-5564a206f768","0","0","[]"
"cand-d4834395-425b-5dac-affa-d1746cbe9115","ex-cc24939c-0692-5ca5-9a17-b3f2b0654540","0","0","[]"
"cand-51dc5ea7-b330-584d-9960-09b13295e023","ex-8bda7da6-4519-5c7d-9ac6-b2fba0ca461d","0","0","[]"
"cand-9245bfe5-695b-5007-874d-8871de9e3a72","ex-11c0ad6a-3122-5ee5-957a-1eaa110ba055","0","0","[]"
"cand-7485779d-4743-5e17-a4ff-a6fa05513666","ex-1a508d8d-5e66-5b88-8162-0b94659342e9","0","0","[]"
"cand-c48ea50f-bf33-52f6-856a-1bc1ec6356ac","ex-4059c3f1-c659-5d3a-bc46-7b419c63a302","0","0","[]"
"cand-9b7fbebd-94ed-580a-b877-157d02a0a2f9","ex-952471ac-45c5-5c9a-b8ca-9de1e06a4106","0","0","[]"
"cand-e93f2d7b-1fe7-551e-a0fc-5ae4a2035ae4","ex-1ca87948-f0f2-5b11-8542-2b7a3952d300","0","0","[]"
"cand-d98eaf27-72c9-5d9b-833c-9939b734b2e3","ex-55e4e519-bb42-5199-b2d7-296c05e9dd49","0","0","[]"
"cand-f445b34d-e2b0-51c5-82ad-f61eda9d95ab","ex-a78da290-d5a2-530d-973f-f60d39c47217","0","0","[]"
"cand-639e8ac4-c59c-5fcd-a498-c0dccd90c456","ex-35ada0cf-f280-57d8-af10-3eb8905f2a2c","0","0","[]"
"cand-ddc5bac0-5f67-57ff-bba5-479bfc7e2c43","ex-ac7096c5-45e5-54d2-86f1-38627d850735","0","0","[]"
"cand-eaf183a2-7de3-5ca1-ae97-5184f99ec55f","ex-9ebbd03c-05d6-571b-8dcc-9e50bca60235","0","0","[]"
"cand-35cc04de-a03a-59ca-8fea-ab6de62793a4","ex-361345c8-a1ce-5296-82dc-f62b86ffd3b7","0","0","[]"
"cand-a47e25d1-f4c2-52de-911d-1dc8f00ea910","ex-21a835d4-9250-52dd-8a88-62a8cb33c63b","0","0","[]"
"cand-ebbc3784-e55c-574e-9b85-1d5bc0d8d801","ex-527f628b-a4dc-5c75-abe2-805d5aeb7fe5","0","0","[]"
"cand-025fd467-0c86-5fe6-b35f-a7439faf272e","ex-33d4daa9-2ab3-5d54-b5f4-e1e30694ca34","0","0","[]"
"cand-e01810af-5c5b-58e4-9745-ff20e655067a","ex-6dbdbf31-0942-515d-bdcb-35303906bde0","0","0","[]"
"cand-2b547f72-aeed-5033-af4d-f834989e33d3","ex-d6e85648-428e-5998-8888-30628ac271af","0","0","[]"
"cand-db43ecb6-424f-5191-9c76-82c2cbc54752","ex-1d663228-cdfd-5173-a683-0dc9374b2d39","0","0","[]"
"cand-8f08570f-5907-51a1-b330-04db1b179607","ex-a07ec878-4f3d-53c8-8e2c-f9d213818f80","0","0","[]"
"cand-115fb632-a4ee-54a3-848d-612d0dc22d72","ex-4d7e430c-b60b-5fc1-afd3-fdcee8acf9e7","0","0","[]"
"cand-198be88d-b06d-5522-861f-2e7981518f96","ex-09a6547d-aeba-578c-b19c-8119384edcf8","0","0","[]"
"cand-128fb2dd-82c2-5b16-b4e4-1a8f8065ee9d","ex-06af0132-419b-5a1e-9241-28a468385940","0","0","[]"
"cand-1f35b1ed-0f93-5b81-827d-4f51f76c2769","ex-dcb4907c-d6bc-511d-9c72-3dd9dec9d1b7","0","0","[]"
"cand-5d20a7d0-1dc6-5d91-af46-c56290a7f484","ex-89256288-579e-5b1f-a284-31283b37575b","0","0","[]"
"cand-41a08f73-c18b-501d-b2f1-d2a6c83bf32b","ex-b92dbe51-1117-59f4-bdab-683dd148d146","0","0","[]"
"cand-6b76204b-6ab7-599d-99ad-72b6ea878c30","ex-6824df75-1f97-5736-a42a-bafde2a4bf01","0","0","[]"
"cand-413f0b26-465b-546a-9f75-f24f4ea36a94","ex-7bcd12cb-e6cd-5a3e-9339-13c177044ba2","0","0","[]"
"cand-5504327f-85a8-5b98-8d43-3784bfdee0c9","ex-5b8834ad-7596-5294-adfc-df8b417e28d0","0","0","[]"
"cand-2308db69-2999-5bb9-85f7-16357d72306e","ex-612ed7dd-e73e-586e-8f55-fd5cbaae9f5d","0","0","[]"
"cand-7ec732d0-149e-5817-8ec8-04c4190c42ff","ex-08a47429-ee0b-5561-a707-ba59e2f635b8","0","0","[]"
"cand-0fcb5665-74d4-5796-b14a-3afd702fb99a","ex-5351b895-b121-57f7-87f4-12ea5b7224dc","0","0","[]"
"cand-bc9d8cb6-9862-571d-8426-4c4e46ac5ceb","ex-b7555279-0c58-59da-80ea-c572efc44608","0","0","[]"
"cand-c800b432-724c-51a4-ad33-2d6b1f85c7f8","ex-0b14f858-f183-5577-9a26-7f20eddf3e35","0","0","[]"
"cand-05b78d37-0490-57a1-a58d-c803de927961","ex-5b469604-04d1-537c-adce-ecddc9692f92","0","0","[]"
"cand-3ba25380-39e6-5f39-8bd6-6994bf278fd2","ex-bc53dca1-5104-578f-817a-573b9855c686","0","0","[]"
"cand-15a2191e-91ff-56d1-a9bf-8f9e30db2178","ex-c750f66c-06f8-59fc-8240-723414d49df0","0","0","[]"
"cand-37a14051-b3c3-5006-a645-ea2d92d973ee","ex-b990b40d-3ed3-5d31-863c-68b30cc6af18","0","0","[]"
"cand-36cc70e7-2ed7-5d27-bc8a-0392af23f562","ex-aab5d6c1-33c0-5548-85fd-3fe59f0bc410","0","0","[]"
"cand-98c72b04-9d01-5965-a0f1-e534e47cf5a1","ex-5717a896-ad3c-5f4d-af70-627d66b39f1f","0","0","[]"
"cand-5948a0a3-9238-505e-a7dd-0b07ed4230fd","ex-49bafb65-e91f-5782-bbd0-bcd51660b95d","0","0","[]"
"cand-f4468047-07f4-5339-9a00-7e51300727f2","ex-6126e6c1-b243-5971-a9bc-658592c0af2d","0","0","[]"
"cand-e2a56454-f0ed-5c6d-a0b8-5fd918ea5e78","ex-54a74b14-097d-5edb-a631-b98cff7d1068","0","0","[]"
"cand-c9eed63a-2569-5239-8777-9fa549c5417c","ex-19a3f13b-6918-5b9e-b278-2a8a98538234","0","0","[]"
"cand-2b5a12b1-f6bc-53f6-9910-8ae106d4d2a8","ex-78126dcb-e2bc-50f9-9760-1e84b8aa3cbc","0","0","[]"
"cand-422b9644-29c3-5da7-b1b8-f5b264659035","ex-2dcbdac7-8f8d-51e0-b553-abc133b2c42b","0","0","[]"
"cand-92c9f6ad-9aaa-5833-a9e4-6fed05f50694","ex-60e7cb5b-d137-5c9d-99e0-161fd9f7e859","0","0","[]"
"cand-f5b65e60-fd70-59f6-a6f7-94d8c726f066","ex-c0499bfc-147d-5b51-b448-7f4376867c09","0","0","[]"
"cand-4e7bbdf4-70e3-597f-89e1-321cee183e3c","ex-50173e30-ee5d-5694-95ed-f6c54c5938f9","0","0","[]"
"cand-63727571-ab72-5d0e-b3fc-f41450785294","ex-fe17634e-3976-5b3d-be94-73994fb86c1b","0","0","[]"
"cand-c6abbcf5-46f4-5985-8626-218673421b69","ex-a888dab5-2322-5a10-b239-7cfdc3a871c2","0","0","[]"
"cand-5badedaf-2df6-5deb-8caf-881004c99cb9","ex-4fd50255-220e-5227-9918-1495c10f49e0","0","0","[]"
"cand-9c61787a-7bea-50e6-bd44-f2c51fcd23b7","ex-27439cb4-7a0f-5811-87c8-ebafb04d95f6","0","0","[]"
"cand-ff4f5220-11b2-57c5-9803-d6691a4980f4","ex-08f7a546-6463-5f59-8d00-6dffb54cce8f","0","0","[]"
"cand-6b58bade-62b1-532d-85c2-a2bf813d65d3","ex-b3aec673-3cee-53fa-b6e9-4d4861181a97","0","0","[]"
"cand-c3cf1c6a-4610-5d01-9c56-7171f14f36e7","ex-0b6abff6-e998-531c-a7ca-81be204b96da","0","0","[]"
"cand-b478f1dc-2a91-5fbb-9609-70dd64d8f154","ex-d7599a07-7e19-562a-b627-8f249b6916d6","0","0","[]"
"cand-4bf2b9e7-bd11-511e-968a-12363fbee2e3","ex-bca59fb5-fd8c-5f31-90a5-510bca21d5af","0","0","[]"
"cand-43384254-560f-5ec3-ac60-3d2fe71a93db","ex-b8a45229-06d4-597b-a66e-e2e97fb289ce","0","0","[]"
"cand-755e2944-22c0-5710-a1aa-c9bc957c1b8a","ex-90633548-7efe-5b94-ab7c-6129e981aad3","0","0","[]"
"cand-6be42383-c07e-5913-b7c8-e51b44043ece","ex-5586d9e3-d890-5a97-8614-ee36f869b9a4","0","0","[]"
"cand-4efd0a8d-a244-5a99-a88c-0d63fa283cce","ex-311ffcc9-c6db-55da-8379-004dc69b8da9","0","0","[]"
"cand-ea24ee7a-3a55-5bd0-8d52-ae8f80f1e3db","ex-0f3c11f7-b12e-5f72-bd98-1296a4a64944","0","0","[]"
"cand-0edeb10e-a622-5f62-9e60-e15f42cdcbea","ex-bb146162-9aee-5c0b-a00b-b68d9b330a16","0","0","[]"
"cand-dc9499c9-a3c0-5491-b81b-ff5d732f957a","ex-83058386-bf75-5294-9c57-353acfba347b","0","0","[]"
"cand-1c8c99a3-dad1-5060-b3cb-7d6e3d696f21","ex-e0a783fd-8e5a-52f7-85db-72e8b3699b28","0","0","[]"
"cand-bb558e86-1a12-557d-811f-aa5a79c770f7","ex-c5ac9a9b-bdba-5bbf-9e98-67b64180e186","0","0","[]"
"cand-318191ac-36e2-5c9b-90b9-07fbefc440ea","ex-860873fc-f26f-5a35-8711-1e3fecf5ec2c","0","0","[]"
"cand-757c5641-52f7-562b-a989-b9f1d2277e81","ex-128ed5c2-14f1-53ff-a3de-9d0a19facc02","0","0","[]"
"cand-2f49accb-da00-5aaf-ab35-7c98feaa9800","ex-0bb0b078-0559-5320-9e5b-658a1e4a356b","0","0","[]"
"cand-4f20bb6a-8f09-58b5-b43e-6ca43042d7fb","ex-1f1438c0-2b6f-5e8b-b1a3-824e314c6c90","0","0","[]"
"cand-aa063fc8-446b-57b6-b335-f983d55031fa","ex-0c28bd82-8103-52d7-bf4b-3bd64ce9e841","0","0","[]"
"cand-74a909fe-4d2a-5c79-a1cb-8c3b7107af33","ex-17ab6009-b91d-5621-97f3-01a1fc5d9c30","0","0","[]"
"cand-258388a2-2b3f-52f0-818b-c465b0037c4c","ex-e9dd1959-bf6a-55df-8970-dbaed788c377","0","0","[]"
"cand-ef7fcf63-e3b9-5c7b-8035-194483743f97","ex-47e82e54-bb5f-5950-8215-54afa91c1679","0","0","[]"
"cand-ea79153c-a6aa-56a3-9414-18e4360b4165","ex-ffba031b-d091-5ff1-ba8f-1625a76cea82","0","0","[]"
"cand-0a88404c-0d86-5e6e-8679-37d72e037871","ex-b3d4bc32-8827-52a1-90e2-82b0a24770d7","0","0","[]"
"cand-1cfb744d-067d-5bad-91fd-5f21f9479d68","ex-bdc2edfc-c255-52b1-84ee-4cdbcc2f7f35","0","0","[]"
"cand-0fae1195-24e9-5f26-a2cf-f28ad4684af9","ex-c2dd7fea-ed18-5d42-b4b1-f94ef323419b","0","0","[]"
"cand-589c12f5-a444-5d01-9aa5-1d50341b9aa8","ex-ff14e70e-e4c8-5e3f-93cb-010172c06d14","0","0","[]"
"cand-9747a2f3-abed-57fb-ae3a-6dcb2628e92f","ex-92a8e62f-fed4-56a7-8070-d650e589e12c","0","0","[]"
"cand-81fe0cf1-4069-5080-9192-c44701d76b04","ex-ba77d65a-f43b-5336-9d74-e85b525fadfe","0","0","[]"
"cand-c47d2931-f5a2-5167-80e8-8f5f2f113417","ex-3be5f012-0557-5e5f-a30b-e3511733583f","0","0","[]"
"cand-0227d823-a816-51bc-85da-01da57410ea8","ex-1b47f661-8148-5eee-85d1-c52b654749c0","0","0","[]"
"cand-0c18d4ab-052b-592d-8c85-a8855e26e689","ex-3145de31-02fd-5187-b44a-9b4ff83436c6","0","0","[]"
"cand-a2d8a20b-f626-5283-8212-98d68ea40bc7","ex-a307b80a-608f-5620-9b35-a9c2df30e376","0","0","[]"
"cand-16b0022a-9e04-5803-a672-c1aa1b412bc9","ex-bbef54e9-4ac9-5cf0-b64c-dcb12b86d72a","0","0","[]"
"cand-1053bc14-7cd7-5321-bc0e-91f69f8a5929","ex-e18a4a16-3ba5-5394-8544-fcf36616625e","0","0","[]"
"cand-74b95bed-0b29-5f84-90e9-0857d652425d","ex-38309a3d-a9ac-59f5-8577-59cead0d785c","0","0","[]"
"cand-b51621f1-acd9-5d1e-8b5f-beeb44798fe6","ex-d9953959-1021-5f33-8784-2fdcf68774dc","0","0","[]"
"cand-b8580ff7-a014-5b24-b950-393c8539ecaa","ex-c8dfeef8-8c3a-574d-b6a6-5dcd89f90ff2","0","0","[]"
"cand-a20bdc32-b9ff-5093-a74d-5df22f92b4dc","ex-50103392-29ea-590a-ad53-35c613764054","0","0","[]"
"cand-63a06cc7-e32c-5866-ada9-501b07ca6104","ex-ce8f835d-b7af-542a-aab8-844bc6979df6","0","0","[]"
"cand-4845d7c5-dd28-57a1-8582-ee654236bde0","ex-0effea55-4bba-5722-8f4b-8aea80ef9d71","0","0","[]"
"cand-1dbfbe8c-c315-5ba0-8d22-a1bd3d45c79e","ex-9ca01fa0-1345-5411-aff0-13ee9a54b789","0","0","[]"
"cand-6f86fc71-d9c5-51e5-a4cd-3d2665c45aae","ex-c25863bf-4582-562c-8c5b-8e4e8b0f6010","0","0","[]"
"cand-e2333974-7fc4-5700-b120-750ac81e4318","ex-1d6c43c9-296b-5bcf-9ba6-2badcb6fc1b9","0","0","[]"
"cand-d66e01f5-2463-5492-95a1-c430328403aa","ex-11320316-65e4-5a72-8ac4-54a2f62312d9","0","0","[]"
"cand-b28a6f17-7521-51c8-a075-ed9df447c5bc","ex-e10634c1-2b6e-5971-9d13-e636715ffa38","0","0","[]"
"cand-35d67520-6e12-5d71-a431-1697f023bba6","ex-1e6a156a-5be5-52ed-a449-234e4e4535e2","0","0","[]"
"cand-a835eeba-5a6f-5763-9e04-c4d863cf6216","ex-3fe208af-ff6c-54fb-a6dd-199012d6c7ab","0","0","[]"
"cand-7a1e204f-cc62-512b-a333-31f2cfac67b4","ex-2ee5f99d-ec06-59e1-8950-7b6551fe3aa6","0","0","[]"
"cand-73cb220f-9c31-5a9c-986d-65133bd8fced","ex-76e6bf64-899a-50d6-b23e-9972abcbfad5","0","0","[]"
"cand-796d3779-3932-5653-bd4b-fca4002a3d1c","ex-290c610d-b0ff-51cb-a890-9be1bed2710c","0","0","[]"
"cand-670358e3-3182-5fa4-ab89-546617c6e75a","ex-6a9211ac-d1af-594e-8709-5807af0aa81d","0","0","[]"
"cand-ea98628b-c849-556b-ad81-8f9349d8f054","ex-0ccdac18-0627-500f-8a45-fce744d1f4cd","0","0","[]"
"cand-b014ed53-df76-567e-9d7b-785b4d268c89","ex-4a50b22c-a86e-590e-ba90-d92b260adeb4","0","0","[]"
"cand-f563935d-a302-5829-a441-a6b6d86f6a20","ex-7ed38a0f-c453-5799-ac0d-1fd63168fe84","0","0","[]"
"cand-1b5124ce-8c43-589c-8f13-0675d5d36a33","ex-a91c41de-97d6-5c79-8b24-8542117d42a6","0","0","[]"
"cand-5abda189-d5bd-5ef6-8d33-58df4a50a9dc","ex-8b0a8943-3659-574f-94cb-9a91751b249a","0","0","[]"
"cand-1aca375e-8d88-533f-9e08-64c1a6169d68","ex-f6dace57-cad1-5b68-bdd6-6f4bed7c2130","0","0","[]"
"cand-4829a54f-8300-5e2b-9231-b92c260738b6","ex-2061c2bd-dbcc-5eb5-b1b7-493321afe388","0","0","[]"
"cand-f7889048-251b-59dc-aa65-d9ce7a9d64e7","ex-91963d3e-af73-534d-a696-b38c9a9c55f5","0","0","[]"
"cand-6d055e80-a1c0-537b-8c78-74d53f1d9dbd","ex-e16e73b6-ece1-5e1f-87e6-5c0fadf2224a","0","0","[]"
"cand-34c1d7c3-090c-5f3a-8cdb-3d1ab4bb6cfa","ex-ce2216e2-dc4f-5c51-a1e9-c8673bf64955","0","0","[]"
"cand-f8cf5c7f-ed25-5889-bbfa-a8d66f6cc078","ex-22349a1b-7777-58e5-992d-23abbadafcd9","0","0","[]"
"cand-87445f2a-aff6-5f57-b8cb-adfa9c07cbff","ex-843a2455-7334-57c1-bd92-848ab7a22849","0","0","[]"
"cand-2193d8cb-9e29-50d1-a0fc-013124b38d2b","ex-9dcf5a9e-ae62-5952-84d5-f12c836dca81","0","0","[]"
"cand-768ae73e-2272-5658-88a0-f2a032222b9c","ex-d3b54edf-8185-5234-93a0-cbcd58968b2a","0","0","[]"
"cand-b0f234c8-dfac-5a24-9e5a-1e1ff5f2d43d","ex-c4e04ea4-d6b4-5f73-87aa-6a7055042348","0","0","[]"
"cand-deb704c4-f2b4-57e4-b2c8-57ea62a3e8a2","ex-b91ef312-1a97-553c-bac0-a8b1d6a0b34c","0","0","[]"
"cand-345bde01-8ec5-523a-8fa9-798c011d0c25","ex-0a0a6e61-4c81-5ce2-b266-76a1fd056bdd","0","0","[]"
"cand-0c04730c-4a45-51a8-b33f-3a55daef817a","ex-609ae9f2-19dc-5cf5-90e6-7cc0a2f35e9d","0","0","[]"
"cand-37f37cf5-4f34-59b4-8309-0f991c1a6526","ex-d34065fb-5933-55a1-926b-e40a71144266","0","0","[]"
"cand-724ef8c7-5b8d-565b-b4e9-f44d32934e18","ex-a30c1679-da71-54f3-b083-b80b71ed5299","0","0","[]"
"cand-412049d4-021e-5b09-ae78-2b43e8d7326d","ex-e7a795b3-38d2-582d-9b8f-08eeddc93020","0","0","[]"
"cand-51cf1047-8fc2-5654-a696-68781bdf6b04","ex-cdb3cc98-7d5c-5b58-8907-5938f0e8b23f","0","0","[]"
"cand-e4390115-1963-5bb7-8b3b-bdb199f8ea7e","ex-9d0804de-6c85-5e92-9f22-7b20bb661828","0","0","[]"
"cand-d148136e-4972-5f46-9859-abd0aacab6f2","ex-d0a55556-3cc9-577b-b751-f33087e1eb53","0","0","[]"
"cand-92d98cca-84a3-5ad4-b0c3-e1aedd2df385","ex-06a6e328-f392-5a35-8e52-9d4f80c3fc94","0","0","[]"
"cand-a71ce76b-19e5-5a4e-955a-6f16e5107b41","ex-88d05381-cb9e-52a6-86e1-7a9a41a968f4","0","0","[]"
"cand-29b1ea4e-69a8-5aea-b092-dd8cb18065a0","ex-eea0b307-9888-5fef-8529-89d905fccebb","0","0","[]"
"cand-a8a0c9e4-c77a-58db-a241-efdbb7ef346d","ex-7561e94d-ceb4-5673-a5ec-09a7ac8b0982","0","0","[]"
"cand-9117e9dc-e95b-5bc7-be98-3499baea53fd","ex-c490c8d6-020e-5633-a0ca-735795f3d059","0","0","[]"
"cand-cd616db9-9542-5d57-bd05-348426e23762","ex-db1bc431-c3a6-5e9d-be84-97d5f90b4828","0","0","[]"
"cand-71c484de-cbd6-587a-9cd1-80f5a34462c3","ex-9e9deaac-fa72-57eb-b337-b87a1bfc8556","0","0","[]"
"cand-456d8cbe-1da7-5653-92ca-c29bffb941c8","ex-d3037a55-7243-541b-ac86-ab3392fefd3d","0","0","[]"
"cand-a22bd48e-c4fd-5941-906e-58f4c7a6cdc3","ex-31cf9f98-88da-5980-a0e0-4ace68623286","0","0","[]"
"cand-54c2eb51-f388-589e-9093-f80528839858","ex-d78cf6c4-37a4-56d5-9b60-2ae362366de9","0","0","[]"
"cand-2d329f77-27ae-5b42-8305-be16faff6192","ex-4f1cb49d-7855-51c6-801a-2d0547e8a64f","0","0","[]"
"cand-8f850b21-247e-5293-b1ba-289594064058","ex-91a32394-7478-5242-b30b-23574ad6ca0a","0","0","[]"
"cand-9941cf23-252b-5f9d-897f-8085fe7349ea","ex-72ea6aed-b364-57b0-a545-3c2d900f002a","0","0","[]"
"cand-499a426b-ecc4-55dc-a368-29de1945ca6e","ex-7d67fe33-54ef-5923-8db2-818133833a6c","0","0","[]"
"cand-76ffac69-f829-5942-ac6d-12d0638fd7c8","ex-e7a72892-9bb0-573c-84dd-b6359a5f791a","0","0","[]"
"cand-508c6be2-326b-55a6-b96e-0202af1a9d29","ex-fd5c0392-cd6f-50a0-900f-6bd7e3e5e22e","0","0","[]"
"cand-598d836b-0868-520a-969a-b46b30ab35f1","ex-d064ac2b-a93e-5918-9aca-69c2f4a4cd24","0","0","[]"
"cand-9af24d8c-1b55-5531-ad54-400b9f3517e4","ex-99f855da-2817-5ae6-8c69-edc432753c42","0","0","[]"
"cand-68bbc1df-be2f-56e1-a13f-c8b30df61fee","ex-18b7d6dc-72f4-5f95-82ac-85623499b2a5","0","0","[]"
"cand-0ea26515-0af1-538e-96bc-6806cc35250f","ex-4b1b268d-5814-5d44-9afe-248055c10d27","0","0","[]"
"cand-c1ec9c5a-0723-5f74-8387-111343854d44","ex-20cdbc8e-cf45-5ca1-963c-a83871071037","0","0","[]"
"cand-a7a6a41a-b58f-5a17-b3ca-c1ddfff6b9be","ex-0d0b3158-cf17-534b-bc13-2fc9bc4c6fdf","0","0","[]"
"cand-cfff7c55-ae87-542c-b4d8-3ed39fcf84e4","ex-9090a8c3-0e4f-57ee-af02-43a6fbdc60b3","0","0","[]"
"cand-42ffd218-6735-5bc8-b79e-527df01d8591","ex-1fb29a44-6227-51fb-9fe7-f6ed24d89b0a","0","0","[]"
"cand-d8453dcb-2614-5582-9ea3-7d7980331da0","ex-b96c29dc-f581-53fb-b755-ed93666f2172","0","0","[]"
"cand-d9c5f7b5-ba8e-52dc-91da-e84aed0191eb","ex-2d888d98-0efd-5071-adb9-b7468ec97d90","0","0","[]"
"cand-21c6209a-83ec-5b67-9833-f2f68b344644","ex-cb2727f9-876e-523e-bee3-2ee3142deb07","0","0","[]"
"cand-a42e1947-6db3-5146-ba5b-ae8ee397ff9b","ex-8feb3ce7-c931-50a2-8fb2-f3c45968c228","0","0","[]"
"cand-cbda38e0-6605-5b24-9c7c-f4b6093c2796","ex-be460a26-83da-5c95-8c7e-b0ab0857df80","0","0","[]"
"cand-74f8d182-a57a-55ea-8a1c-460c3e40b462","ex-99b4d0ed-36a1-5c37-bf9b-5dabdcd7b70b","0","0","[]"
"cand-8458f97f-4b2f-5d3a-a4da-94179bd1b3fd","ex-2f4c14b1-d19d-5d40-b660-42af286e4790","0","0","[]"
"cand-542344e1-91ae-5489-9e11-f3eb6c65f1a9","ex-be7c4fa5-ce67-5161-8767-0b276c178561","0","0","[]"
"cand-b9f7dbf8-d024-526c-bd45-dbb013674ae2","ex-b2ac8d21-1846-5ae4-abf6-b073bcedad71","0","0","[]"
"cand-1d84af25-bde7-5b4a-946c-bcac538884af","ex-15e23845-4472-5802-a0f1-2d316da2f9c9","0","0","[]"
"cand-6f58d52a-2d8e-5b6d-854e-35e2c7f5aa55","ex-62147775-a347-5166-b59b-e1084ff72c05","0","0","[]"
"cand-e9cc6a30-4e1c-5d49-b2b9-f23f745381c3","ex-3e17e777-2812-547d-8c43-6784659ec738","0","0","[]"
"cand-0d4b8f67-f7d4-5b28-adfb-a8d2ba78073b","ex-abfc45ea-ea96-533c-a9d6-5348db4268c6","0","0","[]"
"cand-c2205ca2-4882-57e5-9720-2882cf2e9fab","ex-a4240eaa-b597-5a7e-8d25-8511b3322f96","0","0","[]"
"cand-3823f56b-503c-5010-b6bc-60def3ae404c","ex-0ce83da4-95c7-5600-a7c2-514a56ac5d41","0","0","[]"
"cand-d17f731b-921a-5a41-ba31-0116c3ad1c06","ex-fb343a04-7d05-5b54-b078-7d77614570a9","0","0","[]"
"cand-dd3b60ce-9257-5e93-bb12-1fff749bf49b","ex-7563e81f-62ec-5c6d-8ac2-c00104a4cace","0","0","[]"
"cand-903cb5ba-5d1f-5d38-bf0b-4f35d9977708","ex-342894b9-9a0a-5895-ae88-9b34f0eb6e5a","0","0","[]"
"cand-0cca2e81-a973-58bc-8907-5304dd7a5dd6","ex-53f01834-caca-57f5-b4f1-f84a35d21486","0","0","[]"
"cand-44ceaabe-2c59-5ad9-93ad-70f02fea37f4","ex-54d40abf-d459-57fa-9cf3-37c5e208db5d","0","0","[]"
"cand-83ee6f7f-8400-504c-a3ce-d5b16911163b","ex-8fc87a55-2a1a-559b-9efa-20e1449ce19f","0","0","[]"
"cand-96f21f68-1580-5d29-b189-5ef988cea4d1","ex-943686d8-b4c5-54bb-9c5f-648607ab944c","0","0","[]"
"cand-16ef9a75-14eb-56c4-96e5-3504b71a7375","ex-bcf5c8e9-d83e-5590-9408-3afa8c1dfb5a","0","0","[]"
"cand-04ea2d9b-f096-5652-a9ad-d7f9930bce31","ex-211c0c51-4d33-529f-b428-4a2184d331b1","0","0","[]"
"cand-566e8b05-e4d1-5831-bed0-1f37dcc9c55d","ex-2de22502-66e9-595b-a831-e1574fdc2eed","0","0","[]"
"cand-9210156a-ef6d-5029-afd1-6000b6dc57d6","ex-10a04b5f-6bb6-5681-b117-6213f2d0a382","0","0","[]"
"cand-02f63191-38ae-59af-ba4a-223816c36d0c","ex-a8b5fca4-67e6-5b6a-9ff0-af373a51e1bd","0","0","[]"
"cand-5e5a5801-3e30-5d3a-88db-36833aae3de7","ex-165eb0e0-0a69-518c-9f2b-3b1e14bdfeee","0","0","[]"
"cand-3fe9cb18-ca33-5a6a-9c51-f80dcd55511d","ex-00a2e80c-1728-5094-9096-7f92b8c47463","0","0","[]"
"cand-c4fadf94-f44b-5115-8a3e-86dc8e1faf55","ex-ebad0163-350d-59b6-bd68-bfde8d555e49","0","0","[]"
"cand-d05ab0df-1365-54f4-aa5e-40cfbe1c9da3","ex-ff6f1e89-39fd-5c7b-90c0-0e12203f3339","0","0","[]"
"cand-e061c1de-3d16-5d5d-83e1-a8bbb9caf027","ex-a4c2d47a-f4e6-51be-a292-4a6e7ddc32d7","0","0","[]"
"cand-21f4244a-04bb-5f55-b858-8c907efec383","ex-8dc717b6-0a55-50ea-b442-689fdae72f07","0","0","[]"
"cand-96d665fe-2aeb-5a69-8bcd-140f4116379f","ex-faa99d87-c5d5-552f-8e41-2090f72f8eef","0","0","[]"
"cand-a5fa7e04-6239-59a4-9823-62127051c8aa","ex-30839a60-2a2b-5cc2-9e90-e4ff2759ed6e","0","0","[]"
"cand-88852b98-83be-5f7b-952a-eab0bb76c3ba","ex-a833c3dd-6dfc-5500-b511-712cf2421afd","0","0","[]"
"cand-9495341a-0dbc-5b69-939f-2d25ef2076ea","ex-81b4194d-e7f1-5a3a-ae02-87632a17317f","0","0","[]"
"cand-beeff735-5079-5b40-946e-e6b40e126c3c","ex-ed2cf0fd-0e65-5fde-b4ed-b10e52620e5d","0","0","[]"
"cand-40b23fe6-4b21-558e-9474-0597b4477c71","ex-698ba044-8e17-596f-a1e9-8fee2b168987","0","0","[]"
"cand-f01f5262-61b8-54c0-8faa-8fb55605d57a","ex-838e1cce-f48a-5899-911d-c92774266645","0","0","[]"
"cand-737634d7-add5-580d-86aa-c131bc0777d4","ex-2e456518-4beb-58b3-b2c8-0b59bdf63a3a","0","0","[]"
"cand-3d12fd4d-ca58-5286-8284-b08c6fc050f4","ex-94fb957e-c4dc-53e3-98b5-1ba9fa549a73","0","0","[]"
"cand-8c5f12a2-8c3d-5a7d-9e5d-b7e1e3152098","ex-3ad1cf41-99ab-527f-a547-106f52df3829","0","0","[]"
"cand-66f9fb70-ec14-53d6-8f06-18de48a577c5","ex-c1a404b4-cd08-5884-8d96-b048da25bf20","0","0","[]"
"cand-38d977e0-e124-53c5-a400-72a18ab4e230","ex-7df34c3c-9eac-5f8e-bcf2-3044f4f417cf","0","0","[]"
"cand-2a960e35-4f7f-5e16-b5f4-5618da3068a9","ex-76dba3ba-18db-55ad-b86d-439050f03fa3","0","0","[]"
"cand-c3afa17d-4c67-504e-a6dc-fb2cf7f1f70a","ex-f394aa0b-ab5d-5df0-b0f5-640833cdcdf3","0","0","[]"
"cand-91081e43-d6f7-5deb-b6e9-495d8b8ea54d","ex-9052d2ab-d8e3-5f06-aa63-1f25d4891417","0","0","[]"
"cand-a28b4068-b1ee-5f59-9489-5a46fb8ff21d","ex-594c68f6-b574-5b55-b78b-358231f9e560","0","0","[]"
"cand-2bad96d7-78a7-5b1e-98d4-605834bc5ba1","ex-e34981da-29b0-5e02-a5ee-230ff1375756","0","0","[]"
"cand-341459bd-b2f1-56a5-91d9-1e2cad95f08b","ex-2e60cdfc-ee83-550c-b9e0-3ed00f7a5d24","0","0","[]"
"cand-e43ea1f1-6ef4-516a-95db-fe26da2d3c13","ex-39990d66-4f1c-5bf6-b7b6-5bd6798cb8c6","0","0","[]"
"cand-59f5d6eb-b23b-51f5-8110-ecc23af31015","ex-a68e4784-3c32-57f9-8b9a-8cab781cc416","0","0","[]"
"cand-d963478e-190b-51a5-a83e-4d4958a59cce","ex-805eb4f1-1087-514e-8e64-393cd4e07174","0","0","[]"
"cand-b8a0ca9e-f851-53f8-8456-2e80461c8a0f","ex-e68c1237-834b-5e7b-9a6e-bf75763e56f8","0","0","[]"
"cand-f99b63ba-9d93-507e-b136-3b1d85ad6d97","ex-9d5f6e8c-a3d6-5b20-8ccd-0004196ddac1","0","0","[]"
"cand-581f19b8-5145-52ee-b6a3-6a6ac669f94b","ex-dd65a795-5b8e-5af5-8836-74306d8826dd","0","0","[]"
"cand-7cec4e41-9010-51ea-a0de-2a4c646ae8b2","ex-5776eca3-afbc-5124-af6a-21f4b3472a23","0","0","[]"
"cand-f5242ab9-f66f-5c6b-a1c5-970d59c309a2","ex-8ace3994-760f-5e0a-b3c7-7dcc3dd282d0","0","0","[]"
"cand-6da71ba0-35f7-5322-bd0b-4522ed47a31d","ex-f9a7697b-1ae1-5654-96d1-87af6e0c2a29","0","0","[]"
"cand-5d07505a-a6c1-5075-9933-100c379a873d","ex-ab37cea9-d3a2-55fe-a5fc-684bdd994d60","0","0","[]"
"cand-1d683c84-705a-53bc-b2fc-d2701278ad1c","ex-be277870-7a12-5c70-8793-959f0be8ebe9","0","0","[]"
"cand-542aa994-f5b2-5f61-ae12-b4a31c4fc6c6","ex-0edb89bd-50f2-5bb8-9deb-e21159cf9d04","0","0","[]"
"cand-eae30dec-3446-5e31-b9dd-f518e94da84a","ex-298d92b4-9305-59cb-9072-3138e98a1806","0","0","[]"
"cand-f6b9c593-1e98-5fa8-ac73-d95067957fee","ex-141c0965-7fb9-5c12-a159-fdac57a282cb","0","0","[]"
"cand-e8c6fb1f-a6b8-5056-819f-24b5a35c32ac","ex-3dce0be2-b98c-540e-bc25-1b6a02a9f7bc","0","0","[]"
"cand-d84cd0f7-ff54-51b0-8d37-ff74237e4a4f","ex-6e09c630-b9fc-50ae-b53e-ee781542f72b","0","0","[]"
"cand-bb787f0f-35c3-5a59-a882-318fb6ba7647","ex-84171ead-5ca9-5e5d-bdbb-6272536ec23a","0","0","[]"
"cand-f5ee3b4e-eec3-52b7-af01-6d0abcb241c4","ex-5f0071b9-794b-5be9-984b-4f354a7fa365","0","0","[]"
"cand-25353b70-2653-5628-b4f2-5584742177a5","ex-53c97ce3-9716-52d4-9300-f1407e0e74c0","0","0","[]"
"cand-81a40d59-ea79-5dc8-b767-531d1507637a","ex-1f05d2cf-89a2-583b-a797-6208f87c1ce3","0","0","[]"
"cand-7a4244a3-9807-5e0b-b5c9-b1ae14624102","ex-1cce0315-8ed4-506e-807b-10a9fcbe2602","0","0","[]"
"cand-6609bd6c-bb5e-5b56-80fc-18b3d3d1c718","ex-21f5ee93-655c-5206-9b3c-6cc5afe0d502","0","0","[]"
"cand-18d65eb8-02d3-564b-8d18-09fa5b111842","ex-4252304c-ddf6-5b8a-984d-210fa2652c7b","0","0","[]"
"cand-5a5e4328-0159-5884-88ee-b2c2160fb594","ex-8dd20d24-fb74-5deb-b959-ba15bf34ce86","0","0","[]"
"cand-6b0f0b86-0429-5828-9c4e-04bb792d2dbc","ex-6e73bc33-6945-5cd9-af0e-c56ec044bba3","0","0","[]"
"cand-28e76e33-97ed-5359-9cba-3f315e598587","ex-de4987ff-1279-5f2b-8e98-5db643b1e13d","0","0","[]"
"cand-52cb00fc-d328-5f0d-8385-1d2ed152c133","ex-7c3183ad-a8ad-5ae7-b35f-0c8b0b4126e5","0","0","[]"
"cand-cb583e92-0e7e-5a2b-b57f-137a58be8bed","ex-3a8d8e45-a7ea-5445-8b6f-58834d0dc59f","0","0","[]"
"cand-e0bb6e88-eaff-5034-9c56-2afa44a2fd20","ex-57250931-87ff-5e02-8511-20e658c64faf","0","0","[]"
"cand-c0d59961-be91-536c-806e-16e66893263f","ex-3aa6a64a-15c2-55b9-a2ed-603a5cda9689","0","0","[]"
"cand-38333bd1-2fc3-5809-993c-cc48673b4028","ex-c4a95331-93aa-59a9-9643-052499050400","0","0","[]"
"cand-e7fd80e3-5f8c-5ef7-92f8-07bf7d42bc6d","ex-d74610c7-7744-5635-b0be-d9595dd6f950","0","0","[]"
"cand-7b73476e-8983-542b-825c-9e926b2094e0","ex-451bdc97-cfdd-5c1b-969c-dc4721cdb36d","0","0","[]"
"cand-95ae6ec6-cad6-5647-9dca-aa38f84e537e","ex-f15c48ff-6967-54dd-9812-61423aa81673","0","0","[]"
"cand-dea4ecd8-93e9-57e6-919d-1ea462c391e1","ex-6b9a68e8-48d2-5602-b3fd-2b8647ab122d","0","0","[]"
"cand-cb9837b5-661a-5b4d-8c88-39491c4a74a5","ex-a4fa1bbd-9b7c-5354-b7fb-e3453a07db61","0","0","[]"
"cand-408ed703-f98b-504d-9777-7d67b876e3eb","ex-53c5ae90-1842-5e6f-b781-1601e7f45329","0","0","[]"
"cand-5ceae1cc-2736-5bcd-810d-89a4ba908320","ex-639d22b9-faa1-57c0-901a-fff9653dc25f","0","0","[]"
"cand-8ca890c0-8d0e-5d6e-a05b-7eae0c8d688f","ex-13fd864c-15a5-5dcb-95f9-9fe753bd0305","0","0","[]"
"cand-eb9565dd-9983-5a38-a293-0faf386aba67","ex-6e5d7a39-7878-5568-a057-eb7ece12cd69","0","0","[]"
"cand-b28d7d27-8ad3-5295-a88a-c71f65b822b4","ex-ad1f69c5-e3ae-5390-9446-11fd677b391b","0","0","[]"
"cand-979ae663-6621-5a92-b09d-4d1f2ef81095","ex-600962c9-afaf-5ff9-9c6f-0c4efc64faa1","0","0","[]"
"cand-2ceaa92e-2dd7-583c-8d35-d08fe971e0bb","ex-8c663354-920b-52dd-a84d-71c4f7de3ac1","0","0","[]"
"cand-642fb025-0b3c-5ce4-8a97-815d6712dde4","ex-79b97661-c808-5967-87b9-306f323a2689","0","0","[]"
"cand-d55d771b-6c62-5c53-b3b3-81a8c7425f26","ex-e9fdb6af-90eb-5580-90c9-fcd27d810076","0","0","[]"
"cand-5ecab991-513c-5667-98dd-e17ad4bde836","ex-d2bec4b1-6769-5a48-a0ae-d4dcb3ce899b","0","0","[]"
"cand-8053b467-16f8-5b5d-968c-978d9ac188b4","ex-9cb6dd39-1c81-503d-9e9b-ea70a046c782","0","0","[]"
"cand-4301a916-4097-5ffd-92f2-67164c0825ef","ex-ba3f4e53-99e3-5e08-98a9-d8bdd2f9c0df","0","0","[]"
"cand-ca70b15e-7a7c-5939-8d0e-e5addc87f1c9","ex-a2f2114d-a368-57ba-9fae-517a09b26348","0","0","[]"
"cand-c88bfbed-59b9-5b2f-ab21-9da854c0c42b","ex-ec430abf-033e-50ea-bac4-ca4852184b5f","0","0","[]"
"cand-2a01a759-d16c-57ca-af36-5eca1517da81","ex-c6971bcb-875b-5a53-af85-c0637726e34f","0","0","[]"
"cand-8b95c650-f548-5d29-9499-20d7a2414a20","ex-901778e2-de2e-5065-bbf0-e705100f7464","0","0","[]"
"cand-a30f134c-5b39-508b-a882-e5543053cd79","ex-37c2b59a-99d6-5f2e-9346-31b933e86414","0","0","[]"
"cand-8208a331-0c3e-5b70-8959-1fd4e9e7f437","ex-0f73e7ac-fb55-5c75-9bb9-8c293b79d16a","0","0","[]"
"cand-b8781c82-7487-56da-9dd2-7579a81841c6","ex-441b4d87-110f-50e3-992c-ebbd8d54e57d","0","0","[]"
"cand-f39c2e6d-8000-5374-a089-406d10cd4efe","ex-4b90d26f-9694-563e-9368-771c6d6e7586","0","0","[]"
"cand-f5f15e0f-9455-5ea6-9c28-50eaf5a3828d","ex-59f4c320-426d-5cd7-8b38-efbd628fc6ba","0","0","[]"
"cand-30da2185-81c1-581b-88ac-d1c8b10d166a","ex-5e4a4f18-0bb4-593c-8ede-be1eb7baad5e","0","0","[]"
"cand-0f25dac7-78c7-5e6c-842b-f3b87a48baa4","ex-3135158d-c2f2-5e5b-bf2b-cf5d26be624a","0","0","[]"
"cand-88a9fb54-f580-52b2-8492-2fe46e276bc8","ex-faa9620c-d785-5c74-a8f8-14e9cad8ac85","0","0","[]"
"cand-577dcd27-1f10-513d-becb-f5b5e7dd1b40","ex-3c441ab3-f5d7-5495-bf87-a5cb9aec187a","0","0","[]"
"cand-5e82f5cc-002b-5595-932a-102d6a965fdc","ex-93ca08c9-02cb-55f7-82d1-2f7ea802b882","0","0","[]"
"cand-5aae7f50-fb69-51d3-98b9-1c28cf3b6e1f","ex-722f61bb-dfe1-5713-b63a-835a7b9ee215","0","0","[]"
"cand-733b7b6b-ad44-5e3c-9671-319cbd714786","ex-28dfd977-4076-50e4-9c5e-c70de3ef9b9b","0","0","[]"
"cand-07021c9e-b52c-53e1-b9cf-f2e62933339c","ex-f6f96288-eeb8-54f5-a492-95244ede72c3","0","0","[]"
"cand-18982199-65f8-5202-8a4a-058582cf1428","ex-5bfa2442-27b6-5833-b214-40f8c591da33","0","0","[]"
"cand-fcafaf06-ba84-5cfa-a242-c42f4999a879","ex-56a8ee29-98c2-5340-9f41-5cc5e11791d2","0","0","[]"
"cand-4603c90c-04e9-53e2-86d6-5878e8f8a84a","ex-1e3946ba-50c5-578a-8309-f3c6170327af","0","0","[]"
"cand-157127c6-4f96-5a53-838d-509da16c231b","ex-5b563e9e-75e9-5c53-91b1-0b20f5462442","0","0","[]"
"cand-c8c1c3b5-3715-5b36-a639-b8ed6bb32e67","ex-44f380a0-6b27-5c67-a7f0-3866520eb2f1","0","0","[]"
"cand-ec28d8ee-42d9-5226-98b3-19b379bdbb75","ex-24a2f127-2353-5a5e-97a9-7304790e75de","0","0","[]"
"cand-614e84e5-7e6b-57d2-87b1-2a980bebd476","ex-53783e6e-c9f2-5c1b-8b9c-9d0eaec8d2c6","0","0","[]"
"cand-ee247673-7e6f-5dc5-a2b9-c075d4056a5e","ex-70d4a111-0522-50c3-ac2f-743888e6b560","0","0","[]"
"cand-b9355d5e-bfa5-5238-951e-d84c40bd2826","ex-0bb34a7e-7558-53d0-b172-3f72878a49e4","0","0","[]"
"cand-9b31ea53-2a3d-5529-a11e-5e7f11840363","ex-ddd8aea9-30c0-55c9-b85c-bbe766e64690","0","0","[]"
"cand-5c8c1323-ea0a-5919-9ac5-ba5879f46d7a","ex-8cd43865-96ed-5555-8650-f8f2ab87e324","0","0","[]"
"cand-6188b05c-1bdb-50c7-9615-14f49cc8ef29","ex-b9c023e9-7eea-53e5-9d91-781907687f08","0","0","[]"
"cand-f60beb78-0469-5c42-8169-ed32200b328e","ex-95510431-8b20-5c23-9955-4b9b2b2cc7a1","0","0","[]"
"cand-29147d9c-95c6-53a0-87b8-9b814909be55","ex-5ecd59de-ed37-5647-be7f-05aec7c564ce","0","0","[]"
"cand-a24d5f3f-389e-5f26-8cc0-2a3c5d94178e","ex-3630d82d-0e77-53f1-95b0-6d0ac9c0aa81","0","0","[]"
"cand-2040dff1-c270-5759-84e2-f05d4d9fb74a","ex-d2c02da0-7d1b-599b-824f-3b09413cb91c","0","0","[]"
"cand-fd737178-4be9-5f64-9e61-b6134072aaea","ex-39cc90c4-b555-5b31-8d5e-31242d409542","0","0","[]"
"cand-c62ee7e8-04e0-5608-a0f6-52318161544f","ex-e2f29867-4bbc-53d6-921f-38de380df0d4","0","0","[]"
"cand-b36ddfb1-c551-520f-af18-4c750038aaf6","ex-4b465463-1e9d-524f-b215-c370ae7127de","0","0","[]"
"cand-8364e2c5-d471-5c8a-9171-cc9a0e97fa12","ex-0f91eb5c-dab8-54f1-b39f-4c8b365d95c3","0","0","[]"
"cand-b2d46835-d46c-5396-b163-64cfa70221fc","ex-5e910203-ebed-508b-8b5e-b01cead47a17","0","0","[]"
"cand-a1a65ec6-b4e2-5806-bd03-e7b5ee1fe645","ex-0f48501e-d8da-5d2d-8da0-b11ef4d42960","0","0","[]"
"cand-1b8894eb-775e-52b5-a808-533d353d1b13","ex-e2c22248-b05c-5859-a679-87c39129c0a1","0","0","[]"
"cand-f8c5ae67-2789-58c6-9eab-c78f36e904bd","ex-f676f6ab-a696-5798-8ce4-a78841cb32d8","0","0","[]"
"cand-d20f2160-6e4a-5288-ba50-f5edbad0583a","ex-1462adfd-fdcf-5fd7-91bb-3493eae2dda6","0","0","[]"
"cand-ef549ec2-51b4-5026-9a9a-84adf94a2c24","ex-7dcc2b8e-0810-54d4-a874-d50f40de8269","0","0","[]"
"cand-44e697fb-36ac-590c-a62c-94370f7b5cc7","ex-9b6d21b5-f900-58a7-a1eb-f37893240b48","0","0","[]"
"cand-fafb2c30-ff3a-5f4e-b5ef-d20cdd1d308e","ex-dae793d9-579d-5e50-87bb-d0f52e44d756","0","0","[]"
"cand-805464ee-7f2d-532a-9155-04d384b8d684","ex-d129daa2-8feb-59b8-9303-9689f79144ea","0","0","[]"
"cand-a49e8bed-94e1-5529-b31c-077553f632c0","ex-3c147648-c243-5dae-af65-dca34e408489","0","0","[]"
"cand-a37d50fd-b7cd-5719-a9ae-f170b4099a7e","ex-5b4720bb-9621-528c-b348-fde6c33097d2","0","0","[]"
"cand-da13aea3-470d-543c-b629-30571deb73c1","ex-19a2ad25-3dc4-5c4e-a763-de21544b9530","0","0","[]"
"cand-303e25f9-98b8-5b19-888a-04832010a41e","ex-8a16fc0f-ffb2-5c8e-b013-70bd16dd1775","0","0","[]"
"cand-0f20b64c-9c6a-5844-bc97-202d8e94e6fb","ex-de8e7220-51ca-53d6-be7d-d6180a09484f","0","0","[]"
"cand-c26dd962-7a25-5676-8092-a1bfb1b4d9ec","ex-0d042877-35d5-577a-a035-9d7e75cc1805","0","0","[]"
"cand-d19eb805-323a-5997-9cdd-b789acdec0b7","ex-9077cce9-c6e6-5b1d-894b-7c8665c39310","0","0","[]"
"cand-4ca504fb-9ac8-59fb-a0bb-8524bbe8524a","ex-48e8a467-2977-5ffc-b070-4dfb0a78145b","0","0","[]"
"cand-a21a6047-44fc-5832-a931-dfca12736aec","ex-d1a9aee1-48c5-5645-8d9c-de13871c4cb7","0","0","[]"
"cand-bcbe767e-fd9a-51e4-bd49-ff8ef12e0e3c","ex-928a4827-06e0-52e0-a3fb-4af3e09c487a","0","0","[]"
"cand-caf83841-09e1-570f-af65-068ee74f6307","ex-ac18729b-ec1f-5dcc-891e-ebc1614e5899","0","0","[]"
"cand-5c8e3732-0e5e-5aa6-bd87-1bab164e6cfe","ex-67b283c9-f6db-5820-b821-18bcadfa2cb9","0","0","[]"
"cand-b90c1887-20f3-5f4b-a69f-dbbc805a81ce","ex-7e3c365d-b108-5e12-8772-272187bc22ac","0","0","[]"
"cand-51eee247-cb62-52c7-8d10-82549154a436","ex-47e6dae3-89d9-5e83-8090-f4c11e822e01","0","0","[]"
"cand-0f873fdb-e559-5cec-82a9-ca896c091fac","ex-a8aaa51d-c33b-52d3-8eb4-d7697288b681","0","0","[]"
"cand-9bb04084-1b8a-5610-a06c-488bc3fc7387","ex-9d632043-d928-5f2a-baa3-2adc6cc6be0f","0","0","[]"
"cand-c3561ad1-ea0a-5905-a482-1430576e8e38","ex-52507474-affe-5ac6-bbee-3954bf47fbee","0","0","[]"
"cand-62189e19-eb03-5fa2-87c1-4b2dac04cd54","ex-1780c845-77f4-5b5f-9a17-c67e666e126d","0","0","[]"
"cand-2ee93cbc-31f7-56c7-81b8-f5eb541878d0","ex-4e5bd8d9-3c9b-5867-ad7a-2787a33c48bc","0","0","[]"
"cand-777da7c4-4bbb-5ea7-9f74-010e83144e8e","ex-3e44bd8b-c34a-578d-aec1-6314d9cac5b2","0","0","[]"
"cand-2c4f854a-86ec-5d75-9a6d-f0888ae194fb","ex-044be45e-6660-58cf-8461-8698d4771622","0","0","[]"
"cand-50106e03-f19b-5436-894a-101ce5d6af3e","ex-c67228aa-bd90-5618-81ad-a6e0286f29cd","0","0","[]"
"cand-fe086673-48e6-5b14-be43-0df3a2f84f92","ex-4452b0d1-cea5-5269-a6c5-20ae4dfbbbcd","0","0","[]"
"cand-ced7121f-0025-5757-8866-d5251c7a2026","ex-60516304-ab91-58be-abb4-191a2e941950","0","0","[]"
"cand-991bed7c-43ad-59b4-a054-021a63af33b0","ex-fe2bb86e-49c2-5cc5-94a5-957f4a1d6ff4","0","0","[]"
"cand-51882061-c0fb-50f8-8db4-51f6ad96ebfe","ex-81a528dd-71fe-5aa3-982b-76f8883ee724","0","0","[]"
"cand-ec6944e5-19a6-546d-9b80-2a503f4e9f0a","ex-0cf7b8ed-ff94-551e-88f2-4af083360383","0","0","[]"
"cand-3175a665-0537-54ce-af2d-dd4ce8777c3e","ex-dc6420c7-40de-519c-bb69-dbb9aff6a0b3","0","0","[]"
"cand-37bddd23-72e1-596b-b377-c5243d00e8cf","ex-6ab2b673-567f-58ff-8eac-d17f7613e463","0","0","[]"
"cand-4f550ecf-2ec4-5d91-aa9e-d98f37088066","ex-2197625f-8a2e-5771-b865-feaccdacd388","0","0","[]"
"cand-39800fdb-87b3-5295-a8b2-6527df67f8c3","ex-4d543377-ee5a-5cd4-a630-0145ed14381e","0","0","[]"
"cand-ebaf4606-cea4-5c47-8309-e720400a0974","ex-5bc5c882-ef74-59b9-acf8-9104c027d3ea","0","0","[]"
"cand-08c2260a-6bf9-59d4-85ff-bbba09e5cf4d","ex-f967ea95-f5af-5888-be58-b0dcadc964a9","0","0","[]"
"cand-11ce4ec5-a756-5f92-9f00-fde3696a3f8d","ex-54241ef8-870e-51f1-a099-a5edc774c9be","0","0","[]"
"cand-4aae1c61-4031-5803-b9ce-221eb3113167","ex-e5bb1a5c-6833-5c1f-9279-cb954b9978e0","0","0","[]"
"cand-0d3b43ba-4864-5dc5-b10d-c033d0939010","ex-87528c63-fc78-5ae9-8c89-f29c8d2622c3","0","0","[]"
"cand-e27f9ba2-f6b9-5223-ae7a-e8213b9c6e62","ex-6d909d29-6837-55c2-9f2f-3f303c5bd92c","0","0","[]"
"cand-93c52b4e-9756-5b5b-8b3f-cf2985f810b5","ex-3078a561-92e3-5fc7-a399-d6785fc5ca0d","0","0","[]"
"cand-bcaf6884-d4bb-5457-bad4-ec7204595614","ex-784bdb14-4fe9-5370-ae22-f7bf3a898c6c","0","0","[]"
"cand-cad2404d-09fa-5d8b-a213-d61a6e15ba86","ex-732b473b-ef08-5529-a00f-0093dcc43c47","0","0","[]"
"cand-d5e6e780-56e6-5d42-b948-0a0dcf664a2b","ex-47632df1-0939-5221-988d-60e126664e53","0","0","[]"
"cand-a6ed9193-05f9-5aa4-bcd3-908b74104d7b","ex-554bd44f-f799-5d0d-a1be-a540cf0da480","0","0","[]"
"cand-69c090ae-ffa9-5911-a0fe-83d6154c10db","ex-9cfc66a5-b38f-54fe-a1d7-ea68a20fd310","0","0","[]"
"cand-f8a49bc2-2f2c-5efa-bdc9-25c6cbc2cf0f","ex-db6a30a1-537a-5b59-9a61-36de1fe577f0","0","0","[]"
"cand-6687bf6d-83c3-5965-a07b-27e4a025e8fa","ex-8f82edd3-32f9-5ab0-a311-e785e1f4c124","0","0","[]"
"cand-205f2d92-f0bb-5578-a2b8-db6eeeda1b14","ex-73f991f9-4efd-580b-94e3-57d039d12bea","0","0","[]"
"cand-b1f335b5-2c8d-5347-ac36-a55fffa82082","ex-3172f063-da20-5883-bbc7-953be43cfca8","0","0","[]"
"cand-6c0625fe-f2a4-5604-816e-11ad3fed2a89","ex-01dd7439-4417-5f24-95b4-ec84c813ec3e","0","0","[]"
"cand-0ca3041c-cd35-5deb-aaff-779d8fa7b951","ex-4abb6fc8-1770-5221-86f8-fdb71d1e31b6","0","0","[]"
"cand-8dea1678-e1e8-5e0c-b482-3ace7660b3b5","ex-e8ad464e-0df1-5986-afff-3d35b60d8f88","0","0","[]"
"cand-5d220aa1-0398-522e-9621-fab0ecb4caf6","ex-d58d8ee5-1bde-5a8b-a0ae-73c51f7c2590","0","0","[]"
"cand-6df0d6b6-be7f-5975-a88d-cbbdfcde4efe","ex-3fa777ef-ae10-5f84-aba4-6a02104eb691","0","0","[]"
"cand-26d2064c-d315-55d2-a5f9-06b049cf7305","ex-5351460b-cda5-5658-9f19-3df4b9760bc8","0","0","[]"
"cand-69ffd6a0-1392-5da4-b60c-5285d21a7e32","ex-376b7d49-bfdf-5a1f-8233-c8f6a15a7e9b","0","0","[]"
"cand-12af9bc4-b79c-575f-8141-7999a7795025","ex-add6e866-69ee-5edc-afe2-fbdae81b1121","0","0","[]"
"cand-1f704cd6-b25d-50f2-a817-97cfaf22dec7","ex-e5f269be-cdcf-53b3-8977-359267fac4e8","0","0","[]"
"cand-2974a315-1bbf-5170-980c-aeb05e56921b","ex-93784db0-0a74-5570-84d1-302a7a7a0b5d","0","0","[]"
"cand-5bf25aa7-0749-5bb0-85b2-c1e743cba312","ex-96017e92-fcd3-5bfc-9846-b4ed30909491","0","0","[]"
"cand-51dc1b7b-6bdc-59ee-b3d1-248adba3fb7b","ex-6789ba47-b538-5555-85e4-479e0eeb1951","0","0","[]"
"cand-def60a52-2169-5636-a29f-c7bff3be2581","ex-2228a487-77bd-548f-9572-00940efeacdb","0","0","[]"
"cand-3bfd1b96-5f36-587e-982e-52cf4f421eec","ex-f82d88f5-e803-5db4-a500-376b214ba195","0","0","[]"
"cand-ef89572b-96fa-5a1b-b4d1-d9eb560ef4fd","ex-94112d04-f698-5532-9944-12a691cf43c6","0","0","[]"
"cand-233d917b-badb-53c5-b96a-df117d513002","ex-a55711e3-bbdd-5545-808e-fa6ae963ef30","0","0","[]"
"cand-f8952f8b-0903-5c56-adfc-a215bbcd68ad","ex-23148461-2754-565c-8ae6-2e7e2fb3eb92","0","0","[]"
"cand-a71f98e6-03e2-5c3e-9378-52d50d775ef9","ex-7e7b94cf-8a5a-5aed-9902-859e8bcae060","0","0","[]"
"cand-a36bbd26-853b-5329-b767-591d4268a5d1","ex-8af90e74-9f3a-54fb-8c47-4da4a1b3c92c","0","0","[]"
"cand-e6a7e3e0-a871-538d-9361-1e91d26a1883","ex-9a7ecc0c-64f8-5f87-8402-58572af6be6c","0","0","[]"
"cand-6e152dbb-7059-5443-8a44-9fe00cc978db","ex-a164dc9b-60b1-5924-9d22-86c745382cb9","0","0","[]"
"cand-25cbf01d-61a3-5f7e-95ee-d383f29d5e98","ex-523a46f2-ed8a-55eb-b717-1e482a9fedab","0","0","[]"
"cand-092f81e1-d98e-541d-820d-c3deb7f9c3ac","ex-67cfbd80-f9df-5ac4-a5c7-5ea05f0cce8b","0","0","[]"
"cand-2d2b010c-7525-56de-8871-43ca41f48e29","ex-314acdf7-998a-5100-a3ab-4d12ff689d5f","0","0","[]"
"cand-b5777e79-1dae-5aaa-a6c1-2a5e4e3222b3","ex-06e592a6-368a-5800-aeaa-b21a0fe7ac6a","0","0","[]"
"cand-f514a283-dbb0-5f91-9519-653107c1f525","ex-03dac48b-4d9c-5ccc-aeeb-b344ce025d80","0","0","[]"
"cand-6621e856-791e-5dd6-a77e-d2b496e9c839","ex-65acec11-ea29-505e-b15b-77e4b0594203","0","0","[]"
"cand-665ba505-6eba-5f0a-9dd9-1f5f22f01722","ex-21befeac-7075-5a36-b36c-649edd3e6c79","0","0","[]"
"cand-28b102be-1d91-5320-8c44-8f3cc672b5bd","ex-87cbc236-9a7a-5b8a-85c3-0855974da5e7","0","0","[]"
"cand-635d61d2-d437-58dd-ae33-3d00c040e19f","ex-fe3314bd-5881-5f4c-a882-b714796a7f74","0","0","[]"
"cand-6998d9c5-b00c-5f14-91c8-f092d594c687","ex-27903b50-7bac-567f-83e7-3c8ad3709e28","0","0","[]"
"cand-113c562c-e6ad-576e-b486-2cd5825b3e98","ex-eba28ec0-4606-5542-9a0a-dbc98f5ea502","0","0","[]"
"cand-d84f9707-3f76-5985-be36-d839c52e5df2","ex-4066fd2a-5329-50f3-a5ad-1bc0d38b78c9","0","0","[]"
"cand-3922a4ed-0d5f-5a0e-94e0-5e22411242a1","ex-b28f1efa-f229-510c-b8b3-efd0615af989","0","0","[]"
"cand-ec823eb4-8174-5579-8ceb-4fa77be011d1","ex-48d02b81-36c3-54bd-a076-ea018eecf1c2","0","0","[]"
"cand-0f95e1a3-aa6c-5e8e-8874-4caaf2f843fb","ex-c211aa5d-ee34-55a8-9834-67d12e99716a","0","0","[]"
"cand-6335b6ef-dbdc-5420-98ed-4378f471d22b","ex-2d8527a3-f228-5f6a-b320-ce3947aa2329","0","0","[]"
"cand-97551e93-b815-5957-94da-44082c05768f","ex-20fe407c-5be1-548c-96c3-954ff61aa7a9","0","0","[]"
"cand-6da23acf-70ce-5bc2-8519-e785f4ff4748","ex-d0d5ff23-57d5-59f5-bd27-a7d1d405c485","0","0","[]"
"cand-6913c077-2764-5afc-b362-c2ef667b7ae2","ex-e3040262-ed3d-5ad2-8304-83e1fc007258","0","0","[]"
"cand-9a79d22a-7a2c-5a25-be95-24fd0c675d0c","ex-10d0dff4-10cc-5690-b707-e3395e01c0eb","0","0","[]"
"cand-d86ab5f5-a613-5062-b5ed-bb5b505f19e6","ex-83d451a2-50c8-563b-96a8-0933842f4409","0","0","[]"
"cand-518c3f31-e411-55d0-a94b-0bbc766e6370","ex-e9107df9-f562-577f-94e5-d1de2d4e505a","0","0","[]"
"cand-d45e1a3a-1e12-55ad-aabb-f642e8267dba","ex-0cf9c7b1-2ae6-5856-82d3-84d55727befb","0","0","[]"
"cand-523c2602-12dc-51f4-8a4c-29db5c2972e2","ex-882b7108-e201-56c1-94a4-9c06702a4ade","0","0","[]"
"cand-5dd3b87d-cebb-544e-b610-63449e9bbf53","ex-b58dfd78-b61f-5c16-83fc-25cc3698778d","0","0","[]"
"cand-6e13795f-fe46-53cf-9561-6ef2c5e328f8","ex-3186d47f-6bc2-50e6-8217-3a5186a42b49","0","0","[]"
"cand-35356f87-5988-53e7-a651-19ba2a30264c","ex-e2d242fe-d3ef-52e9-8ecc-0c1003a98a7a","0","0","[]"
"cand-a1d228a2-740a-56bd-a325-66142c2548d2","ex-ea82d362-f0ef-5377-b9e7-ef98d7c63a10","0","0","[]"
"cand-0a62d463-961b-50bb-ac59-f56852575f7e","ex-68519c06-3a15-5a6a-9a99-f7ddd7ad48a1","0","0","[]"
"cand-2365f466-b6d5-5355-bde0-dc3e54104754","ex-bbaf37b7-41d6-5e40-acd1-02b8db614f50","0","0","[]"
"cand-f99d06cd-a326-554d-90ba-8be4c7bb988f","ex-dd9d5abb-c2aa-5f6a-aca3-d8a0ebfd3822","0","0","[]"
"cand-698b6a7d-8dc1-5b6d-be3c-2ca46c9a2638","ex-e48677c7-6007-5b56-acf5-d350875713d7","0","0","[]"
"cand-6a42e582-0a1e-532e-bea4-e1a38b4f9f10","ex-7a37a558-24d7-5f9e-8ebe-3405076d7223","0","0","[]"
"cand-9b76b5e0-9844-5e4a-9dee-9b7bb13b23aa","ex-db4e97e0-b6e7-567a-b1be-bb674b666ec0","0","0","[]"
"cand-ddd40dfc-5c7a-5d63-8d9b-c4038d39f084","ex-1295074a-35cd-542f-a023-797718bdfb8d","0","0","[]"
"cand-d9d3574c-174e-59e0-b25b-6196c532c119","ex-cf97adf4-51ee-52b8-b73b-c57532c70c63","0","0","[]"
"cand-729abcff-eb7d-5b38-8f8f-efea2b706cf7","ex-97c1674d-89e4-54e7-b09f-35b485cab127","0","0","[]"
"cand-5e4639f3-c47d-5848-aa5a-158c011c617a","ex-ee72576b-cc34-57ce-936b-5670ed6a8f9a","0","0","[]"
"cand-5d71b715-1916-5350-bb65-acc288436f17","ex-e5fa577e-efe5-5da4-b427-ecac01efa0c5","0","0","[]"
"cand-e65b960b-bc08-569d-948d-399f000021f4","ex-7c0710ef-9ebb-550b-9d3a-38463660dec2","0","0","[]"
"cand-3421faea-d5d0-5af0-aeea-6dbaa7b31c1b","ex-970745de-c595-53db-a35f-dee514575795","0","0","[]"
"cand-da0b048d-e1b5-5a91-a7aa-b52f2341c744","ex-d805823c-ee17-597d-aeb4-7d38b050edc4","0","0","[]"
"cand-580780e2-2851-5746-b8ea-0ae5ba1f133e","ex-c328f2de-b87b-55ef-96c3-7db392bb6471","0","0","[]"
"cand-b172a016-ae72-53a2-a508-50c2ff7d9905","ex-bd4c79d7-5823-5646-8e49-ec935ed8fb25","0","0","[]"
"cand-ebb0c865-ca4c-54dc-b94f-1b2b9e9805ae","ex-aef6d378-c0a4-56c9-bf2a-f09393f9dfe0","0","0","[]"
"cand-106fe0e5-0681-5982-a0b2-30578c6e9989","ex-87d23daf-c718-5a45-b853-781edc914706","0","0","[]"
"cand-ad891dfe-0b5d-5cef-b2d6-030bf6e357fc","ex-42b8bb43-8b5a-5e46-8281-280be282f2b1","0","0","[]"
"cand-fcb47c53-1ddb-5718-88bc-ee70fbbfb70d","ex-3b54cb09-8c8d-590a-9348-26d027d51497","0","0","[]"
"cand-af847a2e-879e-57c3-ad5f-2f1ad27bc767","ex-158c88f8-65b8-581f-8cc4-0097934eed07","0","0","[]"
"cand-7b2744b2-6beb-52b4-a6b6-2718ce7940ba","ex-e2aca5b9-b811-53ca-86c6-c126453db437","0","0","[]"
"cand-9d454289-2c62-5e3a-885c-e2835f5bad3b","ex-f1dd79a3-5b63-5b1a-b77b-4549b054df83","0","0","[]"
"cand-d23c3524-e0f4-5fb6-9f2f-03545ab039d0","ex-4a4ee9ce-678b-5483-99d6-9b6cb51d4234","0","0","[]"
"cand-ee69461b-8c88-57ae-b3f8-19d9f36f6dd4","ex-fc04982b-91a1-5748-8b7c-2cbcbfbe17a4","0","0","[]"
"cand-daae70c1-a0ff-5d74-89d2-4b180052c942","ex-07525659-6bf2-5eb7-b549-f7d7afbdeec0","0","0","[]"
"cand-9c711c83-95fb-5fab-a047-802d0aac42cd","ex-52f6b70a-312c-5d98-b6b0-d19ce7855f11","0","0","[]"
"cand-9cafc80b-1dc7-5df7-9dee-af1a58221670","ex-3b37fe14-95df-5bf1-84fa-19f7063f1268","0","0","[]"
"cand-a03e8d19-1213-5b00-b4fa-a7f3a10bd6d7","ex-76f8fe94-e736-5b51-a33a-09301e8e16dc","0","0","[]"
"cand-395939f0-252b-5dcc-bbc8-3fb30c4d9159","ex-7fc48551-c4fa-5ac5-9448-451dbad890b9","0","0","[]"
"cand-517ba43c-fb73-56f6-b6f6-d26303c0e302","ex-b029c841-27fc-559d-920e-5d5fd0d8a96d","0","0","[]"
"cand-f69c8198-24be-5b43-9bd4-405567454d42","ex-38189039-0924-5338-b944-8ebda444fcb5","0","0","[]"
"cand-23f5e4c4-8f7a-56a4-8448-1bb26970fe22","ex-c5f4f412-e6e4-5c2a-a5cb-25ec516f6a43","0","0","[]"
"cand-962ca8d9-d520-5d74-aeee-46529c4b8ca7","ex-b57609f1-57ef-5ee0-b9ff-3993b5abaea2","0","0","[]"
"cand-185802c7-ee1f-5a2b-b7f3-4c8e1826bbc3","ex-191f37dd-fef9-55d0-9b43-2fa15eeb6f52","0","0","[]"
"cand-ec3534be-fd87-5282-850b-4742a0397dbf","ex-66c7abad-b59f-55f2-910e-68608585da29","0","0","[]"
"cand-aca0f31a-d53d-5dec-9814-a7d20b4c2a78","ex-bc1b0879-a23f-5915-a8db-ca8fb600c1be","0","0","[]"
"cand-02fdef0c-763b-5248-9935-c0d20bda576b","ex-802be7e4-ac5d-5541-a934-32f1dc85b8bd","0","0","[]"
"cand-716e6975-aab3-5fd0-82c1-127435968d99","ex-7c30c6c3-7742-50b1-a2b0-4af025fcf585","0","0","[]"
"cand-6f48b1b5-4703-5650-b25c-271f659e07f6","ex-86ea0414-c365-580a-8e09-6f264f73b37c","0","0","[]"
"cand-42bc1d99-8040-5496-8275-7187d53413ec","ex-924926c9-b347-5cde-bc8e-ecb2b4c381cc","0","0","[]"
"cand-cd78e45b-de2e-5cf8-8cb8-82a97f21ffda","ex-568d001a-78b9-5c1d-908d-fe5582587c7c","0","0","[]"
"cand-09cde2fd-6922-52fc-bbd6-05924258d703","ex-d33ab8d4-37e3-5046-9702-ceae80b87c25","0","0","[]"
"cand-7720ac22-fbf9-54f4-8849-08e2b315937b","ex-1f817a1a-fe35-5359-8d29-8c07916afd9d","0","0","[]"
"cand-9f03a5de-cf6d-5d9d-8438-9e242b9dcdf4","ex-b16dad37-ab89-5720-84f0-01f78e8b929d","0","0","[]"
"cand-6049eaae-03b5-5a23-8423-f286d0b9c0ff","ex-16d02f36-ce8e-580d-8e68-28d5c39e11ad","0","0","[]"
"cand-3284541b-c93b-56fe-9db4-5109d48c492e","ex-ad39c95d-14a4-54f7-a16f-970a3a340ddb","0","0","[]"
"cand-29e3b2ff-065d-56e4-a07a-22351c2d7fec","ex-c3625e00-8637-5849-a4da-03ce2c0faa83","0","0","[]"
"cand-d743b8da-6ca0-566d-b280-9d5e5524d6bf","ex-aaa5f1fc-a023-53c2-b487-c62f2924be50","0","0","[]"
"cand-c0827a0c-a8b3-5e90-8b1f-0383432cdebc","ex-1ab69772-1828-5f0a-8f48-b5b97d3f3bd3","0","0","[]"
"cand-8b85e83c-fd98-59a4-9592-86387d3ebb43","ex-1264c73e-b875-5064-9c75-18ebaa7e5591","0","0","[]"
"cand-0197722b-7981-5466-aee8-62c71be4c091","ex-2f19d92e-1893-5b94-958e-2f0d1c074293","0","0","[]"
"cand-864cb22d-a1ce-5dd5-9821-1804684f9f85","ex-811a2f38-ada4-56d0-b32e-1ee89ca106ab","0","0","[]"
"cand-61f5237a-37d0-5450-9f89-4dbdb855e70f","ex-dfd5d1e4-013b-5d88-96f6-918a1ccab767","0","0","[]"
"cand-08b33844-daa6-59cc-8746-630d233376b2","ex-6a07c486-0d2f-5ec0-a66e-e119e374402b","0","0","[]"
"cand-44070fe5-6cc6-5329-a801-dcf8feb34d3c","ex-4361e3f4-ff8c-5bdb-a276-782a33a8a280","0","0","[]"
"cand-a83de6fb-edf0-5690-b387-935e78a4ab4a","ex-299f78ef-4a0c-5451-904c-a03faa144b13","0","0","[]"
"cand-566a42cc-b3d6-5aa9-afd5-11a85432b3f6","ex-22eed5ed-5a5e-5c19-9e7d-53bbe9f6c99d","0","0","[]"
"cand-8025afd9-9ede-5fec-a781-0740586141bc","ex-0024fd01-1aa3-52ab-a530-0caaf7cd7481","0","0","[]"
"cand-c0194187-8c24-5258-aa91-99a379243c20","ex-98279417-60fa-5aae-b744-8a319878feb0","0","0","[]"
"cand-1cfbdcb2-97fa-50fc-b31e-1d86ca055412","ex-bf012670-41e3-5f43-999e-0fa76787c971","0","0","[]"
"cand-580870a0-ea84-54c0-8303-3ac7fb75c5ce","ex-68544571-f666-5773-8e9c-5e1953b0a37a","0","0","[]"
"cand-35572f17-0942-5a72-afde-838f06ea75ab","ex-0d3601f3-a09d-52ea-97d3-6d6ad30902f7","0","0","[]"
"cand-70fedcd6-784a-54f9-88b7-f58c04ad0858","ex-c97456e5-c810-55ca-8dcb-b075f9db8276","0","0","[]"
"cand-e3dd60db-f1c5-5afd-a79d-e14bdbbebb4d","ex-ba054297-cc07-50f6-9167-bb8a2f2ee89d","0","0","[]"
"cand-71ffa719-6724-5aa6-a852-a02c8ccafe76","ex-13a1d22a-ad6f-5772-851a-1c469ff941ea","0","0","[]"
"cand-f3126479-7844-54d2-ac23-caa82dbebb75","ex-05a779e9-8789-5e1f-8bbc-0d36eecc1b0e","0","0","[]"
"cand-5351521a-0765-5b97-9778-5094cf7ac87b","ex-7f5a5934-8932-5c83-bb68-95293f1bd593","0","0","[]"
"cand-1dc69d26-d752-580e-8370-ea6d1b0da91e","ex-c79f69ed-9cb3-5012-8c31-163a389b8ea4","0","0","[]"
"cand-8baf55d0-e120-552b-9314-509c6354f7dd","ex-5e78e7a3-66ff-5729-9e8f-bc1a6e36d8f4","0","0","[]"
"cand-d20833ad-122d-5eac-a415-1226cd489b5b","ex-0697e1db-c264-517e-8b08-e603525c08ec","0","0","[]"
"cand-20825ef8-e2cf-51f4-9bb6-9fa96f59d717","ex-20c80865-aa2a-5f83-beca-4287f9de46cc","0","0","[]"
"cand-77e469d4-37be-50dc-8945-aba48ade6b5e","ex-edb79213-3deb-5969-bb8a-79d3e629611d","0","0","[]"
"cand-b86fb054-6fc7-5ad5-8363-c5ecd88c8944","ex-843d6331-30e9-53e6-986e-9d308306b5c9","0","0","[]"
"cand-85cded4b-7923-5d27-a3a8-159df3289c27","ex-4e5d69bb-76ef-5bcb-8a58-681eef70861b","0","0","[]"
"cand-ba9318e4-da2b-5f21-a7c1-1423b6a21e99","ex-0d227334-289b-58d7-834b-cd5c4c05387d","0","0","[]"
"cand-fc4ebcf8-f219-57a9-9674-c3d2ff47b4d8","ex-ea25d39d-5814-56f7-b835-6e5ef9c27253","0","0","[]"
"cand-c7dc5e0d-f52d-564a-a585-638fc5adb350","ex-2f164aae-1287-5eff-ab8f-45162f1b3ee5","0","0","[]"
"cand-33f49691-77ad-5fef-87c1-8474304f926a","ex-015fb3b6-1928-5752-823d-753d2b878701","0","0","[]"
"cand-a50a8e1d-f6f7-5fca-83ac-afa4d09f76cb","ex-fa8fa7c7-d7ee-5c4a-94cb-ae367b11467b","0","0","[]"
"cand-68b6dd6a-fea9-58e1-b4c1-2fab2fca7776","ex-5d45a89f-cdb7-5cc8-8a13-11ae607f2ce4","0","0","[]"
"cand-aa3b3ddb-cbac-55d8-b104-92aa8671addd","ex-e0958056-0cd0-5d4d-9a9a-813f72ea62e3","0","0","[]"
"cand-bb3e0325-a841-5e6c-8bbf-d3604c1ef5b5","ex-577b8084-b6ce-543b-8cba-a044e8dd0458","0","0","[]"
"cand-7ad33e64-c108-5e6e-8741-30252c3a903b","ex-17ba0643-ec64-5337-90f5-abc68a2b361b","0","0","[]"
"cand-b777724c-8f94-56f0-b8e7-08356fa580e7","ex-24cc43d3-80be-5377-9f8c-2351188445c5","0","0","[]"
"cand-86c89167-ad35-55c0-a958-ea90c83b36fd","ex-af3c28e5-0ff9-5a76-a583-cbfbaf790c9e","0","0","[]"
"cand-e85b12b2-46b1-5517-8a12-b1913059111b","ex-5ede31ad-bf3b-54d6-8641-0f6b598f7f2d","0","0","[]"
"cand-96045c3f-d2d2-5eae-98e6-4c7f6fa505e6","ex-3c4da092-9749-5709-a36e-4abf40cf2ade","0","0","[]"
"cand-e954a6fb-e8ca-563e-a60f-a1c7877bcac3","ex-f02d4f63-cdc1-5c47-80b8-a6dcf38560bc","0","0","[]"
"cand-1e548f8e-f4ae-5607-823c-3c8fe0900a10","ex-5586faf4-3006-5316-a984-1cbdee2b1b65","0","0","[]"
"cand-53848ce6-cbff-5adb-9cf2-d6b4e0ba5464","ex-9a99c9b6-e050-5f70-ac1d-34128cd704e1","0","0","[]"
"cand-74462e1f-36e0-564c-a0ee-39d7e85395c3","ex-d552ac7f-f007-592a-8a6f-dc45de98a32c","0","0","[]"
"cand-bf967e69-4c4f-5ac8-bbdc-c5aa2f7055b1","ex-86a0718d-e3bc-5889-90ce-05173d0bbcdf","0","0","[]"
"cand-338bf81a-f7eb-55cf-bb59-9bdae7e52321","ex-67a55016-ac5e-5c29-809e-f9e52c8d10f6","0","0","[]"
"cand-382e1439-9ee2-5db7-ae20-9853250bddf9","ex-5ee7c860-869b-5b1e-bd58-0fdcb64d69d1","0","0","[]"
"cand-c2e31bc1-fa75-5b42-a78f-cc83d0fc7491","ex-0537eed7-faa8-5b67-a0f6-eacf351e9828","0","0","[]"
"cand-c98781c7-a7b6-5f7c-a4a3-1ec08f894540","ex-255f981c-cf4d-5a1a-9659-807e9606e250","0","0","[]"
"cand-0d5c4ab6-97d6-59c2-a889-0d3a88cba299","ex-1954c410-34f5-58e0-8c46-a6405eb51945","0","0","[]"
"cand-a664abce-a9cd-51e7-b6d8-0b721fb046a6","ex-e51d6e9d-b40f-5f3e-a396-7edc8f2ddb47","0","0","[]"
"cand-3630c9b3-351f-57c6-8bf2-6943733d0f3f","ex-20066046-3ead-522e-8a11-678ce3407c88","0","0","[]"
"cand-f16bf1a9-a0ce-5f51-802b-1c045277065a","ex-2d729bd5-5cf7-5811-a6ed-1c9075f36ea6","0","0","[]"
"cand-f798b90d-2f19-5d90-b524-fb794a7f1529","ex-4f1cfd7e-2500-596a-bafe-88bee1cc84ec","0","0","[]"
"cand-daed7093-040d-50ff-b70a-6d36876e5e15","ex-c3b8a5e9-91b9-515f-95d4-cf3fde785e15","0","0","[]"
"cand-481d3704-8a04-519d-bb42-4c287ce3ec68","ex-436e4bde-d04e-546d-8509-6050c73e93b8","0","0","[]"
"cand-fe2e9593-4ff8-5fe2-8f9d-eb4fad634c4f","ex-43d3ab9c-174c-5fba-92a6-a897af882dbd","0","0","[]"
"cand-b336278e-6a98-54e8-8b86-0e1d8a56662a","ex-50261784-80ff-5df3-8d48-3df55cf06add","0","0","[]"
"cand-652ba300-5d56-5807-b753-dbe59b269a87","ex-3eee475f-74af-548e-9a14-fa8a5ab6fcc8","0","0","[]"
"cand-bd5e5919-134a-574f-9277-fd7f773446a1","ex-bbefffb7-2ffe-5297-9654-d7db3e69674b","0","0","[]"
"cand-8e32f1d7-3812-5dfd-8560-00a7c7014037","ex-26e23b19-6d22-5e85-8607-7c3e7693482a","0","0","[]"
"cand-4279501d-73a0-56db-a3e9-bdce28934ed8","ex-b6477919-f759-52f8-a130-ad847468dcc8","0","0","[]"
"cand-c0ad23a0-1dca-5d38-9755-0de1ba5e7ecb","ex-aab05330-2e6a-5d06-a2cd-f541d5be6ea8","0","0","[]"
"cand-e0f3efc5-a690-547d-95b3-f4db2a83eeb9","ex-a8904731-f867-56b9-8ea1-8c37235bf101","0","0","[]"
"cand-4c56732e-8678-55a3-ad33-7b27c6e27b55","ex-c6c0eafb-dfd5-54a4-a839-033e45dded50","0","0","[]"
"cand-0675e83f-524b-5a41-842c-17a485e30743","ex-32011ac9-7359-546d-8557-78952cc8572a","0","0","[]"
"cand-b58508a2-c45b-55e9-bb20-0eb57921ed5c","ex-1128a69a-1ce4-53a0-981f-0e42530eb2e4","0","0","[]"
"cand-89342e29-dc57-56ea-aabf-983112a3d6bd","ex-cfb484b4-512c-5095-8c1a-6700f823d1a8","0","0","[]"
"cand-3a30d6b7-8c29-5ce4-b7bc-8bb5bcb0015b","ex-55c3394a-f845-541c-a0c8-9e6ff8682c0d","0","0","[]"
"cand-2f152241-f2ec-53a3-83de-7d67b6a0ccde","ex-065ff7c1-38bc-5697-bfee-4c15dda9e8e4","0","0","[]"
"cand-e7e28771-5d7d-57c1-9a00-7b7f6dcdcb98","ex-76dc405d-9a49-59c2-b4c5-8d360ae1d29d","0","0","[]"
"cand-08963b79-7253-5666-b087-4535a96cd9ef","ex-7ef80146-2baa-5ccf-a57c-2295a8b2a76c","0","0","[]"
"cand-d0608e54-1f26-59f9-8608-22f29e230787","ex-d35e9a75-60fa-57b3-bb0b-a043043b416e","0","0","[]"
"cand-68676f74-f49f-5b37-bb0a-829b77768802","ex-0a1fefb8-d7ff-5b4e-ba52-3ac56f456829","0","0","[]"
"cand-d82052b1-5152-50c0-9e3c-6d8cd1a6d2ca","ex-34933bf0-3f9b-5a29-a60a-93df0a205aad","0","0","[]"
"cand-37c65f83-cf75-5ce1-a18f-935bd58b5038","ex-474151bf-f328-5a88-b90a-31403078a5af","0","0","[]"
"cand-efa166a3-748d-50a7-9a06-65b47bc5b72d","ex-f533a456-c9d6-5334-a538-13ae0cabb9a3","0","0","[]"
"cand-0d9e93b1-207f-5564-b8c5-4f98bfe6235f","ex-b582b5dc-0991-5943-9452-e3e42acb6c32","0","0","[]"
"cand-40f494b8-6894-5313-95dd-78bb89fb5069","ex-6973a7cb-486c-5d44-840b-dd7916f0c902","0","0","[]"
"cand-44a669ad-84b6-5efa-90fc-0dc6aaaa0a2b","ex-d2377409-7715-5e8a-a64b-2127c7941421","0","0","[]"
"cand-bb0088e5-695c-5a05-9f82-c5949da28682","ex-e0462842-b4c7-5238-ad18-baf6fcb208b7","0","0","[]"
"cand-14dd0fb9-25ed-5712-b208-85b99bbe7094","ex-7d22ecf0-8d1b-58b2-8004-2299b8185c9f","0","0","[]"
"cand-d219e621-f085-5465-a268-89cc8c644d32","ex-4041d55f-c38a-56d2-b2bd-dc372b2b0aff","0","0","[]"
"cand-c0389ea7-6c05-5a3e-ace8-bbbb122eeae1","ex-c7b73c91-aaea-528c-b4ca-9d0b1baed26c","0","0","[]"
"cand-a4a1dd51-fc9e-564c-b160-677e9e32c8dd","ex-f3823bc4-ba8f-5f10-b708-c9ac41a963c5","0","0","[]"
"cand-2ce1ebbd-e041-5281-a3bb-f47dc260579f","ex-61b90a06-1045-5df3-84e3-461140933b89","0","0","[]"
"cand-a23d979e-7725-5470-b92c-070b29386fee","ex-8b2b7d08-209d-594d-a7ea-c322fa6b8d92","0","0","[]"
"cand-fb8ca787-3319-589d-a6f2-5b1c4f97e1ae","ex-e96508a4-fabb-5ba1-9cf8-d7e76e670729","0","0","[]"
"cand-25280297-2cfd-5279-a669-dfe355ca6291","ex-4e14e8a3-b408-5cd6-9664-6a118d2ae796","0","0","[]"
"cand-cc30b3b7-6cf4-5281-b5da-ec84466f05f9","ex-1f5bbe05-13c6-57ff-bee7-a2d5fa70883b","0","0","[]"
"cand-5d367e2c-e11c-505a-b416-9d2569fb1384","ex-13b9ef82-564e-5d90-ba65-66284800bbf1","0","0","[]"
"cand-99c8d094-0ebe-5c54-864c-e78805145b5b","ex-1eeab903-9bba-50a6-a000-4a5f6dd26185","0","0","[]"
"cand-a1b3edac-3ee3-5e37-ac1c-0a0cca4c5a4d","ex-538e4f34-7fe6-515b-8e9e-d25ec37f4fbb","0","0","[]"
"cand-dbc92bfa-e0ed-5f46-b1e2-3a92429e6c2d","ex-d7646f69-69c6-5516-9278-70d91d5b2421","0","0","[]"
"cand-04e79b03-3194-513a-a313-dac6be1f1e67","ex-a5826ee5-08a1-57ec-a623-7df944143c7d","0","0","[]"
"cand-5ce82b29-0481-5417-85ce-af1227e30169","ex-8bdf6b4d-a216-5044-aa0e-0d4fb277dfa0","0","0","[]"
"cand-4b679a15-8bc5-57e5-983e-36bba726ff3c","ex-320fcbc2-6f51-5382-9122-9aa221b9f1c8","0","0","[]"
"cand-d1140fdb-eecc-5607-9156-98ff8fe9c652","ex-3adeca19-189b-55f9-ab37-04273a0b3d1a","0","0","[]"
"cand-a2b96604-452f-59b4-9895-76782eab613f","ex-4333920e-61e0-5602-bfd0-580764079c14","0","0","[]"
"cand-3e840678-ad22-536e-8607-5f280f77bcae","ex-61da3bf9-d5cd-5139-82fa-3fc5412eabf3","0","0","[]"
"cand-6ca33f01-851c-5ea3-a3f6-361af9a2be17","ex-0d3f35a3-ddba-5178-8d0c-0f357c5dffb7","0","0","[]"
"cand-a8124570-18b7-5025-ab0e-e10e209c9c93","ex-1f597242-446b-561a-9bbf-e680b74aea6f","0","0","[]"
"cand-30990416-5c00-5bf7-9cce-5ffee104f746","ex-25f60af6-dbc2-5b43-94bf-74c4e5c70925","0","0","[]"
"cand-3a398d85-7f67-5911-a595-2d8e35b89c27","ex-fd87eedf-2ea6-594d-b31e-f4c32c667ff5","0","0","[]"
"cand-e7461279-b5cc-5457-b706-336318ff70c8","ex-e95ab076-87bc-5d69-94b9-a6ceffe65801","0","0","[]"
"cand-80417d59-7dc8-5ce6-8f30-c37c6f25c960","ex-3f6dd9b5-fadf-58d0-bf3d-eaae9815a673","0","0","[]"
"cand-d31e85bd-2f89-58b1-8e77-65bd8e693136","ex-e9b750e3-2bb8-505b-a6ee-1242a263993c","0","0","[]"
"cand-ce15ae78-63f3-500e-8cad-7e86223cebc9","ex-deb09e18-a370-5131-9652-abb62ba42bbe","0","0","[]"
"cand-688bff59-60dd-5219-935e-0063bc1fe562","ex-2aab8064-7fbf-56c3-a05d-f3eb49386593","0","0","[]"
"cand-bc2bfa36-5b59-5acf-add1-28e7a7385b76","ex-869185cc-91a6-5757-a0b6-1c523aa0bf7b","0","0","[]"
"cand-6cf354bb-0e3b-5b5c-9a97-0f6a1c523195","ex-c840d328-e6d9-5fe7-964c-50d9d1ffd551","0","0","[]"
"cand-01b0ae08-16c6-5c88-9b0e-01307296845c","ex-97a72fdd-c031-59c2-b413-a524ed5aee72","0","0","[]"
"cand-9c5b4bad-fc79-56ce-ae31-b7cc11b05238","ex-9b319e7d-85f0-59dd-8e82-4d0892e4fd23","0","0","[]"
"cand-260de13e-bfbe-5db7-b53b-055083184b3e","ex-c7c1e178-3fe3-5bee-983e-3fd440a7c29e","0","0","[]"
"cand-5e65fb67-a889-58db-9226-06c9bbc350d2","ex-b8282159-c043-53c3-acf2-a8918be5b2b9","0","0","[]"
"cand-4b5586e0-a8fd-5bb2-87e6-a03f0e0367b3","ex-89a517db-4239-5543-a887-9ccba69736ba","0","0","[]"
"cand-69a23522-4c99-5716-93d6-10838a4c0cb1","ex-31851191-278d-543f-9231-4bd120835d72","0","0","[]"
"cand-50edb051-cca8-5d61-931f-dc01c19c9f19","ex-010b2304-9f61-5b18-8d97-e0a74fafe41b","0","0","[]"
"cand-32f34440-7b47-53e4-9e05-a7ce872c2e4b","ex-bbfe1964-3717-5d67-8deb-3dfbc28b1a7a","0","0","[]"
"cand-dc7e6cd8-a36b-5562-8a7b-155eef1dffc4","ex-f5299c18-7390-50e6-b3d1-8d40b72c7408","0","0","[]"
"cand-24c57bc9-fccf-5e6b-8042-d745724888d8","ex-f2d2c463-16b1-5c11-9745-dceb18b1984d","0","0","[]"
"cand-65e7dc7d-8190-5fa7-972c-f70fe00691a1","ex-5d5be04d-80e3-5850-8378-ee95f599576d","0","0","[]"
"cand-539c02a5-44bc-55df-890b-892ac659adc0","ex-8436e0f1-fcd4-5a3d-bf10-1c97b22a0080","0","0","[]"
"cand-142bbc61-a355-5829-b4ec-7bdeda519ca6","ex-0e8367a7-e5ff-57ad-b508-a51f7b14129d","0","0","[]"
"cand-74a92f89-788a-52c9-a906-79c612ae040c","ex-0b60d32f-9cf0-52a4-8b77-22069b79a90e","0","0","[]"
"cand-eff6e8e1-9f85-5791-b4b3-526d24f71fad","ex-92c0fb50-321d-59d7-b0db-3395a47c7534","0","0","[]"
"cand-56550f6e-5ec9-5b4d-a336-861816556dfb","ex-6676b80f-1202-5c52-9e54-b2f72f7834a6","0","0","[]"
"cand-86c7f29a-f8b1-59f1-a036-950606b90942","ex-08993b5d-a1d3-5aa2-ad40-379d231d2022","0","0","[]"
"cand-80137b44-084f-5902-99e1-0162824aafe5","ex-6439b899-79da-5dad-8904-6dc3410260a1","0","0","[]"
"cand-e910b877-710d-5831-9f0e-dc1bdf052769","ex-8803df94-96da-574f-aa38-deddce9b5787","0","0","[]"
"cand-b6fbcb66-9ea0-539c-86fb-95d49f7d3803","ex-3a66a786-0d64-5ca1-80e4-ac86b02161b0","0","0","[]"
"cand-09ae9ae4-e51b-59b7-bdcf-851ae1c846b8","ex-07a0a526-63fc-5411-ad0b-4f84fd7b194b","0","0","[]"
"cand-753c1c02-e22c-5cd5-951a-f679ebe6ab0b","ex-8be94ff7-f849-5ea4-ad10-67f7482cbf06","0","0","[]"
"cand-4c7cd5b2-940f-59ca-97d1-fff1393ac701","ex-989e8c58-b0a5-5538-bf15-9266e48cdb37","0","0","[]"
"cand-8692cd3c-59fc-5b26-ad66-08554e01f3fb","ex-548e43a4-4811-5d12-a318-329b585bea5b","0","0","[]"
"cand-95db022f-c93a-5933-9085-275c8966a749","ex-9a5dc56f-ba01-5629-8790-325ec7563400","0","0","[]"
"cand-733fca18-1be5-5919-857a-7a402d3ef1a6","ex-93430dc9-c452-5726-a959-45e09e06fe3f","0","0","[]"
"cand-5cfcfe0a-673e-5bd5-876e-98b5062f6480","ex-956358c7-3931-5326-a92d-0071b35a0c02","0","0","[]"
"cand-bf8129e7-1216-55ff-9e76-4c4e9a9e170c","ex-f6c8eb14-e807-5820-ad0d-140be4fc1fc9","0","0","[]"
"cand-632e74b3-ea27-58c5-87a0-be466132f451","ex-1da91629-2db3-57b8-b2c9-11ef684e6545","0","0","[]"
"cand-17160257-14cb-579a-bc5d-4aff6cbd5e18","ex-0f017a5e-882f-50af-b9db-0bc65a1b227c","0","0","[]"
"cand-fab4b0d8-30d3-503f-b989-51b66e4262f7","ex-c33e1527-68fb-51f3-8379-c4ffdb94e7aa","0","0","[]"
"cand-45be695c-a684-5a3f-8cdb-b083f3e9600d","ex-2240ac28-de32-5115-b753-ff08709021fd","0","0","[]"
"cand-b1fc844b-53e5-55e8-bbc9-d82cc5df4bcd","ex-bb631209-e23f-5096-b194-34b0576d2c39","0","0","[]"
"cand-a9b464de-d8a6-51ce-b604-ab8bc125f73f","ex-8d9cf40e-b216-5cc2-acb7-e2f35f869a38","0","0","[]"
"cand-35b0a514-6ea6-5800-bee8-d688de737007","ex-27e72576-5b92-5f9a-afa3-7adfe6d31a6e","0","0","[]"
"cand-77e67e19-c087-5f3d-84a8-c887d69f4a9f","ex-7c503b2d-9795-56f6-8c12-6b4f6309f2cd","0","0","[]"
"cand-2a292be7-30bc-531f-bdff-52de192c11ef","ex-548cd02f-f371-5d1f-976b-632e6cb52076","0","0","[]"
"cand-a1335549-7577-5465-98bf-22a35dcfffd1","ex-3f06ecfe-b7a6-5a74-b35a-b1f29d682003","0","0","[]"
"cand-343cb24a-80a0-5320-b548-083923bd215b","ex-8932aad5-b264-559e-bd6f-83224acc4fe1","0","0","[]"
"cand-81e19f4a-f5c7-5e0d-9c86-eb33d619ad32","ex-3f7ae837-fd11-56af-b276-a0af1fc4075e","0","0","[]"
"cand-a3e03e91-43c4-5c50-b700-af6236719535","ex-008a1d1b-0729-5432-ac56-dc70690e0459","0","0","[]"
"cand-2a56599d-d1ae-594f-88e7-5ee8cec6b508","ex-1dc9fab5-45fa-5848-9a2d-7b56025dafe4","0","0","[]"
"cand-c82b753c-78b1-5ae9-a70d-a1eb160f0f45","ex-d179330b-5c84-5367-b01e-e9532408599c","0","0","[]"
"cand-51a05f88-071c-5d7f-9816-0241755007bb","ex-61946983-7da9-5d21-9ef7-b99c047f92a1","0","0","[]"
"cand-f86a1ae5-b7db-5943-89c8-15295f5e3a4c","ex-a6fea8f6-7560-5f97-8dc5-2700002b994c","0","0","[]"
"cand-205bc317-dd71-50a1-b231-69b01e80a520","ex-fbd1c57d-1e57-588a-8e49-15d7106d1b4a","0","0","[]"
"cand-e5b5c625-a70d-5b18-b243-4dcec9e3b056","ex-e7dbc8a5-21d6-5ecb-b94d-56526ca198b4","0","0","[]"
"cand-6b04a4f4-a6ea-5eee-a7c2-9c9d285a1f47","ex-b6e2d55a-5142-5ca0-9ea9-efb798f9f110","0","0","[]"
"cand-3e5fdbf4-8f27-5ae0-a1b3-71ca4a770e1c","ex-1420beff-27c8-5b02-a4b2-5bcd1bcc2d96","0","0","[]"
"cand-561066c2-540d-5aab-a43a-aa11b0d8cb9e","ex-a47d4cb9-d030-5ea0-b137-28d3560df580","0","0","[]"
"cand-025135fa-fb9f-584b-8bef-414e8ab4509f","ex-8d43368a-c44b-582d-a63f-95074e9c25b7","0","0","[]"
"cand-4337530a-5dd9-5e68-94e6-ddbec0a1c192","ex-afe8ae66-a65f-50e1-a949-c2d7106f5494","0","0","[]"
"cand-e47660ca-ae23-529a-b2bd-4ec7eae483db","ex-27722d1d-c00a-51ce-bd13-f0f05e1e1896","0","0","[]"
"cand-583263ae-e230-59fd-8d55-7d388c791bc0","ex-b57c7322-d1d3-56ff-b37b-a56c6292e915","0","0","[]"
"cand-ffb73036-bcf7-5707-b2b8-9aa72d1a3cf9","ex-dae9d15b-6880-53e5-9d25-449d6db0eadb","0","0","[]"
"cand-2eb1a533-64a1-5923-a4f7-36962611208f","ex-7952b8a5-0a85-59c4-bac8-0461c0d243d3","0","0","[]"
"cand-f9be8901-02a1-5202-be40-0cf7e4089016","ex-09be1704-a9bf-54ec-8a5f-647db151fcd5","0","0","[]"
"cand-77caf6ce-bf4e-579f-bb3b-79a8dcc16c46","ex-1fdcaa42-52fc-55dd-82a7-3a4ff47e8322","0","0","[]"
"cand-e2d870cf-91ce-5321-bde6-1f32cc2fc7da","ex-e2a61647-3a41-57f0-b9f3-1818b2e83cd0","0","0","[]"
"cand-26388345-717c-57d4-a244-c8d5bae8bdc4","ex-d3c3f3de-e3ad-57c0-a6ca-c94d736956a6","0","0","[]"
"cand-b8896dfd-026e-5f69-b72c-55ada461812f","ex-4aeeb88a-3a28-57bb-8a27-b39adbd1222f","0","0","[]"
"cand-4ada0091-5db8-5f07-ada4-860630cc243e","ex-0705e6b5-6048-548c-941a-d137f1dedd99","0","0","[]"
"cand-92e8a223-2dbd-53d2-b4c5-f147b97b3c91","ex-094670b3-3538-53c0-8582-8f3ede82b060","0","0","[]"
"cand-91300fda-c830-56d4-a3f2-1f2db5fd91bc","ex-8d627dd5-af6f-55f8-9143-9cc4dc4c54f0","0","0","[]"
"cand-3963b252-c14a-5b4b-aab5-03ba277c73a8","ex-7702b2b1-4106-5717-9abd-c31de47324c0","0","0","[]"
"cand-8d55141e-458f-57d0-b028-a6bd36cd20ce","ex-01ff625e-bc02-5ffa-bf12-cdd5c0633ae6","0","0","[]"
"cand-79f4e580-5cd5-57b0-ae10-f10b935f4129","ex-0ddec812-0e73-5aa8-ae2b-40c58837ba6d","0","0","[]"
"cand-7635a93d-93f2-5ba8-ae9a-8323fcedcde5","ex-bf71a44e-1e3e-594d-992c-14f59f2c662e","0","0","[]"
"cand-6fef59a2-218a-5f54-b120-5a3bc9955ff2","ex-3f6114a9-6923-5fdf-b1d1-6895f528864e","0","0","[]"
"cand-b41a613a-0a4d-530b-a9dc-8a96e52d0138","ex-b5b62556-c914-5b57-beab-271bdf03dde1","0","0","[]"
"cand-fcce7064-7b16-5a76-bec7-aafffe07e352","ex-550490ff-23af-545e-b66d-4cea28e7b3cf","0","0","[]"
"cand-9dad3db0-de87-56ec-90b3-277a19557c4e","ex-ffd6b5a9-ca0f-57ed-9db3-83ee1c94296e","0","0","[]"
"cand-7092e284-55bb-52dd-b46d-38dbe31bfef3","ex-431c03bf-63f1-5496-b33d-f66b04b4e72f","0","0","[]"
"cand-b930d347-cd14-5708-a8cb-0f15ad4649c1","ex-7febc32d-f38b-579a-a1ef-1f6585ec74bd","0","0","[]"
"cand-fa839ab9-b497-5486-8c13-d983c7674dd3","ex-a3b06005-181e-5780-aaa9-8ffec3d52571","0","0","[]"
"cand-3653325b-046a-5c41-b497-4c08902b9cd1","ex-38badfaa-7b2d-586f-91d8-8b801ce4b34e","0","0","[]"
"cand-5f7f00b9-e162-500d-a592-c7c1e89f43fa","ex-13157636-b89e-5d24-a4a4-3ccd88964002","0","0","[]"
"cand-416f5576-048f-508c-8fa0-14438d3b10b2","ex-b896a3c2-8ce9-5092-ae73-7b2568029023","0","0","[]"
"cand-a2114bda-71a0-58db-91ce-4a489abbbc80","ex-c3a79376-5051-587c-a029-20dbf4bb87cd","0","0","[]"
"cand-489da913-8664-5d13-8a76-0905e70b12cf","ex-9fd9f78c-7cc5-50e6-a9d6-50de2ff39e45","0","0","[]"
"cand-6a0a9cb1-bebb-51e6-b06f-24847ffdb325","ex-46fa77ce-25de-54c2-9f56-7abfb2c7234e","0","0","[]"
"cand-0e5540a7-ed3d-5a89-b907-74237a406bf5","ex-34101bd3-ab47-5185-909e-ba0b54f30475","0","0","[]"
"cand-fb74dd83-4c43-5244-83d3-bdb370413ed2","ex-232599d7-d77f-579a-9d78-52793317e0c5","0","0","[]"
"cand-1ccd6bc7-5903-5835-a477-7abf5ce65d3a","ex-2a1e0b5a-9f96-5075-82c8-0809fad34477","0","0","[]"
"cand-f14339a8-4f26-5dc7-9feb-892c0315c292","ex-08746d6b-f1bb-5362-b46e-04a31ab4728a","0","0","[]"
"cand-ea43321c-98dd-5bc3-8240-d9738a7c0581","ex-ddc466c7-41f7-5dc7-9c7d-f15bf449bad7","0","0","[]"
"cand-bad9dc25-7a1d-5073-a584-fda484232e53","ex-e488b96f-9c9a-5e14-8dde-f809724643c5","0","0","[]"
"cand-1777d664-6e94-5602-aaa8-ce4af70a6836","ex-45e51b08-3d21-55eb-85e9-6dfc3cc309de","0","0","[]"
"cand-dc941a3d-9502-528f-84b7-20387cd4b561","ex-61b57d8a-a37b-5d83-b413-056a4ff00d70","0","0","[]"
"cand-c0e667f5-ebb9-5d6f-91a7-6d87e9dccb16","ex-a98c3e9d-1e59-526c-965a-a40789afd2b8","0","0","[]"
"cand-24306f6d-2c08-5c59-b962-3281dbeb7cdf","ex-0973c5ad-a8b5-51a4-902c-78b7e95a122b","0","0","[]"
"cand-4d185228-e40a-5f22-98bc-23795647a39d","ex-d851d279-1b33-5559-b623-83790aa591a6","0","0","[]"
"cand-bfbd4894-0acc-512f-adde-e4de9a804b09","ex-65653c01-46b0-5b11-87d8-ba1b62d0238f","0","0","[]"
"cand-add2f8eb-0b77-5429-902f-d5c41c1b0dd6","ex-ea2d7644-6e0f-5989-9961-d9833ac018e6","0","0","[]"
"cand-777618c8-2cac-5be6-9f98-1fe29bb22f89","ex-20a11607-b14d-5628-89dc-9b4433d7af56","0","0","[]"
"cand-e0d5fe9c-2d74-5c53-8eab-5510c4d05e01","ex-67391931-9b8b-50a1-ba25-a4f0a99e8b81","0","0","[]"
"cand-f9761d43-b09f-50aa-b057-350ddc4acb84","ex-18ddca23-1d00-578b-8a9f-bcb30c7b497b","0","0","[]"
"cand-14336527-6c05-5f6d-be71-2ba658fdb1bd","ex-c472a8f7-8a6c-5047-8e48-04772d338a41","0","0","[]"
"cand-7163ca36-fbf7-592a-9066-54a5b0101cb4","ex-f03bd398-be3b-50ba-b36c-71a91d89cf29","0","0","[]"
"cand-397f509f-2250-54c3-bcfb-f89d6cecbaf5","ex-9cbd61f1-0dd5-578d-8ce9-4dc3ab2b5144","0","0","[]"
"cand-2879e94c-c37d-5836-9757-02f9cc838408","ex-cf82e0fd-8960-585a-8c42-498035cfbf39","0","0","[]"
"cand-dec73ac2-88db-521f-956f-7edab924db16","ex-5fb1f1e7-eaa8-5823-a6f2-6cd5eccb752d","0","0","[]"
"cand-d28bf3c0-f4d5-5119-a81d-ef78a16d3765","ex-9e8310b5-2f65-553a-a2bb-328540a36e17","0","0","[]"
"cand-ddcbe1b5-4cc4-5507-b37c-f07e9b706cce","ex-b60fbd63-479d-5a01-9a2a-e04445044ef0","0","0","[]"
"cand-96956b5d-bd75-589b-a48d-81e23f9038f4","ex-d30b937c-686b-5d5e-afb8-ab247d5306ca","0","0","[]"
"cand-94ab5e9e-72dd-52d8-b70b-40743979adc5","ex-58ac3883-b48d-5691-a975-3f17854bf677","0","0","[]"
"cand-02159eea-c53f-5efc-9ff2-d6c911d202e6","ex-0ea5b585-c603-526e-a9d4-961a9752a8d6","0","0","[]"
"cand-e65baf5a-c706-50db-9b47-6b64cba38a6b","ex-d5f50455-fd5a-5e49-8e6e-dbcb3ca4f16f","0","0","[]"
"cand-10ff1f40-052d-5978-8f5a-8e6a9619c518","ex-033674f3-35d5-5e54-bc0b-5b7b445b4d07","0","0","[]"
"cand-ef6f05c8-2be0-504e-bb8b-ead7852bf40c","ex-18eec291-28a2-5a34-ac8d-db1295a7a671","0","0","[]"
"cand-b1dd3c81-b044-5f47-ab18-58ad75ce5983","ex-565f9e31-d610-5c45-b7c8-936158163254","0","0","[]"
"cand-5a394cea-638a-5ee5-ad1c-edf1d459cca4","ex-127fb25e-e218-5768-a2a1-5a5c919bbf1b","0","0","[]"
"cand-5642c9f0-f000-58f4-8cd5-21fd34ee810d","ex-8f6562a3-a1fa-531f-97cf-d42926a4143b","0","0","[]"
"cand-7fb18dce-a1a4-5739-acb2-3dc1d42a82f0","ex-0995224d-9b41-50cd-9bd8-f4782ae5a676","0","0","[]"
"cand-91de646b-5b14-581b-bff2-02375765bf5e","ex-4e9e4df1-5c77-5ad5-8bb4-dfe3b69eba8f","0","0","[]"
"cand-a2831c24-6fab-5cc9-815d-f86135fa5224","ex-92ccb5d5-1863-5415-ab8c-b4e9df3a2459","0","0","[]"
"cand-0d60dc9a-ff9a-5c74-8276-7f202aa66bb0","ex-072703d9-e0f6-5839-a11c-fb1b894e3dda","0","0","[]"
"cand-60b4f6e6-2d75-5010-ac3a-38a68d4878c8","ex-f8f4f04b-33e5-5cea-86b7-8d50f128a495","0","0","[]"
"cand-95d584db-46ae-5c38-932a-a1ed50c132c5","ex-f8117700-ee2e-5627-bcfc-020f4e705c48","0","0","[]"
"cand-c6027150-d4b0-5321-93e0-369946c7376c","ex-0d4557a0-766d-595a-91b8-b9b297fa3ef8","0","0","[]"
"cand-739a766b-db63-5e31-b1ea-bc33d9ad3340","ex-09981a9e-2d2b-5744-8ad0-7cb2b0197d01","0","0","[]"
"cand-28a571e4-fdc1-5c77-ac08-673d237a1ee6","ex-2f45a311-463f-5dd8-bf3d-e8bdaa27eb96","0","0","[]"
"cand-4d6b22b1-d6f5-58aa-9b47-1fd358c8aea0","ex-217fc612-bbf8-55bf-a4c0-d543992f02f6","0","0","[]"
"cand-6207bc17-9944-5b8b-815f-e8c19385dc53","ex-7e908b3f-4c28-5e88-9cc2-be58bd1a576f","0","0","[]"
"cand-8f4fd18f-5307-5f0a-a595-b1a3d9d963bc","ex-6e28c984-6544-5a3d-95e7-aa2a8d4fb7d7","0","0","[]"
"cand-05cd5a4b-de09-5f89-ada9-52089b262ffa","ex-dfbcb1b5-4608-53b7-8851-963ef2e5dd14","0","0","[]"
"cand-5f34c334-a333-5f46-913c-f8af58e0ea6a","ex-6e880250-c1bb-51d0-bebf-1adfa2e7db24","0","0","[]"
"cand-0d8cada1-688c-5be2-bf7d-669eddbafe75","ex-632e92cc-6482-5f9f-8a0a-b7f09fd356ea","0","0","[]"
"cand-ed05a28f-6fec-58a1-a0ff-97d4221e67d3","ex-231483e4-455f-5c99-bce6-d408c8606e44","0","0","[]"
"cand-52e2920c-6249-5e6e-8000-bb613552825f","ex-bd4d5adf-ae8b-5ebc-b8ab-6611b9db45ab","0","0","[]"
"cand-e9a1e0e6-ef7f-5e24-aab7-fc41f41efd47","ex-c7c1371c-250b-5552-abaf-85ba6dbe7ebc","0","0","[]"
"cand-40599e97-48f0-5637-afc6-4e69f8702e6e","ex-aa48a861-965b-519f-a681-76410bbd8d4b","0","0","[]"
"cand-bf2f8428-ec7f-5827-8732-fef5e5268003","ex-5e320a60-aad6-53d9-9b70-65c5b00caaa8","0","0","[]"
"cand-f2ef8896-148c-5ef7-85ad-39c222af6ec4","ex-8a6546f7-69b7-5aec-ba25-12b0445917a3","0","0","[]"
"cand-7519325a-2ab7-5c60-b94e-9b3222d2b618","ex-1cad5e59-6d94-5a85-9db9-e09f39e93632","0","0","[]"
"cand-36b8ddb6-a740-5de4-b985-2f9646f5c74a","ex-e379855f-49c6-55bf-9575-7c8ab79c71c6","0","0","[]"
"cand-0160d933-e4fb-51a4-93b3-cffdc9522ae9","ex-c0058774-e0a2-53cd-87a5-0159299ecc61","0","0","[]"
"cand-765fa063-96c0-582c-97d6-6f1e020213e0","ex-8b5e9489-a188-5a67-a2e3-53ddabff931b","0","0","[]"
"cand-d0882198-315c-50e3-9b61-493705269af5","ex-b7af0282-5932-50ac-bf02-065de646c25d","0","0","[]"
"cand-3a43da37-ef14-594d-af7a-466fcaaecf36","ex-72d01870-c788-5a83-88f7-e2eddd5f9eae","0","0","[]"
"cand-d3110d59-5683-5328-868d-26a5f8f03c48","ex-70f635d4-3f72-543d-a071-b10a28da31fb","0","0","[]"
"cand-c2ee00d8-9b3b-5a73-b55c-d39168dc0736","ex-3fbba54a-76aa-5d8c-97f7-2c460cb69e2b","0","0","[]"
"cand-ac329546-b7cc-5c1a-a406-a8330640c39b","ex-1bc0afb1-9307-5cb3-a96b-74c36d87d075","0","0","[]"
"cand-add366e3-fcb8-5700-b8ff-9bab150d7725","ex-1c2daa94-0f6a-53ac-8a6a-0cc6dd41bcd9","0","0","[]"
"cand-f84001fb-6746-5471-a090-8a03aa048653","ex-a71b5138-6bab-5422-ab75-69d866fa0eb3","0","0","[]"
"cand-1714f071-b898-5dd2-adf0-a22f34a92d25","ex-0acb12f5-d91d-51f7-9a6a-d1bf4b584784","0","0","[]"
"cand-cf85b17e-3ce2-5170-8165-c5094d538233","ex-6c3136fd-68b9-5937-9212-603eb814b926","0","0","[]"
"cand-f2758f09-888f-53fb-a9fe-48501b3954af","ex-baff5653-8aa9-5926-9d16-7980014ceaeb","0","0","[]"
"cand-ad73e195-59f8-59e0-9440-c5996b8406e5","ex-9631e630-540e-5efd-8506-3cc2d5839495","0","0","[]"
"cand-a90ef72d-48ee-5f9d-a04b-d4e574c7a442","ex-aec593d1-023b-5ae8-b146-0237fdd1468b","0","0","[]"
"cand-cce1e63b-4ba0-5c33-abe0-06379d7dabab","ex-6b0f8ef2-7851-5ed5-b5f0-b3d7e9de72d4","0","0","[]"
"cand-4ec125e8-b8d1-5c7c-81fe-5552328c6c3b","ex-0ebf17e4-9a29-53e4-8f1d-f209392b3d4f","0","0","[]"
"cand-a177ccfc-7d92-52ab-b223-6395777262eb","ex-b7671121-4978-57a7-a408-d075fd390d1c","0","0","[]"
"cand-71aa0396-5ab6-57d6-a7c2-118fe1a1001f","ex-c7ebef2f-cbe1-5f7a-b3e3-a01c7a08d327","0","0","[]"
"cand-204b9c36-94b1-5d7a-9697-f38e59e92a4a","ex-061fe2ce-933b-507f-852a-8590e7d4813d","0","0","[]"
"cand-f724c49b-6e45-5a40-8a7f-e50eeb378516","ex-e463f342-3fb0-547a-885e-9651ea9db2ab","0","0","[]"
"cand-6615876d-38a9-5a8b-ae11-b114e5e7fb59","ex-381c6f4d-12b2-5fa0-b285-e632f3b9129b","0","0","[]"
"cand-d205f145-53fe-5209-9556-c376cd64633e","ex-12bf7281-842c-515a-90e8-c54a77e1f081","0","0","[]"
"cand-f217191d-517c-5248-ba75-66851270d80b","ex-8e791128-6121-5280-a24f-f5f350f0ff5d","0","0","[]"
"cand-ef7639c3-7e15-5843-9a47-55415f562d54","ex-367fea55-2cae-5e44-8c1c-fb645556618f","0","0","[]"
"cand-cf947141-e458-5cf2-8a4f-1b7bc5f7c02b","ex-4abe2c5d-1ac9-5dbe-9edc-f28bc6fc6a01","0","0","[]"
"cand-639bada2-8229-574d-93d0-abcdb3eef699","ex-47870fdc-6c85-52bb-a4da-e1a29d4ad295","0","0","[]"
"cand-7c16c782-ce15-5da8-ad25-a59e8bca7a54","ex-a0d02674-bc71-5154-b2a3-357d13703030","0","0","[]"
"cand-ea025e74-82f6-5aa2-afb9-a2f04b680ad0","ex-cf2c2c33-188b-5820-b5dd-d761d152997f","0","0","[]"
"cand-ce3e86e5-e062-5413-87cf-727d934e5c57","ex-27597ae2-da95-51bc-b592-95326d272dd7","0","0","[]"
"cand-edc3e1dc-1564-528b-ba39-01bc43dd1e83","ex-97c3053e-58cd-5942-b3da-ba6fc1b42873","0","0","[]"
"cand-d25d820f-89f7-514d-bb3d-9f83c5d4ef27","ex-6b43ef9d-d1e4-5550-b806-cbcc5be54028","0","0","[]"
"cand-e860fa48-7d72-56dc-92c1-4557673b9b47","ex-cada8368-93fb-5952-b21b-fbb9d047fce1","0","0","[]"
"cand-06f4d5cd-17bb-5df6-8944-b92edaefd9cb","ex-1ffe3f7a-952f-5e89-a37b-f3219ce31e24","0","0","[]"
"cand-7c3b0c29-f538-519c-b7dd-86e71155d77d","ex-1cc3a3a4-7487-57fd-966e-7a0cc3570f84","0","0","[]"
"cand-4403c186-f911-55ee-8f12-9ef81f3e69d5","ex-ce201035-311c-5551-8d97-36a129fc3f0c","0","0","[]"
"cand-90bd3cb9-44cc-5f1f-9c6f-3715445ecd7c","ex-b940c677-c222-576e-bcd0-2dcbbf785538","0","0","[]"
"cand-f160fd1f-5bc3-5b42-8a7a-23e7baa30bb1","ex-3ff38f8d-4111-5f17-b219-bc2ed7be6071","0","0","[]"
"cand-130e3c69-9069-5e4c-97e6-d93fc72ad10b","ex-f2330dc0-c166-5937-9dd4-e232569670ae","0","0","[]"
"cand-9633958b-746c-56f4-a0b0-417c6d7941b4","ex-1930f5b9-c63f-585a-b579-6c17688b9ef0","0","0","[]"
"cand-ae589b26-ef2e-5bed-803a-748d8e68abc6","ex-28384b87-862a-591e-a7e0-a9c3be514cb9","0","0","[]"
"cand-45313848-e270-5182-98c2-6a9fca11fb77","ex-75ae6143-b249-5d41-9d4b-9bb582e4be47","0","0","[]"
"cand-30202808-4547-5bc5-a722-a6fec18bcd7f","ex-7401692d-45a4-5a97-907a-0cf3e1c73eaf","0","0","[]"
"cand-f658209f-a26d-57f9-b3e6-e71ae8be3b5d","ex-09d9b6a9-9f35-5110-873b-231ac0c258e7","0","0","[]"
"cand-334e5a1c-3b8a-558a-bbb4-7f641684026c","ex-2e773680-5027-5e80-b9de-bf77cf24a832","0","0","[]"
"cand-301ab380-7d75-585e-88e1-363ce18831ae","ex-3e8b4aae-b197-5bee-b450-af55f8809fe4","0","0","[]"
"cand-b0368d45-40c2-50ea-a8cb-653995b8ebb5","ex-36fe8130-4610-5c78-b457-8dff0cd41cfa","0","0","[]"
"cand-8a6fb14a-8dc0-5281-8fe4-60a765cf98f5","ex-993428c5-a787-5610-bb8a-e3386b368576","0","0","[]"
"cand-d08831af-352d-5eb6-b047-b7a59a5242fc","ex-cb154b85-011c-522e-a5ef-0d7a2534bf9c","0","0","[]"
"cand-4faaaf40-274d-5151-8f53-012526659631","ex-2468260d-e983-5535-a546-379888ff5fdd","0","0","[]"
"cand-bc1eaff0-635a-5164-a621-201a472cf1f5","ex-c7a1945e-281b-56a2-81bb-c5f1375935f2","0","0","[]"
"cand-ccb50eee-e891-57b1-8a95-ac734ffcc542","ex-a3757ab4-e133-511d-a0e1-4eab1670e2f1","0","0","[]"
"cand-1b9aa5c2-705d-5609-bdfc-80695c465b9e","ex-80528ec9-d296-538e-a5d9-34642bdf0f89","0","0","[]"
"cand-a25988a3-9ad3-58dd-819b-8da7aeb1630c","ex-6094cd0d-ce78-5756-8567-8f5552efbd8c","0","0","[]"
"cand-dcf506fb-187b-5c39-b5ff-39427aed5413","ex-c9312c5f-74cf-54d5-847c-a04bd41b8be5","0","0","[]"
"cand-2e5bd425-0a03-5784-848b-2ea60abd22d9","ex-9ae00041-2732-59ee-89e6-7f8751f3d759","0","0","[]"
"cand-a4a373b9-6782-55bd-ba63-def499ce1a03","ex-60f1a837-2142-5eb6-a18b-e428800b348e","0","0","[]"
"cand-8dea341b-c7e9-5d86-997b-8d2415a170d3","ex-f4b75f2f-13ee-5058-b985-6d635fba2458","0","0","[]"
"cand-aa839c5a-f61f-5f27-9bde-adaee55cc5c0","ex-00e40b27-59a6-57f9-9f70-d7a7a093ffe3","0","0","[]"
"cand-c7cc846c-793d-50db-95c4-d2ff0d361382","ex-65b7c819-fb9b-5019-9fb3-48b25a6fe2f8","0","0","[]"
"cand-7928cf9c-6473-5a3a-b884-69d125bb16d8","ex-14d70b29-2765-5e73-b654-2127e83fd0c7","0","0","[]"
"cand-5185efe6-3843-549e-a459-1d3ab838f1f3","ex-9b3f176b-e3c1-5855-b277-df4e666d0fd1","0","0","[]"
"cand-e3ee522e-e82d-5e64-abe9-b2eadf922924","ex-6b9c1528-03a1-50db-9f5c-5cc4db1ceeaf","0","0","[]"
"cand-8b0afcf1-b399-51f1-9740-87406ac2b2aa","ex-60e0493f-66e5-5a9b-a403-5242a99d306a","0","0","[]"
"cand-ca205f11-f06e-5a5f-918c-1c87b46176de","ex-5cba0c3f-a328-54a9-a498-373f1284c061","0","0","[]"
"cand-135c11ac-6c21-5434-a6fe-288a502cdaba","ex-ef29f3b0-2639-548a-a5b1-2357c0d76fd4","0","0","[]"
"cand-9e48f228-aff8-5cc1-a5a7-1cb727af3287","ex-b94b75ee-dbe0-53a4-9ad2-f4b5c1981b3c","0","0","[]"
"cand-9539877c-48a7-5fec-939b-74732c8ccfb6","ex-47cb9adf-73fc-5608-8600-f689c0cb104b","0","0","[]"
"cand-21a3a7ef-15ea-5c49-b88d-72cca4c500e9","ex-d03d29f4-9aa9-58b7-a5ad-63a289281a95","0","0","[]"
"cand-7a3883ff-ae15-5d3a-af09-1fc10f3fad60","ex-8f5c8b74-761c-5776-8521-16086b735cef","0","0","[]"
"cand-80302d51-93b1-50ce-a082-a45785e1e826","ex-c7990a89-a595-5618-97fd-1e03583ed08e","0","0","[]"
"cand-bc090909-5cfb-5728-82e8-ec2a2cbd88c0","ex-d61cc533-02a7-5cb9-b9c1-ad01e34a70eb","0","0","[]"
"cand-3c122608-e2d4-5ef9-9a59-95f4ab09a25b","ex-73d7cd75-3220-54a2-acf0-4dd81fbe8d5f","0","0","[]"
"cand-806aa6dc-2df3-501e-b859-50f37ed2fdb1","ex-6d525c3c-5730-5c84-ae7d-3c4b7eee5f0a","0","0","[]"
"cand-307821ee-54c8-55d3-8dad-01ed735da452","ex-48eead5b-a5bc-5d86-a7cf-9b04856d1a05","0","0","[]"
"cand-d2bdc387-8c9f-5ce4-a23b-4ceab243fa62","ex-51758af5-2a44-5d5e-8cc0-c545a3de74ac","0","0","[]"
"cand-5a25ca5b-84b0-5b0f-b8c5-07282832eb5b","ex-458c818b-da12-558b-b93e-50215999355b","0","0","[]"
"cand-9ed4dfa4-bfbf-538e-a82b-80b86456e46d","ex-a144195b-e3e8-5afb-a7d3-e906e370bf3b","0","0","[]"
"cand-1f488b82-39b2-5423-91b6-af68d8d25de5","ex-e4a86df4-468a-587a-83c5-dc7413b9b5ad","0","0","[]"
"cand-5e4178f5-3a91-51df-8eac-acfc5f569339","ex-476ad6e3-2661-5100-aa07-7c083acc89d4","0","0","[]"
"cand-ea12b5d9-95bd-5bc8-b9bb-69b82f91e856","ex-b39ff0f8-dd98-5d14-b539-a9a4f92e7f52","0","0","[]"
"cand-3f53b9cc-b343-5b88-bd63-0bffc2e847dc","ex-25f5bf1a-b97c-572e-b35e-0df1149226e7","0","0","[]"
"cand-71a4e919-5f8c-58ce-b368-4977303d0b53","ex-b2c694e7-7e32-59ba-a638-1f18c9ef985d","0","0","[]"
"cand-a1108c9c-2779-5ca1-9517-0c310737ff3d","ex-6972d3eb-36dc-547d-ab37-7d86b6dc5d02","0","0","[]"
"cand-2ad37a05-0492-5a8b-8fb5-1fa203095259","ex-ccc8fbd8-632e-58e4-9127-771280403ea5","0","0","[]"
"cand-1317ae69-cb9c-5c32-ad2b-e36cfed7f485","ex-b3d8969a-a1bd-5639-956c-06e73a533d80","0","0","[]"
"cand-4969cc53-c971-561f-9060-4cfeceb10e80","ex-53bb9c14-62f1-5c13-92e4-35b7e82b74cb","0","0","[]"
"cand-de485978-3df3-5dfe-89a9-b47e5eb13373","ex-f1c71b97-ae35-5541-b3fd-61f83c23ad94","0","0","[]"
"cand-e887cd59-8628-56fe-b9f0-32065ee8be0f","ex-a420e23b-c217-5804-b746-35c32a507e1d","0","0","[]"
"cand-cd8266d0-8ba7-51ab-b99e-075705f22f1b","ex-1b5f0819-863c-5ff1-9037-37ca7512072a","0","0","[]"
"cand-0767cf93-3110-53d7-89e4-c60c421fb8a4","ex-4bac5e43-4420-5d65-88cc-ce3b959fca1e","0","0","[]"
"cand-fc80fd50-7dae-5a4d-9edd-211a78e99bc2","ex-6f0e06c7-9b2a-57ba-ad25-95a71ccee7ff","0","0","[]"
"cand-3256d912-996e-5514-abe5-08e7b165e532","ex-9e6a2d95-0884-5c62-85de-4cc7911d65e5","0","0","[]"
"cand-e5c3684f-5807-5714-8ca7-505806823c9f","ex-a60a4051-9c6f-54a5-b686-0b98040382f2","0","0","[]"
"cand-4cf6bcef-6af0-5f7e-8491-b1542994f81c","ex-98a25ec1-5c59-5735-b0a1-8729092affbd","0","0","[]"
"cand-8b8ae6e1-67f3-5d21-8d78-49bcffae7019","ex-2257915a-d772-5381-b69c-44ff2ead9636","0","0","[]"
"cand-b644c444-4deb-5501-94c3-ec7da3f777fc","ex-2868b027-8349-56d4-ac8c-bc0db3459d8e","0","0","[]"
"cand-23fb2116-885f-506a-9bad-7c785181e814","ex-5e0672b8-22a2-58df-88b6-58b389144b48","0","0","[]"
"cand-af40dd84-d5af-5a3b-8927-19b9c9db799e","ex-3f8c6fba-e3c6-52fc-8758-d09983f5f0c8","0","0","[]"
"cand-782c3224-596d-52a0-8cd7-36e5f1968dff","ex-41ec01a7-268c-526d-b125-6689ff623296","0","0","[]"
"cand-be9a6a39-2e63-5ccb-b776-24738a9cec6f","ex-0ff7a6aa-bf69-544f-b65e-698c4f0ee662","0","0","[]"
"cand-fd780e32-f689-53d3-92f9-390bd8283fb5","ex-7cd5cef3-f6c9-5159-a6e5-305bd7b293d4","0","0","[]"
"cand-c847795e-a521-5ffd-b88d-595b6fc3b893","ex-70b8f4c9-d43c-55ed-bb7f-52ca0bdac70f","0","0","[]"
"cand-18e30625-4b25-5d4b-9a8e-4da8bda9d8ac","ex-92075677-85c5-5093-8f08-791003c83678","0","0","[]"
"cand-399cc50a-d65f-59db-935e-2a995783c64d","ex-bb7d8af4-7a58-5d22-86c4-6a7a1966f34a","0","0","[]"
"cand-f896e01f-c9fb-5003-9fb7-d777e3159450","ex-81ca682b-2c08-5a16-b8b1-7e215960d000","0","0","[]"
"cand-815d43d9-4e93-5176-ac39-237cacc2e25e","ex-c14596a3-8dfa-54f6-95f8-d68c112f1420","0","0","[]"
"cand-867ee9c7-55dd-5c08-a2f8-8c07eb07cdae","ex-02ae8039-bc82-5b7c-841d-69f5ac1dfcf9","0","0","[]"
"cand-31e523a9-b2b0-56f9-bb8e-0d8f8ed7b2c5","ex-3f17fd3b-868f-58ad-b24d-3b610236f3c6","0","0","[]"
"cand-fddde150-e25d-5f71-9f00-987d811788b2","ex-fe5c3890-f77c-58f7-8548-61e938773a71","0","0","[]"
"cand-a3022c4d-fc8c-54ab-ac84-a06d97da8986","ex-f6f30595-b538-5d5b-98e9-e4943181d4e8","0","0","[]"
"cand-afdac43d-b50c-5cf9-9114-6abafcbe1011","ex-25dd80e4-5bc5-57d1-85de-af0bf84fb1c0","0","0","[]"
"cand-92637d03-c0a9-5456-b2ab-6a3b7431bd64","ex-a20b8702-d4d1-5289-8c1d-ee2dd2b02d90","0","0","[]"
"cand-a068c88d-f989-5abc-837c-37d0fe3e9f6d","ex-965ef7f0-484b-532d-bdc8-904a2ba7ac72","0","0","[]"
"cand-a48419c1-6806-59aa-8559-38b66db10681","ex-98e60549-a956-53ff-bf93-834343440b51","0","0","[]"
"cand-df790175-2511-546f-8b72-9c8f704d0c9d","ex-e9abaeb9-93c2-5f43-8d40-28fdaf8db01e","0","0","[]"
"cand-daf8f1f3-fa3d-5682-88e0-f1698dbfac03","ex-6b3ed3a5-34ce-5ee1-9afc-038c07acc977","0","0","[]"
"cand-e1e335e5-31e8-5d67-971b-f4464fd3d860","ex-8c3693c9-9562-544f-a32b-55fb06faaf10","0","0","[]"
"cand-0b335b6a-cdd8-519d-86ee-6e811da72150","ex-05d6c839-2c1e-5133-b4bf-141f5ca84e6b","0","0","[]"
"cand-798d5eb7-c7f1-56ab-a549-c11cb232ad44","ex-e7d94989-651a-502f-aca4-efea53bbfc00","0","0","[]"
"cand-89157a53-3986-5707-b75d-ec49de8abda2","ex-6d04698a-7dd9-59aa-97c3-37b6e465d86b","0","0","[]"
"cand-c870c303-ab50-5eee-b8e9-58864800ad8f","ex-93f9ef07-8624-58ed-b6b7-2439c28b442c","0","0","[]"
"cand-ae1b9a91-0e56-5fb0-9805-fc0ceab613c9","ex-c2d118f1-9981-526d-9c92-1d995909c192","0","0","[]"
"cand-b3d881eb-7fae-56c9-a89f-ea72863856cc","ex-6d6f9061-9b59-530d-b1b4-967f2c7398f2","0","0","[]"
"cand-f27ae7b1-a5d0-5b2c-a428-9786e0541cbb","ex-834be3c3-629b-55b3-a28c-056141239b21","0","0","[]"
"cand-e098a2fb-8d80-5125-8194-932dd0ca828b","ex-27727c58-b8a5-51b1-90f7-c672c41bc58c","0","0","[]"
"cand-43835bd7-4cca-5716-bb75-fe74395dd3f0","ex-08e8e9cc-4b3a-5890-8295-862631d5881e","0","0","[]"
"cand-c02ff440-8e53-5f6d-bce1-52340b172daf","ex-a6bd34c0-b77d-53f6-bd99-6387990fb339","0","0","[]"
"cand-1e2f5cc6-93bd-5212-b068-996cbbe79e6d","ex-19b375d0-f17f-5c64-8c80-16752e7ef6ef","0","0","[]"
"cand-a3d7599a-15de-5065-a4cd-d1116bfed55e","ex-1b6fc831-1f5c-5022-9af6-8167618dacc4","0","0","[]"
"cand-0ea92e9c-c24d-5a26-9eac-4c022eeb4770","ex-5cda3423-eeb0-5fb7-94d7-972993ba0271","0","0","[]"
"cand-cac27009-604b-5068-8d5f-1f8fbc4d8628","ex-915f7e85-cb59-5bc9-b336-c4d5d0324a80","0","0","[]"
"cand-f34c492b-dfff-50d6-af32-b46def5fa6f6","ex-00ba35b5-600e-5da7-b551-91495b31e56a","0","0","[]"
"cand-7793a1bf-e056-59e2-ba42-0c756d45b9d3","ex-af1308a9-ab20-5c15-85fa-cece6436f50e","0","0","[]"
"cand-4ef2b0e6-2f3c-5974-a781-2228baa6c688","ex-24e56d22-0e3a-5850-b62e-8675749a8640","0","0","[]"
"cand-e04d385f-400a-54ba-9e19-5d6c10f5dd35","ex-ef8f296d-90dd-5dea-a212-037e82b8b479","0","0","[]"
