candidateId,exerciseId,errors,warnings,diagnosticCodes
"cand-8a6a0c68-8d28-563e-86f2-4dbe7efa25b9","ex-10928dac-cb6d-5681-9040-39d3b6f136d8","5","6","[""ANSWER_CONFLICT"",""ANSWER_MISSING"",""COURSE_CONFLICT"",""SOLUTION_CONFLICT"",""SOLUTION_MISSING"",""OPTIONS_VARIANTS"",""REVIEW_FINDINGS_OPEN"",""SOLUTION_REVIEW_REQUIRED"",""STATEMENT_VARIANTS"",""SYMBOLIC_EQUIVALENCE_NOT_PROVEN"",""TOPIC_VARIANTS""]"
"cand-7a3c6615-1df0-5a03-8343-871076b028d5","ex-704f719a-3c9d-52ef-8033-40d55a42f19a","5","6","[""ANSWER_CONFLICT"",""ANSWER_MISSING"",""COURSE_CONFLICT"",""SOLUTION_CONFLICT"",""SOLUTION_MISSING"",""OPTIONS_VARIANTS"",""REVIEW_FINDINGS_OPEN"",""SOLUTION_REVIEW_REQUIRED"",""STATEMENT_VARIANTS"",""SYMBOLIC_EQUIVALENCE_NOT_PROVEN"",""TOPIC_VARIANTS""]"
"cand-e807d64d-2258-54dc-9df8-aeb228fd5674","ex-1ac7dbc8-0ede-5f01-8c5e-4b7be958a55d","4","5","[""ANSWER_CONFLICT"",""ANSWER_MISSING"",""SOLUTION_CONFLICT"",""SOLUTION_MISSING"",""OPTIONS_VARIANTS"",""SOLUTION_REVIEW_REQUIRED"",""STATEMENT_VARIANTS"",""SYMBOLIC_EQUIVALENCE_NOT_PROVEN"",""TOPIC_VARIANTS""]"
"cand-840e2694-f2f0-56ea-9027-38e1a398cdf2","ex-844165d9-5acb-50a3-ab4a-cb1826b24da2","4","5","[""ANSWER_CONFLICT"",""ANSWER_MISSING"",""SOLUTION_CONFLICT"",""SOLUTION_MISSING"",""OPTIONS_VARIANTS"",""SOLUTION_REVIEW_REQUIRED"",""STATEMENT_VARIANTS"",""SYMBOLIC_EQUIVALENCE_NOT_PROVEN"",""TOPIC_VARIANTS""]"
"cand-0f2ee517-411b-5c7f-86e9-07d2c0a9cd9c","ex-35426944-3e55-59fc-882a-44adc7603024","4","5","[""ANSWER_CONFLICT"",""ANSWER_MISSING"",""SOLUTION_CONFLICT"",""SOLUTION_MISSING"",""OPTIONS_VARIANTS"",""SOLUTION_REVIEW_REQUIRED"",""STATEMENT_VARIANTS"",""SYMBOLIC_EQUIVALENCE_NOT_PROVEN"",""TOPIC_VARIANTS""]"
"cand-a41aaf5b-d0ef-5702-aa15-d1ed4cb0f341","ex-33b90588-36df-530e-ae1e-fc8c7fb683f8","4","5","[""ANSWER_CONFLICT"",""ANSWER_MISSING"",""SOLUTION_CONFLICT"",""SOLUTION_MISSING"",""OPTIONS_VARIANTS"",""SOLUTION_REVIEW_REQUIRED"",""STATEMENT_VARIANTS"",""SYMBOLIC_EQUIVALENCE_NOT_PROVEN"",""TOPIC_VARIANTS""]"
"cand-469339b8-75a2-5ac7-86c7-a34e675652a9","ex-120afe20-a86c-5210-a46e-9182bcf05809","4","5","[""ANSWER_CONFLICT"",""ANSWER_MISSING"",""SOLUTION_CONFLICT"",""SOLUTION_MISSING"",""OPTIONS_VARIANTS"",""SOLUTION_REVIEW_REQUIRED"",""STATEMENT_VARIANTS"",""SYMBOLIC_EQUIVALENCE_NOT_PROVEN"",""TOPIC_VARIANTS""]"
"cand-f3e932e2-1ecc-5766-bb1c-f88e5ffd6b1e","ex-78d7be65-898b-5220-a89b-db8a613dfc7c","4","5","[""ANSWER_CONFLICT"",""ANSWER_MISSING"",""SOLUTION_CONFLICT"",""SOLUTION_MISSING"",""OPTIONS_VARIANTS"",""SOLUTION_REVIEW_REQUIRED"",""STATEMENT_VARIANTS"",""SYMBOLIC_EQUIVALENCE_NOT_PROVEN"",""TOPIC_VARIANTS""]"
"cand-9acad28b-a009-503c-9029-4cf5377717da","ex-22e21078-dc32-5f2d-946f-03a202f86052","4","5","[""ANSWER_CONFLICT"",""ANSWER_MISSING"",""SOLUTION_CONFLICT"",""SOLUTION_MISSING"",""OPTIONS_VARIANTS"",""SOLUTION_REVIEW_REQUIRED"",""STATEMENT_VARIANTS"",""SYMBOLIC_EQUIVALENCE_NOT_PROVEN"",""TOPIC_VARIANTS""]"
"cand-e8bf4a98-aa6c-5918-9f58-d4f56819ca4a","ex-8c07b583-9335-5e75-b099-cabb61fe66da","4","5","[""ANSWER_CONFLICT"",""ANSWER_MISSING"",""SOLUTION_CONFLICT"",""SOLUTION_MISSING"",""OPTIONS_VARIANTS"",""SOLUTION_REVIEW_REQUIRED"",""STATEMENT_VARIANTS"",""SYMBOLIC_EQUIVALENCE_NOT_PROVEN"",""TOPIC_VARIANTS""]"
"cand-98782be0-af2e-5e11-be1f-847f3647e5cd","ex-7766fa2b-a834-51d4-b094-90fe29aeffe8","4","5","[""ANSWER_CONFLICT"",""ANSWER_MISSING"",""SOLUTION_CONFLICT"",""SOLUTION_MISSING"",""OPTIONS_VARIANTS"",""SOLUTION_REVIEW_REQUIRED"",""STATEMENT_VARIANTS"",""SYMBOLIC_EQUIVALENCE_NOT_PROVEN"",""TOPIC_VARIANTS""]"
"cand-6f2ce3de-1227-5778-aab1-d452c1d44f78","ex-50d6ef91-dc6d-5a13-be75-28f64b2ab3f3","4","5","[""ANSWER_CONFLICT"",""ANSWER_MISSING"",""SOLUTION_CONFLICT"",""SOLUTION_MISSING"",""OPTIONS_VARIANTS"",""SOLUTION_REVIEW_REQUIRED"",""STATEMENT_VARIANTS"",""SYMBOLIC_EQUIVALENCE_NOT_PROVEN"",""TOPIC_VARIANTS""]"
"cand-4e3ab6ea-92eb-58de-a2ae-b0681a730d5c","ex-471f388a-f04c-56eb-aaab-1d077493c84e","2","0","[""MODALITIES_MISSING"",""MODALITY_UNDEMONSTRATED""]"
"cand-e78d10cc-8030-59e2-8e4a-c66364f3f11c","ex-6fda275d-bf25-5a81-a7f5-b9685b93c0d6","2","0","[""MODALITIES_MISSING"",""MODALITY_UNDEMONSTRATED""]"
"cand-ee6cd0db-8488-5162-b7fb-aabf72dea236","ex-3c978d1d-34e6-5ca2-a154-a2d70e6210b5","2","1","[""MODALITIES_MISSING"",""MODALITY_UNDEMONSTRATED"",""SYMBOLIC_EQUIVALENCE_NOT_PROVEN""]"
"cand-6e9eff9e-2d7c-5d0e-bb39-04720743e12f","ex-3d8e6463-2320-5567-914b-c4d688768850","2","0","[""MODALITIES_MISSING"",""MODALITY_UNDEMONSTRATED""]"
"cand-983a76a6-3ee9-5981-91c7-3344f6f85197","ex-b07893cc-aa32-50d7-94b2-cc9ff0e61526","2","1","[""MODALITIES_MISSING"",""MODALITY_UNDEMONSTRATED"",""SOLUTION_DEVELOPMENT_INSUFFICIENT""]"
"cand-130ddce3-321b-5470-911b-39219dd62bf4","ex-4d29f719-088b-51a9-8999-e33e93a4b588","2","0","[""MODALITIES_MISSING"",""MODALITY_UNDEMONSTRATED""]"
"cand-3f1f70a2-9fee-5859-a67e-08c5206c53e2","ex-bc8a7a8c-150e-5916-9031-4de26e42ce2b","2","0","[""MODALITIES_MISSING"",""MODALITY_UNDEMONSTRATED""]"
"cand-5a4bb696-075a-5d46-bf5d-7c97a6ded376","ex-34676349-69ce-51c9-91a5-86bbc8071ba8","2","0","[""MODALITIES_MISSING"",""MODALITY_UNDEMONSTRATED""]"
"cand-d3b35e6b-6d08-590b-a799-bbb399e1f420","ex-d1807e87-a610-5ee0-879c-a2f478688520","2","1","[""MODALITIES_MISSING"",""MODALITY_UNDEMONSTRATED"",""SOLUTION_DEVELOPMENT_INSUFFICIENT""]"
"cand-38684f09-3204-5fcb-8e21-1d231e6be89f","ex-cf0f2c8e-6880-5f16-bbfb-b4c2c045a0ef","2","0","[""MODALITIES_MISSING"",""MODALITY_UNDEMONSTRATED""]"
"cand-718caa4e-94e8-5ca3-9129-f316eb4faae2","ex-4c0d8e71-2690-5701-b271-d9d0c6a6cdd9","2","1","[""MODALITIES_MISSING"",""MODALITY_UNDEMONSTRATED"",""SOLUTION_DEVELOPMENT_INSUFFICIENT""]"
"cand-2a47109d-fda6-5bbb-806e-7639586581b5","ex-33db2d13-4d23-525a-be66-60b343cee7d1","2","0","[""MODALITIES_MISSING"",""MODALITY_UNDEMONSTRATED""]"
"cand-fbc9b80f-7f6f-5fa0-a1d7-3240002527c2","ex-56149fed-e9c9-5574-b178-12a8c70b18ca","2","0","[""MODALITIES_MISSING"",""MODALITY_UNDEMONSTRATED""]"
"cand-fd8423a7-1d71-5261-af45-c0f22fac9223","ex-dfde54e1-be38-54e9-9665-3618f06f7817","2","0","[""MODALITIES_MISSING"",""MODALITY_UNDEMONSTRATED""]"
"cand-116c7154-5235-5c92-aa27-1bef2dc296cb","ex-938bb6e5-4fe5-5fad-8c22-ccd08cc7a257","2","0","[""MODALITIES_MISSING"",""MODALITY_UNDEMONSTRATED""]"
"cand-e5f68656-30a0-5a2c-8ee0-a4827ae91c6a","ex-3f56f617-3ad6-586d-9142-0f4b1805c02c","2","0","[""MODALITIES_MISSING"",""MODALITY_UNDEMONSTRATED""]"
"cand-2585d388-a359-5dfe-92fb-0d0383b15cce","ex-98e91c4f-5e30-5c2b-9c7b-cc8b631a7f6c","2","0","[""MODALITIES_MISSING"",""MODALITY_UNDEMONSTRATED""]"
"cand-42505896-add3-57c0-8b7a-44bf408232d8","ex-80e12b31-6862-5e1f-b76d-6cab6f1f2186","2","0","[""MODALITIES_MISSING"",""MODALITY_UNDEMONSTRATED""]"
"cand-7e84ccf7-ec4d-5a5f-9f77-4bc6acea6ad4","ex-92ec0dff-f50d-5c25-b3f0-3807e156f606","2","0","[""MODALITIES_MISSING"",""MODALITY_UNDEMONSTRATED""]"
"cand-0e914741-094d-5751-be3c-99cda6fbf5b8","ex-c9739d94-6305-5000-b195-d1785b58ad28","2","0","[""MODALITIES_MISSING"",""MODALITY_UNDEMONSTRATED""]"
"cand-59f04730-0f63-5d35-a264-51d44ea1d687","ex-f3f6d9d3-e461-5626-a74e-8a5f617770bb","2","0","[""MODALITIES_MISSING"",""MODALITY_UNDEMONSTRATED""]"
"cand-3a630485-194c-54a7-95c3-0fe8b32feac1","ex-a38a8325-a775-58ac-8084-b41d7ecb9cc1","2","0","[""MODALITIES_MISSING"",""MODALITY_UNDEMONSTRATED""]"
"cand-d4eea943-2d92-5621-ba02-8b1dad77102a","ex-75e704d0-d9f4-59a9-b6b9-a9dc13fa7f3d","2","0","[""MODALITIES_MISSING"",""MODALITY_UNDEMONSTRATED""]"
"cand-67413e2b-0347-52db-baca-7c7f0a2a65f0","ex-eaf4d92a-7ae1-56c2-9ed7-4df1616e40e6","2","0","[""MODALITIES_MISSING"",""MODALITY_UNDEMONSTRATED""]"
"cand-51811e74-37fc-5336-8460-b9765db15ec8","ex-74d40669-51ae-58ef-8a8d-7e37e6fb43d0","2","0","[""MODALITIES_MISSING"",""MODALITY_UNDEMONSTRATED""]"
"cand-4a61b33d-ea8d-59b9-9f72-95bfc77c3662","ex-1b55e1ad-874d-5687-a537-a95ac162b773","2","0","[""MODALITIES_MISSING"",""MODALITY_UNDEMONSTRATED""]"
"cand-1e7b57ad-47c2-5efb-bc87-e34366110b45","ex-9130ad3d-ccdd-59af-b63e-81bfc61ed486","2","0","[""MODALITIES_MISSING"",""MODALITY_UNDEMONSTRATED""]"
"cand-f425ede5-feab-5b49-b2f3-eca592456560","ex-5be5591e-bf76-5b1f-8da0-e99e8f10741d","2","0","[""MODALITIES_MISSING"",""MODALITY_UNDEMONSTRATED""]"
"cand-be1f7a6b-bf95-5956-ac55-efe1fd459e85","ex-74c2c2d5-a356-57a0-b0b5-82019b8dfc67","2","0","[""MODALITIES_MISSING"",""MODALITY_UNDEMONSTRATED""]"
"cand-74a2dc28-329d-5e7f-b5c3-00f80b762122","ex-d8695396-1199-5e58-8893-39d6c7d353f9","2","0","[""MODALITIES_MISSING"",""MODALITY_UNDEMONSTRATED""]"
"cand-b9f85f19-2e5f-5cd8-9ab8-1c451adc9020","ex-e2970e2f-9b46-535e-9d53-e884cfe7f5e7","2","0","[""MODALITIES_MISSING"",""MODALITY_UNDEMONSTRATED""]"
"cand-c303040c-6562-5da5-9fc4-295128f8d9f0","ex-80f7f4c8-1cc7-5438-9cc8-66fc96bdb9f8","2","0","[""MODALITIES_MISSING"",""MODALITY_UNDEMONSTRATED""]"
"cand-c1d5203a-ed92-5de0-95fd-741bdcad4af0","ex-d0efc801-5939-5ee2-8969-b4eddc9fb050","2","0","[""MODALITIES_MISSING"",""MODALITY_UNDEMONSTRATED""]"
"cand-060e1cc0-9e12-577d-bc71-fc33a41d9512","ex-266da3d4-f869-5033-a328-55d03c82508f","2","0","[""MODALITIES_MISSING"",""MODALITY_UNDEMONSTRATED""]"
"cand-a0ad9167-87b3-577a-8fac-76903ec0f9e7","ex-b4f8884e-6226-5ad0-8c3b-84bcb2dbb2ae","2","0","[""MODALITIES_MISSING"",""MODALITY_UNDEMONSTRATED""]"
"cand-e810c1a0-8e44-55cf-8937-839679f9ded0","ex-c8a9196d-c9f2-5d27-a28e-c2e71329315d","2","0","[""MODALITIES_MISSING"",""MODALITY_UNDEMONSTRATED""]"
"cand-6907c9a4-37e2-5086-a8d1-3ce9b77f051b","ex-aae689b5-3e9c-54d0-ac98-8527c2906949","2","0","[""MODALITIES_MISSING"",""MODALITY_UNDEMONSTRATED""]"
"cand-66b60e6e-23d3-59ec-a2d3-3fcb12b9f17f","ex-7d662088-3d55-59f8-8e98-1674ed5337d7","2","0","[""MODALITIES_MISSING"",""MODALITY_UNDEMONSTRATED""]"
"cand-b3400ec6-ee79-5809-a980-63a6845f4892","ex-2ac4fc40-6095-52dc-a404-2ad05c321d92","2","0","[""MODALITIES_MISSING"",""MODALITY_UNDEMONSTRATED""]"
"cand-f853e9d7-ea72-5399-a399-aa9cc4c27695","ex-abf68d33-3b12-54a8-9c55-7319bdcf4448","2","0","[""MODALITIES_MISSING"",""MODALITY_UNDEMONSTRATED""]"
"cand-ebff8a37-c47f-552d-aaaa-0e8059cabac4","ex-8307f911-3440-5f3b-91e5-92a65c243231","2","0","[""MODALITIES_MISSING"",""MODALITY_UNDEMONSTRATED""]"
"cand-74eb59aa-1b3c-5f5d-af2a-28a563d6610c","ex-592924dc-9d7e-533b-919d-f71ad513e43d","2","0","[""MODALITIES_MISSING"",""MODALITY_UNDEMONSTRATED""]"
"cand-a727594e-73ca-540d-a771-e68027e47fee","ex-1b739d6a-7e1b-5f92-b8f0-b40b596fbaa8","2","0","[""MODALITIES_MISSING"",""MODALITY_UNDEMONSTRATED""]"
"cand-901e7c26-b884-57a2-bfe9-032d1586dd6a","ex-b3b93c26-5a3e-55b6-b892-9c5b1f70a5ea","2","0","[""MODALITIES_MISSING"",""MODALITY_UNDEMONSTRATED""]"
"cand-27d71576-7387-5be6-9af3-e6a6700b3e7d","ex-7512a17b-7cee-51ba-b5c5-93e7245fb48a","2","0","[""MODALITIES_MISSING"",""MODALITY_UNDEMONSTRATED""]"
"cand-b17c26d4-017b-5f58-8715-0b8ed989076c","ex-a1a0652b-1b96-51d6-9419-0723df6f7bd7","2","0","[""MODALITIES_MISSING"",""MODALITY_UNDEMONSTRATED""]"
"cand-55fd08bb-7a66-587d-9b99-ded1267c8bd2","ex-7b859a76-1e58-5d6c-8c47-ca61bf415bda","2","0","[""MODALITIES_MISSING"",""MODALITY_UNDEMONSTRATED""]"
"cand-6e91360f-877a-57c7-ae65-7fb06da2690f","ex-713ee776-31d0-57eb-aebb-682c0547cbfb","2","0","[""MODALITIES_MISSING"",""MODALITY_UNDEMONSTRATED""]"
"cand-b9148ac8-6eaa-55a5-a9f0-664b423918a0","ex-65915993-3d8f-5a1d-b4c2-b8070b4f77b4","2","0","[""MODALITIES_MISSING"",""MODALITY_UNDEMONSTRATED""]"
"cand-fe79a5cb-3c81-5400-b013-ab63bee2abdc","ex-64f1bed4-cd17-5bb5-999e-c2be26222792","2","0","[""MODALITIES_MISSING"",""MODALITY_UNDEMONSTRATED""]"
"cand-dfbdb6f8-fdff-5b63-b9d6-f8a7d60a383c","ex-a8f29159-779b-54c2-844f-dafa550043cd","2","0","[""MODALITIES_MISSING"",""MODALITY_UNDEMONSTRATED""]"
"cand-f5d7a091-2222-5f3d-936b-edc2e9fda443","ex-71d96087-f8b1-5a37-b9e5-e4ada5550246","2","1","[""MODALITIES_MISSING"",""MODALITY_UNDEMONSTRATED"",""SYMBOLIC_EQUIVALENCE_NOT_PROVEN""]"
"cand-d5ae966e-89fc-5d9d-8079-649edc652474","ex-7db9bd9c-0340-5581-874c-a8f99b49c180","2","1","[""MODALITIES_MISSING"",""MODALITY_UNDEMONSTRATED"",""SYMBOLIC_EQUIVALENCE_NOT_PROVEN""]"
"cand-40ead876-9667-530a-8449-0dc7a51982e8","ex-99e81d4a-2632-5725-b18f-e8cba829dee1","2","1","[""MODALITIES_MISSING"",""MODALITY_UNDEMONSTRATED"",""MATH_REPRESENTATION_UNDECLARED""]"
"cand-9d5f736d-3fd6-5b0e-985f-18d1e98123f8","ex-dfd131a6-2ebe-5d12-adef-9670defa133e","2","0","[""MODALITIES_MISSING"",""MODALITY_UNDEMONSTRATED""]"
"cand-109ac323-a879-52bb-9e7f-ae75bd51d298","ex-f62d7bc9-1c42-5fbb-9ea2-1ceb05032162","2","1","[""MODALITIES_MISSING"",""MODALITY_UNDEMONSTRATED"",""MATH_REPRESENTATION_UNDECLARED""]"
"cand-e8ad6c70-9929-5e24-a9eb-73d898cf3c59","ex-d8ffdfd6-1d4a-53c4-b233-d0686345c5a0","2","1","[""MODALITIES_MISSING"",""MODALITY_UNDEMONSTRATED"",""MATH_REPRESENTATION_UNDECLARED""]"
"cand-c30b4aec-3c49-5439-8bf5-f39e81f132d0","ex-36d9319c-f0c0-5695-9480-78cde9044f88","2","0","[""MODALITIES_MISSING"",""MODALITY_UNDEMONSTRATED""]"
"cand-0e241902-2e1c-50ab-b13a-7491ad359c93","ex-1076ec92-f7eb-50a3-893b-d3759e57fd52","2","2","[""MODALITIES_MISSING"",""MODALITY_UNDEMONSTRATED"",""MATH_REPRESENTATION_UNDECLARED"",""SOLUTION_DEVELOPMENT_INSUFFICIENT""]"
"cand-8a1fd97e-bbdb-5ed2-a324-958963817f7c","ex-d345642c-c7d4-529a-90db-e6fb9bf0235e","2","0","[""MODALITIES_MISSING"",""MODALITY_UNDEMONSTRATED""]"
"cand-5330db24-4ed9-5a0f-94b0-97b8f028af4d","ex-6f25c363-a9f0-5122-a1d1-47ccbf9cac32","2","0","[""MODALITIES_MISSING"",""MODALITY_UNDEMONSTRATED""]"
"cand-5c3a2f39-b497-563d-9f57-2256eb279f5a","ex-9ba50ab1-c026-5e7f-bb71-d25a073abce1","2","0","[""MODALITIES_MISSING"",""MODALITY_UNDEMONSTRATED""]"
"cand-18428d91-915c-55f5-815a-18647a5cb33c","ex-169e6af1-a873-584d-8af3-427bc36c4077","2","0","[""MODALITIES_MISSING"",""MODALITY_UNDEMONSTRATED""]"
"cand-0b1140ec-f68c-5548-a3b2-e0e2f4fdd034","ex-26500da1-0791-5a0d-9b4e-21c866fbf01e","2","2","[""MODALITIES_MISSING"",""MODALITY_UNDEMONSTRATED"",""MATH_REPRESENTATION_UNDECLARED"",""SOLUTION_DEVELOPMENT_INSUFFICIENT""]"
"cand-514db0d4-d8f3-5af6-9293-6b706ba76cd4","ex-c9912a1d-a6ac-5f44-8052-0861bf96983e","2","0","[""MODALITIES_MISSING"",""MODALITY_UNDEMONSTRATED""]"
"cand-fa195bea-9867-5f04-8558-340dcd8baa2d","ex-f5545833-0453-5ea2-9487-cb1d7e0b27d9","2","1","[""MODALITIES_MISSING"",""MODALITY_UNDEMONSTRATED"",""MATH_REPRESENTATION_UNDECLARED""]"
"cand-b76b3981-eb73-5926-833d-6f32cc6f3cca","ex-51dd2b99-9cab-5e6d-ab85-efc61ac0424e","2","0","[""MODALITIES_MISSING"",""MODALITY_UNDEMONSTRATED""]"
"cand-1685ec80-caf1-5f89-ac98-d4ed8796abae","ex-6ad24b6a-f712-5b26-a912-66beee199f14","2","1","[""MODALITIES_MISSING"",""MODALITY_UNDEMONSTRATED"",""MATH_REPRESENTATION_UNDECLARED""]"
"cand-4c7db99b-21f0-5246-941d-e9e542b6119c","ex-07bd6b4d-9020-5d54-a30b-407dfd734d68","2","0","[""MODALITIES_MISSING"",""MODALITY_UNDEMONSTRATED""]"
"cand-b71e7a0c-44a3-53f0-98af-eaf40e1eebad","ex-743baf9a-b6db-5cbe-a1d1-8e26926cdf4a","2","2","[""MODALITIES_MISSING"",""MODALITY_UNDEMONSTRATED"",""MATH_REPRESENTATION_UNDECLARED"",""SOLUTION_DEVELOPMENT_INSUFFICIENT""]"
"cand-50ee9334-ddd3-55de-a55b-b08f6f5440e7","ex-e825ef84-d544-5f37-b8fb-e1adc478f3b5","2","0","[""MODALITIES_MISSING"",""MODALITY_UNDEMONSTRATED""]"
"cand-68845420-8a16-5a2d-82c5-87e3f02ee482","ex-15a15b45-6b54-5042-adcb-e1e425e312f7","2","0","[""MODALITIES_MISSING"",""MODALITY_UNDEMONSTRATED""]"
"cand-29d0ef0e-0b2a-5203-9b39-14f5ceb17e56","ex-12c6dd63-adc7-5f31-8eeb-c1964ae27e62","2","1","[""MODALITIES_MISSING"",""MODALITY_UNDEMONSTRATED"",""MATH_REPRESENTATION_UNDECLARED""]"
"cand-8da02429-85ed-5fad-8da7-319dcd95c7eb","ex-afee5db9-d8e2-5e76-8b31-00176f19edd8","2","2","[""MODALITIES_MISSING"",""MODALITY_UNDEMONSTRATED"",""MATH_REPRESENTATION_UNDECLARED"",""SOLUTION_DEVELOPMENT_INSUFFICIENT""]"
"cand-d645ca22-905e-5619-9cff-7ed7ae4d34c4","ex-35757225-7368-54fb-809a-3126a47fac08","2","2","[""MODALITIES_MISSING"",""MODALITY_UNDEMONSTRATED"",""MATH_REPRESENTATION_UNDECLARED"",""SOLUTION_DEVELOPMENT_INSUFFICIENT""]"
"cand-42a25db0-4dc8-5115-91cb-86e129db3fae","ex-35a7c429-a83d-5531-ae9c-0144c8432d63","2","0","[""MODALITIES_MISSING"",""MODALITY_UNDEMONSTRATED""]"
"cand-f97c42c3-c332-5f5f-b38b-b523731044db","ex-c6e26d49-f341-5014-b6fb-a3832df12441","2","0","[""MODALITIES_MISSING"",""MODALITY_UNDEMONSTRATED""]"
"cand-8def8346-c092-5fba-9c27-20be63e88e0e","ex-813e5af8-2493-524c-9b2f-263d6c3eb6e2","2","1","[""MODALITIES_MISSING"",""MODALITY_UNDEMONSTRATED"",""MATH_REPRESENTATION_UNDECLARED""]"
"cand-b8fdb98b-4dc2-506a-adfd-99a0d0b7573d","ex-be6a41ba-3935-5a1a-8965-fafa077bb465","2","1","[""MODALITIES_MISSING"",""MODALITY_UNDEMONSTRATED"",""MATH_REPRESENTATION_UNDECLARED""]"
"cand-d2c9d8ee-0d01-5015-8de7-c6ffd5b923f7","ex-dd65e81f-d3d8-5f4a-9adb-1b7f52753797","2","2","[""MODALITIES_MISSING"",""MODALITY_UNDEMONSTRATED"",""MATH_REPRESENTATION_UNDECLARED"",""SOLUTION_DEVELOPMENT_INSUFFICIENT""]"
"cand-76ea067f-397d-57e0-a63c-830fe280e16a","ex-eee53586-1fec-5dbf-b4a6-8d31024e1729","2","1","[""MODALITIES_MISSING"",""MODALITY_UNDEMONSTRATED"",""MATH_REPRESENTATION_UNDECLARED""]"
"cand-74fff524-fe32-59ac-bb57-ec8edc5618a1","ex-93cc528a-3055-5808-a9d2-1939b7d3033f","2","0","[""MODALITIES_MISSING"",""MODALITY_UNDEMONSTRATED""]"
"cand-d04e18cb-ddd2-5840-bf62-fa3b34f1ce98","ex-29e9106f-4510-55d5-9175-308f9e95f2da","2","0","[""MODALITIES_MISSING"",""MODALITY_UNDEMONSTRATED""]"
"cand-e7822aa6-f1bd-5e4c-97f6-d3a34f91bcab","ex-c7210a6d-8fc6-5722-a680-efa5cd23133d","2","0","[""MODALITIES_MISSING"",""MODALITY_UNDEMONSTRATED""]"
"cand-8b14e84a-28fb-5f67-b551-03d06074f148","ex-08238aae-acd9-59e5-a5d4-b4855baf2418","2","2","[""MODALITIES_MISSING"",""MODALITY_UNDEMONSTRATED"",""MATH_REPRESENTATION_UNDECLARED"",""SOLUTION_DEVELOPMENT_INSUFFICIENT""]"
"cand-0cae559a-467c-5080-9e0e-9623c1a4d071","ex-119db401-5c9c-5d22-9574-5d701b07529e","2","1","[""MODALITIES_MISSING"",""MODALITY_UNDEMONSTRATED"",""SYMBOLIC_EQUIVALENCE_NOT_PROVEN""]"
"cand-f47c87a0-64bc-5ffe-be50-a74a0ca4e132","ex-caedce57-8af0-58a1-a3f6-f422aa6c432b","2","1","[""MODALITIES_MISSING"",""MODALITY_UNDEMONSTRATED"",""SYMBOLIC_EQUIVALENCE_NOT_PROVEN""]"
"cand-f6d38b93-da54-5f5d-9c6a-f655d4f44af5","ex-d6842d24-4e9f-5914-afb1-d7eb66080793","2","2","[""MODALITIES_MISSING"",""MODALITY_UNDEMONSTRATED"",""MATH_REPRESENTATION_UNDECLARED"",""SOLUTION_DEVELOPMENT_INSUFFICIENT""]"
"cand-2fc605b7-04a2-589c-9f36-af0a313e5913","ex-a5863741-d1eb-5a3b-96d5-78a916ba58ac","2","0","[""MODALITIES_MISSING"",""MODALITY_UNDEMONSTRATED""]"
"cand-8c86a8a3-cb53-54a8-8e49-da8cdddd5106","ex-73730527-762b-5d3d-82c9-eceebc9c2948","2","0","[""MODALITIES_MISSING"",""MODALITY_UNDEMONSTRATED""]"
"cand-e11d28f7-a7b5-514a-a9b1-89c25bca6090","ex-5136d11f-fc60-5a42-86f5-f81323ea2e82","2","0","[""MODALITIES_MISSING"",""MODALITY_UNDEMONSTRATED""]"
"cand-04170a4e-bfe3-50ac-b30e-7b4aacf1966d","ex-fd6da8bb-363e-5692-b0f1-ae8d1c62dc7b","2","0","[""MODALITIES_MISSING"",""MODALITY_UNDEMONSTRATED""]"
"cand-62194f74-eac8-5d1c-b1a8-2a630857c674","ex-e1c85547-28ee-5717-84a6-acac2a367857","2","0","[""MODALITIES_MISSING"",""MODALITY_UNDEMONSTRATED""]"
"cand-3f203625-b41e-582b-8813-4c9819985709","ex-c1ccecae-2b00-5dee-b996-cb9c908e1836","2","0","[""MODALITIES_MISSING"",""MODALITY_UNDEMONSTRATED""]"
"cand-13667a6d-8e21-53ee-aace-034e35dd7382","ex-d8f52709-1359-56d9-8f8a-51b086d275d2","2","0","[""MODALITIES_MISSING"",""MODALITY_UNDEMONSTRATED""]"
"cand-c789e569-1e00-5f67-9e66-3775e579f3e9","ex-53b5c835-6111-53ca-bc96-520756048eab","2","1","[""MODALITIES_MISSING"",""MODALITY_UNDEMONSTRATED"",""SYMBOLIC_EQUIVALENCE_NOT_PROVEN""]"
"cand-b94c7e95-e72f-5da5-840f-128aa0fad375","ex-1c080ae1-0ebf-52dd-a5e8-3a3af63960f0","2","1","[""MODALITIES_MISSING"",""MODALITY_UNDEMONSTRATED"",""SYMBOLIC_EQUIVALENCE_NOT_PROVEN""]"
"cand-a6d36200-6df8-59dc-8b04-9243ca12cc62","ex-07ce7514-9cc0-5df3-9427-ca0c5cb71f25","2","1","[""MODALITIES_MISSING"",""MODALITY_UNDEMONSTRATED"",""SYMBOLIC_EQUIVALENCE_NOT_PROVEN""]"
"cand-5ddcfe28-4149-53e5-b89a-1be741713a62","ex-7436ac3e-dbae-56a1-9a78-06d776c4778c","2","0","[""MODALITIES_MISSING"",""MODALITY_UNDEMONSTRATED""]"
"cand-439a07ca-9369-5ebe-a596-e0d5735f7888","ex-9897ba0e-62c8-5a7f-a9fc-8c649b344aee","2","1","[""MODALITIES_MISSING"",""MODALITY_UNDEMONSTRATED"",""SYMBOLIC_EQUIVALENCE_NOT_PROVEN""]"
"cand-6cf2a6d3-de78-50e2-8a61-c1ab35a00216","ex-9ad18279-fa94-5132-9431-f435f589034e","2","1","[""MODALITIES_MISSING"",""MODALITY_UNDEMONSTRATED"",""SYMBOLIC_EQUIVALENCE_NOT_PROVEN""]"
"cand-2e2e08fe-d686-5f2d-a50e-a50e71a238af","ex-1bfc1b5a-dc76-5cbd-b3f9-18ffc621d453","2","1","[""MODALITIES_MISSING"",""MODALITY_UNDEMONSTRATED"",""SYMBOLIC_EQUIVALENCE_NOT_PROVEN""]"
"cand-b3b4d055-d4f1-5011-a1d3-a81b57ead1b9","ex-8488bb50-4416-5eb5-92f7-6990c13fd4bd","2","1","[""MODALITIES_MISSING"",""MODALITY_UNDEMONSTRATED"",""SYMBOLIC_EQUIVALENCE_NOT_PROVEN""]"
"cand-3d2f6a44-dd2d-5c52-85b4-06c593560d3a","ex-7615354c-3f07-575c-b1e9-d18cacacef5c","2","1","[""MODALITIES_MISSING"",""MODALITY_UNDEMONSTRATED"",""SYMBOLIC_EQUIVALENCE_NOT_PROVEN""]"
"cand-e4e8aaa4-ba36-5788-9da5-a13bfe806f7e","ex-2047012e-18da-5faa-82bd-0fc2813dab9c","2","1","[""MODALITIES_MISSING"",""MODALITY_UNDEMONSTRATED"",""SYMBOLIC_EQUIVALENCE_NOT_PROVEN""]"
"cand-f4560a70-ec14-5bf0-a8a4-b65109ddbd1a","ex-5d6d9745-5d13-5a2d-83fc-1ab6e9e3cd01","2","1","[""MODALITIES_MISSING"",""MODALITY_UNDEMONSTRATED"",""SYMBOLIC_EQUIVALENCE_NOT_PROVEN""]"
"cand-317f5f1c-51d4-5780-a8c1-1119d7d96013","ex-d4f3e029-d7c9-53d5-90d1-64e0a184a006","2","1","[""MODALITIES_MISSING"",""MODALITY_UNDEMONSTRATED"",""SYMBOLIC_EQUIVALENCE_NOT_PROVEN""]"
"cand-aa5c39c0-d226-58cd-b921-dc2a84295588","ex-e16474a2-8381-5a24-a5c5-0d06d7d6d230","2","1","[""MODALITIES_MISSING"",""MODALITY_UNDEMONSTRATED"",""SYMBOLIC_EQUIVALENCE_NOT_PROVEN""]"
"cand-97439cd5-d8ca-5c2f-a5b7-376af57bda23","ex-02c563b9-006a-5560-8a7d-7233977c0c3d","2","1","[""MODALITIES_MISSING"",""MODALITY_UNDEMONSTRATED"",""SYMBOLIC_EQUIVALENCE_NOT_PROVEN""]"
"cand-33e312d0-e00b-5e5c-9f87-a1926b1b9d24","ex-0b284ea8-c851-515e-b5dc-d347576c3f7b","2","1","[""MODALITIES_MISSING"",""MODALITY_UNDEMONSTRATED"",""SYMBOLIC_EQUIVALENCE_NOT_PROVEN""]"
"cand-83bddd4c-298f-511e-9c3f-8c47b8a4fca2","ex-510e24f5-2ead-537c-9609-cbeefc38cbcc","2","1","[""MODALITIES_MISSING"",""MODALITY_UNDEMONSTRATED"",""SYMBOLIC_EQUIVALENCE_NOT_PROVEN""]"
"cand-d987ce40-8f6c-5d17-8375-5bd0d17fc8d2","ex-b5f83195-4d2e-5c29-be22-b4b71e20b048","2","0","[""MODALITIES_MISSING"",""MODALITY_UNDEMONSTRATED""]"
"cand-9d761ad9-2149-53c6-b4f8-c5c3962412ab","ex-f5fdc6f3-1cad-5eaa-b3b3-73925a7fd830","2","1","[""MODALITIES_MISSING"",""MODALITY_UNDEMONSTRATED"",""SYMBOLIC_EQUIVALENCE_NOT_PROVEN""]"
"cand-85f9093e-5ca6-5fed-824a-76a79735f817","ex-5fb843fa-6c63-5948-9bef-1c86d50719a0","2","1","[""MODALITIES_MISSING"",""MODALITY_UNDEMONSTRATED"",""SYMBOLIC_EQUIVALENCE_NOT_PROVEN""]"
"cand-d1514124-83da-5621-84af-7cb581ed7930","ex-2545553b-bfc8-51bc-8547-fe422266bf80","2","1","[""MODALITIES_MISSING"",""MODALITY_UNDEMONSTRATED"",""SYMBOLIC_EQUIVALENCE_NOT_PROVEN""]"
"cand-1f51ef89-a8f9-54b4-8cfa-66eafdf00e11","ex-1c935a1e-8e9d-551b-8a9c-3a3b46236419","2","1","[""MODALITIES_MISSING"",""MODALITY_UNDEMONSTRATED"",""SYMBOLIC_EQUIVALENCE_NOT_PROVEN""]"
"cand-c9217049-5311-575a-bbfc-9a7081f1a171","ex-bfd3a719-b2a4-5536-915f-33f95ab94756","2","1","[""MODALITIES_MISSING"",""MODALITY_UNDEMONSTRATED"",""SYMBOLIC_EQUIVALENCE_NOT_PROVEN""]"
"cand-d6824891-ec98-53d3-b336-69d23d267f19","ex-fad7b667-0700-5c1f-a10e-1c8b1b193c83","2","1","[""MODALITIES_MISSING"",""MODALITY_UNDEMONSTRATED"",""SYMBOLIC_EQUIVALENCE_NOT_PROVEN""]"
"cand-27cf668b-f186-50d5-a1ee-ef3ebb37ecd0","ex-f6fa8200-8cf1-57a9-b505-4fa44cf236f4","2","0","[""MODALITIES_MISSING"",""MODALITY_UNDEMONSTRATED""]"
"cand-811cd351-9cc0-56c9-89cf-c6074ecb672d","ex-acd508fa-e193-59a5-9647-fa6404ba3040","2","2","[""CHOICE_MATHEMATICALLY_EQUIVALENT"",""MULTIPLE_CORRECT_EQUIVALENTS"",""REVIEW_FINDINGS_OPEN"",""SOLUTION_REVIEW_REQUIRED""]"
"cand-fbbe4755-88fe-5b0b-ac6b-7f77660add94","ex-22190a5f-3802-576d-a797-85460908cfe1","2","2","[""CHOICE_MATHEMATICALLY_EQUIVALENT"",""MULTIPLE_CORRECT_EQUIVALENTS"",""REVIEW_FINDINGS_OPEN"",""SOLUTION_REVIEW_REQUIRED""]"
"cand-ba115cb2-3d26-5f6c-a249-b80265641803","ex-8b6d0b8b-897d-5313-889d-0f330feee7df","1","1","[""SOLUTION_FINAL_ONLY"",""SOLUTION_REVIEW_REQUIRED""]"
"cand-6c4ea1e0-22c0-5ea6-a5d0-02798aa89658","ex-3d6de777-4432-5574-8919-550ed294cc87","1","1","[""SOLUTION_FINAL_ONLY"",""SOLUTION_REVIEW_REQUIRED""]"
"cand-9c6bfa4e-8a10-53d0-ba15-77af6d993172","ex-d5f394ab-73f0-5b69-9596-b30c3248d618","1","1","[""SOLUTION_FINAL_ONLY"",""SOLUTION_REVIEW_REQUIRED""]"
"cand-af556583-63fe-575e-b4d5-bf488050df2b","ex-b1a790c6-06f5-5582-9225-81a55e27021e","1","1","[""SOLUTION_FINAL_ONLY"",""SOLUTION_REVIEW_REQUIRED""]"
"cand-a24a2cd9-b94a-56c0-88ca-63c5d4bccd81","ex-7a9828f3-b024-583a-8f4b-532c90abdf23","1","1","[""SOLUTION_FINAL_ONLY"",""SOLUTION_REVIEW_REQUIRED""]"
"cand-3320fb3f-2efb-5a44-9b00-f1d8fbe2da20","ex-83d32303-1303-5b2e-a610-4c524e79bbf8","1","2","[""SOLUTION_FINAL_ONLY"",""SOLUTION_REVIEW_REQUIRED"",""SYMBOLIC_EQUIVALENCE_NOT_PROVEN""]"
"cand-28fe2fd5-d42e-5ff6-8d8e-f73cef70dec2","ex-f13a1330-3a36-5157-80d2-249b6bf34ae2","1","2","[""SOLUTION_FINAL_ONLY"",""SOLUTION_REVIEW_REQUIRED"",""SYMBOLIC_EQUIVALENCE_NOT_PROVEN""]"
"cand-d56184ad-4851-54d4-be24-84c8c041787d","ex-d62dd017-0252-5662-9875-f3e70d9ebe1b","1","2","[""SOLUTION_FINAL_ONLY"",""SOLUTION_REVIEW_REQUIRED"",""SYMBOLIC_EQUIVALENCE_NOT_PROVEN""]"
"cand-6da5c4a0-a49b-5905-a844-ae03226236ba","ex-3efe5130-6a34-5bee-ae33-b3228660ff7e","1","1","[""SOLUTION_FINAL_ONLY"",""SOLUTION_REVIEW_REQUIRED""]"
"cand-34f1b76c-8d78-5a41-a6fb-1919c2063a01","ex-47431198-2f59-541f-b168-6fd1b5267e30","1","1","[""SOLUTION_FINAL_ONLY"",""SOLUTION_REVIEW_REQUIRED""]"
"cand-4a50a18c-3cbb-5325-aa72-bf35689e854d","ex-36d81bb3-7ed3-5d10-9478-685b470edfa1","1","1","[""SOLUTION_FINAL_ONLY"",""SOLUTION_REVIEW_REQUIRED""]"
"cand-4c0e3bb0-7dd4-59f2-8412-e28b3ee821f6","ex-f6d1307a-44d6-5bed-92e7-a2db54c54c74","1","1","[""SOLUTION_FINAL_ONLY"",""SOLUTION_REVIEW_REQUIRED""]"
"cand-ad918a6a-1d19-5342-b1c2-d6a932efa7b6","ex-dc88a533-bda1-5394-be9a-46c8fdb4b4e1","1","1","[""SOLUTION_FINAL_ONLY"",""SOLUTION_REVIEW_REQUIRED""]"
"cand-521cb51a-4f0f-509c-aea3-dceb671f3b6c","ex-eb62cf96-baaf-5b5b-854a-15af6a104c24","1","1","[""SOLUTION_FINAL_ONLY"",""SOLUTION_REVIEW_REQUIRED""]"
"cand-6984aa7a-9aef-5ea6-84b8-aa89d9d716bb","ex-28b3847f-9f42-535a-8f30-5c6e9f9c9003","1","1","[""SOLUTION_FINAL_ONLY"",""SOLUTION_REVIEW_REQUIRED""]"
"cand-9cef6c09-7761-5dee-8e00-c6554d208c49","ex-14e8abb5-c1bb-5de8-bff0-5499b57e8f2f","1","1","[""SOLUTION_FINAL_ONLY"",""SOLUTION_REVIEW_REQUIRED""]"
"cand-70e28a33-269e-5616-aac8-5378659a439e","ex-26ebf46e-9358-54cc-8de1-12721be8e48b","1","1","[""SOLUTION_FINAL_ONLY"",""SOLUTION_REVIEW_REQUIRED""]"
"cand-cce35f9d-344d-55cc-a6d2-d6a68fdc218e","ex-5c649932-708f-5048-b5c1-3cc4c630cae3","1","1","[""SOLUTION_FINAL_ONLY"",""SOLUTION_REVIEW_REQUIRED""]"
"cand-e3365ce7-627a-5136-8f45-560a38dfe337","ex-621371ce-8f42-5220-9905-6fcfab38bbb3","1","1","[""SOLUTION_FINAL_ONLY"",""SOLUTION_REVIEW_REQUIRED""]"
"cand-80adc29d-cc5c-5728-b804-98c1986a1602","ex-d4773da5-8213-5c02-8069-57f8cbfeeffd","1","1","[""SOLUTION_FINAL_ONLY"",""SOLUTION_REVIEW_REQUIRED""]"
"cand-1ce90a31-2d43-5827-b233-cb04b86c67d4","ex-cd97f38e-1a17-55cc-b41a-01884b68eb53","1","1","[""SOLUTION_FINAL_ONLY"",""SOLUTION_REVIEW_REQUIRED""]"
"cand-b04dfbf6-4602-5712-a291-48580d8cf879","ex-1c5b90e2-ec98-5b7a-9182-b2cba6713aaa","1","1","[""SOLUTION_FINAL_ONLY"",""SOLUTION_REVIEW_REQUIRED""]"
"cand-e14dd92e-8db1-5642-ba62-0bd7716176d9","ex-2173ac3f-b9d9-5767-8dd6-3d463d7ada7d","1","1","[""SOLUTION_FINAL_ONLY"",""SOLUTION_REVIEW_REQUIRED""]"
"cand-46ba567a-91f8-5051-b2b0-6ca3c82372fe","ex-e5f9b4d7-632e-5f82-894a-4904c52513da","1","1","[""SOLUTION_FINAL_ONLY"",""SOLUTION_REVIEW_REQUIRED""]"
"cand-4604ac0c-d3f9-5733-8b41-5dcb86feccdf","ex-f0944f28-80dc-5209-b0e4-e97450f00992","1","2","[""SOLUTION_FINAL_ONLY"",""SOLUTION_REVIEW_REQUIRED"",""SYMBOLIC_EQUIVALENCE_NOT_PROVEN""]"
"cand-142861d2-fbd4-5c99-b5f1-17bd1c3dbb4b","ex-e819fce3-c37f-5246-93b6-8d1c3bc6cdc3","1","2","[""SOLUTION_FINAL_ONLY"",""SOLUTION_REVIEW_REQUIRED"",""SYMBOLIC_EQUIVALENCE_NOT_PROVEN""]"
"cand-16ebcb9f-9bac-53f1-8ab7-0f7b64af6c7c","ex-c0a1697b-e9ca-5d56-9482-d809ce8d9163","1","2","[""SOLUTION_FINAL_ONLY"",""SOLUTION_REVIEW_REQUIRED"",""SYMBOLIC_EQUIVALENCE_NOT_PROVEN""]"
"cand-f24be02a-eab3-5a21-b9f3-daa93165bfdb","ex-54cebaf4-08e6-57c0-9c41-3d4831c17a75","1","2","[""SOLUTION_FINAL_ONLY"",""SOLUTION_REVIEW_REQUIRED"",""SYMBOLIC_EQUIVALENCE_NOT_PROVEN""]"
"cand-5f311e59-d27b-5eb4-8237-c38695a536ee","ex-d43e4943-d93e-5854-9e36-a1a457dda71a","1","2","[""SOLUTION_FINAL_ONLY"",""SOLUTION_REVIEW_REQUIRED"",""SYMBOLIC_EQUIVALENCE_NOT_PROVEN""]"
"cand-6f32be9a-cc62-54bd-ac1d-8d1bc4d56fcb","ex-f0ac263a-1f3b-5abd-8f49-7852aed0d1b8","1","2","[""SOLUTION_FINAL_ONLY"",""SOLUTION_REVIEW_REQUIRED"",""SYMBOLIC_EQUIVALENCE_NOT_PROVEN""]"
"cand-50196b8e-ede4-5ae7-bc2d-14a2291185ed","ex-a5e10cc9-c926-53d4-91d5-1314764435fd","1","1","[""SOLUTION_FINAL_ONLY"",""SOLUTION_REVIEW_REQUIRED""]"
"cand-8be43237-7501-5072-bf17-c2b0af7a4cef","ex-e62a287e-5203-5fbf-948a-ac9935a8edf6","1","1","[""SOLUTION_FINAL_ONLY"",""SOLUTION_REVIEW_REQUIRED""]"
"cand-64845a3a-64ae-5f2b-aa81-56c91b86f078","ex-0a5a6523-d21a-5646-ba47-7da7eae0bdd2","1","1","[""SOLUTION_FINAL_ONLY"",""SOLUTION_REVIEW_REQUIRED""]"
"cand-214c4c9c-d1d7-5bef-95b7-3268436cb2a7","ex-ad268def-a723-55de-807c-4dd055a648da","1","1","[""SOLUTION_FINAL_ONLY"",""SOLUTION_REVIEW_REQUIRED""]"
"cand-102a80ec-1cb4-5025-b4de-61588c11bdb6","ex-44db4d4a-c748-56e0-aa79-96ea36099cc3","1","1","[""SOLUTION_FINAL_ONLY"",""SOLUTION_REVIEW_REQUIRED""]"
"cand-8f9a0274-5679-5e92-aed0-2025f0ca8a44","ex-83ef4d22-a860-50ce-90ec-57e1ed4abb8a","1","1","[""SOLUTION_FINAL_ONLY"",""SOLUTION_REVIEW_REQUIRED""]"
"cand-cfd40010-3e31-5488-a2f1-5eaa81dc2747","ex-31384579-c66d-5cda-8587-85fd3e65713a","1","1","[""SOLUTION_FINAL_ONLY"",""SOLUTION_REVIEW_REQUIRED""]"
"cand-ddf208cb-c20e-53f8-9275-aed19328f22e","ex-65b37fd9-1c11-594c-ab23-5075b495a67d","1","1","[""SOLUTION_FINAL_ONLY"",""SOLUTION_REVIEW_REQUIRED""]"
"cand-73efbc9f-d461-505c-82c5-f5bfc0aae112","ex-de4ef7ab-8173-5d6f-9cbb-68d6f7134994","1","1","[""SOLUTION_FINAL_ONLY"",""SOLUTION_REVIEW_REQUIRED""]"
"cand-504fc5cb-101a-569a-96f4-e058feef6332","ex-5af0e960-aeff-5023-9c82-e66951cdcdac","1","1","[""SOLUTION_FINAL_ONLY"",""SOLUTION_REVIEW_REQUIRED""]"
"cand-e21a292c-8c25-5b98-a854-7d4b3a261b2a","ex-02ac692b-49b1-5319-a2cd-7d65671cee91","1","1","[""SOLUTION_FINAL_ONLY"",""SOLUTION_REVIEW_REQUIRED""]"
"cand-34891799-98da-5b24-9ae2-a8b0155dc2ef","ex-105a9b12-ac66-583b-a328-0ed256217990","1","1","[""SOLUTION_FINAL_ONLY"",""SOLUTION_REVIEW_REQUIRED""]"
"cand-2b6f7aca-10fa-5f4f-99b9-01ecf5099016","ex-0f980218-0b35-5b87-9c8d-0cb625faa79b","1","1","[""SOLUTION_FINAL_ONLY"",""SOLUTION_REVIEW_REQUIRED""]"
"cand-a81396ed-bc70-59ce-b21d-9db0aebc3a91","ex-0f91f22d-08f6-50dd-aeee-21aad9b6f055","1","1","[""SOLUTION_FINAL_ONLY"",""SOLUTION_REVIEW_REQUIRED""]"
"cand-033950b5-5ec8-53f3-9d4e-fa916d596387","ex-8f434275-1787-58b3-abf1-a1fb075d2bbc","1","1","[""SOLUTION_FINAL_ONLY"",""SOLUTION_REVIEW_REQUIRED""]"
"cand-b471e8c7-7d55-53d8-b8d0-6d06d154ac5d","ex-2d306f11-5901-55d7-b04c-d5a270a136a6","1","1","[""SOLUTION_FINAL_ONLY"",""SOLUTION_REVIEW_REQUIRED""]"
"cand-a464175c-1604-52ff-84c1-5f896ff0478f","ex-59a4ea4e-47cb-5b2f-883c-3174dc77888a","1","1","[""SOLUTION_FINAL_ONLY"",""SOLUTION_REVIEW_REQUIRED""]"
"cand-c877e093-5c4f-5e3e-be2f-0d982f566e50","ex-0909b07f-4fd9-58b6-8a26-256e1e7f6e7b","1","1","[""SOLUTION_FINAL_ONLY"",""SOLUTION_REVIEW_REQUIRED""]"
"cand-3e26aff1-c0d7-5bc7-98bf-fa6fdced4f3e","ex-8578e1d1-b036-5767-8137-e13158aa26e1","1","2","[""SOLUTION_FINAL_ONLY"",""SOLUTION_REVIEW_REQUIRED"",""SYMBOLIC_EQUIVALENCE_NOT_PROVEN""]"
"cand-90578059-5322-57a7-9727-cd50a2fec670","ex-dedd5f52-b296-5659-b6d0-03b707b36d12","1","1","[""SOLUTION_FINAL_ONLY"",""SOLUTION_REVIEW_REQUIRED""]"
"cand-27fb1074-6402-564b-848c-5716f7203008","ex-de71a51f-1bfb-52d3-98c8-3df42ac7df8d","1","1","[""SOLUTION_FINAL_ONLY"",""SOLUTION_REVIEW_REQUIRED""]"
"cand-23c84ae7-3c2c-5b09-ac17-d878d39a7fb9","ex-125c05d3-7b55-5e72-9f5a-562a0d728070","1","2","[""SOLUTION_FINAL_ONLY"",""SOLUTION_REVIEW_REQUIRED"",""SYMBOLIC_EQUIVALENCE_NOT_PROVEN""]"
"cand-4d5178bc-b177-588a-924c-9a28cd3c05ca","ex-c834a8f4-ce8b-5833-a466-af33262be0e4","1","2","[""SOLUTION_FINAL_ONLY"",""SOLUTION_REVIEW_REQUIRED"",""SYMBOLIC_EQUIVALENCE_NOT_PROVEN""]"
"cand-f18e80b0-d79a-5fa8-a6b4-2ddabc3b7f04","ex-1e00893e-0742-515e-8483-78da6e17df4a","1","2","[""SOLUTION_FINAL_ONLY"",""SOLUTION_REVIEW_REQUIRED"",""SYMBOLIC_EQUIVALENCE_NOT_PROVEN""]"
"cand-19ad9afb-dd41-5d81-b636-95cf19561a61","ex-29f4d499-c94e-5b9c-b585-ef104fc42180","1","1","[""SOLUTION_FINAL_ONLY"",""SOLUTION_REVIEW_REQUIRED""]"
"cand-acbc3cb8-4637-5f45-a628-becb1bd91076","ex-24694dbc-1a0c-51c3-8332-5257a4508441","1","1","[""SOLUTION_FINAL_ONLY"",""SOLUTION_REVIEW_REQUIRED""]"
"cand-986dbeb1-0c6b-50a2-b9de-31856acc1a2c","ex-24fc686f-9329-56a6-b9c5-d0604688bcbe","1","1","[""SOLUTION_FINAL_ONLY"",""SOLUTION_REVIEW_REQUIRED""]"
"cand-d1108487-ac4a-5796-b5cc-ca6f00a89bed","ex-8237bee4-3a5d-5d91-bc3c-e93715158d86","1","1","[""SOLUTION_FINAL_ONLY"",""SOLUTION_REVIEW_REQUIRED""]"
"cand-65c11c40-308f-557c-9b64-c74a35aac4d8","ex-0df10457-5eda-5ace-ad6e-a5db6067199f","1","1","[""SOLUTION_FINAL_ONLY"",""SOLUTION_REVIEW_REQUIRED""]"
"cand-75fff7cb-2c75-5f01-8eaa-5bce272eabd7","ex-d5f8577b-7815-557d-8f37-96d80c2e1467","1","1","[""SOLUTION_FINAL_ONLY"",""SOLUTION_REVIEW_REQUIRED""]"
"cand-a084007d-305d-5e64-ab2f-484dcc33fa87","ex-1936d00c-a65e-5f0b-bcbb-e0bec57ab346","1","1","[""SOLUTION_FINAL_ONLY"",""SOLUTION_REVIEW_REQUIRED""]"
"cand-8e53646f-ff83-5799-adab-eb42d6168069","ex-f08de630-91b0-5970-8ac8-4c5839adbbfb","1","1","[""SOLUTION_FINAL_ONLY"",""SOLUTION_REVIEW_REQUIRED""]"
"cand-2e45f386-1fa4-5d29-af3c-2c5aca2cbb47","ex-1338edd3-e689-5159-bcc3-feb306c59ac9","1","1","[""SOLUTION_FINAL_ONLY"",""SOLUTION_REVIEW_REQUIRED""]"
"cand-1104ff21-36a6-5149-9882-204e2b62d2fd","ex-4c8a4ffd-af39-5639-8744-4da1c4a49ffe","1","1","[""SOLUTION_FINAL_ONLY"",""SOLUTION_REVIEW_REQUIRED""]"
"cand-b29adb51-de5c-58d0-886c-0d5513b5b083","ex-fe22e250-354d-570c-a2f9-fecc8d85a41f","1","1","[""SOLUTION_FINAL_ONLY"",""SOLUTION_REVIEW_REQUIRED""]"
"cand-4508fcb4-bb85-5b8b-b42c-1a02a6589d48","ex-c5e06797-d714-538f-8603-3f81d878a75b","1","1","[""SOLUTION_FINAL_ONLY"",""SOLUTION_REVIEW_REQUIRED""]"
"cand-ab9dda6a-25ba-59e6-b9ff-8c0f911e882c","ex-116f9c78-b99f-5db5-a139-f5f6f34eb59e","1","1","[""SOLUTION_FINAL_ONLY"",""SOLUTION_REVIEW_REQUIRED""]"
"cand-361623a9-e6d7-5451-8576-d17c19dd4108","ex-2165b009-45de-54c8-9c1c-89de7b77f900","1","1","[""SOLUTION_FINAL_ONLY"",""SOLUTION_REVIEW_REQUIRED""]"
"cand-eecd2117-c2ca-5ff3-8121-e49b112713fd","ex-8758786c-3c88-5d77-a8c2-1ac404536d60","1","1","[""SOLUTION_FINAL_ONLY"",""SOLUTION_REVIEW_REQUIRED""]"
"cand-05bf6040-7a18-5369-bc19-941b86bf332c","ex-6ba37845-ae78-5394-b001-87eeef305857","1","1","[""SOLUTION_FINAL_ONLY"",""SOLUTION_REVIEW_REQUIRED""]"
"cand-c41a4eba-556f-5ccd-9748-436341eeef20","ex-ce911272-be93-5885-b9d7-8faae642ff91","1","1","[""SOLUTION_FINAL_ONLY"",""SOLUTION_REVIEW_REQUIRED""]"
"cand-950031ab-8351-56b3-8b29-15c44a68fdf5","ex-d8fae1f2-9e50-54d3-b596-3246b55fcd4d","1","1","[""SOLUTION_FINAL_ONLY"",""SOLUTION_REVIEW_REQUIRED""]"
"cand-4cc3ba01-3d87-5caf-8673-03dd3f9cceff","ex-6315911f-775b-5c22-94ca-5ac7d2792ad7","1","1","[""SOLUTION_FINAL_ONLY"",""SOLUTION_REVIEW_REQUIRED""]"
"cand-15dfffab-e6bd-5447-9529-89464aebd406","ex-335d697b-82e2-520d-ae64-3dee51fc46bc","1","1","[""SOLUTION_FINAL_ONLY"",""SOLUTION_REVIEW_REQUIRED""]"
"cand-8f82b9d1-f977-5cf9-8beb-7c16e04d6f13","ex-70cf50ad-8da1-5f69-a7ac-8d0b0e5f7456","1","1","[""SOLUTION_FINAL_ONLY"",""SOLUTION_REVIEW_REQUIRED""]"
"cand-c0abdd12-8959-57fe-bdbc-40243a03b82e","ex-c8800bca-264d-5cf9-b894-3160282c5d12","1","1","[""SOLUTION_FINAL_ONLY"",""SOLUTION_REVIEW_REQUIRED""]"
"cand-9c920844-fd1f-53e7-8a43-fd3f48560207","ex-dd069e0c-e84a-518a-b566-74100372be40","1","1","[""SOLUTION_FINAL_ONLY"",""SOLUTION_REVIEW_REQUIRED""]"
"cand-1f87bbed-995f-52df-922c-1eec24ad075f","ex-8cc1d890-3e2b-5b30-889f-af819db147cc","1","1","[""SOLUTION_FINAL_ONLY"",""SOLUTION_REVIEW_REQUIRED""]"
"cand-a5c97e06-cf3b-57c8-a33e-bc8d69f4de16","ex-9858e5f1-90b6-5b17-8379-ab8a26de89af","1","1","[""SOLUTION_FINAL_ONLY"",""SOLUTION_REVIEW_REQUIRED""]"
"cand-4056b567-6e53-51cf-9449-e69c87b7b95c","ex-3f936e35-0605-5fcb-a7b1-39d5b8d89eb1","1","2","[""SOLUTION_FINAL_ONLY"",""SOLUTION_REVIEW_REQUIRED"",""SYMBOLIC_EQUIVALENCE_NOT_PROVEN""]"
"cand-06cadade-3ead-5dd6-ad1a-46067a9e0add","ex-3462a1f6-8eee-5701-ac99-23293d1bacbb","1","2","[""SOLUTION_FINAL_ONLY"",""SOLUTION_REVIEW_REQUIRED"",""SYMBOLIC_EQUIVALENCE_NOT_PROVEN""]"
"cand-68a03b68-0329-5468-aebb-b8c98782a18b","ex-9026cecd-3dc5-5997-96f5-8c83a50388fa","1","2","[""SOLUTION_FINAL_ONLY"",""SOLUTION_REVIEW_REQUIRED"",""SYMBOLIC_EQUIVALENCE_NOT_PROVEN""]"
"cand-fc838c39-e9d8-573b-a483-c9ffbad99f2c","ex-57ef044b-e7d9-5087-9baa-b4d728f52e82","1","2","[""SOLUTION_FINAL_ONLY"",""SOLUTION_REVIEW_REQUIRED"",""SYMBOLIC_EQUIVALENCE_NOT_PROVEN""]"
"cand-1cb6970c-4981-5ba6-ae35-e6b85de66c2b","ex-3488a3a2-d825-5f81-a174-7a74064d4c3d","1","2","[""SOLUTION_FINAL_ONLY"",""SOLUTION_REVIEW_REQUIRED"",""SYMBOLIC_EQUIVALENCE_NOT_PROVEN""]"
"cand-73e70dc8-454f-5523-98c5-e7400a6aa042","ex-57ab07d9-0f66-5481-bd8c-bb9ecebbc98d","1","2","[""SOLUTION_FINAL_ONLY"",""SOLUTION_REVIEW_REQUIRED"",""SYMBOLIC_EQUIVALENCE_NOT_PROVEN""]"
"cand-e5b8a06b-184f-50aa-9bf6-53397d98c3ad","ex-b124acbf-792c-5bef-bcaa-5a268e49871f","1","1","[""SOLUTION_FINAL_ONLY"",""SOLUTION_REVIEW_REQUIRED""]"
"cand-8ebd75f1-9873-53fb-9572-b63a90d39dce","ex-5365182a-656d-58a0-8963-c483729e6d87","1","3","[""SOLUTION_FINAL_ONLY"",""MATH_REPRESENTATION_UNDECLARED"",""SOLUTION_REVIEW_REQUIRED"",""SYMBOLIC_EQUIVALENCE_NOT_PROVEN""]"
"cand-b27a5c24-6b95-5d3e-a091-3d99bb0dee7e","ex-80b57a6a-42f8-5944-b645-3eb6655b10e7","1","2","[""SOLUTION_FINAL_ONLY"",""SOLUTION_REVIEW_REQUIRED"",""SYMBOLIC_EQUIVALENCE_NOT_PROVEN""]"
"cand-11baef4e-d6e0-5b9e-a6ab-0295fb8a8b68","ex-4b07d36f-032d-5f18-90c0-6c07d060e783","1","2","[""SOLUTION_FINAL_ONLY"",""SOLUTION_REVIEW_REQUIRED"",""SYMBOLIC_EQUIVALENCE_NOT_PROVEN""]"
"cand-2c836fd9-5a11-5c8b-a4a6-ed6b9f3b8ce9","ex-56f6d907-7dfd-5203-afae-b771dcccb896","1","2","[""SOLUTION_FINAL_ONLY"",""SOLUTION_REVIEW_REQUIRED"",""SYMBOLIC_EQUIVALENCE_NOT_PROVEN""]"
"cand-f9c890cf-176b-52aa-b3cd-f41c8f7a2ac7","ex-648805be-cde5-5086-8f7b-275a7dc9fdcb","1","2","[""SOLUTION_FINAL_ONLY"",""SOLUTION_REVIEW_REQUIRED"",""SYMBOLIC_EQUIVALENCE_NOT_PROVEN""]"
"cand-d93c5424-d28c-5bf9-bf5b-9cd83c8df3fa","ex-99b731d1-b0ad-5d53-93b4-109bf05da9a3","1","2","[""SOLUTION_FINAL_ONLY"",""SOLUTION_REVIEW_REQUIRED"",""SYMBOLIC_EQUIVALENCE_NOT_PROVEN""]"
"cand-5144b49f-48f8-59d1-a78a-d877f8dd1dbc","ex-6f85a84a-09fc-5659-9786-e6316bc9d7ce","1","2","[""SOLUTION_FINAL_ONLY"",""SOLUTION_REVIEW_REQUIRED"",""SYMBOLIC_EQUIVALENCE_NOT_PROVEN""]"
"cand-0b87e4ab-ff68-5d86-acd0-b24fa1345f66","ex-3efb778f-2380-595d-9d49-bfab7f80841b","1","2","[""SOLUTION_FINAL_ONLY"",""SOLUTION_REVIEW_REQUIRED"",""SYMBOLIC_EQUIVALENCE_NOT_PROVEN""]"
"cand-220fb867-ff7b-5fca-b6d4-23ad0e31f760","ex-3845a641-b845-5971-a531-5b57a9a56e25","1","2","[""SOLUTION_FINAL_ONLY"",""SOLUTION_REVIEW_REQUIRED"",""SYMBOLIC_EQUIVALENCE_NOT_PROVEN""]"
"cand-108394d3-707e-57d1-914b-fffb9348904e","ex-18451a80-190d-5c19-a0d2-5a3008493016","1","2","[""SOLUTION_FINAL_ONLY"",""SOLUTION_REVIEW_REQUIRED"",""SYMBOLIC_EQUIVALENCE_NOT_PROVEN""]"
"cand-3cef94ff-9f2d-569d-b2dc-4773f530a65f","ex-f9d01a70-1fbb-5c01-bd35-52608440de9d","1","2","[""SOLUTION_FINAL_ONLY"",""SOLUTION_REVIEW_REQUIRED"",""SYMBOLIC_EQUIVALENCE_NOT_PROVEN""]"
"cand-7551c4e2-0bef-5210-8cca-2987391885c8","ex-a0291caa-76ed-5c14-9984-aaddbf99a9c1","1","2","[""SOLUTION_FINAL_ONLY"",""SOLUTION_REVIEW_REQUIRED"",""SYMBOLIC_EQUIVALENCE_NOT_PROVEN""]"
"cand-5d03adf1-3bb4-56e9-8745-242573619591","ex-5e554518-9bef-52c0-a3f4-a528ce1d78bc","1","1","[""SOLUTION_FINAL_ONLY"",""SOLUTION_REVIEW_REQUIRED""]"
"cand-1171b115-1ecd-5c07-b94f-018ab0d0972f","ex-79f158f6-4795-5a08-9ad3-10d5471c77a6","1","1","[""SOLUTION_FINAL_ONLY"",""SOLUTION_REVIEW_REQUIRED""]"
"cand-0aa79c1e-383b-5866-9cf3-1f67774b2f7f","ex-d8d81e85-2e72-5e2f-8fc2-b1ab8a67eb42","1","1","[""SOLUTION_FINAL_ONLY"",""SOLUTION_REVIEW_REQUIRED""]"
"cand-26564a5f-54d8-5d7c-9ca3-f3bcae9232be","ex-22c2116e-95fe-51bb-a805-a40966391058","1","1","[""SOLUTION_FINAL_ONLY"",""SOLUTION_REVIEW_REQUIRED""]"
"cand-809ee0ea-9153-5cf7-8ec2-276b1d677f86","ex-831ab7be-fa1c-59ee-8504-637a8931e438","1","1","[""SOLUTION_FINAL_ONLY"",""SOLUTION_REVIEW_REQUIRED""]"
"cand-d76f687c-880a-55d2-8054-b2906997f340","ex-121adda0-6813-5827-bb7b-2c9099754bc6","1","1","[""SOLUTION_FINAL_ONLY"",""SOLUTION_REVIEW_REQUIRED""]"
"cand-b66017b7-a19a-5953-85d1-e1274afb6712","ex-d2950456-8bb0-5d8c-97d3-ee008aeb7c4a","1","1","[""SOLUTION_FINAL_ONLY"",""SOLUTION_REVIEW_REQUIRED""]"
"cand-bf554081-62bb-5bce-b4d5-5504fcec6ba3","ex-5d069847-2e8f-5274-ac9e-9a74133853a7","1","1","[""SOLUTION_FINAL_ONLY"",""SOLUTION_REVIEW_REQUIRED""]"
"cand-f299258d-6db4-5257-8f41-051024cb36fe","ex-7cc64b4c-c0cd-5d41-8e05-7c5984316fef","1","2","[""SOLUTION_FINAL_ONLY"",""SOLUTION_REVIEW_REQUIRED"",""SYMBOLIC_EQUIVALENCE_NOT_PROVEN""]"
"cand-0b894aca-6838-5867-bd38-b64ce7e171ee","ex-8b28535e-356b-5db8-aa57-a7329db08e09","1","1","[""SOLUTION_FINAL_ONLY"",""SOLUTION_REVIEW_REQUIRED""]"
"cand-e3db2bca-2625-5947-af43-618acf6f18fc","ex-5193c4c1-833f-5866-8f02-144a62760ea5","1","1","[""SOLUTION_FINAL_ONLY"",""SOLUTION_REVIEW_REQUIRED""]"
"cand-0b07638e-6bc3-5a31-96a5-98ee91790e6d","ex-f8eb61ea-c776-597b-a387-8fb348e2b1d9","1","1","[""SOLUTION_FINAL_ONLY"",""SOLUTION_REVIEW_REQUIRED""]"
"cand-4d592a4e-64cf-5f89-83d0-d88f699a7859","ex-5db7f007-cfbd-5ff6-96c2-ab7003f88f0d","1","2","[""SOLUTION_FINAL_ONLY"",""SOLUTION_REVIEW_REQUIRED"",""SYMBOLIC_EQUIVALENCE_NOT_PROVEN""]"
"cand-83a9c5a6-b093-56c1-ad21-3151a8b0f4b1","ex-78996d54-aeb5-51f5-8ca3-e5e85275108c","1","1","[""SOLUTION_FINAL_ONLY"",""SOLUTION_REVIEW_REQUIRED""]"
"cand-8f9c5d16-decb-5c31-9079-0dd546cc187e","ex-3077ab97-8286-5959-9e16-2a8f3568527f","1","2","[""SOLUTION_FINAL_ONLY"",""SOLUTION_REVIEW_REQUIRED"",""SYMBOLIC_EQUIVALENCE_NOT_PROVEN""]"
"cand-bf08d715-8ace-5ab3-962b-366f52bfe82e","ex-9749772f-5f7e-5886-b1b6-60315f523b7c","1","1","[""SOLUTION_FINAL_ONLY"",""SOLUTION_REVIEW_REQUIRED""]"
"cand-6cc836d0-14c3-590d-b09c-ea074e6a9f38","ex-de1ace40-ff97-5c57-bd95-999b72c2b7f8","1","1","[""SOLUTION_FINAL_ONLY"",""SOLUTION_REVIEW_REQUIRED""]"
"cand-22612f8e-8d9e-5731-a0bb-4eeba18e67ce","ex-2f96368e-81b8-5577-adaf-245f7b9795c2","1","2","[""SOLUTION_FINAL_ONLY"",""MATH_REPRESENTATION_UNDECLARED"",""SOLUTION_REVIEW_REQUIRED""]"
"cand-1d986862-874a-50f7-b3a1-afbd6c9a085b","ex-de26ef2d-39df-5af9-84f8-66020e68056d","1","3","[""SOLUTION_FINAL_ONLY"",""MATH_REPRESENTATION_UNDECLARED"",""SOLUTION_REVIEW_REQUIRED"",""SYMBOLIC_EQUIVALENCE_NOT_PROVEN""]"
"cand-df8d563c-cb00-5a43-bd1d-ddaab670b81f","ex-77ef5d5c-b311-5ea8-b9f9-c4d7ecd227e5","1","2","[""SOLUTION_FINAL_ONLY"",""SOLUTION_REVIEW_REQUIRED"",""SYMBOLIC_EQUIVALENCE_NOT_PROVEN""]"
"cand-43954dfc-3196-5759-a0d5-b61756c35a51","ex-3f4904b4-53f2-5a6e-bc29-ebd0d1af9ea8","1","2","[""SOLUTION_FINAL_ONLY"",""SOLUTION_REVIEW_REQUIRED"",""SYMBOLIC_EQUIVALENCE_NOT_PROVEN""]"
"cand-83a3cb64-e444-58db-a0b3-65436aeabc4d","ex-c1d9ee49-c4a5-5025-9490-fd08a63dd02d","1","3","[""SOLUTION_FINAL_ONLY"",""MATH_REPRESENTATION_UNDECLARED"",""SOLUTION_REVIEW_REQUIRED"",""SYMBOLIC_EQUIVALENCE_NOT_PROVEN""]"
"cand-4487f7a2-b86c-5928-baab-18a6bf435f82","ex-32c704dc-7dd0-5ce5-a688-ebd0ba0be1d7","1","2","[""SOLUTION_FINAL_ONLY"",""MATH_REPRESENTATION_UNDECLARED"",""SOLUTION_REVIEW_REQUIRED""]"
"cand-3a5cd469-a58a-5d01-9511-994db8a1ed1d","ex-6e8a9a10-1193-5b23-91e0-f98ad145f732","1","3","[""SOLUTION_FINAL_ONLY"",""MATH_REPRESENTATION_UNDECLARED"",""SOLUTION_REVIEW_REQUIRED"",""SYMBOLIC_EQUIVALENCE_NOT_PROVEN""]"
"cand-01d4be7f-b89b-58c9-a5fc-62bb103cff44","ex-23d847fa-472b-5c66-be30-40b6f273292a","1","1","[""SOLUTION_FINAL_ONLY"",""SOLUTION_REVIEW_REQUIRED""]"
"cand-449c18f0-68d4-5dfe-bd13-04bc6fa67c59","ex-132efbfc-0fb6-51c3-ac8f-9a223b7bafdc","1","2","[""SOLUTION_FINAL_ONLY"",""SOLUTION_REVIEW_REQUIRED"",""SYMBOLIC_EQUIVALENCE_NOT_PROVEN""]"
"cand-d29ea8bc-e993-5d30-9272-bfcb557ea9ae","ex-9724277c-b448-561b-864c-2eba46b7784f","1","2","[""SOLUTION_FINAL_ONLY"",""SOLUTION_REVIEW_REQUIRED"",""SYMBOLIC_EQUIVALENCE_NOT_PROVEN""]"
"cand-7c812c80-feaa-56eb-abfb-1a08484a916a","ex-1347aa64-01ac-5d58-9b13-72f129db29bc","1","2","[""SOLUTION_FINAL_ONLY"",""SOLUTION_REVIEW_REQUIRED"",""SYMBOLIC_EQUIVALENCE_NOT_PROVEN""]"
"cand-96486b8c-b057-50aa-b114-ba76e53ccf86","ex-6183a1f3-2fe3-5bc6-a324-cdd7740f0278","1","2","[""SOLUTION_FINAL_ONLY"",""MATH_REPRESENTATION_UNDECLARED"",""SOLUTION_REVIEW_REQUIRED""]"
"cand-837a2bd0-efba-527c-b5b1-99a8c7708971","ex-656ef8c7-0d07-5849-97d4-0d5f9e49554a","2","0","[""MODALITIES_MISSING"",""MODALITY_UNDEMONSTRATED""]"
"cand-80f0f11f-5d39-57ef-8f85-01bf309d7bb7","ex-8cb48437-1da9-5e72-a54b-137b45514f1d","2","0","[""MODALITIES_MISSING"",""MODALITY_UNDEMONSTRATED""]"
"cand-60c85ebb-c853-5dc4-a56d-afdfb355d2ef","ex-d10c4fb7-0336-5596-8372-6aaed575304b","2","0","[""MODALITIES_MISSING"",""MODALITY_UNDEMONSTRATED""]"
"cand-a8ae47c5-f9d3-5444-95bc-d30dacb50ac8","ex-426c9aec-08d1-530c-b542-0688b2ddec57","2","0","[""MODALITIES_MISSING"",""MODALITY_UNDEMONSTRATED""]"
"cand-feefa710-e176-58e6-a389-716a02af0037","ex-fceaee8b-7f3b-59b4-9c4f-e7ba86c12dd2","2","0","[""MODALITIES_MISSING"",""MODALITY_UNDEMONSTRATED""]"
"cand-72e2849f-ca83-5cce-9832-ba74c957be1e","ex-d752eaaf-5543-5955-9f7a-1c132580f9ae","2","0","[""MODALITIES_MISSING"",""MODALITY_UNDEMONSTRATED""]"
"cand-45211dfd-8120-56da-a980-de6953330442","ex-bcb6579c-f4af-51d1-b8c9-3d0243e69d32","2","0","[""MODALITIES_MISSING"",""MODALITY_UNDEMONSTRATED""]"
"cand-e77799e6-98ba-544c-93da-f2a2aaa2e51d","ex-b8907a38-0120-552c-86e6-f07486a7a8f6","2","0","[""MODALITIES_MISSING"",""MODALITY_UNDEMONSTRATED""]"
"cand-0fa90e06-3113-5786-adf0-0b0d9116ff4d","ex-4bcec3bf-baf8-55e9-aa3b-f1f036c59c6f","2","0","[""MODALITIES_MISSING"",""MODALITY_UNDEMONSTRATED""]"
"cand-e69e3acb-67e6-521c-86b6-d1a84b067395","ex-25c6b310-c275-5278-963f-249fcd8a7787","2","0","[""MODALITIES_MISSING"",""MODALITY_UNDEMONSTRATED""]"
"cand-bc3fa7bc-ce7c-5a06-9a1c-e60bdb1ffd50","ex-192dbb00-3f09-5c95-bf20-55ce4e31a3ab","2","1","[""MODALITIES_MISSING"",""MODALITY_UNDEMONSTRATED"",""MATH_REPRESENTATION_UNDECLARED""]"
"cand-24d70236-ba86-5392-9dba-4229098a028f","ex-cfb82162-d832-5c30-b127-73af7ce41f0b","2","1","[""MODALITIES_MISSING"",""MODALITY_UNDEMONSTRATED"",""SYMBOLIC_EQUIVALENCE_NOT_PROVEN""]"
"cand-cfce8029-7a42-530e-9821-42675b696fd5","ex-05fdf350-a121-566f-bdde-f1fdf6617e14","2","1","[""MODALITIES_MISSING"",""MODALITY_UNDEMONSTRATED"",""SYMBOLIC_EQUIVALENCE_NOT_PROVEN""]"
"cand-64720c6a-1ec5-5990-8f70-d001261960a5","ex-ee98757c-377e-51ea-a770-9ebe2fb18a52","2","1","[""MODALITIES_MISSING"",""MODALITY_UNDEMONSTRATED"",""MATH_REPRESENTATION_UNDECLARED""]"
"cand-eef134b5-560c-58f7-b8a0-4e888f21ac86","ex-4c278f33-b961-556e-bbde-23283fa74d55","2","1","[""MODALITIES_MISSING"",""MODALITY_UNDEMONSTRATED"",""SYMBOLIC_EQUIVALENCE_NOT_PROVEN""]"
"cand-2a6b3d5e-e493-54fc-ae50-92f0bbdccaaa","ex-3d196f2b-de62-5e6b-ae2d-cb5b7059a941","2","1","[""MODALITIES_MISSING"",""MODALITY_UNDEMONSTRATED"",""SYMBOLIC_EQUIVALENCE_NOT_PROVEN""]"
"cand-3ef8b7e4-90c4-5559-81c3-d157a8a3d520","ex-9cbacd0e-beec-5d7c-800f-be2d917afd6c","2","1","[""MODALITIES_MISSING"",""MODALITY_UNDEMONSTRATED"",""MATH_REPRESENTATION_UNDECLARED""]"
"cand-64c28519-35e3-5560-a305-3677ab15054a","ex-e6e6642c-2536-570a-aadf-7ccce61c9ad1","2","1","[""MODALITIES_MISSING"",""MODALITY_UNDEMONSTRATED"",""SYMBOLIC_EQUIVALENCE_NOT_PROVEN""]"
"cand-67819209-3276-5a09-b508-338b647f504a","ex-3b0d2fb4-2172-551b-ab27-16ba985d7535","2","1","[""MODALITIES_MISSING"",""MODALITY_UNDEMONSTRATED"",""MATH_REPRESENTATION_UNDECLARED""]"
"cand-dd4b8d82-5351-538a-8623-8532832ef9ad","ex-0c2895be-8a5c-5a88-af99-fd631875782b","2","1","[""MODALITIES_MISSING"",""MODALITY_UNDEMONSTRATED"",""SYMBOLIC_EQUIVALENCE_NOT_PROVEN""]"
"cand-56ab9926-93c7-551b-ae61-cea60adb92a1","ex-92756032-4cb8-5563-a2db-fa8e0f567719","2","1","[""MODALITIES_MISSING"",""MODALITY_UNDEMONSTRATED"",""MATH_REPRESENTATION_UNDECLARED""]"
"cand-7d22389d-943f-5941-bec5-57a9a423906d","ex-e6c07876-f984-552d-84f4-784327971585","2","1","[""MODALITIES_MISSING"",""MODALITY_UNDEMONSTRATED"",""SYMBOLIC_EQUIVALENCE_NOT_PROVEN""]"
"cand-d9dc93a5-4088-5ec0-a271-3517c7c36dac","ex-dad4b703-cb3b-5e86-a81b-1431dca3dba5","2","1","[""MODALITIES_MISSING"",""MODALITY_UNDEMONSTRATED"",""MATH_REPRESENTATION_UNDECLARED""]"
"cand-3b9b652d-2ca9-5455-bde2-ec2640b0d113","ex-1c99361c-a4ab-51e2-9ee7-fe6b49081c44","2","1","[""MODALITIES_MISSING"",""MODALITY_UNDEMONSTRATED"",""MATH_REPRESENTATION_UNDECLARED""]"
"cand-6dce4a8f-dd94-5a3a-9c9e-fe4f5c96b85a","ex-6605a428-03bc-5aa6-977d-e150792c58ce","2","1","[""MODALITIES_MISSING"",""MODALITY_UNDEMONSTRATED"",""SYMBOLIC_EQUIVALENCE_NOT_PROVEN""]"
"cand-f2004a5e-a61f-5fa6-8fe1-d46b869ab957","ex-4ab15b2f-c116-5450-97ce-54d7350d3545","2","1","[""MODALITIES_MISSING"",""MODALITY_UNDEMONSTRATED"",""MATH_REPRESENTATION_UNDECLARED""]"
"cand-a2b21a43-2d9f-593f-836f-9e49ce73dee0","ex-a4ce233c-11c0-5008-a462-f066be3e3ba9","2","1","[""MODALITIES_MISSING"",""MODALITY_UNDEMONSTRATED"",""MATH_REPRESENTATION_UNDECLARED""]"
"cand-a00d3b09-4f67-5e80-9093-48b5eb398c9c","ex-2aff8f25-5bf7-55f0-83ed-1f6f7c13f3fb","2","1","[""MODALITIES_MISSING"",""MODALITY_UNDEMONSTRATED"",""SYMBOLIC_EQUIVALENCE_NOT_PROVEN""]"
"cand-f4df73c1-fdb6-50f1-a7c7-f488a8b6351d","ex-c0094a6a-4121-5ace-9569-40ccfccb2545","2","1","[""MODALITIES_MISSING"",""MODALITY_UNDEMONSTRATED"",""MATH_REPRESENTATION_UNDECLARED""]"
"cand-6229002f-43fb-54e6-9996-ea447b30f8e3","ex-100e93d5-76cd-5736-9c14-a12a363ee4f9","2","1","[""MODALITIES_MISSING"",""MODALITY_UNDEMONSTRATED"",""SYMBOLIC_EQUIVALENCE_NOT_PROVEN""]"
"cand-9f3ac1b9-48ec-51c6-a097-b1119090f3a7","ex-ad1b7d6c-8018-5c5b-969e-2bb19247d774","2","2","[""MODALITIES_MISSING"",""MODALITY_UNDEMONSTRATED"",""MATH_REPRESENTATION_UNDECLARED"",""SYMBOLIC_EQUIVALENCE_NOT_PROVEN""]"
"cand-19172b7d-82e5-53b6-a540-9dfb3ff76429","ex-48617cf6-4e38-502f-b0d7-eb906b828a56","2","1","[""MODALITIES_MISSING"",""MODALITY_UNDEMONSTRATED"",""MATH_REPRESENTATION_UNDECLARED""]"
"cand-064f6247-f588-50fe-91b3-e534a964f112","ex-f7ca3c0e-6189-5b72-b46d-57cd6cc2336e","2","1","[""MODALITIES_MISSING"",""MODALITY_UNDEMONSTRATED"",""MATH_REPRESENTATION_UNDECLARED""]"
"cand-8b0352e7-32ed-5a74-bbf9-ebc8370d367d","ex-57e86b54-eb5d-54aa-9411-f5b70c324c3d","2","2","[""MODALITIES_MISSING"",""MODALITY_UNDEMONSTRATED"",""MATH_REPRESENTATION_UNDECLARED"",""SYMBOLIC_EQUIVALENCE_NOT_PROVEN""]"
"cand-474ded23-73f3-5423-8657-76ca72f83513","ex-bcbb90ce-3801-5850-9314-9083b042abca","2","1","[""MODALITIES_MISSING"",""MODALITY_UNDEMONSTRATED"",""SYMBOLIC_EQUIVALENCE_NOT_PROVEN""]"
"cand-f859d0ed-f4e1-5c14-b243-cb010eba12e4","ex-d9dd61b7-2a9d-57f2-b276-cb74d7b8e557","2","1","[""MODALITIES_MISSING"",""MODALITY_UNDEMONSTRATED"",""SYMBOLIC_EQUIVALENCE_NOT_PROVEN""]"
"cand-5b1b880e-affe-5380-a7ea-265acfc79728","ex-0da20e15-c251-5435-b247-6ab3d20f2f35","2","1","[""MODALITIES_MISSING"",""MODALITY_UNDEMONSTRATED"",""MATH_REPRESENTATION_UNDECLARED""]"
"cand-94bd15ec-1389-543c-bbef-c5a7773adc2a","ex-11a89325-0215-57f2-8eb8-10e36ae0366b","2","2","[""MODALITIES_MISSING"",""MODALITY_UNDEMONSTRATED"",""MATH_REPRESENTATION_UNDECLARED"",""SYMBOLIC_EQUIVALENCE_NOT_PROVEN""]"
"cand-0dc48883-bcf3-5271-95eb-b240582b9ab2","ex-4c87fa83-a218-5aa8-9a86-b056c8e84090","2","2","[""MODALITIES_MISSING"",""MODALITY_UNDEMONSTRATED"",""MATH_REPRESENTATION_UNDECLARED"",""SYMBOLIC_EQUIVALENCE_NOT_PROVEN""]"
"cand-c68d3544-8f9b-5e6e-b390-c3a1ac276dfb","ex-cd3a3590-4009-5d8b-882b-195054d24562","2","2","[""MODALITIES_MISSING"",""MODALITY_UNDEMONSTRATED"",""MATH_REPRESENTATION_UNDECLARED"",""SYMBOLIC_EQUIVALENCE_NOT_PROVEN""]"
"cand-03933822-7dc8-595b-919c-653c7fe39910","ex-c5db1cc2-e0e0-523a-bd0d-71ab3661b491","2","1","[""MODALITIES_MISSING"",""MODALITY_UNDEMONSTRATED"",""SYMBOLIC_EQUIVALENCE_NOT_PROVEN""]"
"cand-fbbdbf16-124d-57b1-a027-ecab5424e285","ex-a5ac01e2-65e6-510c-b2e4-a34699c5f5c4","2","1","[""MODALITIES_MISSING"",""MODALITY_UNDEMONSTRATED"",""MATH_REPRESENTATION_UNDECLARED""]"
"cand-ea4d6855-fbea-5bb1-9c6f-5547533ba77e","ex-b3983ca3-e776-5188-ab6e-a629b98b8a08","2","1","[""MODALITIES_MISSING"",""MODALITY_UNDEMONSTRATED"",""SYMBOLIC_EQUIVALENCE_NOT_PROVEN""]"
"cand-b6d01afd-d6a2-5e76-bc6f-8ab8eb7ebf45","ex-b82aa7e5-a76f-54cd-9726-377568addb67","2","1","[""MODALITIES_MISSING"",""MODALITY_UNDEMONSTRATED"",""SYMBOLIC_EQUIVALENCE_NOT_PROVEN""]"
"cand-801bb707-ecdc-5f13-bc3a-9bbdef476283","ex-bab81163-42b8-5bfc-827a-bb6a4f0c4a06","2","2","[""MODALITIES_MISSING"",""MODALITY_UNDEMONSTRATED"",""MATH_REPRESENTATION_UNDECLARED"",""SYMBOLIC_EQUIVALENCE_NOT_PROVEN""]"
"cand-0b96d008-c1bb-5b3c-b0c9-1f1cac583d0e","ex-88f04f51-5336-5e64-943e-296f2ddd1334","2","1","[""MODALITIES_MISSING"",""MODALITY_UNDEMONSTRATED"",""SYMBOLIC_EQUIVALENCE_NOT_PROVEN""]"
"cand-ef764d47-1139-5de9-b482-c9493e5816de","ex-20a11b1e-c9ad-5d2f-aeb2-b19c8afd443a","2","1","[""MODALITIES_MISSING"",""MODALITY_UNDEMONSTRATED"",""MATH_REPRESENTATION_UNDECLARED""]"
"cand-9bfeeb65-13ae-54de-85bc-06f063bb06d8","ex-6707697c-8c1b-5f39-b47e-44120d588e7c","2","0","[""MODALITIES_MISSING"",""MODALITY_UNDEMONSTRATED""]"
"cand-4c6f9c8f-136e-5bb4-91bc-20ad0168743a","ex-99420580-96f2-5cc2-b4a7-d4acea85f10c","2","0","[""MODALITIES_MISSING"",""MODALITY_UNDEMONSTRATED""]"
"cand-12694c4e-7215-5b6e-8d06-02bbb33f3d0b","ex-e285fc08-0e2c-5036-9bb4-b6af1cd9e668","2","0","[""MODALITIES_MISSING"",""MODALITY_UNDEMONSTRATED""]"
"cand-e18a5324-c2da-53b7-bb17-e5e24648a77c","ex-f1e6f090-6a14-5c71-a41d-6987e7bdadbc","2","1","[""MODALITIES_MISSING"",""MODALITY_UNDEMONSTRATED"",""SYMBOLIC_EQUIVALENCE_NOT_PROVEN""]"
"cand-6537f4a3-68c4-5496-808f-26f2876d02dc","ex-e9d341c8-c754-53e6-8021-81925fe33b8a","2","0","[""MODALITIES_MISSING"",""MODALITY_UNDEMONSTRATED""]"
"cand-64b7c188-a6e1-5985-ba93-c9886f97f436","ex-0a3d35d0-e66c-5dea-b677-ef70f8485d54","2","1","[""MODALITIES_MISSING"",""MODALITY_UNDEMONSTRATED"",""SYMBOLIC_EQUIVALENCE_NOT_PROVEN""]"
"cand-4f906ebb-1e7d-5dd5-ac33-63f8d52438c8","ex-dbc70542-0301-5773-81d2-e91a45be57f9","2","1","[""MODALITIES_MISSING"",""MODALITY_UNDEMONSTRATED"",""SYMBOLIC_EQUIVALENCE_NOT_PROVEN""]"
"cand-5e4b9cfa-63bc-565d-b857-952b6e811196","ex-24d801b0-1896-5934-a285-5f581cd8cc22","2","0","[""MODALITIES_MISSING"",""MODALITY_UNDEMONSTRATED""]"
"cand-277ca683-ccf1-5c23-a426-ba93a8ae055b","ex-dc212ed0-7a4f-509d-95bb-e633a54a5c33","2","1","[""MODALITIES_MISSING"",""MODALITY_UNDEMONSTRATED"",""SOLUTION_DEVELOPMENT_INSUFFICIENT""]"
"cand-d31931af-f184-55ab-89a2-c93d51edece2","ex-65f5859d-fe1d-535a-bc73-f384ca79b31e","2","0","[""MODALITIES_MISSING"",""MODALITY_UNDEMONSTRATED""]"
"cand-ba86297d-643b-5470-8ccc-e167b03431da","ex-07bba40c-470a-5ccd-8d9b-692f56da363f","2","1","[""MODALITIES_MISSING"",""MODALITY_UNDEMONSTRATED"",""MATH_REPRESENTATION_UNDECLARED""]"
"cand-342b2746-5421-5a6a-8515-6b9fde576a63","ex-d18ed426-1cff-5c0d-9b42-ed3e1e5ca3cc","2","1","[""MODALITIES_MISSING"",""MODALITY_UNDEMONSTRATED"",""SYMBOLIC_EQUIVALENCE_NOT_PROVEN""]"
"cand-5aeabb39-f05f-5b86-954e-eaad5ada8b61","ex-953e2b0d-6608-5942-bccf-d4b175ca4404","2","1","[""MODALITIES_MISSING"",""MODALITY_UNDEMONSTRATED"",""SOLUTION_DEVELOPMENT_INSUFFICIENT""]"
"cand-1f3d4e75-015d-56fe-a90e-46630e19f04c","ex-6d275b94-a006-5a97-8fe5-f25d1faa370c","2","1","[""MODALITIES_MISSING"",""MODALITY_UNDEMONSTRATED"",""SOLUTION_DEVELOPMENT_INSUFFICIENT""]"
"cand-f5a20674-cdfc-5a0a-8217-34a9fbca2cc9","ex-f27e2121-40e3-5f84-91c5-8d30126a51ac","2","0","[""MODALITIES_MISSING"",""MODALITY_UNDEMONSTRATED""]"
"cand-065c0cf8-2556-51c5-8b02-c730e4712845","ex-5615f7d6-0098-5e8e-801d-d3e527c41826","2","1","[""MODALITIES_MISSING"",""MODALITY_UNDEMONSTRATED"",""SOLUTION_DEVELOPMENT_INSUFFICIENT""]"
"cand-b58aa0f6-9989-5522-8484-b1bec252fd3e","ex-3d5423f1-bc63-5d96-8a17-acca9b0e879f","2","1","[""MODALITIES_MISSING"",""MODALITY_UNDEMONSTRATED"",""SYMBOLIC_EQUIVALENCE_NOT_PROVEN""]"
"cand-43c4d258-93c5-5523-92e6-52509ee8570e","ex-a3996442-df90-595c-a54f-303496742e7e","2","1","[""MODALITIES_MISSING"",""MODALITY_UNDEMONSTRATED"",""SYMBOLIC_EQUIVALENCE_NOT_PROVEN""]"
"cand-ad68b0df-662f-519b-85e2-500f14f81454","ex-a8c4bbef-c583-5845-a1a3-00c3eac0a154","2","1","[""MODALITIES_MISSING"",""MODALITY_UNDEMONSTRATED"",""SOLUTION_DEVELOPMENT_INSUFFICIENT""]"
"cand-2d303821-db85-5f22-b9d7-2f9310d72ab2","ex-824a19ab-4f53-5401-83b8-f19bd9df403b","2","0","[""MODALITIES_MISSING"",""MODALITY_UNDEMONSTRATED""]"
"cand-f0f2e31f-27f4-5564-8344-9b4bbf8cc28a","ex-16566d3a-0792-5afe-8655-c84fff9b8edb","2","1","[""MODALITIES_MISSING"",""MODALITY_UNDEMONSTRATED"",""SYMBOLIC_EQUIVALENCE_NOT_PROVEN""]"
"cand-1b5f94fd-4f07-5d27-8bd8-efc4c9b95c9a","ex-82caf542-7ba4-5c72-9bf5-6b761e4f767e","2","1","[""MODALITIES_MISSING"",""MODALITY_UNDEMONSTRATED"",""SOLUTION_DEVELOPMENT_INSUFFICIENT""]"
"cand-5e55f77e-d5ae-5ca3-a469-ff4da81ea662","ex-121d2836-7876-5ec8-88a7-7c8ac4fa8863","2","0","[""MODALITIES_MISSING"",""MODALITY_UNDEMONSTRATED""]"
"cand-f7aa8ed8-7bb5-50b5-b0de-b894b8ac3915","ex-31cc96d0-cd05-5258-8b70-f976d2b97b78","2","0","[""MODALITIES_MISSING"",""MODALITY_UNDEMONSTRATED""]"
"cand-2156238a-e36d-5a20-8846-117e1d452bfa","ex-27b195be-f598-562c-ab24-8db83b766bc9","2","1","[""MODALITIES_MISSING"",""MODALITY_UNDEMONSTRATED"",""SOLUTION_DEVELOPMENT_INSUFFICIENT""]"
"cand-d21f6c88-32fa-500a-805e-5976276b7f0f","ex-b45f590d-9062-5dfa-96f7-68c42d30139f","2","0","[""MODALITIES_MISSING"",""MODALITY_UNDEMONSTRATED""]"
"cand-7ec8f5f2-f83e-5630-8215-cdebe6683b16","ex-63415318-d46d-5489-9900-823b9db6aa2c","2","0","[""MODALITIES_MISSING"",""MODALITY_UNDEMONSTRATED""]"
"cand-a5a46105-e565-5b2f-b13c-30c3bd49dfe2","ex-10f0f819-c95d-5e38-bfae-71e7f2537aa0","2","0","[""MODALITIES_MISSING"",""MODALITY_UNDEMONSTRATED""]"
"cand-9819a500-77ff-5b95-b9df-8c7a8086a8dc","ex-931bb721-69bd-5e70-908a-70ee699ef6f0","2","1","[""MODALITIES_MISSING"",""MODALITY_UNDEMONSTRATED"",""SYMBOLIC_EQUIVALENCE_NOT_PROVEN""]"
"cand-21fb080a-9c2b-578a-bd44-8f14446dfd0f","ex-53918976-031f-5d23-a390-1242402bb007","2","0","[""MODALITIES_MISSING"",""MODALITY_UNDEMONSTRATED""]"
"cand-8a3d58d1-a722-5ad8-80b2-7dc3b9b8744a","ex-4feb9d74-36ff-5f8a-a52f-315ac34f820e","2","0","[""MODALITIES_MISSING"",""MODALITY_UNDEMONSTRATED""]"
"cand-f44820fb-884d-512a-b7bc-5999e19a0d82","ex-b7b00423-438e-5c51-a7c4-ec5b7fa32797","2","0","[""MODALITIES_MISSING"",""MODALITY_UNDEMONSTRATED""]"
"cand-fa5e9208-a0cb-5b3f-8aa4-68e590a785f4","ex-2b3fd77a-9c90-5a7c-b928-119952076208","2","1","[""MODALITIES_MISSING"",""MODALITY_UNDEMONSTRATED"",""SOLUTION_DEVELOPMENT_INSUFFICIENT""]"
"cand-9692b22b-4c11-5eb7-8c58-0daa1076e6ca","ex-bc47d3c7-d099-5b8c-8a42-dff752f2022c","5","6","[""ANSWER_CONFLICT"",""ANSWER_MISSING"",""COURSE_CONFLICT"",""SOLUTION_CONFLICT"",""SOLUTION_MISSING"",""OPTIONS_VARIANTS"",""REVIEW_FINDINGS_OPEN"",""SOLUTION_REVIEW_REQUIRED"",""STATEMENT_VARIANTS"",""SYMBOLIC_EQUIVALENCE_NOT_PROVEN"",""TOPIC_VARIANTS""]"
"cand-e95b7a5e-d5d0-5a0e-938d-c7a788969f2b","ex-41742c22-25c4-55a9-83d2-b592a0687c55","4","5","[""ANSWER_CONFLICT"",""ANSWER_MISSING"",""SOLUTION_CONFLICT"",""SOLUTION_MISSING"",""OPTIONS_VARIANTS"",""SOLUTION_REVIEW_REQUIRED"",""STATEMENT_VARIANTS"",""SYMBOLIC_EQUIVALENCE_NOT_PROVEN"",""TOPIC_VARIANTS""]"
"cand-99791f31-eda9-59bb-8f7c-5f9f9430db10","ex-cebd1d74-8b32-5582-bb83-f94506a9687c","4","5","[""ANSWER_CONFLICT"",""ANSWER_MISSING"",""SOLUTION_CONFLICT"",""SOLUTION_MISSING"",""OPTIONS_VARIANTS"",""SOLUTION_REVIEW_REQUIRED"",""STATEMENT_VARIANTS"",""SYMBOLIC_EQUIVALENCE_NOT_PROVEN"",""TOPIC_VARIANTS""]"
"cand-ca723146-f9c4-50d3-9abb-eca87e8d1f0d","ex-766c5867-4761-5231-9e8e-043431d07994","4","5","[""ANSWER_CONFLICT"",""ANSWER_MISSING"",""SOLUTION_CONFLICT"",""SOLUTION_MISSING"",""OPTIONS_VARIANTS"",""SOLUTION_REVIEW_REQUIRED"",""STATEMENT_VARIANTS"",""SYMBOLIC_EQUIVALENCE_NOT_PROVEN"",""TOPIC_VARIANTS""]"
"cand-02deba35-8cef-5faa-b8f1-ee1965345a0b","ex-1891b41c-0ee9-57fd-8ce7-913ea6cbe128","6","5","[""ANSWER_CONFLICT"",""ANSWER_MISSING"",""MODALITIES_MISSING"",""MODALITY_UNDEMONSTRATED"",""SOLUTION_CONFLICT"",""SOLUTION_MISSING"",""OPTIONS_VARIANTS"",""SOLUTION_REVIEW_REQUIRED"",""STATEMENT_VARIANTS"",""SYMBOLIC_EQUIVALENCE_NOT_PROVEN"",""TOPIC_VARIANTS""]"
"cand-4986eb4e-3e0e-5071-aa43-aee2729f5cf6","ex-59d0b450-4a37-504a-bd79-b60c98eaa898","4","5","[""ANSWER_CONFLICT"",""ANSWER_MISSING"",""SOLUTION_CONFLICT"",""SOLUTION_MISSING"",""OPTIONS_VARIANTS"",""SOLUTION_REVIEW_REQUIRED"",""STATEMENT_VARIANTS"",""SYMBOLIC_EQUIVALENCE_NOT_PROVEN"",""TOPIC_VARIANTS""]"
"cand-c309a309-7c80-5291-8db0-cc97c1174031","ex-19d88f5f-9ec7-56fa-9402-d9c2b4122436","4","5","[""ANSWER_CONFLICT"",""ANSWER_MISSING"",""SOLUTION_CONFLICT"",""SOLUTION_MISSING"",""OPTIONS_VARIANTS"",""SOLUTION_REVIEW_REQUIRED"",""STATEMENT_VARIANTS"",""SYMBOLIC_EQUIVALENCE_NOT_PROVEN"",""TOPIC_VARIANTS""]"
"cand-ce63b472-64c4-5662-962f-330f814ea27e","ex-6bf717c2-d388-5c11-af48-5699922fca38","4","5","[""ANSWER_CONFLICT"",""ANSWER_MISSING"",""SOLUTION_CONFLICT"",""SOLUTION_MISSING"",""OPTIONS_VARIANTS"",""SOLUTION_REVIEW_REQUIRED"",""STATEMENT_VARIANTS"",""SYMBOLIC_EQUIVALENCE_NOT_PROVEN"",""TOPIC_VARIANTS""]"
"cand-743499e8-1d51-5692-b0e5-d492a4fa549e","ex-87ee325e-c5ae-5993-a897-0105acb0288d","6","5","[""ANSWER_CONFLICT"",""ANSWER_MISSING"",""MODALITIES_MISSING"",""MODALITY_UNDEMONSTRATED"",""SOLUTION_CONFLICT"",""SOLUTION_MISSING"",""OPTIONS_VARIANTS"",""SOLUTION_REVIEW_REQUIRED"",""STATEMENT_VARIANTS"",""SYMBOLIC_EQUIVALENCE_NOT_PROVEN"",""TOPIC_VARIANTS""]"
"cand-2ca34099-8686-591a-b3c8-d8fcda2fa672","ex-66f37c6d-8865-56ef-877a-67f49e0fc008","6","5","[""ANSWER_CONFLICT"",""ANSWER_MISSING"",""MODALITIES_MISSING"",""MODALITY_UNDEMONSTRATED"",""SOLUTION_CONFLICT"",""SOLUTION_MISSING"",""OPTIONS_VARIANTS"",""SOLUTION_REVIEW_REQUIRED"",""STATEMENT_VARIANTS"",""SYMBOLIC_EQUIVALENCE_NOT_PROVEN"",""TOPIC_VARIANTS""]"
"cand-39934fe1-3237-5ce8-8116-b96d8b96b4e7","ex-917b643b-1879-57c5-98cc-a07bf01065ad","4","5","[""ANSWER_CONFLICT"",""ANSWER_MISSING"",""SOLUTION_CONFLICT"",""SOLUTION_MISSING"",""OPTIONS_VARIANTS"",""SOLUTION_REVIEW_REQUIRED"",""STATEMENT_VARIANTS"",""SYMBOLIC_EQUIVALENCE_NOT_PROVEN"",""TOPIC_VARIANTS""]"
"cand-9a38d9c6-0b5c-57e6-a0e3-a2667d8b166e","ex-711432ab-79b0-50db-9cd4-9c272c299ae8","4","2","[""COMMUNITY_UNMAPPED"",""MODALITIES_MISSING"",""MODALITY_UNDEMONSTRATED"",""PAU_COMMUNITY_MISSING"",""PAU_DETAIL_INCOMPLETE"",""PAU_MODALITY_UNDECLARED""]"
"cand-bf9a1b54-ad4f-5b62-bbe9-e7ef3a95c700","ex-35598b18-98de-5cb2-93e9-635b570e1f50","4","2","[""COMMUNITY_UNMAPPED"",""MODALITIES_MISSING"",""MODALITY_UNDEMONSTRATED"",""PAU_COMMUNITY_MISSING"",""PAU_DETAIL_INCOMPLETE"",""PAU_MODALITY_UNDECLARED""]"
"cand-a925762c-31ec-568f-b083-9b53a1604ee5","ex-1430d579-5322-52e3-94fd-8d1e3e7af681","4","2","[""COMMUNITY_UNMAPPED"",""MODALITIES_MISSING"",""MODALITY_UNDEMONSTRATED"",""PAU_COMMUNITY_MISSING"",""PAU_DETAIL_INCOMPLETE"",""PAU_MODALITY_UNDECLARED""]"
"cand-333cc888-5b01-5ba6-943e-c5023b34b3cc","ex-2ff0f61e-8585-5c24-a5bf-4b3f8d4d1fd0","4","3","[""COMMUNITY_UNMAPPED"",""MODALITIES_MISSING"",""MODALITY_UNDEMONSTRATED"",""PAU_COMMUNITY_MISSING"",""PAU_DETAIL_INCOMPLETE"",""PAU_MODALITY_UNDECLARED"",""SOLUTION_DEVELOPMENT_INSUFFICIENT""]"
"cand-443e2f8e-772a-563e-b6aa-d2d17e1c1bc0","ex-267d77a6-b0e6-52f8-8ae4-aa204ad9f59f","4","2","[""COMMUNITY_UNMAPPED"",""MODALITIES_MISSING"",""MODALITY_UNDEMONSTRATED"",""PAU_COMMUNITY_MISSING"",""PAU_DETAIL_INCOMPLETE"",""PAU_MODALITY_UNDECLARED""]"
"cand-356aac65-eed7-5193-a372-14b563939490","ex-6f7feca2-0ae0-50e3-8f38-d3aebc58c378","4","3","[""COMMUNITY_UNMAPPED"",""MODALITIES_MISSING"",""MODALITY_UNDEMONSTRATED"",""PAU_COMMUNITY_MISSING"",""PAU_DETAIL_INCOMPLETE"",""PAU_MODALITY_UNDECLARED"",""SOLUTION_DEVELOPMENT_INSUFFICIENT""]"
"cand-1449b272-81d1-5e56-9874-eb17db5c522b","ex-7d13c105-2c5b-5011-bcbc-aee2818191a1","4","2","[""COMMUNITY_UNMAPPED"",""MODALITIES_MISSING"",""MODALITY_UNDEMONSTRATED"",""PAU_COMMUNITY_MISSING"",""PAU_DETAIL_INCOMPLETE"",""PAU_MODALITY_UNDECLARED""]"
"cand-76903010-ad9b-526b-a3b6-a68f62238f44","ex-a8d4ff6c-4507-551d-8ec5-96029d698bdb","4","2","[""COMMUNITY_UNMAPPED"",""MODALITIES_MISSING"",""MODALITY_UNDEMONSTRATED"",""PAU_COMMUNITY_MISSING"",""PAU_DETAIL_INCOMPLETE"",""PAU_MODALITY_UNDECLARED""]"
"cand-cc8ea3ba-dfbd-5972-b836-9dc16b8fe655","ex-ef44b361-bb08-5ee4-9ef4-dfe2dc5a3efe","4","2","[""COMMUNITY_UNMAPPED"",""MODALITIES_MISSING"",""MODALITY_UNDEMONSTRATED"",""PAU_COMMUNITY_MISSING"",""PAU_DETAIL_INCOMPLETE"",""PAU_MODALITY_UNDECLARED""]"
"cand-87812dd0-6ed7-51a4-8641-6a8b53a7e8f5","ex-4fc30c3d-e516-5352-a13c-a14c84f61971","4","2","[""COMMUNITY_UNMAPPED"",""MODALITIES_MISSING"",""MODALITY_UNDEMONSTRATED"",""PAU_COMMUNITY_MISSING"",""PAU_DETAIL_INCOMPLETE"",""PAU_MODALITY_UNDECLARED""]"
"cand-20798b0c-e68e-5a11-b92e-951c80bbc191","ex-953773cd-770f-57eb-803b-9adefec5a9d7","4","2","[""COMMUNITY_UNMAPPED"",""MODALITIES_MISSING"",""MODALITY_UNDEMONSTRATED"",""PAU_COMMUNITY_MISSING"",""PAU_DETAIL_INCOMPLETE"",""PAU_MODALITY_UNDECLARED""]"
"cand-0094a9c2-e4c1-5aea-b57b-f2fdc0366827","ex-6f69c1cf-bbd2-5b4a-9297-fe7ab57ea8ad","4","2","[""COMMUNITY_UNMAPPED"",""MODALITIES_MISSING"",""MODALITY_UNDEMONSTRATED"",""PAU_COMMUNITY_MISSING"",""PAU_DETAIL_INCOMPLETE"",""PAU_MODALITY_UNDECLARED""]"
"cand-04877725-000e-59db-be20-3cded528cbf8","ex-1918f158-3c0f-5028-9e60-c2d5e3cfffc2","4","2","[""COMMUNITY_UNMAPPED"",""MODALITIES_MISSING"",""MODALITY_UNDEMONSTRATED"",""PAU_COMMUNITY_MISSING"",""PAU_DETAIL_INCOMPLETE"",""PAU_MODALITY_UNDECLARED""]"
"cand-50eedd77-d87b-5e35-a1a8-f8fdc5d40fe0","ex-04198c12-729b-5103-a8bf-0b24c0eeb424","2","2","[""CHOICE_MATHEMATICALLY_EQUIVALENT"",""MULTIPLE_CORRECT_EQUIVALENTS"",""REVIEW_FINDINGS_OPEN"",""SOLUTION_REVIEW_REQUIRED""]"
"cand-b3c7a1f9-cb94-5f26-9b11-6462e7da9aab","ex-fdf24923-ee0c-593a-8efc-89f9c2947916","2","2","[""CHOICE_MATHEMATICALLY_EQUIVALENT"",""MULTIPLE_CORRECT_EQUIVALENTS"",""REVIEW_FINDINGS_OPEN"",""SOLUTION_REVIEW_REQUIRED""]"
"cand-45fb5ecb-e13e-55ba-a037-be98175ec8b4","ex-a3ef5fa6-3d68-5e9f-84a4-6a5c6cf2ce8c","2","2","[""CHOICE_MATHEMATICALLY_EQUIVALENT"",""MULTIPLE_CORRECT_EQUIVALENTS"",""REVIEW_FINDINGS_OPEN"",""SOLUTION_REVIEW_REQUIRED""]"
"cand-f049f361-2cd3-5afe-8e18-754c4bd07636","ex-7d0a1eb7-7ca0-50b7-a1bf-4a2727a42f9f","2","2","[""CHOICE_MATHEMATICALLY_EQUIVALENT"",""MULTIPLE_CORRECT_EQUIVALENTS"",""REVIEW_FINDINGS_OPEN"",""SOLUTION_REVIEW_REQUIRED""]"
"cand-d8b17cc9-4622-53ec-901b-155ebe3b0238","ex-251d5d73-356b-5f7d-98fa-f2d2355b16bf","2","1","[""MODALITIES_MISSING"",""MODALITY_UNDEMONSTRATED"",""MATH_REPRESENTATION_UNDECLARED""]"
"cand-53f29836-1791-5b54-b660-bd5d5857d53a","ex-87632c88-011c-5106-998c-57570597a4b9","2","2","[""MODALITIES_MISSING"",""MODALITY_UNDEMONSTRATED"",""MATH_REPRESENTATION_UNDECLARED"",""SYMBOLIC_EQUIVALENCE_NOT_PROVEN""]"
"cand-2100dcd6-5e1c-5aae-8007-55f9562853cb","ex-74b9d0c3-bae4-554b-b9fb-45d2951352fe","2","1","[""MODALITIES_MISSING"",""MODALITY_UNDEMONSTRATED"",""MATH_REPRESENTATION_UNDECLARED""]"
"cand-b54be1a9-3c96-5cfb-8af1-eb8f5fc70d5e","ex-a79dbb04-f746-56fe-856c-09dbb42ce44c","2","2","[""MODALITIES_MISSING"",""MODALITY_UNDEMONSTRATED"",""MATH_REPRESENTATION_UNDECLARED"",""SYMBOLIC_EQUIVALENCE_NOT_PROVEN""]"
"cand-80281a46-dd3c-5c16-9bc3-ff3b17da5d2b","ex-d4679b52-29d2-5bf1-a671-528e4d03e168","2","1","[""MODALITIES_MISSING"",""MODALITY_UNDEMONSTRATED"",""MATH_REPRESENTATION_UNDECLARED""]"
"cand-b81f3d2b-a4e4-5275-823d-1ebf931be5e7","ex-7ce368f9-763e-5b80-a879-8c9accfa8d2e","2","1","[""MODALITIES_MISSING"",""MODALITY_UNDEMONSTRATED"",""MATH_REPRESENTATION_UNDECLARED""]"
"cand-fc2019fd-3b69-5387-b5f1-f7a572c1991e","ex-6aa28e2f-8fa1-5510-afc1-89031efc633f","2","2","[""CHOICE_MATHEMATICALLY_EQUIVALENT"",""MULTIPLE_CORRECT_EQUIVALENTS"",""REVIEW_FINDINGS_OPEN"",""SOLUTION_REVIEW_REQUIRED""]"
"cand-84dac5d9-a511-588e-8439-e7a27afd3437","ex-2da77127-943f-501d-8bad-d4fb584b546f","2","2","[""MODALITIES_MISSING"",""MODALITY_UNDEMONSTRATED"",""MATH_REPRESENTATION_UNDECLARED"",""SYMBOLIC_EQUIVALENCE_NOT_PROVEN""]"
"cand-ec6b9f03-6af2-531e-9a32-b362154c7aa9","ex-5a9b33aa-de32-5644-9d11-b21ee8db0f16","2","2","[""MODALITIES_MISSING"",""MODALITY_UNDEMONSTRATED"",""MATH_REPRESENTATION_UNDECLARED"",""SYMBOLIC_EQUIVALENCE_NOT_PROVEN""]"
"cand-f2e22381-90b1-5f69-87e9-ca4b8f5945a9","ex-2ae1d860-1216-5052-9822-1bd858dd0cf7","2","2","[""MODALITIES_MISSING"",""MODALITY_UNDEMONSTRATED"",""MATH_REPRESENTATION_UNDECLARED"",""SYMBOLIC_EQUIVALENCE_NOT_PROVEN""]"
"cand-4c03d065-18dd-5433-ad42-67268649407b","ex-d20104c1-2254-5423-a141-d47befda94a4","2","2","[""MODALITIES_MISSING"",""MODALITY_UNDEMONSTRATED"",""MATH_REPRESENTATION_UNDECLARED"",""SYMBOLIC_EQUIVALENCE_NOT_PROVEN""]"
"cand-3f6a1a01-22f0-5565-9637-901de3c8fd97","ex-c93f4cf9-23ef-5647-a744-4ce9075028f9","2","2","[""MODALITIES_MISSING"",""MODALITY_UNDEMONSTRATED"",""MATH_REPRESENTATION_UNDECLARED"",""SYMBOLIC_EQUIVALENCE_NOT_PROVEN""]"
"cand-1a07cf31-341d-5526-9b54-77183a437f82","ex-165b8ec3-3fce-538c-8683-3a75cfaab323","2","2","[""MODALITIES_MISSING"",""MODALITY_UNDEMONSTRATED"",""MATH_REPRESENTATION_UNDECLARED"",""SYMBOLIC_EQUIVALENCE_NOT_PROVEN""]"
"cand-25ec587b-6cea-5e23-a130-14b66769cb75","ex-d9c3aeaa-5e58-5be7-8a2f-aced3337ffcd","2","2","[""MODALITIES_MISSING"",""MODALITY_UNDEMONSTRATED"",""MATH_REPRESENTATION_UNDECLARED"",""SYMBOLIC_EQUIVALENCE_NOT_PROVEN""]"
"cand-b189abd4-9b76-59d3-a382-f057a90fa9f3","ex-f8156595-8148-5ee7-b30d-c5a0d8c1a21c","2","1","[""MODALITIES_MISSING"",""MODALITY_UNDEMONSTRATED"",""SYMBOLIC_EQUIVALENCE_NOT_PROVEN""]"
"cand-9ac5a47b-ad92-5a99-9e4a-6cd904ea36e2","ex-f341c4f9-ebee-5298-8efe-5133dd1b5edd","2","2","[""MODALITIES_MISSING"",""MODALITY_UNDEMONSTRATED"",""MATH_REPRESENTATION_UNDECLARED"",""SYMBOLIC_EQUIVALENCE_NOT_PROVEN""]"
"cand-7b182277-b471-5caa-963f-d5a3612d6c0d","ex-1b0a9a82-2e3b-5f97-9231-e34a79a62ad0","2","2","[""MODALITIES_MISSING"",""MODALITY_UNDEMONSTRATED"",""MATH_REPRESENTATION_UNDECLARED"",""SYMBOLIC_EQUIVALENCE_NOT_PROVEN""]"
"cand-0ae69134-caa1-5d37-ba19-f79b94965375","ex-b2debef8-5847-57f0-beea-74b02fb3940b","2","2","[""MODALITIES_MISSING"",""MODALITY_UNDEMONSTRATED"",""MATH_REPRESENTATION_UNDECLARED"",""SYMBOLIC_EQUIVALENCE_NOT_PROVEN""]"
"cand-c756505a-b074-516b-a768-36f920372b4f","ex-f2498401-1652-5813-abc3-e99653e33f76","2","2","[""MODALITIES_MISSING"",""MODALITY_UNDEMONSTRATED"",""MATH_REPRESENTATION_UNDECLARED"",""SYMBOLIC_EQUIVALENCE_NOT_PROVEN""]"
"cand-3a30d4c5-9413-5de8-9a84-701fee54ff7c","ex-d9023120-c16a-5c6d-9988-2a5f7f58a7b6","2","1","[""MODALITIES_MISSING"",""MODALITY_UNDEMONSTRATED"",""SYMBOLIC_EQUIVALENCE_NOT_PROVEN""]"
"cand-6a208199-b008-5101-b6f8-60333227bb20","ex-d848fb01-9ee3-5705-b259-0aacc3b93b59","2","2","[""MODALITIES_MISSING"",""MODALITY_UNDEMONSTRATED"",""MATH_REPRESENTATION_UNDECLARED"",""SYMBOLIC_EQUIVALENCE_NOT_PROVEN""]"
"cand-9e90c786-b705-5a44-bb36-1f7918ccf783","ex-67f914ac-3b38-5ac9-8842-24a05f3e15d3","2","1","[""MODALITIES_MISSING"",""MODALITY_UNDEMONSTRATED"",""SYMBOLIC_EQUIVALENCE_NOT_PROVEN""]"
"cand-a63388a3-f716-5fd8-b7dd-6e480ab87167","ex-d134dec2-6e66-57ff-be1b-c738e854dc13","2","2","[""MODALITIES_MISSING"",""MODALITY_UNDEMONSTRATED"",""MATH_REPRESENTATION_UNDECLARED"",""SYMBOLIC_EQUIVALENCE_NOT_PROVEN""]"
"cand-f5e2c510-9dbd-5ff9-abd5-0156e18aef18","ex-e596d9b7-13ad-5d9e-9f92-eb1bf0eb2883","2","2","[""MODALITIES_MISSING"",""MODALITY_UNDEMONSTRATED"",""MATH_REPRESENTATION_UNDECLARED"",""SYMBOLIC_EQUIVALENCE_NOT_PROVEN""]"
"cand-3c35abbf-307b-511a-8ea8-4560a84cf3fc","ex-4ff9ebe9-7944-569e-8a1c-f8194efe0cf5","2","2","[""MODALITIES_MISSING"",""MODALITY_UNDEMONSTRATED"",""MATH_REPRESENTATION_UNDECLARED"",""SYMBOLIC_EQUIVALENCE_NOT_PROVEN""]"
"cand-db7faa22-52ec-55b0-a187-c8e5fc0e331e","ex-528f0ce3-6b74-55b0-a779-66aac256717b","2","1","[""MODALITIES_MISSING"",""MODALITY_UNDEMONSTRATED"",""SYMBOLIC_EQUIVALENCE_NOT_PROVEN""]"
"cand-ac3fb77e-2b8c-5320-a01b-db60e019ab86","ex-96c9c088-9155-5693-bc13-9cc8b50d1e6f","2","2","[""MODALITIES_MISSING"",""MODALITY_UNDEMONSTRATED"",""MATH_REPRESENTATION_UNDECLARED"",""SYMBOLIC_EQUIVALENCE_NOT_PROVEN""]"
"cand-a289737a-19b5-5084-8f46-b3b0c58ec024","ex-a9d1067d-593f-5fa0-ab04-6f1c1b539347","2","2","[""MODALITIES_MISSING"",""MODALITY_UNDEMONSTRATED"",""MATH_REPRESENTATION_UNDECLARED"",""SYMBOLIC_EQUIVALENCE_NOT_PROVEN""]"
"cand-8592ad02-7b56-5e57-b61e-70a16bb43fbf","ex-dc44c592-ef3e-5696-96eb-adc030887ba0","2","2","[""MODALITIES_MISSING"",""MODALITY_UNDEMONSTRATED"",""MATH_REPRESENTATION_UNDECLARED"",""SYMBOLIC_EQUIVALENCE_NOT_PROVEN""]"
"cand-ee142292-a0bd-5037-addf-3ac110510575","ex-cb4ac147-24fe-503e-bed1-5af55622353d","2","2","[""MODALITIES_MISSING"",""MODALITY_UNDEMONSTRATED"",""MATH_REPRESENTATION_UNDECLARED"",""SYMBOLIC_EQUIVALENCE_NOT_PROVEN""]"
"cand-7e807011-db55-5673-9b76-47da33df980d","ex-20e60836-84ca-5245-af68-f44d5bce73cc","2","2","[""MODALITIES_MISSING"",""MODALITY_UNDEMONSTRATED"",""MATH_REPRESENTATION_UNDECLARED"",""SYMBOLIC_EQUIVALENCE_NOT_PROVEN""]"
"cand-dd478b1d-cf0c-5911-9ae1-51e5142e7ffa","ex-8c4e5348-d5ba-53bf-931d-b8e4161194ef","2","2","[""MODALITIES_MISSING"",""MODALITY_UNDEMONSTRATED"",""MATH_REPRESENTATION_UNDECLARED"",""SYMBOLIC_EQUIVALENCE_NOT_PROVEN""]"
"cand-277b4eb7-33fa-5947-9379-6ec1113b8921","ex-aa5b0713-1deb-5a76-90e8-f0362c23226a","2","2","[""MODALITIES_MISSING"",""MODALITY_UNDEMONSTRATED"",""MATH_REPRESENTATION_UNDECLARED"",""SYMBOLIC_EQUIVALENCE_NOT_PROVEN""]"
"cand-ba43b058-697f-5a07-b82b-efaae26fe1b4","ex-b36951ee-3019-501a-a119-5992177af5ea","2","1","[""MODALITIES_MISSING"",""MODALITY_UNDEMONSTRATED"",""SYMBOLIC_EQUIVALENCE_NOT_PROVEN""]"
"cand-2f7daf17-b5fa-5c8b-b7ce-c0fb5c64301b","ex-c32c6d4f-bb7d-5247-bff4-a71aa71be768","2","2","[""MODALITIES_MISSING"",""MODALITY_UNDEMONSTRATED"",""MATH_REPRESENTATION_UNDECLARED"",""SYMBOLIC_EQUIVALENCE_NOT_PROVEN""]"
"cand-fce2ab2d-9884-59bd-a222-5e020590bced","ex-06607c69-6cd8-55a0-8f90-3668c151bf2e","2","2","[""MODALITIES_MISSING"",""MODALITY_UNDEMONSTRATED"",""MATH_REPRESENTATION_UNDECLARED"",""SYMBOLIC_EQUIVALENCE_NOT_PROVEN""]"
"cand-dcf76450-103c-5aae-bf0f-d97901d4628d","ex-3c79e707-a5ec-564b-8d49-f52d243b4b0b","2","2","[""MODALITIES_MISSING"",""MODALITY_UNDEMONSTRATED"",""MATH_REPRESENTATION_UNDECLARED"",""SYMBOLIC_EQUIVALENCE_NOT_PROVEN""]"
"cand-0ca1f7e8-d6fd-553f-9a15-f17c4bdae25b","ex-eddf6a4e-d58c-5f24-8859-f562d783614f","2","2","[""MODALITIES_MISSING"",""MODALITY_UNDEMONSTRATED"",""MATH_REPRESENTATION_UNDECLARED"",""SYMBOLIC_EQUIVALENCE_NOT_PROVEN""]"
"cand-b2a30a6c-b65a-5606-ab2a-6d0ae9a4e5e3","ex-9f470032-0f51-5faa-8eb5-efeaaf05aa98","2","2","[""MODALITIES_MISSING"",""MODALITY_UNDEMONSTRATED"",""MATH_REPRESENTATION_UNDECLARED"",""SYMBOLIC_EQUIVALENCE_NOT_PROVEN""]"
"cand-dffc34c0-0c4a-5c40-88e6-f4267614fdd2","ex-7c159d8b-af2b-564a-b524-32fa9a72f19a","2","2","[""MODALITIES_MISSING"",""MODALITY_UNDEMONSTRATED"",""MATH_REPRESENTATION_UNDECLARED"",""SYMBOLIC_EQUIVALENCE_NOT_PROVEN""]"
"cand-458ccfee-299f-59cf-a192-76e40696b85a","ex-d6b0f0dc-4848-5d24-99df-7606b301842f","2","2","[""MODALITIES_MISSING"",""MODALITY_UNDEMONSTRATED"",""MATH_REPRESENTATION_UNDECLARED"",""SYMBOLIC_EQUIVALENCE_NOT_PROVEN""]"
"cand-2cea0a99-f533-5690-9e80-e6c333b22b03","ex-1f5d1000-afd0-53d9-8f9c-47a930a8cf51","2","2","[""MODALITIES_MISSING"",""MODALITY_UNDEMONSTRATED"",""MATH_REPRESENTATION_UNDECLARED"",""SYMBOLIC_EQUIVALENCE_NOT_PROVEN""]"
"cand-bc05b67a-0a56-5b8f-b716-a3c91c826fa5","ex-aebd0e2c-ddb0-54c9-90e4-69285881e5ed","5","6","[""ANSWER_CONFLICT"",""ANSWER_MISSING"",""COURSE_CONFLICT"",""SOLUTION_CONFLICT"",""SOLUTION_MISSING"",""OPTIONS_VARIANTS"",""REVIEW_FINDINGS_OPEN"",""SOLUTION_REVIEW_REQUIRED"",""STATEMENT_VARIANTS"",""SYMBOLIC_EQUIVALENCE_NOT_PROVEN"",""TOPIC_VARIANTS""]"
"cand-19aa4dcd-9d77-562a-86e5-34231b993020","ex-d80236b6-fb9a-5ddd-8690-351153cea74a","2","1","[""MODALITIES_MISSING"",""MODALITY_UNDEMONSTRATED"",""SYMBOLIC_EQUIVALENCE_NOT_PROVEN""]"
"cand-1a3893b3-7f98-5613-b6ad-d4f0cd8ecdad","ex-9e2e2ad1-6009-556c-8d38-e56f55628e3e","2","1","[""MODALITIES_MISSING"",""MODALITY_UNDEMONSTRATED"",""SYMBOLIC_EQUIVALENCE_NOT_PROVEN""]"
"cand-c77b1cee-6ac4-59ef-a9c9-e7a9c33b1127","ex-1a831dcf-db52-551d-87ee-327f84dfd9cb","2","2","[""MODALITIES_MISSING"",""MODALITY_UNDEMONSTRATED"",""MATH_REPRESENTATION_UNDECLARED"",""SYMBOLIC_EQUIVALENCE_NOT_PROVEN""]"
"cand-6d048208-21d2-59a9-9095-b8019d484646","ex-7dcb40ee-23c5-58c6-a00c-f6d286b399f6","2","1","[""MODALITIES_MISSING"",""MODALITY_UNDEMONSTRATED"",""SYMBOLIC_EQUIVALENCE_NOT_PROVEN""]"
"cand-2ef1afe4-5509-54a2-80cf-955891db0d60","ex-34b0862c-a3fb-5a60-974e-e13a9e9d1f12","2","1","[""MODALITIES_MISSING"",""MODALITY_UNDEMONSTRATED"",""SYMBOLIC_EQUIVALENCE_NOT_PROVEN""]"
"cand-0de95862-4555-5139-a16d-cf577fd50787","ex-c6af9f8d-d3f1-51c0-ac30-2fd02c2f819e","2","1","[""MODALITIES_MISSING"",""MODALITY_UNDEMONSTRATED"",""SYMBOLIC_EQUIVALENCE_NOT_PROVEN""]"
"cand-3dfeab13-96ee-5c5d-8386-94f250f77c73","ex-312f5ce1-648e-595b-a76a-d5627291c564","2","1","[""MODALITIES_MISSING"",""MODALITY_UNDEMONSTRATED"",""SYMBOLIC_EQUIVALENCE_NOT_PROVEN""]"
"cand-9f5bc9e3-7723-5d32-8f3d-1bc9f55f7970","ex-7258a772-80c3-5942-bd8c-f01bbcdc6551","2","2","[""MODALITIES_MISSING"",""MODALITY_UNDEMONSTRATED"",""MATH_REPRESENTATION_UNDECLARED"",""SYMBOLIC_EQUIVALENCE_NOT_PROVEN""]"
"cand-af659cd5-7d1f-505b-ac13-830098139147","ex-e70991cd-585d-58a5-9a2e-6a329a00a9ec","2","1","[""MODALITIES_MISSING"",""MODALITY_UNDEMONSTRATED"",""SYMBOLIC_EQUIVALENCE_NOT_PROVEN""]"
"cand-488aade8-cdd3-5c77-84a0-93a1728575f8","ex-0712efcb-ba2a-5eaa-bbee-959d055933fa","2","1","[""MODALITIES_MISSING"",""MODALITY_UNDEMONSTRATED"",""SYMBOLIC_EQUIVALENCE_NOT_PROVEN""]"
"cand-329c2a12-88d2-5dee-83c2-eb71c91f9c48","ex-9984fccc-1de9-57ec-b325-09451277ac9e","2","2","[""MODALITIES_MISSING"",""MODALITY_UNDEMONSTRATED"",""MATH_REPRESENTATION_UNDECLARED"",""SYMBOLIC_EQUIVALENCE_NOT_PROVEN""]"
"cand-0dd54c3e-7038-5a9b-8a79-bde0c5d730d2","ex-bb428e46-876c-53ed-ab7e-8ffd19df5c71","2","1","[""MODALITIES_MISSING"",""MODALITY_UNDEMONSTRATED"",""SYMBOLIC_EQUIVALENCE_NOT_PROVEN""]"
"cand-7b9dc70c-3a19-5541-b8b4-9467addd3472","ex-f392efe9-adbd-5e00-81f0-5f289dd4343d","2","0","[""MODALITIES_MISSING"",""MODALITY_UNDEMONSTRATED""]"
"cand-078aba01-8640-5303-bdc6-f7c44a4a62e4","ex-cfaecec6-fc39-548d-8acc-01aea3fa0373","2","1","[""MODALITIES_MISSING"",""MODALITY_UNDEMONSTRATED"",""SOLUTION_DEVELOPMENT_INSUFFICIENT""]"
"cand-df7e8d40-3309-5f8b-8def-036fd878438c","ex-e5fa3473-9d56-5878-9cbc-35202976ac39","2","0","[""MODALITIES_MISSING"",""MODALITY_UNDEMONSTRATED""]"
"cand-06160fa4-7361-53cd-a553-8ef9c074f454","ex-e485d37d-2107-5437-8387-6cea3e8c9020","2","1","[""MODALITIES_MISSING"",""MODALITY_UNDEMONSTRATED"",""SOLUTION_DEVELOPMENT_INSUFFICIENT""]"
"cand-62032791-6880-5873-9382-67abb89cafe0","ex-b935a807-e349-5e8a-aeb5-46d36c68c36a","2","0","[""MODALITIES_MISSING"",""MODALITY_UNDEMONSTRATED""]"
"cand-e252f948-6af9-56f8-8a95-b58846ab1db6","ex-d500603d-9563-5da1-a34d-91ab1a42efed","2","0","[""MODALITIES_MISSING"",""MODALITY_UNDEMONSTRATED""]"
"cand-5ad92a14-c916-5a2a-99b8-79546115e4f5","ex-62d0178d-1932-53af-ad01-75925ff1679c","2","0","[""MODALITIES_MISSING"",""MODALITY_UNDEMONSTRATED""]"
"cand-a71b893b-1946-55c5-a67f-27be35c02fca","ex-355c8dd2-d5d9-54d1-a64b-fb59f8b01647","2","0","[""MODALITIES_MISSING"",""MODALITY_UNDEMONSTRATED""]"
"cand-7923d1d7-330f-5460-ac57-e3ad39340e77","ex-37090344-1ccc-52a7-bab0-ccbdc1ab1869","2","0","[""MODALITIES_MISSING"",""MODALITY_UNDEMONSTRATED""]"
"cand-95bb7841-8626-5dec-bacc-fefd8a13a871","ex-b7f5ab5c-1fb7-5301-8f84-a761151fc4b6","2","0","[""MODALITIES_MISSING"",""MODALITY_UNDEMONSTRATED""]"
"cand-96d9e9c6-3b9e-5c0b-97bd-e2bea74d75a9","ex-f717aaea-eb03-577e-bd4d-01af5c432479","2","0","[""MODALITIES_MISSING"",""MODALITY_UNDEMONSTRATED""]"
"cand-8f29e369-eb7d-5b41-95c5-409f1e25539a","ex-be69e109-a75f-5aa0-bd97-441863e643b8","2","0","[""MODALITIES_MISSING"",""MODALITY_UNDEMONSTRATED""]"
"cand-655e5b6f-b525-52b7-90fc-f9572e6b826b","ex-30b1b6f6-9c93-5ecb-b8b6-fda9811791ff","2","0","[""MODALITIES_MISSING"",""MODALITY_UNDEMONSTRATED""]"
"cand-4798da36-47ff-54ca-86af-6d7d715cbb12","ex-b416a241-5197-5b4f-8859-2642ed4ff4b8","2","0","[""MODALITIES_MISSING"",""MODALITY_UNDEMONSTRATED""]"
"cand-2a87ba23-0ac0-5ea2-ba90-e92a61801aea","ex-799d140d-3e27-574e-b8d1-a7b0e35de81c","2","0","[""MODALITIES_MISSING"",""MODALITY_UNDEMONSTRATED""]"
"cand-1708e68c-6241-5bff-ac34-e4a141229ed3","ex-97e91e10-1893-543a-a5f1-1b9394234c99","2","0","[""MODALITIES_MISSING"",""MODALITY_UNDEMONSTRATED""]"
"cand-cfb78bae-bc77-5dbb-8298-64589c100247","ex-4c8953eb-d24e-5cd2-9656-f8c695ec682c","2","0","[""MODALITIES_MISSING"",""MODALITY_UNDEMONSTRATED""]"
"cand-8adb927b-dab2-51f9-8830-de10932b3f63","ex-2afd6cc2-2246-5225-94ca-ce6caac99ccb","2","1","[""MODALITIES_MISSING"",""MODALITY_UNDEMONSTRATED"",""MATH_REPRESENTATION_UNDECLARED""]"
"cand-030b48a8-e578-5dd8-a9c6-8dd953a42425","ex-543c4ffa-883c-5163-9ea7-d72e55e5d3e5","2","0","[""MODALITIES_MISSING"",""MODALITY_UNDEMONSTRATED""]"
"cand-f1a8e100-f524-5c7c-869f-acb4cb97b09d","ex-f682ddc4-21dd-5a35-bddc-87eaa0ca7d79","2","0","[""MODALITIES_MISSING"",""MODALITY_UNDEMONSTRATED""]"
"cand-57ea6442-e1bf-5c43-b7d2-91c684300d22","ex-ddc37a90-ff18-5449-858c-9eb52dbc9f05","2","0","[""MODALITIES_MISSING"",""MODALITY_UNDEMONSTRATED""]"
"cand-57b2ea4f-d17a-589e-bbf6-876995b7bb81","ex-2879cce2-6177-5395-8314-c698cc9daa91","2","0","[""MODALITIES_MISSING"",""MODALITY_UNDEMONSTRATED""]"
"cand-39bd5740-8d59-5228-902a-721e6626fc6e","ex-98a8f2eb-6c3e-56ae-8509-8d7b400d9612","2","0","[""MODALITIES_MISSING"",""MODALITY_UNDEMONSTRATED""]"
"cand-6f74f6cf-94d3-560b-a444-2783bf6d8a26","ex-b30e66ca-6005-5b8c-ab71-e08a3063071f","2","0","[""MODALITIES_MISSING"",""MODALITY_UNDEMONSTRATED""]"
"cand-c88acf24-4825-51db-84b9-7f07f6e5ee42","ex-533935e4-ba09-5b16-a26d-51c619da1a5b","2","0","[""MODALITIES_MISSING"",""MODALITY_UNDEMONSTRATED""]"
"cand-70ea028c-c675-581e-968d-1711a855d5d7","ex-01cafb40-9c8a-5943-9479-edc704b17c3d","2","0","[""MODALITIES_MISSING"",""MODALITY_UNDEMONSTRATED""]"
"cand-2dd25364-c851-5e30-b888-40a99d773d22","ex-b6891755-ccb8-5bc9-8b89-69958302f1e5","2","0","[""MODALITIES_MISSING"",""MODALITY_UNDEMONSTRATED""]"
"cand-467f02c9-8514-500b-9ae6-821834d3757d","ex-0bedb4f9-f317-5268-8152-f69340e239c0","2","0","[""MODALITIES_MISSING"",""MODALITY_UNDEMONSTRATED""]"
"cand-7c3db30a-0c9e-564c-a8e5-d28d808f17db","ex-3f036e31-3432-5e3f-81a6-a32cdc10cd84","2","0","[""MODALITIES_MISSING"",""MODALITY_UNDEMONSTRATED""]"
"cand-0f3112e0-6f4a-5ba0-bcee-1658de74a6ca","ex-54d1fb20-8c69-560f-9a03-6ad99f9c89e1","2","0","[""MODALITIES_MISSING"",""MODALITY_UNDEMONSTRATED""]"
"cand-aaf8ba75-8693-5cc9-b055-e04f27375154","ex-f32eec13-1694-579f-ac57-10884885f49d","2","0","[""MODALITIES_MISSING"",""MODALITY_UNDEMONSTRATED""]"
"cand-4149a22b-48d2-5b7e-abdf-a3a41bcc01c8","ex-69b7e69a-b727-5a2d-ab42-4f0e104a7cf3","2","0","[""MODALITIES_MISSING"",""MODALITY_UNDEMONSTRATED""]"
"cand-b61cdf0b-b15b-54b7-99a2-dbe7723d90f2","ex-587a0ece-4f47-50c7-94fa-ebd5d2c686a4","2","0","[""MODALITIES_MISSING"",""MODALITY_UNDEMONSTRATED""]"
"cand-7c770ff2-4ed1-5fa4-980f-af9809372bab","ex-393a1249-0dd1-5472-ae31-33abd6b50f8f","2","0","[""MODALITIES_MISSING"",""MODALITY_UNDEMONSTRATED""]"
"cand-000de040-d5ce-5cda-adca-060c3555f5d5","ex-97f6d118-4543-5c92-99a8-eb243b602f28","2","0","[""MODALITIES_MISSING"",""MODALITY_UNDEMONSTRATED""]"
"cand-d838277c-021d-51d0-880f-9df90e1f2de6","ex-e97aa338-274f-5311-a608-b42b7825a7ac","2","0","[""MODALITIES_MISSING"",""MODALITY_UNDEMONSTRATED""]"
"cand-66ea3509-1ee2-5c19-a418-5f198d2d3b55","ex-00bc2b3c-6596-5397-9cf9-952ce72f05a0","2","0","[""MODALITIES_MISSING"",""MODALITY_UNDEMONSTRATED""]"
"cand-3a860dcb-cd63-5591-8536-a059f45e7134","ex-bfdfaf5c-e8b0-586b-9854-2341ff6c32b9","2","0","[""MODALITIES_MISSING"",""MODALITY_UNDEMONSTRATED""]"
"cand-7be0ea69-7ce4-58d1-9cba-8ea60e382922","ex-5499c4fb-587d-5e98-9ae0-238c71f1244e","2","0","[""MODALITIES_MISSING"",""MODALITY_UNDEMONSTRATED""]"
"cand-c95e38c2-abf4-51b4-97e0-2e14791801a6","ex-44079df6-241d-5175-8c7b-09e960236460","2","0","[""MODALITIES_MISSING"",""MODALITY_UNDEMONSTRATED""]"
"cand-1b9dff51-9845-59d4-9bed-aa0f66c49bd9","ex-b35c748d-bb13-59bc-88af-a1c1ed85ed37","2","0","[""MODALITIES_MISSING"",""MODALITY_UNDEMONSTRATED""]"
"cand-c7da80b9-3962-5652-a6fb-f6021869aeaf","ex-d401d5f3-e602-5e6f-b8e0-d427b8a9bc65","2","0","[""MODALITIES_MISSING"",""MODALITY_UNDEMONSTRATED""]"
"cand-65f49a64-5006-5636-a6f9-cfe0dcad4426","ex-ad2d0c74-d054-5cb3-be70-e7524d3c2d3c","2","0","[""MODALITIES_MISSING"",""MODALITY_UNDEMONSTRATED""]"
"cand-85a26c1e-89de-5644-9e05-20fc5ce29161","ex-835a35a8-b1e5-578c-9dbc-19a783d63eb0","2","0","[""MODALITIES_MISSING"",""MODALITY_UNDEMONSTRATED""]"
"cand-1a0a404a-0e3f-5d07-9be1-fe9abf942913","ex-6c2867cc-20a6-50a5-ad8c-b47c92ca7038","2","0","[""MODALITIES_MISSING"",""MODALITY_UNDEMONSTRATED""]"
"cand-9b71c842-97d0-5558-bb36-91f730b83e41","ex-c22f7470-9d31-51ed-b83f-96d2a7323c5e","2","0","[""MODALITIES_MISSING"",""MODALITY_UNDEMONSTRATED""]"
"cand-0aa23189-9908-5f6e-b276-a298f43ab035","ex-71a0f678-1e2b-58f9-a577-ee950eb24a26","2","0","[""MODALITIES_MISSING"",""MODALITY_UNDEMONSTRATED""]"
"cand-28caaae5-b4c7-5500-9f0a-f3d872679088","ex-9932de3b-cdfb-5813-8de7-b346cb64eb1d","2","2","[""CHOICE_MATHEMATICALLY_EQUIVALENT"",""MULTIPLE_CORRECT_EQUIVALENTS"",""REVIEW_FINDINGS_OPEN"",""SOLUTION_REVIEW_REQUIRED""]"
"cand-3e40bea9-1f43-5afc-83ed-ce30173183e2","ex-76765438-ed7c-519b-9638-b047a952b3d4","5","6","[""ANSWER_CONFLICT"",""ANSWER_MISSING"",""COURSE_CONFLICT"",""SOLUTION_CONFLICT"",""SOLUTION_MISSING"",""OPTIONS_VARIANTS"",""REVIEW_FINDINGS_OPEN"",""SOLUTION_REVIEW_REQUIRED"",""STATEMENT_VARIANTS"",""SYMBOLIC_EQUIVALENCE_NOT_PROVEN"",""TOPIC_VARIANTS""]"
"cand-1b018a34-75ab-56a1-8812-9e2a44950787","ex-81cc2fa2-5d78-5c15-b63f-14abae0b995a","2","1","[""MODALITIES_MISSING"",""MODALITY_UNDEMONSTRATED"",""SYMBOLIC_EQUIVALENCE_NOT_PROVEN""]"
"cand-76b732e1-a0ef-5511-b783-9961fc638ffc","ex-1c39ddef-f935-566f-a1a5-945b4a4b18a1","2","1","[""MODALITIES_MISSING"",""MODALITY_UNDEMONSTRATED"",""SYMBOLIC_EQUIVALENCE_NOT_PROVEN""]"
"cand-dc20d710-5789-5b92-915c-cf0d13b1f288","ex-05e5e5f7-97ad-5c91-ba3a-fa15364772e5","2","1","[""MODALITIES_MISSING"",""MODALITY_UNDEMONSTRATED"",""SYMBOLIC_EQUIVALENCE_NOT_PROVEN""]"
"cand-b2d5000a-6300-501b-8d9a-69b053f46f75","ex-03649dc7-32c9-5b85-8fb1-af2145d2d48b","2","2","[""MODALITIES_MISSING"",""MODALITY_UNDEMONSTRATED"",""MATH_REPRESENTATION_UNDECLARED"",""SYMBOLIC_EQUIVALENCE_NOT_PROVEN""]"
"cand-d30117fc-dc4c-55e9-812f-9776ced4c186","ex-5e0e64de-58ca-52a8-b346-d755e28f9b4b","2","1","[""MODALITIES_MISSING"",""MODALITY_UNDEMONSTRATED"",""SYMBOLIC_EQUIVALENCE_NOT_PROVEN""]"
"cand-40593bfc-69e5-59fb-8fd1-387f637d6f92","ex-04ba6bd8-4d8a-5ae7-b6a8-437a88b0f92c","2","2","[""MODALITIES_MISSING"",""MODALITY_UNDEMONSTRATED"",""MATH_REPRESENTATION_UNDECLARED"",""SYMBOLIC_EQUIVALENCE_NOT_PROVEN""]"
"cand-8bda13fa-ca70-5040-a0a9-cfae935193de","ex-0e74cb7b-9c4d-59a7-a6ec-621d6222a297","2","1","[""MODALITIES_MISSING"",""MODALITY_UNDEMONSTRATED"",""SYMBOLIC_EQUIVALENCE_NOT_PROVEN""]"
"cand-fe6cc308-b92b-55db-8aa8-050110fcceac","ex-49dbb10c-af57-5142-98ff-d58b3e9f09a7","2","2","[""MODALITIES_MISSING"",""MODALITY_UNDEMONSTRATED"",""MATH_REPRESENTATION_UNDECLARED"",""SYMBOLIC_EQUIVALENCE_NOT_PROVEN""]"
"cand-beffce5d-2280-59f6-9cff-e258d24659bb","ex-b2ca9c49-220e-5270-b057-187a9ad680ce","2","2","[""MODALITIES_MISSING"",""MODALITY_UNDEMONSTRATED"",""SOLUTION_DEVELOPMENT_INSUFFICIENT"",""SYMBOLIC_EQUIVALENCE_NOT_PROVEN""]"
"cand-3efc0d65-7f9d-54c7-bcbf-3df9a6db7720","ex-14f6ae8d-c8ff-5e0c-87c5-3d9c709320f5","2","1","[""MODALITIES_MISSING"",""MODALITY_UNDEMONSTRATED"",""SYMBOLIC_EQUIVALENCE_NOT_PROVEN""]"
"cand-ab6ab51d-9d9f-5d2e-8497-ce3925717ec1","ex-ee25d0f7-33ce-55cd-a6fe-a0dde9c54c24","2","2","[""MODALITIES_MISSING"",""MODALITY_UNDEMONSTRATED"",""SOLUTION_DEVELOPMENT_INSUFFICIENT"",""SYMBOLIC_EQUIVALENCE_NOT_PROVEN""]"
"cand-8ba9d4d2-cd7e-5b94-9245-5d8ef05cbed1","ex-713a693c-eaed-5f9c-9589-d46f6adf0d1f","2","2","[""MODALITIES_MISSING"",""MODALITY_UNDEMONSTRATED"",""SOLUTION_DEVELOPMENT_INSUFFICIENT"",""SYMBOLIC_EQUIVALENCE_NOT_PROVEN""]"
"cand-a545ba99-2bc8-5998-ae36-330eb1ca328c","ex-eeaccb5e-9cf4-59b6-be37-83f7d6fb5fed","2","2","[""MODALITIES_MISSING"",""MODALITY_UNDEMONSTRATED"",""MATH_REPRESENTATION_UNDECLARED"",""SYMBOLIC_EQUIVALENCE_NOT_PROVEN""]"
"cand-3706a6e3-2981-54f8-9c80-6548791ad4bf","ex-ea4c1788-a1b7-5ae1-b88b-10aadd432f29","2","1","[""MODALITIES_MISSING"",""MODALITY_UNDEMONSTRATED"",""SYMBOLIC_EQUIVALENCE_NOT_PROVEN""]"
"cand-4f02dbbd-49eb-55ee-a157-e5ae2fdbde4a","ex-e429de77-b6f3-52a6-938c-e267a42238ad","2","2","[""MODALITIES_MISSING"",""MODALITY_UNDEMONSTRATED"",""SOLUTION_DEVELOPMENT_INSUFFICIENT"",""SYMBOLIC_EQUIVALENCE_NOT_PROVEN""]"
"cand-413d89e8-c631-5325-a5bc-bc92736ec668","ex-b4edf709-b40a-55fe-9c89-f0d1fdd6df3c","2","2","[""MODALITIES_MISSING"",""MODALITY_UNDEMONSTRATED"",""SOLUTION_DEVELOPMENT_INSUFFICIENT"",""SYMBOLIC_EQUIVALENCE_NOT_PROVEN""]"
"cand-fabc6e46-9e91-5b61-aff9-3142d3beffd6","ex-b8b23087-319f-53cd-8479-cf9a4581fa40","2","2","[""MODALITIES_MISSING"",""MODALITY_UNDEMONSTRATED"",""MATH_REPRESENTATION_UNDECLARED"",""SYMBOLIC_EQUIVALENCE_NOT_PROVEN""]"
"cand-b7dcdde5-07de-556b-ba15-28187a288691","ex-cf03a48f-c5a5-5fe9-971d-10b27fd7ae91","2","1","[""MODALITIES_MISSING"",""MODALITY_UNDEMONSTRATED"",""SYMBOLIC_EQUIVALENCE_NOT_PROVEN""]"
"cand-7c335972-e264-5e7b-9a04-ee254be9ee16","ex-89a56b7f-9875-57c1-9a4d-8796a59d7dee","2","2","[""MODALITIES_MISSING"",""MODALITY_UNDEMONSTRATED"",""MATH_REPRESENTATION_UNDECLARED"",""SYMBOLIC_EQUIVALENCE_NOT_PROVEN""]"
"cand-f530609f-7361-52bd-bf08-2f37f3085b74","ex-0bb5cb7d-b2af-534f-a5b6-074534fac018","2","2","[""MODALITIES_MISSING"",""MODALITY_UNDEMONSTRATED"",""MATH_REPRESENTATION_UNDECLARED"",""SYMBOLIC_EQUIVALENCE_NOT_PROVEN""]"
"cand-f3aefd7f-dffb-5fef-9c33-023966f99c5b","ex-97d957ee-d4fd-592c-ac2a-2fd492a4a9a0","2","2","[""MODALITIES_MISSING"",""MODALITY_UNDEMONSTRATED"",""MATH_REPRESENTATION_UNDECLARED"",""SYMBOLIC_EQUIVALENCE_NOT_PROVEN""]"
"cand-ab73b1f4-d1be-5c1c-beaa-c49c867a7e2a","ex-71d76f78-2100-505a-9564-cdc8eddbf2dd","2","2","[""MODALITIES_MISSING"",""MODALITY_UNDEMONSTRATED"",""SOLUTION_DEVELOPMENT_INSUFFICIENT"",""SYMBOLIC_EQUIVALENCE_NOT_PROVEN""]"
"cand-d17faccf-b4a6-5395-bd8a-867f9dc6866d","ex-5e2ffcde-ce02-5e9d-aa45-b3c3e1a30f7f","2","1","[""MODALITIES_MISSING"",""MODALITY_UNDEMONSTRATED"",""SYMBOLIC_EQUIVALENCE_NOT_PROVEN""]"
"cand-06f8ba94-9237-5b82-9c1e-f6a344270bf4","ex-cabbbdf7-46fb-5b07-8615-3c7b23e14409","2","1","[""MODALITIES_MISSING"",""MODALITY_UNDEMONSTRATED"",""SYMBOLIC_EQUIVALENCE_NOT_PROVEN""]"
"cand-87cef0b6-5584-5573-8cf5-806e1033f029","ex-8aafd775-09c9-53bf-98b3-a1960851dbda","2","2","[""MODALITIES_MISSING"",""MODALITY_UNDEMONSTRATED"",""SOLUTION_DEVELOPMENT_INSUFFICIENT"",""SYMBOLIC_EQUIVALENCE_NOT_PROVEN""]"
"cand-41cd66a3-c529-53ca-a1e3-9e24bd7064d6","ex-92f184d7-af01-54a6-a9e0-70728f603678","2","1","[""MODALITIES_MISSING"",""MODALITY_UNDEMONSTRATED"",""SYMBOLIC_EQUIVALENCE_NOT_PROVEN""]"
"cand-18f099b1-66b9-5c72-997c-795ba8bc1b41","ex-4d67b189-b2e9-5b28-a338-c52278067ba4","2","1","[""MODALITIES_MISSING"",""MODALITY_UNDEMONSTRATED"",""SYMBOLIC_EQUIVALENCE_NOT_PROVEN""]"
"cand-a1bd0177-0b4f-5c7c-8bf4-8e9348c16afe","ex-12d9077a-1d38-5066-abf7-07a97749931b","2","1","[""MODALITIES_MISSING"",""MODALITY_UNDEMONSTRATED"",""SYMBOLIC_EQUIVALENCE_NOT_PROVEN""]"
"cand-531f3135-f7cc-5c45-89ce-157c680082fd","ex-b591fd5a-5c0c-58de-a0e7-c0756ea4cb24","2","2","[""MODALITIES_MISSING"",""MODALITY_UNDEMONSTRATED"",""MATH_REPRESENTATION_UNDECLARED"",""SYMBOLIC_EQUIVALENCE_NOT_PROVEN""]"
"cand-74a62fb1-e4f5-5b3d-9201-d588f5d9e045","ex-755fb170-7801-53ad-ac2d-4f9e5c61d66e","2","1","[""MODALITIES_MISSING"",""MODALITY_UNDEMONSTRATED"",""SYMBOLIC_EQUIVALENCE_NOT_PROVEN""]"
"cand-1a9f1b3e-e5d1-58c6-84e8-071dd9218364","ex-660f2fc6-9247-5e0b-81a1-a07797166dcc","2","1","[""MODALITIES_MISSING"",""MODALITY_UNDEMONSTRATED"",""SYMBOLIC_EQUIVALENCE_NOT_PROVEN""]"
"cand-2094f76a-70e7-5da3-9751-2eed88d8f14f","ex-d4862601-c353-5786-8164-d06946ceac93","2","1","[""MODALITIES_MISSING"",""MODALITY_UNDEMONSTRATED"",""SYMBOLIC_EQUIVALENCE_NOT_PROVEN""]"
"cand-8f73240b-7df4-5b74-ac5f-3584b1bf83c5","ex-5616dfdd-a2d4-53b5-8222-35283a735ad0","2","2","[""MODALITIES_MISSING"",""MODALITY_UNDEMONSTRATED"",""SOLUTION_DEVELOPMENT_INSUFFICIENT"",""SYMBOLIC_EQUIVALENCE_NOT_PROVEN""]"
"cand-06ec02b4-eacc-5e71-a907-b1ab021f2200","ex-75ec754d-3c98-561e-a3d7-fa960f3ffc62","2","1","[""MODALITIES_MISSING"",""MODALITY_UNDEMONSTRATED"",""SYMBOLIC_EQUIVALENCE_NOT_PROVEN""]"
"cand-376a1841-0843-5da8-8660-a0e6e3a608d6","ex-fa6ae9e9-3549-5e5f-a7f5-b4d9533e3037","2","2","[""MODALITIES_MISSING"",""MODALITY_UNDEMONSTRATED"",""SOLUTION_DEVELOPMENT_INSUFFICIENT"",""SYMBOLIC_EQUIVALENCE_NOT_PROVEN""]"
"cand-a3ca62aa-7960-558f-8fb7-aadd3f2ef1d6","ex-074740ac-2dd4-5392-b6de-9a5fe09b1269","2","1","[""MODALITIES_MISSING"",""MODALITY_UNDEMONSTRATED"",""SYMBOLIC_EQUIVALENCE_NOT_PROVEN""]"
"cand-208d7d33-c19f-5e6e-8328-50c74799420e","ex-6eb3288e-ef5d-5733-9b63-c1e423c7b9bc","2","1","[""MODALITIES_MISSING"",""MODALITY_UNDEMONSTRATED"",""SYMBOLIC_EQUIVALENCE_NOT_PROVEN""]"
"cand-570b3371-d54f-5c90-a343-bda6a6b2b048","ex-d19f792b-3d77-5427-8b5e-7f3006e62ecf","2","1","[""MODALITIES_MISSING"",""MODALITY_UNDEMONSTRATED"",""SYMBOLIC_EQUIVALENCE_NOT_PROVEN""]"
"cand-84f5d37a-c29f-5d08-94c7-b2c528babb77","ex-e6285e20-1aaa-569f-a890-7609d6fdf374","2","2","[""MODALITIES_MISSING"",""MODALITY_UNDEMONSTRATED"",""SOLUTION_DEVELOPMENT_INSUFFICIENT"",""SYMBOLIC_EQUIVALENCE_NOT_PROVEN""]"
"cand-2d2889da-d7f6-5399-a7f2-50b2540b1963","ex-f572a436-5351-5da3-827e-8d6499907a76","2","2","[""MODALITIES_MISSING"",""MODALITY_UNDEMONSTRATED"",""MATH_REPRESENTATION_UNDECLARED"",""SYMBOLIC_EQUIVALENCE_NOT_PROVEN""]"
"cand-e61284f9-6032-581b-9a25-5fcbfb9bd20c","ex-02136fc2-fb21-541c-825c-ed717c9759d6","2","1","[""MODALITIES_MISSING"",""MODALITY_UNDEMONSTRATED"",""SYMBOLIC_EQUIVALENCE_NOT_PROVEN""]"
"cand-c388c538-678a-5eef-b5cc-3f29941a2819","ex-3f4b509f-69ab-56a3-91a6-ea661f23b30b","2","1","[""MODALITIES_MISSING"",""MODALITY_UNDEMONSTRATED"",""MATH_REPRESENTATION_UNDECLARED""]"
"cand-0767ebe2-ad4c-5396-93f8-7bb8e25abf50","ex-e2290566-381b-50b9-b91a-ff696fbe8844","2","0","[""MODALITIES_MISSING"",""MODALITY_UNDEMONSTRATED""]"
"cand-681108b8-94d8-5009-b54b-0518e0334ffc","ex-05fb7cea-98b1-57b9-aa91-730f11f18d29","2","1","[""MODALITIES_MISSING"",""MODALITY_UNDEMONSTRATED"",""SYMBOLIC_EQUIVALENCE_NOT_PROVEN""]"
"cand-dc64a644-87b7-56d4-b6a1-2a0c3e977e39","ex-b8001bac-1c62-57dd-a976-3b3afd41f446","2","0","[""MODALITIES_MISSING"",""MODALITY_UNDEMONSTRATED""]"
"cand-f8b4619e-0f9d-5e8a-9271-81c51a24e479","ex-1791030b-cfd1-50d4-8006-bd374c773544","2","0","[""MODALITIES_MISSING"",""MODALITY_UNDEMONSTRATED""]"
"cand-75638656-7357-5296-b8b8-ade0c9dbf737","ex-42bbe543-8922-5d18-8923-13e40ff3b8bd","2","0","[""MODALITIES_MISSING"",""MODALITY_UNDEMONSTRATED""]"
"cand-7d634ea0-2ae2-59ab-bcfd-d1073934db68","ex-f705d6f7-5679-50a8-a735-d2bd35d20203","2","0","[""MODALITIES_MISSING"",""MODALITY_UNDEMONSTRATED""]"
"cand-5e21f352-b93e-57a1-807c-823967986692","ex-4d0c0c16-a5dd-5506-90d4-f3bd481368de","2","0","[""MODALITIES_MISSING"",""MODALITY_UNDEMONSTRATED""]"
"cand-80db1642-33d2-5b92-9f6e-025c4bdda73a","ex-854f8b7f-fb46-5782-8384-0f997769ad05","2","0","[""MODALITIES_MISSING"",""MODALITY_UNDEMONSTRATED""]"
"cand-132fb9b9-7153-586f-b441-46eadf279543","ex-5c582854-86fe-5e73-b5c0-9785918261be","2","0","[""MODALITIES_MISSING"",""MODALITY_UNDEMONSTRATED""]"
"cand-3f5d14d0-6ef5-5480-af2b-d2e0ac5d32f1","ex-924192de-7c93-54cc-ac06-8a83b7bfb1ca","2","0","[""MODALITIES_MISSING"",""MODALITY_UNDEMONSTRATED""]"
"cand-6adb68f0-b15c-5ce1-8ed6-6701186f2028","ex-fb0659c6-1752-557a-a1d2-be8bddad4d40","2","0","[""MODALITIES_MISSING"",""MODALITY_UNDEMONSTRATED""]"
"cand-9f5c88ae-0f93-52b8-a27b-6c31687f99b6","ex-72d9964e-944e-5b23-a121-5e5cd22d9236","2","0","[""MODALITIES_MISSING"",""MODALITY_UNDEMONSTRATED""]"
"cand-ff488364-8dd8-5e3b-9b14-c73f575d2da5","ex-7da66bdd-ca97-5b59-8119-730f7378d0f6","2","0","[""MODALITIES_MISSING"",""MODALITY_UNDEMONSTRATED""]"
"cand-ec321cfa-a1e6-5d90-a25d-365de9255932","ex-7630a8a7-2fa3-59e6-8646-4b152eb9f335","2","0","[""MODALITIES_MISSING"",""MODALITY_UNDEMONSTRATED""]"
"cand-5d0a9960-69b5-561b-b2e3-df552125a178","ex-fdd8dfc1-c5e6-5b26-94a6-b6162b2a5524","2","0","[""MODALITIES_MISSING"",""MODALITY_UNDEMONSTRATED""]"
"cand-9b5daf8d-5c27-55a5-9576-18abe18841e8","ex-a239252b-cd7b-5d4f-bafc-afac08637e43","2","0","[""MODALITIES_MISSING"",""MODALITY_UNDEMONSTRATED""]"
"cand-d26752a9-0077-50a6-ada9-e6ed3c2dff94","ex-b2603cdb-578b-5915-bc71-ad2bc12d4bc9","2","0","[""MODALITIES_MISSING"",""MODALITY_UNDEMONSTRATED""]"
"cand-169e6d7d-678e-5612-b74e-5559bfc00b0e","ex-2fd13436-375c-5bc6-849b-05b4b59ef758","2","0","[""MODALITIES_MISSING"",""MODALITY_UNDEMONSTRATED""]"
"cand-1574f0f8-f010-5591-bb68-d20edf58f97a","ex-c76e8c0a-d4e5-5c0b-a29b-d6a5736e4208","2","0","[""MODALITIES_MISSING"",""MODALITY_UNDEMONSTRATED""]"
"cand-aa04f72d-18c3-57ff-9f44-ae2c24d807e0","ex-3dd9457d-0a9a-5863-a0ba-5b3af16c4857","2","0","[""MODALITIES_MISSING"",""MODALITY_UNDEMONSTRATED""]"
"cand-86245266-8ccb-53d8-9977-bd8097a75fb2","ex-379fa984-49d0-520e-9170-54f617564a57","2","0","[""MODALITIES_MISSING"",""MODALITY_UNDEMONSTRATED""]"
"cand-f6464c13-c36f-5ac6-8116-289cf74a7236","ex-dffc7f3a-77df-543f-99d9-b002613b069c","2","0","[""MODALITIES_MISSING"",""MODALITY_UNDEMONSTRATED""]"
"cand-00e934c6-84c0-5681-bb77-f362f1986b0f","ex-f0cf298d-9b9d-563d-84d1-1abfda9f5c36","2","0","[""MODALITIES_MISSING"",""MODALITY_UNDEMONSTRATED""]"
"cand-af4e719a-2fa9-5f18-96c3-684f2fb20151","ex-7aa34d37-f0d9-57da-9d8b-49fbab0ee588","2","0","[""MODALITIES_MISSING"",""MODALITY_UNDEMONSTRATED""]"
"cand-42f0eb33-8cf0-5dbf-964f-ac53aaef8b39","ex-64738bbf-767d-596b-955f-8ba91e028dc7","2","0","[""MODALITIES_MISSING"",""MODALITY_UNDEMONSTRATED""]"
"cand-325b122d-666b-5678-b0f5-cbda9006f9f9","ex-ceee094d-d595-5d11-b44f-8c29f05391a0","2","0","[""MODALITIES_MISSING"",""MODALITY_UNDEMONSTRATED""]"
"cand-66a5b471-425b-5684-bda0-f120219d8045","ex-7de2858d-1f8b-5edf-af6a-ba3b6ff8a7a5","2","0","[""MODALITIES_MISSING"",""MODALITY_UNDEMONSTRATED""]"
"cand-e551c914-7531-5c5d-8bda-db31ea74469f","ex-05375e04-8374-5d0f-872e-4a3eea5f5da8","2","0","[""MODALITIES_MISSING"",""MODALITY_UNDEMONSTRATED""]"
"cand-4066e6f9-c549-5a86-a2e7-d3a348999fb8","ex-4aea0978-69a8-54a2-8b13-ee863fc7d14b","2","0","[""MODALITIES_MISSING"",""MODALITY_UNDEMONSTRATED""]"
"cand-2b50514b-6efb-5336-8337-285b5e4522ab","ex-8176557a-a904-5a82-9e9d-8c5f9540b5a1","2","0","[""MODALITIES_MISSING"",""MODALITY_UNDEMONSTRATED""]"
"cand-092a9dbf-6fdf-5ee8-b579-f7b1ae049e87","ex-e3a43fd0-a4a0-5a9c-8d89-d8aa94943113","2","0","[""MODALITIES_MISSING"",""MODALITY_UNDEMONSTRATED""]"
"cand-5fd4de6b-c46c-54ab-99ae-0da2299d929b","ex-5c6d382c-508e-5ecb-994a-25fb765f06ca","2","0","[""MODALITIES_MISSING"",""MODALITY_UNDEMONSTRATED""]"
"cand-458428af-bea2-5d22-a4ad-dca5606a4d92","ex-5e086bbd-e8cb-57e3-807d-a329fad85e9c","2","0","[""MODALITIES_MISSING"",""MODALITY_UNDEMONSTRATED""]"
"cand-14fe1128-b5a1-57b7-a95b-7cd21b1c1d2e","ex-db3a7a24-bb22-5fa2-a6ed-92523da35ff1","2","1","[""MODALITIES_MISSING"",""MODALITY_UNDEMONSTRATED"",""SYMBOLIC_EQUIVALENCE_NOT_PROVEN""]"
"cand-ba93ad9d-5ed0-50a2-8e36-bed03d916a1c","ex-3ee3b929-6dbb-5603-b3d9-b2311d38da9f","2","0","[""MODALITIES_MISSING"",""MODALITY_UNDEMONSTRATED""]"
"cand-b1c8d0fb-b46c-5af7-a7cd-a66f68c79709","ex-74cbd533-07b4-528a-a624-1d121de51add","2","0","[""MODALITIES_MISSING"",""MODALITY_UNDEMONSTRATED""]"
"cand-ae0452c1-f258-55cc-8834-41538dfe3a1f","ex-a910fe80-71ed-5c2a-8dc5-3a927c67422e","2","1","[""MODALITIES_MISSING"",""MODALITY_UNDEMONSTRATED"",""SYMBOLIC_EQUIVALENCE_NOT_PROVEN""]"
"cand-fa7d0099-f827-5590-b253-72feec631a4f","ex-6b947dde-7502-5f85-b2eb-13ec80f972bf","2","1","[""MODALITIES_MISSING"",""MODALITY_UNDEMONSTRATED"",""SYMBOLIC_EQUIVALENCE_NOT_PROVEN""]"
"cand-ad7f4654-2bce-5771-8b16-d6d8d54fcc25","ex-565db011-ef9f-5d1a-a070-570ce7f855e8","2","1","[""MODALITIES_MISSING"",""MODALITY_UNDEMONSTRATED"",""SYMBOLIC_EQUIVALENCE_NOT_PROVEN""]"
"cand-1d4a3c4a-3dd1-516a-90f3-1a025484c33b","ex-b3c48177-e18d-5bb8-b394-06ec46bd02bc","2","0","[""MODALITIES_MISSING"",""MODALITY_UNDEMONSTRATED""]"
"cand-e1ea1e6c-a802-5791-8474-a71c9faa6364","ex-f3cb3741-d904-5489-b5de-15c44743af62","2","1","[""MODALITIES_MISSING"",""MODALITY_UNDEMONSTRATED"",""SYMBOLIC_EQUIVALENCE_NOT_PROVEN""]"
"cand-735eb8e3-80e4-58fb-9e3e-7e06dfb96168","ex-908e1597-5723-5551-bd7a-73e9065d46f8","2","1","[""MODALITIES_MISSING"",""MODALITY_UNDEMONSTRATED"",""SYMBOLIC_EQUIVALENCE_NOT_PROVEN""]"
"cand-ab59b420-2af7-55c6-ab8f-29a5216a6d24","ex-829c9267-50bf-58b6-951b-56af2542a2ff","2","1","[""MODALITIES_MISSING"",""MODALITY_UNDEMONSTRATED"",""SYMBOLIC_EQUIVALENCE_NOT_PROVEN""]"
"cand-096137c0-d9cc-5136-a4fd-bac14c8f8d83","ex-bc8f8bc9-1f6a-59ee-9ed4-097d10dcb6e6","2","0","[""MODALITIES_MISSING"",""MODALITY_UNDEMONSTRATED""]"
"cand-35aee0fc-5033-543a-9ac7-ff7e7794d1a5","ex-24ea55b7-75b2-5694-947a-c63550127efa","2","1","[""MODALITIES_MISSING"",""MODALITY_UNDEMONSTRATED"",""SYMBOLIC_EQUIVALENCE_NOT_PROVEN""]"
"cand-c23d8114-9546-5031-b66a-f947aa301bf7","ex-9578c608-5b9d-535f-8d8b-12596ebc9073","2","0","[""MODALITIES_MISSING"",""MODALITY_UNDEMONSTRATED""]"
"cand-df1dcd5d-8b35-51da-8f56-c92cfe05b0da","ex-4cd1e821-4df5-542c-a97a-effef7c42d05","2","1","[""MODALITIES_MISSING"",""MODALITY_UNDEMONSTRATED"",""SYMBOLIC_EQUIVALENCE_NOT_PROVEN""]"
"cand-36ca753c-d4c0-5665-875d-b7e21526c2a6","ex-1c8c9c51-c3f8-569e-9b0c-c8568f4ddace","2","1","[""MODALITIES_MISSING"",""MODALITY_UNDEMONSTRATED"",""SYMBOLIC_EQUIVALENCE_NOT_PROVEN""]"
"cand-74bcb186-c996-546a-b5c7-3342881d6199","ex-3ec2f292-0d2a-5083-a98d-2df81124a5d7","2","1","[""MODALITIES_MISSING"",""MODALITY_UNDEMONSTRATED"",""SYMBOLIC_EQUIVALENCE_NOT_PROVEN""]"
"cand-e1575671-0544-55ed-9e72-b5eab6dce839","ex-a853e4f8-ea9a-56d8-be2a-6a350a24ef11","2","0","[""MODALITIES_MISSING"",""MODALITY_UNDEMONSTRATED""]"
"cand-f148924e-91b8-547e-8639-0a34f64d971d","ex-3178a30a-bf23-57fe-9d9f-c9f0a6801677","2","0","[""MODALITIES_MISSING"",""MODALITY_UNDEMONSTRATED""]"
"cand-b3ea3eb7-b5c2-5d37-b729-1ef6f6cd771b","ex-32fdd970-f706-5f53-b1e7-69b1273b1c7e","2","0","[""MODALITIES_MISSING"",""MODALITY_UNDEMONSTRATED""]"
"cand-0b93ede9-d92a-5453-800f-19af7f54e374","ex-64c4ee18-58d8-5c78-a313-f6f2efad8f5b","2","1","[""MODALITIES_MISSING"",""MODALITY_UNDEMONSTRATED"",""SYMBOLIC_EQUIVALENCE_NOT_PROVEN""]"
"cand-1a8e7250-2c74-5ae8-8b75-cd3357bfa23d","ex-e59c16d7-9165-53aa-b286-6a94f7b1d433","2","0","[""MODALITIES_MISSING"",""MODALITY_UNDEMONSTRATED""]"
"cand-d1c203a7-71e3-5991-ab2e-3d762635a7b7","ex-437d5c7e-6234-51fb-b51c-58695b2e5eb4","2","0","[""MODALITIES_MISSING"",""MODALITY_UNDEMONSTRATED""]"
"cand-fb066f99-c725-5af5-aef6-55149db37f27","ex-a8016adc-a68c-57f5-8a3a-ec564f2ed967","2","1","[""MODALITIES_MISSING"",""MODALITY_UNDEMONSTRATED"",""SYMBOLIC_EQUIVALENCE_NOT_PROVEN""]"
"cand-3816b5ba-10e1-58a6-ab5a-f46c3a342bf9","ex-0b6c1b92-a258-5222-81be-f155358f21cb","2","1","[""MODALITIES_MISSING"",""MODALITY_UNDEMONSTRATED"",""SYMBOLIC_EQUIVALENCE_NOT_PROVEN""]"
"cand-f672188e-5a32-553f-adac-2d4917b23adf","ex-27a043f8-f2cf-5300-81d8-820bca2ec6da","2","1","[""MODALITIES_MISSING"",""MODALITY_UNDEMONSTRATED"",""SYMBOLIC_EQUIVALENCE_NOT_PROVEN""]"
"cand-f52fe533-9699-5be3-9f54-02eb28b1e645","ex-8e57ad4c-a36f-5828-96b0-4c465dd30a89","2","1","[""MODALITIES_MISSING"",""MODALITY_UNDEMONSTRATED"",""SYMBOLIC_EQUIVALENCE_NOT_PROVEN""]"
"cand-cf828d99-1d07-5a01-aba8-e8135a0f6d54","ex-69d5619b-446b-52a8-872a-8ddc5232c8c2","2","1","[""MODALITIES_MISSING"",""MODALITY_UNDEMONSTRATED"",""MATH_REPRESENTATION_UNDECLARED""]"
"cand-52d789ab-ca32-5ab6-91a8-81df2842412a","ex-2244a272-45bb-5a52-9d91-2a3efc281029","2","0","[""MODALITIES_MISSING"",""MODALITY_UNDEMONSTRATED""]"
"cand-15dc1209-207b-5fa1-a4f7-7b9b52861994","ex-d88be18f-75b4-5bb4-ada7-69099690c674","2","0","[""MODALITIES_MISSING"",""MODALITY_UNDEMONSTRATED""]"
"cand-889bb5e0-8c44-5944-a0b0-5c0156554f62","ex-04465052-2146-5711-952a-d317a525df67","2","0","[""MODALITIES_MISSING"",""MODALITY_UNDEMONSTRATED""]"
"cand-12f47196-8be7-5145-88a8-02bdb2782918","ex-a50b6c6a-fa76-5a34-8431-33034e7d5f7e","5","5","[""ANSWER_CONFLICT"",""ANSWER_MISSING"",""COURSE_CONFLICT"",""SOLUTION_CONFLICT"",""SOLUTION_MISSING"",""OPTIONS_VARIANTS"",""SOLUTION_REVIEW_REQUIRED"",""STATEMENT_VARIANTS"",""SYMBOLIC_EQUIVALENCE_NOT_PROVEN"",""TOPIC_VARIANTS""]"
"cand-58b49ddf-4ceb-52aa-9354-cfe4f6219992","ex-5f4d44fc-3609-5c5d-b325-b0ef3b2dbffc","5","6","[""ANSWER_CONFLICT"",""ANSWER_MISSING"",""COURSE_CONFLICT"",""SOLUTION_CONFLICT"",""SOLUTION_MISSING"",""OPTIONS_VARIANTS"",""REVIEW_FINDINGS_OPEN"",""SOLUTION_REVIEW_REQUIRED"",""STATEMENT_VARIANTS"",""SYMBOLIC_EQUIVALENCE_NOT_PROVEN"",""TOPIC_VARIANTS""]"
"cand-93ec61fe-3e54-5821-98d8-5f5eda928647","ex-00e21e21-ff80-5a9d-95f4-d8eb9d9825b3","5","5","[""ANSWER_CONFLICT"",""ANSWER_MISSING"",""COURSE_CONFLICT"",""SOLUTION_CONFLICT"",""SOLUTION_MISSING"",""OPTIONS_VARIANTS"",""SOLUTION_REVIEW_REQUIRED"",""STATEMENT_VARIANTS"",""SYMBOLIC_EQUIVALENCE_NOT_PROVEN"",""TOPIC_VARIANTS""]"
"cand-d0a4bfd4-ea50-5642-b30d-48d520752578","ex-d712a1ae-f925-57e9-8c03-6fea4bef4eb0","5","5","[""ANSWER_CONFLICT"",""ANSWER_MISSING"",""COURSE_CONFLICT"",""SOLUTION_CONFLICT"",""SOLUTION_MISSING"",""OPTIONS_VARIANTS"",""SOLUTION_REVIEW_REQUIRED"",""STATEMENT_VARIANTS"",""SYMBOLIC_EQUIVALENCE_NOT_PROVEN"",""TOPIC_VARIANTS""]"
"cand-f49e1543-15b7-56a3-8568-95adce50d3d3","ex-90ba98dd-3f11-5028-99ef-be52e8640f8b","5","5","[""ANSWER_CONFLICT"",""ANSWER_MISSING"",""COURSE_CONFLICT"",""SOLUTION_CONFLICT"",""SOLUTION_MISSING"",""OPTIONS_VARIANTS"",""SOLUTION_REVIEW_REQUIRED"",""STATEMENT_VARIANTS"",""SYMBOLIC_EQUIVALENCE_NOT_PROVEN"",""TOPIC_VARIANTS""]"
"cand-8f1596e5-f675-5671-98d2-e5f6630b1d0b","ex-c627b3a3-13bf-51e6-a99a-d2f21ca213f6","2","2","[""MODALITIES_MISSING"",""MODALITY_UNDEMONSTRATED"",""REVIEW_FINDINGS_OPEN"",""SOLUTION_REVIEW_REQUIRED""]"
"cand-7deca556-c6f9-516e-9c6c-202dad6776d9","ex-dab53026-2107-5291-b489-284b489f61da","3","2","[""MODALITIES_MISSING"",""MODALITY_UNDEMONSTRATED"",""SOLUTION_FINAL_ONLY"",""REVIEW_FINDINGS_OPEN"",""SOLUTION_REVIEW_REQUIRED""]"
"cand-508904fd-f9b2-5dc4-bca7-dd927f427f1c","ex-5ab74e3c-119e-54fa-8693-8c90b9752773","2","2","[""MODALITIES_MISSING"",""MODALITY_UNDEMONSTRATED"",""REVIEW_FINDINGS_OPEN"",""SOLUTION_REVIEW_REQUIRED""]"
"cand-5b73152c-1f41-5c87-8fb4-cf152bb59d40","ex-92a2bc96-16da-5fef-bcde-9305ce5c0912","2","2","[""MODALITIES_MISSING"",""MODALITY_UNDEMONSTRATED"",""REVIEW_FINDINGS_OPEN"",""SOLUTION_REVIEW_REQUIRED""]"
"cand-9d07929d-fe85-5c8f-88b2-64d0c00e15ad","ex-22118b1b-28ff-57f4-a348-5722a9e1b60e","3","2","[""MODALITIES_MISSING"",""MODALITY_UNDEMONSTRATED"",""SOLUTION_FINAL_ONLY"",""REVIEW_FINDINGS_OPEN"",""SOLUTION_REVIEW_REQUIRED""]"
"cand-f1b2e12c-3214-5ed6-a996-de359413f338","ex-e2e8f8b9-0bed-5072-acb5-4f709caac00d","2","2","[""MODALITIES_MISSING"",""MODALITY_UNDEMONSTRATED"",""REVIEW_FINDINGS_OPEN"",""SOLUTION_REVIEW_REQUIRED""]"
"cand-8883839e-a52a-55e8-8196-aaef1c57f2c9","ex-ec32df68-9905-58ac-b436-48fdfd5e7f85","2","2","[""MODALITIES_MISSING"",""MODALITY_UNDEMONSTRATED"",""REVIEW_FINDINGS_OPEN"",""SOLUTION_REVIEW_REQUIRED""]"
"cand-ca3c3117-1898-52af-89ba-ffe41887ef0e","ex-98632a31-5c47-55ed-8736-666ae1972712","2","2","[""MODALITIES_MISSING"",""MODALITY_UNDEMONSTRATED"",""REVIEW_FINDINGS_OPEN"",""SOLUTION_REVIEW_REQUIRED""]"
"cand-17e1e75f-a641-5103-a4d0-acae5b63fc04","ex-8ad10274-c7e8-5e28-89e3-09577e852195","2","3","[""MODALITIES_MISSING"",""MODALITY_UNDEMONSTRATED"",""REVIEW_FINDINGS_OPEN"",""SOLUTION_DEVELOPMENT_INSUFFICIENT"",""SOLUTION_REVIEW_REQUIRED""]"
"cand-4caec57a-40a7-59f4-9524-c00961c0e148","ex-1857abe0-3573-589c-9318-682ec8c2ec1b","2","3","[""MODALITIES_MISSING"",""MODALITY_UNDEMONSTRATED"",""REVIEW_FINDINGS_OPEN"",""SOLUTION_DEVELOPMENT_INSUFFICIENT"",""SOLUTION_REVIEW_REQUIRED""]"
"cand-c5ffc5a5-cefd-5f64-a20e-79b3f7ecc6f2","ex-9953fef4-7c76-5c98-9f24-d6d7974a62f2","2","3","[""MODALITIES_MISSING"",""MODALITY_UNDEMONSTRATED"",""REVIEW_FINDINGS_OPEN"",""SOLUTION_DEVELOPMENT_INSUFFICIENT"",""SOLUTION_REVIEW_REQUIRED""]"
"cand-1150ee44-60c8-5e09-bee6-f21f28b8fe7c","ex-6725d6f0-a259-545e-bed6-f44d0e96354b","2","3","[""MODALITIES_MISSING"",""MODALITY_UNDEMONSTRATED"",""REVIEW_FINDINGS_OPEN"",""SOLUTION_DEVELOPMENT_INSUFFICIENT"",""SOLUTION_REVIEW_REQUIRED""]"
"cand-cb608f6b-90d4-57a2-92d6-28f81f3e3799","ex-98fe7314-2c99-5a85-97a8-9243c3f4a217","2","3","[""MODALITIES_MISSING"",""MODALITY_UNDEMONSTRATED"",""REVIEW_FINDINGS_OPEN"",""SOLUTION_REVIEW_REQUIRED"",""SYMBOLIC_EQUIVALENCE_NOT_PROVEN""]"
"cand-c0a481f0-ac8f-56a8-a413-11b21c5f39e5","ex-02bb3be4-5cd4-51ca-a6fe-7b1f51c1be86","2","3","[""MODALITIES_MISSING"",""MODALITY_UNDEMONSTRATED"",""REVIEW_FINDINGS_OPEN"",""SOLUTION_DEVELOPMENT_INSUFFICIENT"",""SOLUTION_REVIEW_REQUIRED""]"
"cand-0ee8ab4d-4d26-583b-a98d-b618eb39bdaa","ex-e4a37f73-a976-589a-b41f-d0483ece9b5d","2","3","[""MODALITIES_MISSING"",""MODALITY_UNDEMONSTRATED"",""REVIEW_FINDINGS_OPEN"",""SOLUTION_DEVELOPMENT_INSUFFICIENT"",""SOLUTION_REVIEW_REQUIRED""]"
"cand-de378b1f-c679-5e5c-9d12-948f79e113b7","ex-eef66d5b-6d6a-5f73-8c32-e8f66c63542a","2","3","[""MODALITIES_MISSING"",""MODALITY_UNDEMONSTRATED"",""REVIEW_FINDINGS_OPEN"",""SOLUTION_DEVELOPMENT_INSUFFICIENT"",""SOLUTION_REVIEW_REQUIRED""]"
"cand-bb2b35b6-04e2-54eb-8dd8-af17492fb525","ex-b06e0e5b-49e9-50cd-89f4-5ea541801072","2","3","[""MODALITIES_MISSING"",""MODALITY_UNDEMONSTRATED"",""REVIEW_FINDINGS_OPEN"",""SOLUTION_DEVELOPMENT_INSUFFICIENT"",""SOLUTION_REVIEW_REQUIRED""]"
"cand-c8081b71-289d-5d4f-b127-29767d958f46","ex-697e7a99-fe4f-50d4-8b53-346f0f61e8ab","3","4","[""MODALITIES_MISSING"",""MODALITY_UNDEMONSTRATED"",""UNMAPPED_TOPIC"",""REVIEW_FINDINGS_OPEN"",""SOLUTION_DEVELOPMENT_INSUFFICIENT"",""SOLUTION_REVIEW_REQUIRED"",""SYMBOLIC_EQUIVALENCE_NOT_PROVEN""]"
"cand-53b73a36-31ef-5bff-af2a-360d41b17d47","ex-a386d999-d7b6-57ed-86ed-a9236b8efa19","3","4","[""MODALITIES_MISSING"",""MODALITY_UNDEMONSTRATED"",""UNMAPPED_TOPIC"",""REVIEW_FINDINGS_OPEN"",""SOLUTION_DEVELOPMENT_INSUFFICIENT"",""SOLUTION_REVIEW_REQUIRED"",""SYMBOLIC_EQUIVALENCE_NOT_PROVEN""]"
"cand-edc41e18-26e3-5721-a04a-78650d7d6c9d","ex-b0fd6e94-d1e3-556d-9fec-77f06f2fb24d","3","4","[""MODALITIES_MISSING"",""MODALITY_UNDEMONSTRATED"",""UNMAPPED_TOPIC"",""REVIEW_FINDINGS_OPEN"",""SOLUTION_DEVELOPMENT_INSUFFICIENT"",""SOLUTION_REVIEW_REQUIRED"",""SYMBOLIC_EQUIVALENCE_NOT_PROVEN""]"
"cand-89376f77-31eb-55b0-b65f-4a28979ad71c","ex-2e9b636d-23a1-52a5-8b1a-db7bc209b7f1","3","4","[""MODALITIES_MISSING"",""MODALITY_UNDEMONSTRATED"",""UNMAPPED_TOPIC"",""REVIEW_FINDINGS_OPEN"",""SOLUTION_DEVELOPMENT_INSUFFICIENT"",""SOLUTION_REVIEW_REQUIRED"",""SYMBOLIC_EQUIVALENCE_NOT_PROVEN""]"
"cand-577b5c1d-ba36-54f6-a90d-d73f5b64d282","ex-9c6044b2-c2f9-5803-bf00-1924dbf4a1b5","3","4","[""MODALITIES_MISSING"",""MODALITY_UNDEMONSTRATED"",""UNMAPPED_TOPIC"",""REVIEW_FINDINGS_OPEN"",""SOLUTION_DEVELOPMENT_INSUFFICIENT"",""SOLUTION_REVIEW_REQUIRED"",""SYMBOLIC_EQUIVALENCE_NOT_PROVEN""]"
"cand-86698935-918c-5203-9cb5-991c1ae87f2b","ex-094145e2-cafd-5896-aab0-35113f11cf91","2","3","[""MODALITIES_MISSING"",""MODALITY_UNDEMONSTRATED"",""REVIEW_FINDINGS_OPEN"",""SOLUTION_DEVELOPMENT_INSUFFICIENT"",""SOLUTION_REVIEW_REQUIRED""]"
"cand-b094a8cf-2baf-5c90-98ce-b94add1b8c05","ex-6536ec95-0357-5402-9c09-0d9f7c97e314","2","3","[""MODALITIES_MISSING"",""MODALITY_UNDEMONSTRATED"",""REVIEW_FINDINGS_OPEN"",""SOLUTION_DEVELOPMENT_INSUFFICIENT"",""SOLUTION_REVIEW_REQUIRED""]"
"cand-4eced92b-4bb3-56e2-baaa-93ea63919e19","ex-b116b0a6-0e77-529e-a6dc-a196b8236652","3","3","[""CHOICE_MATHEMATICALLY_EQUIVALENT"",""MODALITIES_MISSING"",""MODALITY_UNDEMONSTRATED"",""REVIEW_FINDINGS_OPEN"",""SOLUTION_DEVELOPMENT_INSUFFICIENT"",""SOLUTION_REVIEW_REQUIRED""]"
"cand-35459097-321a-5259-9ef3-e547460e7b28","ex-b285349a-1bea-5dae-b658-d8b5d8e0a390","2","3","[""MODALITIES_MISSING"",""MODALITY_UNDEMONSTRATED"",""REVIEW_FINDINGS_OPEN"",""SOLUTION_DEVELOPMENT_INSUFFICIENT"",""SOLUTION_REVIEW_REQUIRED""]"
"cand-382620ca-396b-5362-a8aa-523096ced5b8","ex-4905ab12-94c8-5717-be3d-84be41ff564f","2","3","[""MODALITIES_MISSING"",""MODALITY_UNDEMONSTRATED"",""REVIEW_FINDINGS_OPEN"",""SOLUTION_DEVELOPMENT_INSUFFICIENT"",""SOLUTION_REVIEW_REQUIRED""]"
"cand-24ce508c-2499-5ffd-b99b-b1dfbd21d4f2","ex-82c37f3a-2a90-5a16-ade5-dcd777fe8bab","2","3","[""MODALITIES_MISSING"",""MODALITY_UNDEMONSTRATED"",""REVIEW_FINDINGS_OPEN"",""SOLUTION_DEVELOPMENT_INSUFFICIENT"",""SOLUTION_REVIEW_REQUIRED""]"
"cand-d458a1b7-d2db-58a9-b35a-0f3d84f25be3","ex-17108391-3530-5838-bf66-38f8334f541c","2","3","[""MODALITIES_MISSING"",""MODALITY_UNDEMONSTRATED"",""REVIEW_FINDINGS_OPEN"",""SOLUTION_DEVELOPMENT_INSUFFICIENT"",""SOLUTION_REVIEW_REQUIRED""]"
"cand-c574f46b-45e9-5aeb-bb4a-b05b2fd76712","ex-3cf96609-3fb1-50f3-a5a3-6d9141dc0808","2","3","[""MODALITIES_MISSING"",""MODALITY_UNDEMONSTRATED"",""REVIEW_FINDINGS_OPEN"",""SOLUTION_DEVELOPMENT_INSUFFICIENT"",""SOLUTION_REVIEW_REQUIRED""]"
"cand-6a5fbb10-a2b1-5ca3-8ebd-ab42db9b7007","ex-00d7940e-eefe-5381-b274-36fa63840f43","2","3","[""MODALITIES_MISSING"",""MODALITY_UNDEMONSTRATED"",""REVIEW_FINDINGS_OPEN"",""SOLUTION_DEVELOPMENT_INSUFFICIENT"",""SOLUTION_REVIEW_REQUIRED""]"
"cand-5f3d53b8-b98a-5cf8-aa74-1fbaaef50893","ex-65eb251a-3bdf-583f-b61b-96c3baad4632","2","3","[""MODALITIES_MISSING"",""MODALITY_UNDEMONSTRATED"",""REVIEW_FINDINGS_OPEN"",""SOLUTION_DEVELOPMENT_INSUFFICIENT"",""SOLUTION_REVIEW_REQUIRED""]"
"cand-5c0f9b27-9e7b-5ac0-bbbc-bb92eafaf34a","ex-b0ff1f82-567d-51a7-8b7e-a7f72c9fd553","2","3","[""MODALITIES_MISSING"",""MODALITY_UNDEMONSTRATED"",""REVIEW_FINDINGS_OPEN"",""SOLUTION_DEVELOPMENT_INSUFFICIENT"",""SOLUTION_REVIEW_REQUIRED""]"
"cand-62964c8d-5c75-54c0-a8a2-e223ea846f98","ex-dbaba52a-fd86-548e-9d10-8d584c40ba05","2","3","[""MODALITIES_MISSING"",""MODALITY_UNDEMONSTRATED"",""REVIEW_FINDINGS_OPEN"",""SOLUTION_DEVELOPMENT_INSUFFICIENT"",""SOLUTION_REVIEW_REQUIRED""]"
"cand-d24d9de2-e9cc-55ec-aecd-c235cc2f9251","ex-be91684a-682c-509e-b315-2fffa98fa84d","2","3","[""MODALITIES_MISSING"",""MODALITY_UNDEMONSTRATED"",""REVIEW_FINDINGS_OPEN"",""SOLUTION_DEVELOPMENT_INSUFFICIENT"",""SOLUTION_REVIEW_REQUIRED""]"
"cand-942eb966-d460-5d02-9e37-ed6b142cf0b6","ex-42cf55d2-e18e-53d2-8681-eba9ca1edebc","2","3","[""MODALITIES_MISSING"",""MODALITY_UNDEMONSTRATED"",""REVIEW_FINDINGS_OPEN"",""SOLUTION_DEVELOPMENT_INSUFFICIENT"",""SOLUTION_REVIEW_REQUIRED""]"
"cand-1d69cdb0-9b9b-5c11-b70e-62b6de24fcf8","ex-59fd31c5-2fa0-54a4-9c13-5d1d47aa46f3","2","3","[""MODALITIES_MISSING"",""MODALITY_UNDEMONSTRATED"",""REVIEW_FINDINGS_OPEN"",""SOLUTION_DEVELOPMENT_INSUFFICIENT"",""SOLUTION_REVIEW_REQUIRED""]"
"cand-a906fe77-1c2a-5490-afc8-184a004ad1c4","ex-59a959a2-539f-5d7a-aa5e-8c5399e50cbc","2","3","[""MODALITIES_MISSING"",""MODALITY_UNDEMONSTRATED"",""REVIEW_FINDINGS_OPEN"",""SOLUTION_DEVELOPMENT_INSUFFICIENT"",""SOLUTION_REVIEW_REQUIRED""]"
"cand-1c6f68e6-da7d-503b-bcbc-abf358b1a704","ex-ed779b43-beea-5809-8c2a-62f2efd576aa","2","3","[""MODALITIES_MISSING"",""MODALITY_UNDEMONSTRATED"",""REVIEW_FINDINGS_OPEN"",""SOLUTION_DEVELOPMENT_INSUFFICIENT"",""SOLUTION_REVIEW_REQUIRED""]"
"cand-fcddee98-672d-582a-b140-2d5d7fa1a488","ex-fecbbb06-293e-571f-a1db-0f6f7c970be3","2","3","[""MODALITIES_MISSING"",""MODALITY_UNDEMONSTRATED"",""REVIEW_FINDINGS_OPEN"",""SOLUTION_DEVELOPMENT_INSUFFICIENT"",""SOLUTION_REVIEW_REQUIRED""]"
"cand-572c589f-2ca2-5a5a-be52-6bccfac47253","ex-64bb6bfa-4e6d-5ac6-8697-56d3db00dfce","2","3","[""MODALITIES_MISSING"",""MODALITY_UNDEMONSTRATED"",""REVIEW_FINDINGS_OPEN"",""SOLUTION_DEVELOPMENT_INSUFFICIENT"",""SOLUTION_REVIEW_REQUIRED""]"
"cand-1ec223e3-aeb2-5a77-bfbb-c0a4a2f87523","ex-790550bf-325e-53ce-b172-4b196cfb30d7","2","3","[""MODALITIES_MISSING"",""MODALITY_UNDEMONSTRATED"",""REVIEW_FINDINGS_OPEN"",""SOLUTION_DEVELOPMENT_INSUFFICIENT"",""SOLUTION_REVIEW_REQUIRED""]"
"cand-448f57a0-2107-56ac-bbd2-5bb99a30e7d2","ex-f475f23f-bf2a-5563-a5f1-5a7f92d56442","2","3","[""MODALITIES_MISSING"",""MODALITY_UNDEMONSTRATED"",""REVIEW_FINDINGS_OPEN"",""SOLUTION_DEVELOPMENT_INSUFFICIENT"",""SOLUTION_REVIEW_REQUIRED""]"
"cand-e37f5f3c-6eec-54b3-885f-d0d1e279f5d3","ex-0e2a4689-00df-5c42-8f70-1019635ebda2","2","3","[""MODALITIES_MISSING"",""MODALITY_UNDEMONSTRATED"",""REVIEW_FINDINGS_OPEN"",""SOLUTION_DEVELOPMENT_INSUFFICIENT"",""SOLUTION_REVIEW_REQUIRED""]"
"cand-e98fc241-8337-5a97-8d33-89135e73efa4","ex-25b50b30-f3a6-5a93-8541-f8e752627a38","2","3","[""MODALITIES_MISSING"",""MODALITY_UNDEMONSTRATED"",""REVIEW_FINDINGS_OPEN"",""SOLUTION_DEVELOPMENT_INSUFFICIENT"",""SOLUTION_REVIEW_REQUIRED""]"
"cand-0961526d-c1f9-5914-8bf2-b1c5fbfce2d4","ex-e1b30953-868c-5102-98e9-549aede22613","2","3","[""MODALITIES_MISSING"",""MODALITY_UNDEMONSTRATED"",""REVIEW_FINDINGS_OPEN"",""SOLUTION_DEVELOPMENT_INSUFFICIENT"",""SOLUTION_REVIEW_REQUIRED""]"
"cand-8b65f31c-303b-5b97-9794-b542bfaa1ff8","ex-38a0ecf1-b43f-500e-ad4f-37b5a84cf614","2","3","[""MODALITIES_MISSING"",""MODALITY_UNDEMONSTRATED"",""REVIEW_FINDINGS_OPEN"",""SOLUTION_DEVELOPMENT_INSUFFICIENT"",""SOLUTION_REVIEW_REQUIRED""]"
"cand-55c03036-a00d-55e9-9575-e52cbf8b218e","ex-bc842cfc-fea6-5e4a-8c31-204166c3f179","2","3","[""MODALITIES_MISSING"",""MODALITY_UNDEMONSTRATED"",""REVIEW_FINDINGS_OPEN"",""SOLUTION_DEVELOPMENT_INSUFFICIENT"",""SOLUTION_REVIEW_REQUIRED""]"
"cand-b39cfda1-0eea-51f0-bb66-725d6f022d41","ex-6822d788-0d82-5645-bc50-084b23d950a5","2","3","[""MODALITIES_MISSING"",""MODALITY_UNDEMONSTRATED"",""REVIEW_FINDINGS_OPEN"",""SOLUTION_DEVELOPMENT_INSUFFICIENT"",""SOLUTION_REVIEW_REQUIRED""]"
"cand-51e399d3-d38c-5476-9f4b-c2ba1891bb36","ex-6d6857bc-7b27-5814-8a3e-beb57ebff5d5","2","3","[""MODALITIES_MISSING"",""MODALITY_UNDEMONSTRATED"",""REVIEW_FINDINGS_OPEN"",""SOLUTION_DEVELOPMENT_INSUFFICIENT"",""SOLUTION_REVIEW_REQUIRED""]"
"cand-cb713956-f3f5-5506-a9c5-53fb814320a1","ex-9dfa8415-ce49-5a95-b9ac-03fe8b348061","2","3","[""MODALITIES_MISSING"",""MODALITY_UNDEMONSTRATED"",""REVIEW_FINDINGS_OPEN"",""SOLUTION_DEVELOPMENT_INSUFFICIENT"",""SOLUTION_REVIEW_REQUIRED""]"
"cand-331b4128-e441-5858-be1a-6924d5d7617e","ex-786fb0a7-a1df-58f4-83e4-e0908ab5cde3","3","3","[""CHOICE_DUPLICATED"",""MODALITIES_MISSING"",""MODALITY_UNDEMONSTRATED"",""REVIEW_FINDINGS_OPEN"",""SOLUTION_DEVELOPMENT_INSUFFICIENT"",""SOLUTION_REVIEW_REQUIRED""]"
"cand-9b44a663-aab4-597f-98a2-465f772bb2e4","ex-024ddb44-9c23-5675-a8bf-987ce8df247e","5","3","[""CHOICE_DUPLICATED"",""MODALITIES_MISSING"",""MODALITY_UNDEMONSTRATED"",""MULTIPLE_CORRECT_EQUIVALENTS"",""UNMAPPED_TOPIC"",""REVIEW_FINDINGS_OPEN"",""SOLUTION_DEVELOPMENT_INSUFFICIENT"",""SOLUTION_REVIEW_REQUIRED""]"
"cand-b47fea7f-f586-5cae-b096-3fbc8635da2b","ex-11998bbf-a99f-52a8-a48f-c1781305f34f","2","3","[""MODALITIES_MISSING"",""MODALITY_UNDEMONSTRATED"",""REVIEW_FINDINGS_OPEN"",""SOLUTION_DEVELOPMENT_INSUFFICIENT"",""SOLUTION_REVIEW_REQUIRED""]"
"cand-bb27b730-6bdc-547b-a619-2de8bca486e7","ex-87f46922-df28-5a04-9697-9066a1bd6c6b","2","3","[""MODALITIES_MISSING"",""MODALITY_UNDEMONSTRATED"",""REVIEW_FINDINGS_OPEN"",""SOLUTION_DEVELOPMENT_INSUFFICIENT"",""SOLUTION_REVIEW_REQUIRED""]"
"cand-37ce3683-ab23-5e3f-8e70-11587a788d63","ex-ee9c84e0-7668-53fb-98e0-fcf62b945a3f","2","3","[""MODALITIES_MISSING"",""MODALITY_UNDEMONSTRATED"",""REVIEW_FINDINGS_OPEN"",""SOLUTION_REVIEW_REQUIRED"",""SYMBOLIC_EQUIVALENCE_NOT_PROVEN""]"
"cand-3f583d6a-dab2-57e2-b474-1949b873b500","ex-ce353efb-95a1-5c78-82e6-ca8d77e41c5a","2","3","[""MODALITIES_MISSING"",""MODALITY_UNDEMONSTRATED"",""REVIEW_FINDINGS_OPEN"",""SOLUTION_DEVELOPMENT_INSUFFICIENT"",""SOLUTION_REVIEW_REQUIRED""]"
"cand-87621426-f3d6-587f-b460-717dee30533a","ex-3af9f0e4-b77a-5dc1-8bcc-af7a1858e4c1","2","3","[""MODALITIES_MISSING"",""MODALITY_UNDEMONSTRATED"",""REVIEW_FINDINGS_OPEN"",""SOLUTION_DEVELOPMENT_INSUFFICIENT"",""SOLUTION_REVIEW_REQUIRED""]"
"cand-e0298aa5-6f1e-53dc-8c80-8f212b9c9012","ex-376dc373-e492-5395-86bd-a697627bb792","2","3","[""MODALITIES_MISSING"",""MODALITY_UNDEMONSTRATED"",""REVIEW_FINDINGS_OPEN"",""SOLUTION_DEVELOPMENT_INSUFFICIENT"",""SOLUTION_REVIEW_REQUIRED""]"
"cand-e45732ec-7631-5518-ab72-00e57d468b4c","ex-618c047e-608a-5463-902d-20b959a9567d","2","3","[""MODALITIES_MISSING"",""MODALITY_UNDEMONSTRATED"",""REVIEW_FINDINGS_OPEN"",""SOLUTION_DEVELOPMENT_INSUFFICIENT"",""SOLUTION_REVIEW_REQUIRED""]"
"cand-528cf9db-b298-583b-b9ab-15c529aa541f","ex-ad5b541b-2ffc-573d-8e92-29b99c8c2d2f","2","3","[""MODALITIES_MISSING"",""MODALITY_UNDEMONSTRATED"",""REVIEW_FINDINGS_OPEN"",""SOLUTION_DEVELOPMENT_INSUFFICIENT"",""SOLUTION_REVIEW_REQUIRED""]"
"cand-c0c38a25-4a49-56bb-b080-0e980956738f","ex-579d687d-5c6c-5884-9053-9f89a8780c3e","2","3","[""MODALITIES_MISSING"",""MODALITY_UNDEMONSTRATED"",""REVIEW_FINDINGS_OPEN"",""SOLUTION_DEVELOPMENT_INSUFFICIENT"",""SOLUTION_REVIEW_REQUIRED""]"
"cand-c8dc4f23-d5b5-5313-bef9-79ca4ea5d592","ex-6fd273af-9090-58fd-ae87-57e88ff15b92","2","3","[""MODALITIES_MISSING"",""MODALITY_UNDEMONSTRATED"",""REVIEW_FINDINGS_OPEN"",""SOLUTION_DEVELOPMENT_INSUFFICIENT"",""SOLUTION_REVIEW_REQUIRED""]"
"cand-a066bd28-f056-599d-85da-d147a0a9872a","ex-060315d7-2ff9-522c-87f6-c9fafc555f36","2","3","[""MODALITIES_MISSING"",""MODALITY_UNDEMONSTRATED"",""REVIEW_FINDINGS_OPEN"",""SOLUTION_DEVELOPMENT_INSUFFICIENT"",""SOLUTION_REVIEW_REQUIRED""]"
"cand-da25d0e6-9e26-5f6f-a447-f8b85090b041","ex-3e8ff54b-0a1e-5fa9-8c9b-2f98d645dacd","2","3","[""MODALITIES_MISSING"",""MODALITY_UNDEMONSTRATED"",""REVIEW_FINDINGS_OPEN"",""SOLUTION_DEVELOPMENT_INSUFFICIENT"",""SOLUTION_REVIEW_REQUIRED""]"
"cand-c6b4de5e-8f62-5f4d-8229-a29ed410fa04","ex-faba6b45-64f1-561f-a91a-58ac7fec7a36","2","3","[""MODALITIES_MISSING"",""MODALITY_UNDEMONSTRATED"",""REVIEW_FINDINGS_OPEN"",""SOLUTION_DEVELOPMENT_INSUFFICIENT"",""SOLUTION_REVIEW_REQUIRED""]"
"cand-5413b4a1-d730-51df-b2a3-536ac8b76102","ex-26cc1327-e09b-5fd2-8d5a-3c192e3a2fc0","2","3","[""MODALITIES_MISSING"",""MODALITY_UNDEMONSTRATED"",""REVIEW_FINDINGS_OPEN"",""SOLUTION_DEVELOPMENT_INSUFFICIENT"",""SOLUTION_REVIEW_REQUIRED""]"
"cand-92028d2b-e90d-5554-a7d5-ffd98b8a1439","ex-5ea7da95-bf62-5a00-ab6f-ab548e6a986b","2","4","[""MODALITIES_MISSING"",""MODALITY_UNDEMONSTRATED"",""REVIEW_FINDINGS_OPEN"",""SOLUTION_DEVELOPMENT_INSUFFICIENT"",""SOLUTION_REVIEW_REQUIRED"",""SYMBOLIC_EQUIVALENCE_NOT_PROVEN""]"
"cand-ad83634e-438a-5f0a-9b1d-acd444d6a368","ex-a359de0f-d1c5-5fd5-b040-83aa8f9e80aa","2","4","[""MODALITIES_MISSING"",""MODALITY_UNDEMONSTRATED"",""REVIEW_FINDINGS_OPEN"",""SOLUTION_DEVELOPMENT_INSUFFICIENT"",""SOLUTION_REVIEW_REQUIRED"",""SYMBOLIC_EQUIVALENCE_NOT_PROVEN""]"
"cand-3575de44-87bb-5605-a7e4-b75de41e6d3e","ex-2a6b2816-c7db-568b-843f-f9dda900accc","2","4","[""MODALITIES_MISSING"",""MODALITY_UNDEMONSTRATED"",""REVIEW_FINDINGS_OPEN"",""SOLUTION_DEVELOPMENT_INSUFFICIENT"",""SOLUTION_REVIEW_REQUIRED"",""SYMBOLIC_EQUIVALENCE_NOT_PROVEN""]"
"cand-791048d2-9450-5932-9164-f1c6adb6c9c1","ex-5a2eb15d-8af3-5d8f-a8bb-f312f462097d","2","3","[""MODALITIES_MISSING"",""MODALITY_UNDEMONSTRATED"",""REVIEW_FINDINGS_OPEN"",""SOLUTION_DEVELOPMENT_INSUFFICIENT"",""SOLUTION_REVIEW_REQUIRED""]"
"cand-5dc6900d-0428-5346-aa4a-5aad4345ae6e","ex-4d771852-d849-53ae-aaf8-1b2be17337c2","2","3","[""MODALITIES_MISSING"",""MODALITY_UNDEMONSTRATED"",""REVIEW_FINDINGS_OPEN"",""SOLUTION_DEVELOPMENT_INSUFFICIENT"",""SOLUTION_REVIEW_REQUIRED""]"
"cand-ee2dbe3c-f0cc-5b6d-88e2-c97de7239b65","ex-8f6e7962-3bed-5019-b634-44c8006372d3","2","3","[""MODALITIES_MISSING"",""MODALITY_UNDEMONSTRATED"",""REVIEW_FINDINGS_OPEN"",""SOLUTION_DEVELOPMENT_INSUFFICIENT"",""SOLUTION_REVIEW_REQUIRED""]"
"cand-5890e926-79b5-5df8-b958-553543e8a598","ex-6266d1d0-a24f-5e41-8237-563f3329a163","2","3","[""MODALITIES_MISSING"",""MODALITY_UNDEMONSTRATED"",""REVIEW_FINDINGS_OPEN"",""SOLUTION_DEVELOPMENT_INSUFFICIENT"",""SOLUTION_REVIEW_REQUIRED""]"
"cand-773928c0-880c-526b-be9a-784fc1572af1","ex-b8a60396-4e27-5c83-b9ea-9eedcf96bcc5","2","3","[""COMMUNITY_UNMAPPED"",""PAU_COMMUNITY_MISSING"",""PAU_DETAIL_INCOMPLETE"",""PAU_MODALITY_UNDECLARED"",""SYMBOLIC_EQUIVALENCE_NOT_PROVEN""]"
"cand-b8e89543-2d5c-507c-ac6e-de46d1571ca5","ex-7d645a42-5d60-5057-8564-453a4f8a1cf5","2","3","[""COMMUNITY_UNMAPPED"",""PAU_COMMUNITY_MISSING"",""PAU_DETAIL_INCOMPLETE"",""PAU_MODALITY_UNDECLARED"",""SYMBOLIC_EQUIVALENCE_NOT_PROVEN""]"
"cand-7f503a11-347b-5b83-875b-5229568ff4d9","ex-45d5c4d5-4e0f-56f8-9a82-55dec6ba420a","2","3","[""COMMUNITY_UNMAPPED"",""PAU_COMMUNITY_MISSING"",""PAU_DETAIL_INCOMPLETE"",""PAU_MODALITY_UNDECLARED"",""SYMBOLIC_EQUIVALENCE_NOT_PROVEN""]"
"cand-8ae4eacc-3dd5-5ef5-ac3a-19c57a9efce9","ex-881a16d6-e693-5f42-9f39-03a6f1a25f35","2","3","[""COMMUNITY_UNMAPPED"",""PAU_COMMUNITY_MISSING"",""PAU_DETAIL_INCOMPLETE"",""PAU_MODALITY_UNDECLARED"",""SYMBOLIC_EQUIVALENCE_NOT_PROVEN""]"
"cand-167894c3-e319-537e-a3dc-4053de1fac4d","ex-1dd24762-9ae8-518b-a4d4-736050314a4b","2","3","[""COMMUNITY_UNMAPPED"",""PAU_COMMUNITY_MISSING"",""PAU_DETAIL_INCOMPLETE"",""PAU_MODALITY_UNDECLARED"",""SYMBOLIC_EQUIVALENCE_NOT_PROVEN""]"
"cand-e324cd94-246a-518f-8035-60b3ca6c64a7","ex-d5daf011-21a4-5801-ad66-29a4ae53f351","2","3","[""COMMUNITY_UNMAPPED"",""PAU_COMMUNITY_MISSING"",""PAU_DETAIL_INCOMPLETE"",""PAU_MODALITY_UNDECLARED"",""SYMBOLIC_EQUIVALENCE_NOT_PROVEN""]"
"cand-e5e58f1d-d4c5-5d47-8c38-47e2428b1b41","ex-393c89fa-24c9-5eaf-97fc-31716dc7172a","3","3","[""ANSWER_MISSING"",""CHOICES_REQUIRED"",""SOLUTION_MISSING"",""PAU_MODALITY_UNDECLARED"",""SOLUTION_REVIEW_REQUIRED"",""STATEMENT_VARIANTS""]"
"cand-870c83ae-8f14-5f3e-a6a8-3e63f7264d16","ex-6332b176-c754-5d90-b7ed-1d15a16e9cad","5","2","[""ANSWER_MISSING"",""CHOICES_REQUIRED"",""COMMUNITY_UNMAPPED"",""PAU_COMMUNITY_MISSING"",""SOLUTION_MISSING"",""PAU_MODALITY_UNDECLARED"",""SOLUTION_REVIEW_REQUIRED""]"
"cand-2e1540d3-4b2a-591f-8ad9-3260a1b57815","ex-7870bac7-efbb-55b2-a191-f2fffce9d1d2","3","3","[""ANSWER_MISSING"",""CHOICES_REQUIRED"",""SOLUTION_MISSING"",""MATH_REPRESENTATION_UNDECLARED"",""PAU_MODALITY_UNDECLARED"",""SOLUTION_REVIEW_REQUIRED""]"
"cand-709aedab-9519-538b-b948-da43bf9308cf","ex-3d721243-09e5-5086-9bc1-335d4d375d1e","3","2","[""ANSWER_MISSING"",""CHOICES_REQUIRED"",""SOLUTION_MISSING"",""PAU_MODALITY_UNDECLARED"",""SOLUTION_REVIEW_REQUIRED""]"
"cand-b0a987df-bb92-5f83-ac29-d0be2b887b87","ex-ec7a06f7-f75a-534e-9eea-380beabf9028","3","3","[""ANSWER_MISSING"",""CHOICES_REQUIRED"",""SOLUTION_MISSING"",""MATH_REPRESENTATION_UNDECLARED"",""PAU_MODALITY_UNDECLARED"",""SOLUTION_REVIEW_REQUIRED""]"
"cand-4a4ee539-1d02-542f-b5c8-a5fd06175034","ex-24374de1-2a22-5a46-93bc-612a2f5dd3cb","3","3","[""ANSWER_MISSING"",""CHOICES_REQUIRED"",""SOLUTION_MISSING"",""MATH_REPRESENTATION_UNDECLARED"",""PAU_MODALITY_UNDECLARED"",""SOLUTION_REVIEW_REQUIRED""]"
"cand-84002adf-39ba-5f5c-bf40-0fbff909b12f","ex-d25196f6-5523-57ba-8be7-dccfa780ab19","3","2","[""ANSWER_MISSING"",""CHOICES_REQUIRED"",""SOLUTION_MISSING"",""PAU_MODALITY_UNDECLARED"",""SOLUTION_REVIEW_REQUIRED""]"
"cand-ba758ba5-f9e8-5e57-b252-4b98ef5aef97","ex-0c9d7270-7fbb-5579-9ea7-6a3b12ce4dd7","3","3","[""ANSWER_MISSING"",""CHOICES_REQUIRED"",""SOLUTION_MISSING"",""MATH_REPRESENTATION_UNDECLARED"",""PAU_MODALITY_UNDECLARED"",""SOLUTION_REVIEW_REQUIRED""]"
"cand-19e4cae1-91c1-554c-bf64-2b4b6b08ce8c","ex-d4300648-eb34-552b-b08d-7fd3e47c71a4","2","2","[""ANSWER_MISSING"",""SOLUTION_MISSING"",""PAU_MODALITY_UNDECLARED"",""SOLUTION_REVIEW_REQUIRED""]"
"cand-52f43a52-27b6-5986-8801-df3d71f9b4d8","ex-8c8a09da-b638-5452-8587-9580bfa7aeae","3","2","[""ANSWER_MISSING"",""CHOICES_REQUIRED"",""SOLUTION_MISSING"",""PAU_MODALITY_UNDECLARED"",""SOLUTION_REVIEW_REQUIRED""]"
"cand-b553c034-2780-55c5-b523-53947062a6ce","ex-2f5050f0-b4f7-5622-b575-baf0ee121cd5","3","2","[""ANSWER_MISSING"",""CHOICES_REQUIRED"",""SOLUTION_MISSING"",""PAU_MODALITY_UNDECLARED"",""SOLUTION_REVIEW_REQUIRED""]"
"cand-f113b10c-097a-5af7-8ec2-2e0366faf014","ex-dce629da-b681-5d53-a226-54818ceab2ee","3","3","[""ANSWER_MISSING"",""CHOICES_REQUIRED"",""SOLUTION_MISSING"",""MATH_REPRESENTATION_UNDECLARED"",""PAU_MODALITY_UNDECLARED"",""SOLUTION_REVIEW_REQUIRED""]"
"cand-13c1099d-4b71-5cf0-afdf-ffbb1ab72e2d","ex-8ddf8f8d-c214-5c15-be75-16fda554a417","3","2","[""ANSWER_MISSING"",""CHOICES_REQUIRED"",""SOLUTION_MISSING"",""PAU_MODALITY_UNDECLARED"",""SOLUTION_REVIEW_REQUIRED""]"
"cand-6afe8c5c-8033-56ce-a121-50ad4115321c","ex-e386de21-a1b5-5aa0-beb2-e51f957a8da8","3","2","[""ANSWER_MISSING"",""CHOICES_REQUIRED"",""SOLUTION_MISSING"",""PAU_MODALITY_UNDECLARED"",""SOLUTION_REVIEW_REQUIRED""]"
"cand-0475ada4-a40a-5291-aa9c-6e82174be806","ex-653e2866-dbdc-57cf-a547-f051c1e3f6b6","3","2","[""ANSWER_MISSING"",""CHOICES_REQUIRED"",""SOLUTION_MISSING"",""PAU_MODALITY_UNDECLARED"",""SOLUTION_REVIEW_REQUIRED""]"
"cand-a4861647-a689-5c1f-8e17-d302b25f70c8","ex-3ad94ed7-45e8-51e5-9bd7-12bc697dcbb2","2","2","[""ANSWER_MISSING"",""SOLUTION_MISSING"",""PAU_MODALITY_UNDECLARED"",""SOLUTION_REVIEW_REQUIRED""]"
"cand-3b2ec55d-7288-559b-886f-0cc05a1bb62d","ex-16da6d64-0ae2-5c86-817a-5e4609220166","3","2","[""ANSWER_MISSING"",""CHOICES_REQUIRED"",""SOLUTION_MISSING"",""PAU_MODALITY_UNDECLARED"",""SOLUTION_REVIEW_REQUIRED""]"
"cand-401f417b-1c75-5d46-b4a2-07e738d17328","ex-5e1b9c94-be33-5272-b9c0-25ad51c2a4f6","3","2","[""ANSWER_MISSING"",""CHOICES_REQUIRED"",""SOLUTION_MISSING"",""PAU_MODALITY_UNDECLARED"",""SOLUTION_REVIEW_REQUIRED""]"
"cand-4517e564-5518-585f-817c-80c5c61a1fae","ex-ed6e301d-203f-5423-a69c-275a9fbfad1f","3","3","[""ANSWER_MISSING"",""CHOICES_REQUIRED"",""SOLUTION_MISSING"",""PAU_DETAIL_INCOMPLETE"",""PAU_MODALITY_UNDECLARED"",""SOLUTION_REVIEW_REQUIRED""]"
"cand-78718ae2-fc19-5262-8e79-3dc657b17660","ex-788da9c7-54a1-5011-a906-a70b8283e16d","3","2","[""ANSWER_MISSING"",""CHOICES_REQUIRED"",""SOLUTION_MISSING"",""PAU_MODALITY_UNDECLARED"",""SOLUTION_REVIEW_REQUIRED""]"
"cand-b7b0f150-f350-5651-9744-9c90c6845832","ex-3ac830d6-3f94-555a-9413-de9acf992a4f","3","2","[""ANSWER_MISSING"",""CHOICES_REQUIRED"",""SOLUTION_MISSING"",""PAU_MODALITY_UNDECLARED"",""SOLUTION_REVIEW_REQUIRED""]"
"cand-2c6b8b3e-4cf5-59ca-a81e-395bef1edb4c","ex-ee7ba48e-a9ee-582b-81d4-c6680fb7d9a6","2","2","[""ANSWER_MISSING"",""SOLUTION_MISSING"",""PAU_MODALITY_UNDECLARED"",""SOLUTION_REVIEW_REQUIRED""]"
"cand-77dacc88-3d42-5f06-8c5b-f00241653e46","ex-6d0acb06-cef1-5b0a-b64e-c882bea6715b","3","2","[""ANSWER_MISSING"",""CHOICES_REQUIRED"",""SOLUTION_MISSING"",""PAU_MODALITY_UNDECLARED"",""SOLUTION_REVIEW_REQUIRED""]"
"cand-ac1bb3df-5218-52dc-8b9f-e4fc84d3f9ab","ex-395dc3a8-68a3-5e92-aea4-fb6762dc65d3","3","2","[""ANSWER_MISSING"",""CHOICES_REQUIRED"",""SOLUTION_MISSING"",""PAU_MODALITY_UNDECLARED"",""SOLUTION_REVIEW_REQUIRED""]"
"cand-fe9c4d25-dffa-5311-b4ac-0d78ba8ab403","ex-b3070ef1-43a8-542c-b1a5-3c2c70f9d5ef","3","2","[""ANSWER_MISSING"",""CHOICES_REQUIRED"",""SOLUTION_MISSING"",""PAU_MODALITY_UNDECLARED"",""SOLUTION_REVIEW_REQUIRED""]"
"cand-29b96301-750b-5813-b189-9254c76b33f5","ex-e97d0255-3a4f-56e4-8448-04dc4ed1f22f","3","2","[""ANSWER_MISSING"",""CHOICES_REQUIRED"",""SOLUTION_MISSING"",""PAU_MODALITY_UNDECLARED"",""SOLUTION_REVIEW_REQUIRED""]"
"cand-190876f0-03be-53fa-8a50-3230b4f79f5a","ex-a091f5b1-5858-5678-8e1f-91ed8f165ca5","3","2","[""ANSWER_MISSING"",""CHOICES_REQUIRED"",""SOLUTION_MISSING"",""PAU_MODALITY_UNDECLARED"",""SOLUTION_REVIEW_REQUIRED""]"
"cand-3416290c-d7e6-53c0-bdad-acb23729669c","ex-1f1231e5-2b29-575a-bb5f-7da615952acd","3","2","[""ANSWER_MISSING"",""CHOICES_REQUIRED"",""SOLUTION_MISSING"",""PAU_MODALITY_UNDECLARED"",""SOLUTION_REVIEW_REQUIRED""]"
"cand-af0f98e5-cabc-5ffc-ba20-262f0abb04b9","ex-9ad5b74b-ccb2-5a98-97ec-ea20130e7084","3","3","[""ANSWER_MISSING"",""CHOICES_REQUIRED"",""SOLUTION_MISSING"",""PAU_DETAIL_INCOMPLETE"",""PAU_MODALITY_UNDECLARED"",""SOLUTION_REVIEW_REQUIRED""]"
"cand-8b254a6d-bc58-5840-b34b-489a30b3ffbe","ex-af005066-699f-5728-b4c0-ed9c5b45cda9","5","3","[""ANSWER_MISSING"",""CHOICES_REQUIRED"",""COMMUNITY_UNMAPPED"",""PAU_COMMUNITY_MISSING"",""SOLUTION_MISSING"",""PAU_DETAIL_INCOMPLETE"",""PAU_MODALITY_UNDECLARED"",""SOLUTION_REVIEW_REQUIRED""]"
"cand-bd63fcd5-93b5-542d-9484-8e21b67423a3","ex-03699c8a-90c7-5452-bc9d-3672137d0cd3","3","3","[""ANSWER_MISSING"",""CHOICES_REQUIRED"",""SOLUTION_MISSING"",""MATH_REPRESENTATION_UNDECLARED"",""PAU_MODALITY_UNDECLARED"",""SOLUTION_REVIEW_REQUIRED""]"
"cand-a1ddf32c-eba9-50e9-922e-deb28c89f9cc","ex-01163761-5644-5ca0-950d-3b95c9dbc621","3","2","[""ANSWER_MISSING"",""CHOICES_REQUIRED"",""SOLUTION_MISSING"",""PAU_MODALITY_UNDECLARED"",""SOLUTION_REVIEW_REQUIRED""]"
"cand-d61fb4c8-ef6b-5c2c-a992-ea4090e5f4c2","ex-3ac1c99c-c1a5-59a4-9e1b-33f67e2d9bc0","3","4","[""ANSWER_MISSING"",""CHOICES_REQUIRED"",""SOLUTION_MISSING"",""MATH_REPRESENTATION_UNDECLARED"",""PAU_DETAIL_INCOMPLETE"",""PAU_MODALITY_UNDECLARED"",""SOLUTION_REVIEW_REQUIRED""]"
"cand-84805a74-bdaa-5b0f-9863-57f1a5d8cc5d","ex-16fe6c44-a2f6-5bdb-beba-37408d2b1b34","5","3","[""ANSWER_MISSING"",""CHOICES_REQUIRED"",""COMMUNITY_UNMAPPED"",""PAU_COMMUNITY_MISSING"",""SOLUTION_MISSING"",""PAU_DETAIL_INCOMPLETE"",""PAU_MODALITY_UNDECLARED"",""SOLUTION_REVIEW_REQUIRED""]"
"cand-6c787b57-3647-5156-9326-084873856079","ex-602b9286-c4a1-578d-9e70-7894db1c7881","3","2","[""ANSWER_MISSING"",""CHOICES_REQUIRED"",""SOLUTION_MISSING"",""PAU_MODALITY_UNDECLARED"",""SOLUTION_REVIEW_REQUIRED""]"
"cand-72937fa1-bd97-506e-ac9d-5b5ed04bc527","ex-4f435542-1dec-5cd7-acf7-5e75dafece5a","3","2","[""ANSWER_MISSING"",""CHOICES_REQUIRED"",""SOLUTION_MISSING"",""PAU_MODALITY_UNDECLARED"",""SOLUTION_REVIEW_REQUIRED""]"
"cand-34006937-225f-5000-a191-707e2ef92a0a","ex-f2b93a70-a93a-5875-98fb-577350aa45cb","3","2","[""ANSWER_MISSING"",""CHOICES_REQUIRED"",""SOLUTION_MISSING"",""PAU_MODALITY_UNDECLARED"",""SOLUTION_REVIEW_REQUIRED""]"
"cand-7921bf21-c6d0-5c14-92ea-43b43c28651a","ex-a655463b-e10c-5cef-bcb2-b7a836bccb50","3","2","[""ANSWER_MISSING"",""CHOICES_REQUIRED"",""SOLUTION_MISSING"",""PAU_MODALITY_UNDECLARED"",""SOLUTION_REVIEW_REQUIRED""]"
"cand-37e763fb-63c1-506d-a2b2-6b91fd4785c5","ex-8cc9d331-dcee-5066-9a76-f7903f25458d","5","3","[""ANSWER_MISSING"",""CHOICES_REQUIRED"",""CORRUPTED_CHARACTERS"",""CORRUPTED_CHARACTERS"",""SOLUTION_MISSING"",""PAU_MODALITY_UNDECLARED"",""REVIEW_FINDINGS_OPEN"",""SOLUTION_REVIEW_REQUIRED""]"
"cand-82f8831d-150e-5729-a279-08eb1b3e9a1b","ex-d68dcd40-5b3e-5aaa-99da-1403d05dda4b","3","2","[""ANSWER_MISSING"",""CHOICES_REQUIRED"",""SOLUTION_MISSING"",""PAU_MODALITY_UNDECLARED"",""SOLUTION_REVIEW_REQUIRED""]"
"cand-15678231-4aba-5c98-b742-90c1dd37628f","ex-277b227d-cb50-5023-b899-616c40ebbbd6","5","2","[""ANSWER_MISSING"",""CHOICES_REQUIRED"",""COMMUNITY_UNMAPPED"",""PAU_COMMUNITY_MISSING"",""SOLUTION_MISSING"",""PAU_MODALITY_UNDECLARED"",""SOLUTION_REVIEW_REQUIRED""]"
"cand-fde08dbf-a20b-5a15-8d41-9ac595ce95c0","ex-fa97828f-43c2-576d-81ef-45f293afd3a5","3","2","[""ANSWER_MISSING"",""CHOICES_REQUIRED"",""SOLUTION_MISSING"",""PAU_MODALITY_UNDECLARED"",""SOLUTION_REVIEW_REQUIRED""]"
"cand-334f13c8-7b46-57fb-a88a-1b0726fb0a9e","ex-7c4a1c98-2847-5561-b609-5a015b0bce70","3","2","[""ANSWER_MISSING"",""CHOICES_REQUIRED"",""SOLUTION_MISSING"",""PAU_MODALITY_UNDECLARED"",""SOLUTION_REVIEW_REQUIRED""]"
"cand-3369ebec-eed4-596e-8dac-c74c43ba2106","ex-0c43c50c-7886-5df3-96be-569e810437bc","3","2","[""ANSWER_MISSING"",""CHOICES_REQUIRED"",""SOLUTION_MISSING"",""PAU_MODALITY_UNDECLARED"",""SOLUTION_REVIEW_REQUIRED""]"
"cand-182b00c1-934f-50b3-8f16-f2a64874049c","ex-f73361de-842e-59d8-a047-7dd69a0b2502","5","2","[""ANSWER_MISSING"",""CHOICES_REQUIRED"",""COMMUNITY_UNMAPPED"",""PAU_COMMUNITY_MISSING"",""SOLUTION_MISSING"",""PAU_MODALITY_UNDECLARED"",""SOLUTION_REVIEW_REQUIRED""]"
"cand-1c5c4a43-fe15-5d64-9572-8bd8ab5b3100","ex-dc78cdcb-99a0-5312-ba20-9346666fcff2","3","2","[""ANSWER_MISSING"",""CHOICES_REQUIRED"",""SOLUTION_MISSING"",""PAU_MODALITY_UNDECLARED"",""SOLUTION_REVIEW_REQUIRED""]"
"cand-3a2290e4-ab09-59e7-9857-888172c5adee","ex-13524d59-a7e8-57d8-9715-dcefc8cd2ad1","3","3","[""ANSWER_MISSING"",""CHOICES_REQUIRED"",""SOLUTION_MISSING"",""MATH_REPRESENTATION_UNDECLARED"",""PAU_MODALITY_UNDECLARED"",""SOLUTION_REVIEW_REQUIRED""]"
"cand-99e6ffc9-8ec1-5167-a983-91e602b176ca","ex-5edda23c-2a24-5093-9fc7-ef78fefcb1a8","3","3","[""ANSWER_MISSING"",""CHOICES_REQUIRED"",""SOLUTION_MISSING"",""MATH_REPRESENTATION_UNDECLARED"",""PAU_MODALITY_UNDECLARED"",""SOLUTION_REVIEW_REQUIRED""]"
"cand-c2eb9fa6-99e7-5c09-85c9-c1e952165977","ex-b2a6bcb5-c618-5898-827b-88af43d78258","3","2","[""ANSWER_MISSING"",""CHOICES_REQUIRED"",""SOLUTION_MISSING"",""PAU_MODALITY_UNDECLARED"",""SOLUTION_REVIEW_REQUIRED""]"
"cand-79f7a9c5-b941-5a21-b796-fb0c71326b39","ex-f7cac63a-f540-5ad5-83e2-08c66ee65cea","3","2","[""ANSWER_MISSING"",""CHOICES_REQUIRED"",""SOLUTION_MISSING"",""PAU_MODALITY_UNDECLARED"",""SOLUTION_REVIEW_REQUIRED""]"
"cand-b4c84e30-66c7-5c1a-806f-ab6a13b70cbc","ex-bc93f16a-4cad-5464-b346-6eff5e33aa11","3","2","[""ANSWER_MISSING"",""CHOICES_REQUIRED"",""SOLUTION_MISSING"",""PAU_MODALITY_UNDECLARED"",""SOLUTION_REVIEW_REQUIRED""]"
"cand-a7dd8ee1-40f1-5ae9-96a6-c463d3b2892c","ex-7a6e8b4c-1b06-5d5b-be82-cec3984a2f5a","3","2","[""ANSWER_MISSING"",""CHOICES_REQUIRED"",""SOLUTION_MISSING"",""PAU_MODALITY_UNDECLARED"",""SOLUTION_REVIEW_REQUIRED""]"
"cand-8bd0b724-cb23-5695-b79c-34e253f8dc21","ex-7dbdad3a-0999-55ca-b8a3-5429f8964f90","3","3","[""ANSWER_MISSING"",""CHOICES_REQUIRED"",""SOLUTION_MISSING"",""MATH_REPRESENTATION_UNDECLARED"",""PAU_MODALITY_UNDECLARED"",""SOLUTION_REVIEW_REQUIRED""]"
"cand-6e5513ae-ba7d-5997-b660-69daf4b7ca82","ex-c6fa8cf7-91fa-51a7-a5ef-9517fc99589e","3","3","[""ANSWER_MISSING"",""CHOICES_REQUIRED"",""SOLUTION_MISSING"",""MATH_REPRESENTATION_UNDECLARED"",""PAU_MODALITY_UNDECLARED"",""SOLUTION_REVIEW_REQUIRED""]"
"cand-ddfb3dc6-84ed-5b69-b1d4-dfd51b79c540","ex-18b70710-bb23-5d2e-b462-e8033be4ce5e","3","2","[""ANSWER_MISSING"",""CHOICES_REQUIRED"",""SOLUTION_MISSING"",""PAU_MODALITY_UNDECLARED"",""SOLUTION_REVIEW_REQUIRED""]"
"cand-cf7a9fad-5d0b-5dcb-98bb-288129d611be","ex-96061c09-5e76-5033-a217-c89cfa0b78b6","3","3","[""ANSWER_MISSING"",""CHOICES_REQUIRED"",""SOLUTION_MISSING"",""MATH_REPRESENTATION_UNDECLARED"",""PAU_MODALITY_UNDECLARED"",""SOLUTION_REVIEW_REQUIRED""]"
"cand-5dbee8f8-9627-5f11-a5b8-5a87ff87e371","ex-fc0c74c9-0167-5211-8685-0d7b909a1770","3","2","[""ANSWER_MISSING"",""CHOICES_REQUIRED"",""SOLUTION_MISSING"",""PAU_MODALITY_UNDECLARED"",""SOLUTION_REVIEW_REQUIRED""]"
"cand-5dd7884a-d02f-5a45-84e3-9404010e1eec","ex-bfdc7de6-380b-55e5-bcda-32b728f2a06d","3","3","[""ANSWER_MISSING"",""CHOICES_REQUIRED"",""SOLUTION_MISSING"",""MATH_REPRESENTATION_UNDECLARED"",""PAU_MODALITY_UNDECLARED"",""SOLUTION_REVIEW_REQUIRED""]"
"cand-6d791f6f-933e-55e9-8bb4-755325782fe2","ex-a9477cf5-ee7b-5b16-8662-66fd636bc9d1","3","2","[""ANSWER_MISSING"",""CHOICES_REQUIRED"",""SOLUTION_MISSING"",""PAU_MODALITY_UNDECLARED"",""SOLUTION_REVIEW_REQUIRED""]"
"cand-851d383e-8b97-5945-a4c8-0351aeec40bb","ex-cd74cc64-7aaf-591e-b921-c627f97c801f","3","4","[""ANSWER_MISSING"",""CHOICES_REQUIRED"",""SOLUTION_MISSING"",""MATH_REPRESENTATION_UNDECLARED"",""PAU_DETAIL_INCOMPLETE"",""PAU_MODALITY_UNDECLARED"",""SOLUTION_REVIEW_REQUIRED""]"
"cand-eb5ea548-7fbb-51fb-b878-107577477dee","ex-5fcf7a4e-ea1d-5882-b8d6-68662b7ceec4","3","2","[""ANSWER_MISSING"",""CHOICES_REQUIRED"",""SOLUTION_MISSING"",""PAU_MODALITY_UNDECLARED"",""SOLUTION_REVIEW_REQUIRED""]"
"cand-0c5521aa-1508-5860-b6dd-bad0983159e3","ex-b3d8f750-4394-5f81-a594-0856531e3ac6","5","2","[""ANSWER_MISSING"",""CHOICES_REQUIRED"",""COMMUNITY_UNMAPPED"",""PAU_COMMUNITY_MISSING"",""SOLUTION_MISSING"",""PAU_MODALITY_UNDECLARED"",""SOLUTION_REVIEW_REQUIRED""]"
"cand-9b3a7a63-d146-5eeb-ae18-ffa73ca8fad3","ex-d62d00fe-c0e1-530a-94b9-eaaf735221bd","3","2","[""ANSWER_MISSING"",""CHOICES_REQUIRED"",""SOLUTION_MISSING"",""PAU_MODALITY_UNDECLARED"",""SOLUTION_REVIEW_REQUIRED""]"
"cand-d40eef07-6603-52ea-ac3f-ef5b27803c5e","ex-12c4e2a5-e798-5871-8324-8c8e460a5fdc","3","3","[""ANSWER_MISSING"",""CHOICES_REQUIRED"",""SOLUTION_MISSING"",""MATH_REPRESENTATION_UNDECLARED"",""PAU_MODALITY_UNDECLARED"",""SOLUTION_REVIEW_REQUIRED""]"
"cand-aa1597a9-c6fa-5cbc-a129-b2f324a9aaf2","ex-d7b0ffbf-e738-5c95-ac41-826233a05dbc","3","2","[""ANSWER_MISSING"",""CHOICES_REQUIRED"",""SOLUTION_MISSING"",""PAU_MODALITY_UNDECLARED"",""SOLUTION_REVIEW_REQUIRED""]"
"cand-48fcc5ef-4d86-59f2-a768-a17a39d9df61","ex-e08d4a79-1eb6-5dce-a18d-ee228927141b","3","2","[""ANSWER_MISSING"",""CHOICES_REQUIRED"",""SOLUTION_MISSING"",""PAU_MODALITY_UNDECLARED"",""SOLUTION_REVIEW_REQUIRED""]"
"cand-a668221b-c8ee-5ec3-aaba-158722d0c9e0","ex-c2a9f927-d60e-5cf3-91ee-98d0457cc2ac","3","2","[""ANSWER_MISSING"",""CHOICES_REQUIRED"",""SOLUTION_MISSING"",""PAU_MODALITY_UNDECLARED"",""SOLUTION_REVIEW_REQUIRED""]"
"cand-ab957928-24fc-531b-92ff-e0ba2f7027dc","ex-95090832-d74c-51db-b06b-5e4173a62d14","3","2","[""ANSWER_MISSING"",""CHOICES_REQUIRED"",""SOLUTION_MISSING"",""PAU_MODALITY_UNDECLARED"",""SOLUTION_REVIEW_REQUIRED""]"
"cand-dcba7901-af3d-5428-a8cd-af9bbdfbd824","ex-dfa4513a-42aa-5e3b-a2ab-9e13329aa5c2","3","2","[""ANSWER_MISSING"",""CHOICES_REQUIRED"",""SOLUTION_MISSING"",""PAU_MODALITY_UNDECLARED"",""SOLUTION_REVIEW_REQUIRED""]"
"cand-afa6175f-fdc8-5fb1-b01f-3402702d9230","ex-8fbfd427-55f7-5606-a904-77e6102c5259","3","3","[""ANSWER_MISSING"",""CHOICES_REQUIRED"",""SOLUTION_MISSING"",""MATH_REPRESENTATION_UNDECLARED"",""PAU_MODALITY_UNDECLARED"",""SOLUTION_REVIEW_REQUIRED""]"
"cand-b5a88f2b-99cc-5a03-9e83-b8c6ab72b292","ex-fd72ea5d-0b64-58f6-bf89-f3daca5fd816","5","2","[""ANSWER_MISSING"",""CHOICES_REQUIRED"",""COMMUNITY_UNMAPPED"",""PAU_COMMUNITY_MISSING"",""SOLUTION_MISSING"",""PAU_MODALITY_UNDECLARED"",""SOLUTION_REVIEW_REQUIRED""]"
"cand-21df8667-8d00-5201-8ca3-94d44091a380","ex-16564b15-96c9-59d2-b016-8a6fa828c20c","3","2","[""ANSWER_MISSING"",""CHOICES_REQUIRED"",""SOLUTION_MISSING"",""PAU_MODALITY_UNDECLARED"",""SOLUTION_REVIEW_REQUIRED""]"
"cand-76713052-f071-52f9-9d62-7193a3bea394","ex-f386e196-1f5a-5db7-a0c3-17adf38ca05a","5","2","[""ANSWER_MISSING"",""MODALITIES_MISSING"",""MODALITY_UNDEMONSTRATED"",""SOLUTION_MISSING"",""UNMAPPED_TOPIC"",""PAU_MODALITY_UNDECLARED"",""SOLUTION_REVIEW_REQUIRED""]"
"cand-c6e2b754-03e2-5fc8-b4af-326f16253618","ex-440ca6f1-0554-51bc-880b-703d3ef7ad02","3","2","[""ANSWER_MISSING"",""CHOICES_REQUIRED"",""SOLUTION_MISSING"",""PAU_MODALITY_UNDECLARED"",""SOLUTION_REVIEW_REQUIRED""]"
"cand-f0c155aa-cf9c-5ff7-88e7-8c15b2f56955","ex-6a02ef5d-4b0e-587c-ba95-757757fd2ae1","3","4","[""ANSWER_MISSING"",""CHOICES_REQUIRED"",""SOLUTION_MISSING"",""MATH_REPRESENTATION_UNDECLARED"",""PAU_DETAIL_INCOMPLETE"",""PAU_MODALITY_UNDECLARED"",""SOLUTION_REVIEW_REQUIRED""]"
"cand-50cb174e-411c-54d3-9487-05f1d7824c6c","ex-c681a8e1-a19a-5bca-94ed-ce8fc78e3041","3","3","[""ANSWER_MISSING"",""CHOICES_REQUIRED"",""SOLUTION_MISSING"",""MATH_REPRESENTATION_UNDECLARED"",""PAU_MODALITY_UNDECLARED"",""SOLUTION_REVIEW_REQUIRED""]"
"cand-6d41c878-74f1-5c61-8012-c413379068a8","ex-f4394272-1f60-5073-be84-86544b55dd97","3","3","[""ANSWER_MISSING"",""CHOICES_REQUIRED"",""SOLUTION_MISSING"",""PAU_DETAIL_INCOMPLETE"",""PAU_MODALITY_UNDECLARED"",""SOLUTION_REVIEW_REQUIRED""]"
"cand-1f1a7818-05d7-52ff-a5e2-3cf00149be47","ex-e9593e5b-5b62-5c74-8f3d-14355453fd9c","5","3","[""ANSWER_MISSING"",""CHOICES_REQUIRED"",""COMMUNITY_UNMAPPED"",""PAU_COMMUNITY_MISSING"",""SOLUTION_MISSING"",""PAU_DETAIL_INCOMPLETE"",""PAU_MODALITY_UNDECLARED"",""SOLUTION_REVIEW_REQUIRED""]"
"cand-efddfd5b-be21-55c4-84c2-06b6b475d169","ex-6d91f35a-8595-5448-97e5-11ce782d7ccb","3","3","[""ANSWER_MISSING"",""CHOICES_REQUIRED"",""SOLUTION_MISSING"",""PAU_DETAIL_INCOMPLETE"",""PAU_MODALITY_UNDECLARED"",""SOLUTION_REVIEW_REQUIRED""]"
"cand-a5d70689-b171-504c-aa2c-5348bfd19979","ex-3b83d944-763f-5301-aa3e-2feada08ea85","5","3","[""ANSWER_MISSING"",""CHOICES_REQUIRED"",""COMMUNITY_UNMAPPED"",""PAU_COMMUNITY_MISSING"",""SOLUTION_MISSING"",""PAU_DETAIL_INCOMPLETE"",""PAU_MODALITY_UNDECLARED"",""SOLUTION_REVIEW_REQUIRED""]"
"cand-da80c341-fc84-590f-9ec7-841eee93a80f","ex-df869c6d-a4d2-519e-bebf-cd2b055c1833","3","3","[""ANSWER_MISSING"",""CHOICES_REQUIRED"",""SOLUTION_MISSING"",""MATH_REPRESENTATION_UNDECLARED"",""PAU_MODALITY_UNDECLARED"",""SOLUTION_REVIEW_REQUIRED""]"
"cand-e8b65c37-e45e-58c4-acc8-83f0b5ea3b05","ex-5befff6a-a937-5916-8c9d-83fd7fbc81e7","5","2","[""ANSWER_MISSING"",""CHOICES_REQUIRED"",""COMMUNITY_UNMAPPED"",""PAU_COMMUNITY_MISSING"",""SOLUTION_MISSING"",""PAU_MODALITY_UNDECLARED"",""SOLUTION_REVIEW_REQUIRED""]"
"cand-b8265e8c-e22b-5354-9ae4-74dbe0eacda7","ex-80071bc2-c01e-52b2-8edd-57732ac994b9","3","2","[""ANSWER_MISSING"",""CHOICES_REQUIRED"",""SOLUTION_MISSING"",""PAU_MODALITY_UNDECLARED"",""SOLUTION_REVIEW_REQUIRED""]"
"cand-c1ade68e-1772-5f1f-a4b8-ab8232a0e841","ex-ea526d27-6538-53be-88a1-192cbc0ee9d0","3","2","[""ANSWER_MISSING"",""CHOICES_REQUIRED"",""SOLUTION_MISSING"",""PAU_MODALITY_UNDECLARED"",""SOLUTION_REVIEW_REQUIRED""]"
"cand-d651ee3f-0466-5e19-b9c6-c49c77193265","ex-cc8779e9-d1e4-5ec1-ac67-617e321b56c4","3","3","[""ANSWER_MISSING"",""CHOICES_REQUIRED"",""SOLUTION_MISSING"",""MATH_REPRESENTATION_UNDECLARED"",""PAU_MODALITY_UNDECLARED"",""SOLUTION_REVIEW_REQUIRED""]"
"cand-2f2bff81-02eb-5014-b8f6-a6b693a5ea13","ex-71c44703-001f-5088-98f6-0c984b173e62","3","3","[""ANSWER_MISSING"",""CHOICES_REQUIRED"",""SOLUTION_MISSING"",""MATH_REPRESENTATION_UNDECLARED"",""PAU_MODALITY_UNDECLARED"",""SOLUTION_REVIEW_REQUIRED""]"
"cand-2cf7da8d-c485-5ed3-8c6e-ad2dd40b3577","ex-b260ff44-b5f4-542a-8f81-3532d0a70ec3","3","3","[""ANSWER_MISSING"",""CHOICES_REQUIRED"",""SOLUTION_MISSING"",""PAU_DETAIL_INCOMPLETE"",""PAU_MODALITY_UNDECLARED"",""SOLUTION_REVIEW_REQUIRED""]"
"cand-3984a354-a5a2-503d-9eaa-d47137156e17","ex-cf472ee8-67a3-5380-bdd0-4aa2434138ac","3","2","[""ANSWER_MISSING"",""CHOICES_REQUIRED"",""SOLUTION_MISSING"",""PAU_MODALITY_UNDECLARED"",""SOLUTION_REVIEW_REQUIRED""]"
"cand-234473bb-619b-5654-85ae-2f8af5aeaa52","ex-8b1f540f-05c7-58c7-86f2-5de6031e9350","3","2","[""ANSWER_MISSING"",""CHOICES_REQUIRED"",""SOLUTION_MISSING"",""PAU_MODALITY_UNDECLARED"",""SOLUTION_REVIEW_REQUIRED""]"
"cand-2685a046-1f13-51eb-96e6-005b6a8d6538","ex-cd4aa9ad-add0-51e9-a06a-91513d8f226e","3","2","[""ANSWER_MISSING"",""CHOICES_REQUIRED"",""SOLUTION_MISSING"",""PAU_MODALITY_UNDECLARED"",""SOLUTION_REVIEW_REQUIRED""]"
"cand-4805a982-eb6c-5c21-8a3a-b22ebe7fef4d","ex-c70b08af-6b48-5afe-85e8-b1dd7994deff","3","3","[""ANSWER_MISSING"",""CHOICES_REQUIRED"",""SOLUTION_MISSING"",""PAU_DETAIL_INCOMPLETE"",""PAU_MODALITY_UNDECLARED"",""SOLUTION_REVIEW_REQUIRED""]"
"cand-965767e8-f57b-5480-bc2a-70b30d2009c1","ex-4ff1acbc-9c42-5a2e-ad2c-5223552929af","5","3","[""ANSWER_MISSING"",""CHOICES_REQUIRED"",""COMMUNITY_UNMAPPED"",""PAU_COMMUNITY_MISSING"",""SOLUTION_MISSING"",""PAU_DETAIL_INCOMPLETE"",""PAU_MODALITY_UNDECLARED"",""SOLUTION_REVIEW_REQUIRED""]"
"cand-afa2bd75-4b34-51a3-a846-e143f9856c69","ex-9055c139-ffae-5497-be3d-32f93787264c","3","3","[""ANSWER_MISSING"",""CHOICES_REQUIRED"",""SOLUTION_MISSING"",""PAU_DETAIL_INCOMPLETE"",""PAU_MODALITY_UNDECLARED"",""SOLUTION_REVIEW_REQUIRED""]"
"cand-3dd333aa-9216-5f25-b4e3-4c6788904c4c","ex-19093b37-6af4-5725-8fea-613a8da96c24","3","4","[""ANSWER_MISSING"",""CHOICES_REQUIRED"",""SOLUTION_MISSING"",""MATH_REPRESENTATION_UNDECLARED"",""PAU_DETAIL_INCOMPLETE"",""PAU_MODALITY_UNDECLARED"",""SOLUTION_REVIEW_REQUIRED""]"
"cand-6862f5bb-1a3b-5f9b-9c23-6616e523fe14","ex-db1b18b8-335f-5b72-a0f3-5e6cdde9a65e","5","3","[""ANSWER_MISSING"",""CHOICES_REQUIRED"",""COMMUNITY_UNMAPPED"",""PAU_COMMUNITY_MISSING"",""SOLUTION_MISSING"",""PAU_DETAIL_INCOMPLETE"",""PAU_MODALITY_UNDECLARED"",""SOLUTION_REVIEW_REQUIRED""]"
"cand-149aaafe-0506-5510-91d3-d889f5d08eb5","ex-e4bfa683-008e-5d5c-a8d4-3b33ac905227","3","2","[""ANSWER_MISSING"",""CHOICES_REQUIRED"",""SOLUTION_MISSING"",""PAU_MODALITY_UNDECLARED"",""SOLUTION_REVIEW_REQUIRED""]"
"cand-bb37883c-39eb-528f-8c9a-f54a0ea0b6f0","ex-ea883701-d526-5d9f-bf98-7f208b337af2","3","2","[""ANSWER_MISSING"",""CHOICES_REQUIRED"",""SOLUTION_MISSING"",""PAU_MODALITY_UNDECLARED"",""SOLUTION_REVIEW_REQUIRED""]"
"cand-dbb1501e-d255-578f-8df6-7307660afa57","ex-99c81e0c-47e8-5dc5-9c48-f1e91c7ae2f5","5","2","[""ANSWER_MISSING"",""CHOICES_REQUIRED"",""COMMUNITY_UNMAPPED"",""PAU_COMMUNITY_MISSING"",""SOLUTION_MISSING"",""PAU_MODALITY_UNDECLARED"",""SOLUTION_REVIEW_REQUIRED""]"
"cand-c20d8d31-9e57-56fb-9728-93765061841c","ex-283fe010-a592-552e-bb3b-d5282acf1d0d","3","2","[""ANSWER_MISSING"",""CHOICES_REQUIRED"",""SOLUTION_MISSING"",""PAU_MODALITY_UNDECLARED"",""SOLUTION_REVIEW_REQUIRED""]"
"cand-a5f28336-6177-5b24-b7d3-c96fbbd0852a","ex-122541ee-1d22-57e2-b9f5-cf7f89a6b308","3","3","[""ANSWER_MISSING"",""CHOICES_REQUIRED"",""SOLUTION_MISSING"",""MATH_REPRESENTATION_UNDECLARED"",""PAU_MODALITY_UNDECLARED"",""SOLUTION_REVIEW_REQUIRED""]"
"cand-b3931ad0-1f76-5df1-a039-3e0ad2457a28","ex-4f556ef3-85ba-5e85-9b37-503754047e5c","3","2","[""ANSWER_MISSING"",""CHOICES_REQUIRED"",""SOLUTION_MISSING"",""PAU_MODALITY_UNDECLARED"",""SOLUTION_REVIEW_REQUIRED""]"
"cand-a19d9883-ee06-589f-8b67-67bffded9528","ex-0302f88b-ac8d-5136-8e27-2e554c106532","3","2","[""ANSWER_MISSING"",""CHOICES_REQUIRED"",""SOLUTION_MISSING"",""PAU_MODALITY_UNDECLARED"",""SOLUTION_REVIEW_REQUIRED""]"
"cand-e2346447-de9b-5441-9a41-9059173384f4","ex-fafd5e28-5b03-589c-843f-dfe6a269283a","3","2","[""ANSWER_MISSING"",""CHOICES_REQUIRED"",""SOLUTION_MISSING"",""PAU_MODALITY_UNDECLARED"",""SOLUTION_REVIEW_REQUIRED""]"
"cand-3fb94a37-b446-5faf-bc18-ca36d23cc1c8","ex-7bfd9acb-e7dd-54ca-97f8-f34a87386a7e","3","2","[""ANSWER_MISSING"",""CHOICES_REQUIRED"",""SOLUTION_MISSING"",""PAU_MODALITY_UNDECLARED"",""SOLUTION_REVIEW_REQUIRED""]"
"cand-b6fb1d64-4726-5c52-bfe2-f2a150e1dc77","ex-1eec4629-34ac-51ee-b797-0d7b66eacd7f","3","2","[""ANSWER_MISSING"",""CHOICES_REQUIRED"",""SOLUTION_MISSING"",""PAU_MODALITY_UNDECLARED"",""SOLUTION_REVIEW_REQUIRED""]"
"cand-f81c4ccc-42a8-573f-96b5-0d91de437180","ex-ac5e55f0-07d2-51ca-bd01-a373e362837c","3","3","[""ANSWER_MISSING"",""CHOICES_REQUIRED"",""SOLUTION_MISSING"",""PAU_DETAIL_INCOMPLETE"",""PAU_MODALITY_UNDECLARED"",""SOLUTION_REVIEW_REQUIRED""]"
"cand-b9ec80c2-e262-599a-8497-37974959ac4a","ex-d5b224ed-492b-577c-8c5c-f7a2f242a082","3","2","[""ANSWER_MISSING"",""CHOICES_REQUIRED"",""SOLUTION_MISSING"",""PAU_MODALITY_UNDECLARED"",""SOLUTION_REVIEW_REQUIRED""]"
"cand-f89a90b2-79ec-5c9c-adf2-f86be0c2102a","ex-6866175d-c0ec-51ed-acd3-e8413ad769a4","3","2","[""ANSWER_MISSING"",""CHOICES_REQUIRED"",""SOLUTION_MISSING"",""PAU_MODALITY_UNDECLARED"",""SOLUTION_REVIEW_REQUIRED""]"
"cand-a7f99183-a006-5772-878e-ec621e1c7114","ex-5ba89823-6d1e-5b14-83b4-8702e7047497","3","2","[""ANSWER_MISSING"",""CHOICES_REQUIRED"",""SOLUTION_MISSING"",""PAU_MODALITY_UNDECLARED"",""SOLUTION_REVIEW_REQUIRED""]"
"cand-e5d66af5-f0b2-5ef9-ad14-584f318ac462","ex-31f265e5-9c84-589b-80da-61524c33f68b","3","2","[""ANSWER_MISSING"",""CHOICES_REQUIRED"",""SOLUTION_MISSING"",""PAU_MODALITY_UNDECLARED"",""SOLUTION_REVIEW_REQUIRED""]"
"cand-e72644e5-8ef3-5ab8-a28c-a8aba390f2d4","ex-df417429-ad5e-52a3-bb41-a8217fe58c03","3","2","[""ANSWER_MISSING"",""CHOICES_REQUIRED"",""SOLUTION_MISSING"",""PAU_MODALITY_UNDECLARED"",""SOLUTION_REVIEW_REQUIRED""]"
"cand-4386c1c7-8012-53a6-860a-8dc652e73fb8","ex-6acf8be0-d0b5-5b6f-a308-935d80343f98","3","2","[""ANSWER_MISSING"",""CHOICES_REQUIRED"",""SOLUTION_MISSING"",""PAU_MODALITY_UNDECLARED"",""SOLUTION_REVIEW_REQUIRED""]"
"cand-1fd18ae0-862f-59d3-9a3c-cd60984b10a2","ex-2f8f5191-e949-50c1-bc21-97c90e3ac086","3","2","[""ANSWER_MISSING"",""CHOICES_REQUIRED"",""SOLUTION_MISSING"",""PAU_MODALITY_UNDECLARED"",""SOLUTION_REVIEW_REQUIRED""]"
"cand-f81b066e-c920-5eed-a7b4-c2f5228b8d4f","ex-a6ae1dca-da26-51e3-8b6f-b654c6adb514","3","2","[""ANSWER_MISSING"",""CHOICES_REQUIRED"",""SOLUTION_MISSING"",""PAU_MODALITY_UNDECLARED"",""SOLUTION_REVIEW_REQUIRED""]"
"cand-a689a225-d32e-58b3-ac49-93c009fd715b","ex-26cf7339-9d36-5ec4-8a9f-ae8e26ed97e0","3","2","[""ANSWER_MISSING"",""CHOICES_REQUIRED"",""SOLUTION_MISSING"",""PAU_MODALITY_UNDECLARED"",""SOLUTION_REVIEW_REQUIRED""]"
"cand-9a017d5a-d3ed-57fa-8ffb-c185411c6fdc","ex-9e6fce8d-071e-5b39-b3e8-d48e3fc3a71a","3","3","[""ANSWER_MISSING"",""CHOICES_REQUIRED"",""SOLUTION_MISSING"",""MATH_REPRESENTATION_UNDECLARED"",""PAU_MODALITY_UNDECLARED"",""SOLUTION_REVIEW_REQUIRED""]"
"cand-3bae6345-7dad-5a36-bccf-bcb376a637a7","ex-3e2c2ba4-f7c1-5d54-b139-90595f798db3","3","2","[""ANSWER_MISSING"",""CHOICES_REQUIRED"",""SOLUTION_MISSING"",""PAU_MODALITY_UNDECLARED"",""SOLUTION_REVIEW_REQUIRED""]"
"cand-84957499-8b09-5433-bb17-962c3288a773","ex-c074c2b2-3418-5853-b869-77b31e2977a1","3","2","[""ANSWER_MISSING"",""CHOICES_REQUIRED"",""SOLUTION_MISSING"",""PAU_MODALITY_UNDECLARED"",""SOLUTION_REVIEW_REQUIRED""]"
"cand-d4f95f47-2217-5fd0-b7eb-2859406cb54e","ex-352bf98b-c36b-5325-8da8-a87225c90d13","3","3","[""ANSWER_MISSING"",""CHOICES_REQUIRED"",""SOLUTION_MISSING"",""MATH_REPRESENTATION_UNDECLARED"",""PAU_MODALITY_UNDECLARED"",""SOLUTION_REVIEW_REQUIRED""]"
"cand-c51ea92b-7bad-596c-92d8-a42f6549f830","ex-a9ff5188-3829-5b5e-a8f2-18dd96766e00","3","2","[""ANSWER_MISSING"",""CHOICES_REQUIRED"",""SOLUTION_MISSING"",""PAU_MODALITY_UNDECLARED"",""SOLUTION_REVIEW_REQUIRED""]"
"cand-c0902640-e618-5563-8b4a-64bac187673e","ex-ca0fa047-af15-5317-96bc-4e347fd4d619","3","2","[""ANSWER_MISSING"",""CHOICES_REQUIRED"",""SOLUTION_MISSING"",""PAU_MODALITY_UNDECLARED"",""SOLUTION_REVIEW_REQUIRED""]"
"cand-01b4277c-eb73-5c3c-a6d5-c2d01b0e8079","ex-a57924cf-2ecf-5d37-a300-dbda5f588c67","3","2","[""ANSWER_MISSING"",""CHOICES_REQUIRED"",""SOLUTION_MISSING"",""PAU_MODALITY_UNDECLARED"",""SOLUTION_REVIEW_REQUIRED""]"
"cand-109a493a-a9ad-5461-8431-29feea3bdb11","ex-3bc27a8d-ff0b-5c58-a779-43b91e063cda","3","2","[""ANSWER_MISSING"",""CHOICES_REQUIRED"",""SOLUTION_MISSING"",""PAU_MODALITY_UNDECLARED"",""SOLUTION_REVIEW_REQUIRED""]"
"cand-5d49da5a-57d1-5333-9b8a-15bc862d9084","ex-3bbc217f-522f-52c8-a2e0-c9dac379879f","3","3","[""ANSWER_MISSING"",""CHOICES_REQUIRED"",""SOLUTION_MISSING"",""MATH_REPRESENTATION_UNDECLARED"",""PAU_MODALITY_UNDECLARED"",""SOLUTION_REVIEW_REQUIRED""]"
"cand-097f1980-e54b-5b58-9fe4-8c6e13b542bc","ex-a267518e-fb88-5d28-81a1-23c7d9af037d","3","3","[""ANSWER_MISSING"",""CHOICES_REQUIRED"",""SOLUTION_MISSING"",""MATH_REPRESENTATION_UNDECLARED"",""PAU_MODALITY_UNDECLARED"",""SOLUTION_REVIEW_REQUIRED""]"
"cand-27204bbf-8557-523f-80eb-e027c2480c9d","ex-64daf338-4e0d-5f72-bc97-ee5a0ed26b3d","3","3","[""ANSWER_MISSING"",""CHOICES_REQUIRED"",""SOLUTION_MISSING"",""MATH_REPRESENTATION_UNDECLARED"",""PAU_MODALITY_UNDECLARED"",""SOLUTION_REVIEW_REQUIRED""]"
"cand-44ec78b1-65e6-5fa9-b398-a2828f461448","ex-04f0663d-8344-52c7-a986-64a4a7243b4e","3","2","[""ANSWER_MISSING"",""CHOICES_REQUIRED"",""SOLUTION_MISSING"",""PAU_MODALITY_UNDECLARED"",""SOLUTION_REVIEW_REQUIRED""]"
"cand-dd5b4af8-1d11-5957-a1e2-41eb35bbd334","ex-6b7488c2-66e8-5a8a-9d0b-16f1b6bfbbfb","3","2","[""ANSWER_MISSING"",""CHOICES_REQUIRED"",""SOLUTION_MISSING"",""PAU_MODALITY_UNDECLARED"",""SOLUTION_REVIEW_REQUIRED""]"
"cand-6ea82f28-2e35-5fed-b1a3-6a8b3292b64e","ex-12c258fe-83ce-5bc4-9f71-170e7fbda3b6","3","2","[""ANSWER_MISSING"",""CHOICES_REQUIRED"",""SOLUTION_MISSING"",""PAU_MODALITY_UNDECLARED"",""SOLUTION_REVIEW_REQUIRED""]"
"cand-47e81870-e668-5da9-a7d2-e4e3b74a1cc2","ex-35d8cb33-0d4e-5bc2-83a9-e2a76fafa31f","3","2","[""ANSWER_MISSING"",""CHOICES_REQUIRED"",""SOLUTION_MISSING"",""PAU_MODALITY_UNDECLARED"",""SOLUTION_REVIEW_REQUIRED""]"
"cand-98bce85f-def1-5b44-b0c1-0d99c765fdaf","ex-657f1b8e-5218-5de4-9fd4-0f81377ebf96","3","4","[""ANSWER_MISSING"",""CHOICES_REQUIRED"",""SOLUTION_MISSING"",""MATH_REPRESENTATION_UNDECLARED"",""PAU_DETAIL_INCOMPLETE"",""PAU_MODALITY_UNDECLARED"",""SOLUTION_REVIEW_REQUIRED""]"
"cand-a1b1371c-eb8a-5a81-badf-9f9c95194686","ex-7a4282b9-51e6-5901-9c55-97a61db35d4f","3","3","[""ANSWER_MISSING"",""CHOICES_REQUIRED"",""SOLUTION_MISSING"",""MATH_REPRESENTATION_UNDECLARED"",""PAU_MODALITY_UNDECLARED"",""SOLUTION_REVIEW_REQUIRED""]"
"cand-85c92bae-b748-5c4d-8557-53164dd23418","ex-23b7b6a2-334b-50b1-9c15-5ed01e403000","3","2","[""ANSWER_MISSING"",""CHOICES_REQUIRED"",""SOLUTION_MISSING"",""PAU_MODALITY_UNDECLARED"",""SOLUTION_REVIEW_REQUIRED""]"
"cand-4f9e1285-b9fa-5586-9459-c12ee141076c","ex-6a08652d-22ba-5c6c-8c57-dc193a070d66","3","3","[""ANSWER_MISSING"",""CHOICES_REQUIRED"",""SOLUTION_MISSING"",""MATH_REPRESENTATION_UNDECLARED"",""PAU_MODALITY_UNDECLARED"",""SOLUTION_REVIEW_REQUIRED""]"
"cand-f975b85b-0743-5216-924d-8211751f804e","ex-033ad577-dea9-50f5-86e4-4b4bf3b0365a","2","2","[""ANSWER_MISSING"",""SOLUTION_MISSING"",""PAU_MODALITY_UNDECLARED"",""SOLUTION_REVIEW_REQUIRED""]"
"cand-fb210b30-0a15-56c6-98cf-fe26fae08de1","ex-35df55f0-51e9-552d-bf02-1fd481f1566d","3","3","[""ANSWER_MISSING"",""CHOICES_REQUIRED"",""SOLUTION_MISSING"",""MATH_REPRESENTATION_UNDECLARED"",""PAU_MODALITY_UNDECLARED"",""SOLUTION_REVIEW_REQUIRED""]"
"cand-abdcda07-1ca4-5474-a7d1-49cda59fc045","ex-abbed90f-9f3e-5a44-9fcf-8c2810158a4e","3","2","[""ANSWER_MISSING"",""CHOICES_REQUIRED"",""SOLUTION_MISSING"",""PAU_MODALITY_UNDECLARED"",""SOLUTION_REVIEW_REQUIRED""]"
"cand-21928401-f99f-5374-882f-04f96ff1ed93","ex-976a4f7d-4d00-54ad-a000-b61cb233fd69","3","3","[""ANSWER_MISSING"",""CHOICES_REQUIRED"",""SOLUTION_MISSING"",""PAU_DETAIL_INCOMPLETE"",""PAU_MODALITY_UNDECLARED"",""SOLUTION_REVIEW_REQUIRED""]"
"cand-06f7c808-7c6d-5da0-b32a-1a39b0b23312","ex-6ffb6073-cfde-50d2-9ca8-4c1b2d891627","3","3","[""ANSWER_MISSING"",""CHOICES_REQUIRED"",""SOLUTION_MISSING"",""MATH_REPRESENTATION_UNDECLARED"",""PAU_MODALITY_UNDECLARED"",""SOLUTION_REVIEW_REQUIRED""]"
"cand-3cfd0cfd-3df3-565c-abd8-5ab8a1360224","ex-dc09d814-fd8b-5c2d-8095-d478d8ecebfe","3","3","[""ANSWER_MISSING"",""CHOICES_REQUIRED"",""SOLUTION_MISSING"",""PAU_DETAIL_INCOMPLETE"",""PAU_MODALITY_UNDECLARED"",""SOLUTION_REVIEW_REQUIRED""]"
"cand-8ad73c5c-e12b-5a0c-91de-1214675c5003","ex-92f055d8-17a1-5216-adf5-f996a3bab697","3","2","[""ANSWER_MISSING"",""CHOICES_REQUIRED"",""SOLUTION_MISSING"",""PAU_MODALITY_UNDECLARED"",""SOLUTION_REVIEW_REQUIRED""]"
"cand-373dc747-af43-561c-bbe5-8d83db4a0730","ex-3af9a713-bc3f-547e-8c22-03c7f42a11cd","3","2","[""ANSWER_MISSING"",""CHOICES_REQUIRED"",""SOLUTION_MISSING"",""PAU_MODALITY_UNDECLARED"",""SOLUTION_REVIEW_REQUIRED""]"
"cand-ee44e4ad-8866-510f-8b97-c028beb9c432","ex-7a90e538-8103-5e7a-a357-513fe96e71a2","3","2","[""ANSWER_MISSING"",""CHOICES_REQUIRED"",""SOLUTION_MISSING"",""PAU_MODALITY_UNDECLARED"",""SOLUTION_REVIEW_REQUIRED""]"
"cand-8f6ba005-1dd6-5dd4-9139-c61b3621d739","ex-df9dab57-81f0-5671-b653-b3ba70e67cb0","3","3","[""ANSWER_MISSING"",""CHOICES_REQUIRED"",""SOLUTION_MISSING"",""MATH_REPRESENTATION_UNDECLARED"",""PAU_MODALITY_UNDECLARED"",""SOLUTION_REVIEW_REQUIRED""]"
"cand-e1488458-2c7d-587f-ac07-f1da738edaa4","ex-e5c22c0d-ce7f-5b1d-8356-029d0339ad12","3","2","[""ANSWER_MISSING"",""CHOICES_REQUIRED"",""SOLUTION_MISSING"",""PAU_MODALITY_UNDECLARED"",""SOLUTION_REVIEW_REQUIRED""]"
"cand-fdedca65-34ee-5ac7-9e11-fb38e3bdc4d8","ex-09deb49c-1709-5a63-b13c-c4cb582f1434","3","3","[""ANSWER_MISSING"",""CHOICES_REQUIRED"",""SOLUTION_MISSING"",""MATH_REPRESENTATION_UNDECLARED"",""PAU_MODALITY_UNDECLARED"",""SOLUTION_REVIEW_REQUIRED""]"
"cand-82e5820c-d4f1-5ea7-99d6-b333e69d6a2a","ex-57ea328f-3114-5c23-90e3-2e78037cf83f","3","3","[""ANSWER_MISSING"",""CHOICES_REQUIRED"",""SOLUTION_MISSING"",""MATH_REPRESENTATION_UNDECLARED"",""PAU_MODALITY_UNDECLARED"",""SOLUTION_REVIEW_REQUIRED""]"
"cand-1bb7af6b-703c-5e99-9e9c-e6903ea894e9","ex-655734f6-5751-5b68-8adf-cd3feca3101c","3","3","[""ANSWER_MISSING"",""CHOICES_REQUIRED"",""SOLUTION_MISSING"",""MATH_REPRESENTATION_UNDECLARED"",""PAU_MODALITY_UNDECLARED"",""SOLUTION_REVIEW_REQUIRED""]"
"cand-1ed31bf9-236c-5927-8f65-92d13c8dc64c","ex-791cb5f2-8615-5dc5-8578-2f75f63a970b","3","4","[""ANSWER_MISSING"",""CHOICES_REQUIRED"",""SOLUTION_MISSING"",""MATH_REPRESENTATION_UNDECLARED"",""PAU_DETAIL_INCOMPLETE"",""PAU_MODALITY_UNDECLARED"",""SOLUTION_REVIEW_REQUIRED""]"
"cand-34fb0c7e-469f-5b76-a07a-f7f5b8b4938b","ex-55657262-9d19-5750-af99-4c6ba9bb2b3b","3","3","[""ANSWER_MISSING"",""CHOICES_REQUIRED"",""SOLUTION_MISSING"",""PAU_DETAIL_INCOMPLETE"",""PAU_MODALITY_UNDECLARED"",""SOLUTION_REVIEW_REQUIRED""]"
"cand-29737576-9e1e-5d8f-8e1b-3c32ed457abe","ex-65169a95-9742-5fdd-8bad-4f85c98ba84e","5","4","[""ANSWER_MISSING"",""CHOICES_REQUIRED"",""COMMUNITY_UNMAPPED"",""PAU_COMMUNITY_MISSING"",""SOLUTION_MISSING"",""MATH_REPRESENTATION_UNDECLARED"",""PAU_DETAIL_INCOMPLETE"",""PAU_MODALITY_UNDECLARED"",""SOLUTION_REVIEW_REQUIRED""]"
"cand-54fcbfbe-02fd-5031-8d2c-5f15cb7f7b76","ex-7cd61199-91b8-5365-b085-75b0dcaf2f1c","3","2","[""ANSWER_MISSING"",""CHOICES_REQUIRED"",""SOLUTION_MISSING"",""PAU_MODALITY_UNDECLARED"",""SOLUTION_REVIEW_REQUIRED""]"
"cand-9962140f-df9a-58c4-8ca7-687148b380c6","ex-83a4bb7c-7605-5d05-98b0-5aebda3dbc14","3","2","[""ANSWER_MISSING"",""CHOICES_REQUIRED"",""SOLUTION_MISSING"",""PAU_MODALITY_UNDECLARED"",""SOLUTION_REVIEW_REQUIRED""]"
"cand-a8e51fd2-496a-5bb0-9032-18026478e8b6","ex-7c5bf156-de35-527f-8ebb-afd61f2e2c91","3","2","[""ANSWER_MISSING"",""CHOICES_REQUIRED"",""SOLUTION_MISSING"",""PAU_MODALITY_UNDECLARED"",""SOLUTION_REVIEW_REQUIRED""]"
"cand-3fc890a6-0502-59d4-8bcc-620e18085f7e","ex-cac8579a-d3af-5a58-9869-e54838da2e7a","3","3","[""ANSWER_MISSING"",""CHOICES_REQUIRED"",""SOLUTION_MISSING"",""PAU_DETAIL_INCOMPLETE"",""PAU_MODALITY_UNDECLARED"",""SOLUTION_REVIEW_REQUIRED""]"
"cand-e40bea44-f32b-52ff-b78d-ff90152d53ba","ex-516a20f6-3944-5c25-872d-08d5fb21744d","5","3","[""ANSWER_MISSING"",""CHOICES_REQUIRED"",""COMMUNITY_UNMAPPED"",""PAU_COMMUNITY_MISSING"",""SOLUTION_MISSING"",""PAU_DETAIL_INCOMPLETE"",""PAU_MODALITY_UNDECLARED"",""SOLUTION_REVIEW_REQUIRED""]"
"cand-bfcc907c-5888-5fc1-a6e9-4c7726798c91","ex-ba1ad280-acf6-5bf9-94ec-0b2a2da148dc","3","2","[""ANSWER_MISSING"",""CHOICES_REQUIRED"",""SOLUTION_MISSING"",""PAU_MODALITY_UNDECLARED"",""SOLUTION_REVIEW_REQUIRED""]"
"cand-9eae3b5c-cbba-5bf6-ab44-92219845bb0f","ex-d26eacbd-ca69-54a7-b552-a2f4da92ed96","5","3","[""ANSWER_MISSING"",""CHOICES_REQUIRED"",""COMMUNITY_UNMAPPED"",""PAU_COMMUNITY_MISSING"",""SOLUTION_MISSING"",""MATH_REPRESENTATION_UNDECLARED"",""PAU_MODALITY_UNDECLARED"",""SOLUTION_REVIEW_REQUIRED""]"
"cand-099d7b94-501c-5ede-9b23-bb994fa575e5","ex-2d0a8cf0-d19a-5b76-80ae-0076d02a9ffa","3","2","[""ANSWER_MISSING"",""CHOICES_REQUIRED"",""SOLUTION_MISSING"",""PAU_MODALITY_UNDECLARED"",""SOLUTION_REVIEW_REQUIRED""]"
"cand-3aff3789-282e-52f9-b017-30171cce4640","ex-068290bf-8fee-5ce9-a858-2c538e269e1d","3","2","[""ANSWER_MISSING"",""CHOICES_REQUIRED"",""SOLUTION_MISSING"",""PAU_MODALITY_UNDECLARED"",""SOLUTION_REVIEW_REQUIRED""]"
"cand-f04b1252-7ed9-5972-bc10-ab728b3f2b07","ex-dff34780-5aa5-50d3-b40d-c78d598636b5","3","2","[""ANSWER_MISSING"",""CHOICES_REQUIRED"",""SOLUTION_MISSING"",""PAU_MODALITY_UNDECLARED"",""SOLUTION_REVIEW_REQUIRED""]"
"cand-7dbd5f1d-c5ce-536f-9eeb-14c07464aecd","ex-f90b9c34-f660-5b95-b6d1-ff150dbaffea","3","3","[""ANSWER_MISSING"",""CHOICES_REQUIRED"",""SOLUTION_MISSING"",""MATH_REPRESENTATION_UNDECLARED"",""PAU_MODALITY_UNDECLARED"",""SOLUTION_REVIEW_REQUIRED""]"
"cand-70b9b732-bde4-5422-853f-f8807f3b674e","ex-d03caacf-1392-588b-a855-ab1a8449be8d","3","2","[""ANSWER_MISSING"",""CHOICES_REQUIRED"",""SOLUTION_MISSING"",""PAU_MODALITY_UNDECLARED"",""SOLUTION_REVIEW_REQUIRED""]"
"cand-37b66778-445d-5111-a6c5-103e9aca9aed","ex-8f1f9f97-0bef-55db-a199-3bb911efa6e5","3","3","[""ANSWER_MISSING"",""CHOICES_REQUIRED"",""SOLUTION_MISSING"",""MATH_REPRESENTATION_UNDECLARED"",""PAU_MODALITY_UNDECLARED"",""SOLUTION_REVIEW_REQUIRED""]"
"cand-4e53ef21-ed7e-537d-92df-55445bf80469","ex-9da174e0-1e14-58fe-bcfc-9cadf2a922f4","3","2","[""ANSWER_MISSING"",""CHOICES_REQUIRED"",""SOLUTION_MISSING"",""PAU_MODALITY_UNDECLARED"",""SOLUTION_REVIEW_REQUIRED""]"
"cand-075a70b5-009b-52c8-876f-36839954b67a","ex-66b5660b-f9da-5994-89c8-d34838a91955","3","3","[""ANSWER_MISSING"",""CHOICES_REQUIRED"",""SOLUTION_MISSING"",""MATH_REPRESENTATION_UNDECLARED"",""PAU_MODALITY_UNDECLARED"",""SOLUTION_REVIEW_REQUIRED""]"
"cand-de7a9336-276b-5de3-884f-0f341f9c1bbd","ex-1109e1d4-9bab-574a-9f90-7e45dc9f260d","3","3","[""ANSWER_MISSING"",""CHOICES_REQUIRED"",""SOLUTION_MISSING"",""MATH_REPRESENTATION_UNDECLARED"",""PAU_MODALITY_UNDECLARED"",""SOLUTION_REVIEW_REQUIRED""]"
"cand-591376d7-5257-5dd9-bd86-6d17ded483c7","ex-a0da2490-836a-58cd-a5a8-d9d0f731e019","5","2","[""ANSWER_MISSING"",""MODALITIES_MISSING"",""MODALITY_UNDEMONSTRATED"",""SOLUTION_MISSING"",""UNMAPPED_TOPIC"",""PAU_MODALITY_UNDECLARED"",""SOLUTION_REVIEW_REQUIRED""]"
"cand-dc574d53-99c9-5a95-8eeb-143096ed2587","ex-c44a1355-fc10-5dc9-b56b-09a3f8e968e7","3","2","[""ANSWER_MISSING"",""CHOICES_REQUIRED"",""SOLUTION_MISSING"",""PAU_MODALITY_UNDECLARED"",""SOLUTION_REVIEW_REQUIRED""]"
"cand-a9c8b7b9-cd23-5828-bb5c-b4326ff1296f","ex-f452c5d0-0042-58fa-8ef8-c19c5f34db4e","3","2","[""ANSWER_MISSING"",""CHOICES_REQUIRED"",""SOLUTION_MISSING"",""PAU_MODALITY_UNDECLARED"",""SOLUTION_REVIEW_REQUIRED""]"
"cand-b9fb21a1-0f4c-5991-bec0-3104acd11758","ex-722ace59-8de1-56ab-b414-53773be52750","3","2","[""ANSWER_MISSING"",""CHOICES_REQUIRED"",""SOLUTION_MISSING"",""PAU_MODALITY_UNDECLARED"",""SOLUTION_REVIEW_REQUIRED""]"
"cand-7136f379-f6a1-56e7-949a-413c07138fd2","ex-8e7b684a-3080-5ac3-9474-abb7144bb792","3","2","[""ANSWER_MISSING"",""CHOICES_REQUIRED"",""SOLUTION_MISSING"",""PAU_MODALITY_UNDECLARED"",""SOLUTION_REVIEW_REQUIRED""]"
"cand-96ab4638-37ec-5763-89fd-9470da9027c5","ex-f3238d3a-9ead-5784-bab5-d0c8fbf16d9d","5","2","[""ANSWER_MISSING"",""MODALITIES_MISSING"",""MODALITY_UNDEMONSTRATED"",""SOLUTION_MISSING"",""UNMAPPED_TOPIC"",""PAU_MODALITY_UNDECLARED"",""SOLUTION_REVIEW_REQUIRED""]"
"cand-6e4fd001-fe74-5084-990e-30e616b377da","ex-107cce1b-ea96-56ff-9b59-287ff0762fbd","3","3","[""ANSWER_MISSING"",""CHOICES_REQUIRED"",""SOLUTION_MISSING"",""MATH_REPRESENTATION_UNDECLARED"",""PAU_MODALITY_UNDECLARED"",""SOLUTION_REVIEW_REQUIRED""]"
"cand-c7b6977a-32c3-5a00-98d8-336c0a88827c","ex-b9909d76-7119-5737-8fd8-2511f302206f","3","2","[""ANSWER_MISSING"",""CHOICES_REQUIRED"",""SOLUTION_MISSING"",""PAU_MODALITY_UNDECLARED"",""SOLUTION_REVIEW_REQUIRED""]"
"cand-5afd0b3b-3b60-580e-8eb0-ffe84a5b5247","ex-175bb0ee-6840-5283-bc87-38a2df497139","3","2","[""ANSWER_MISSING"",""CHOICES_REQUIRED"",""SOLUTION_MISSING"",""PAU_MODALITY_UNDECLARED"",""SOLUTION_REVIEW_REQUIRED""]"
"cand-ae587aef-ed60-5bad-b368-71d59720bdd9","ex-b8f2c8da-10f7-55a6-8b0e-8f4945ad698b","3","3","[""ANSWER_MISSING"",""CHOICES_REQUIRED"",""SOLUTION_MISSING"",""MATH_REPRESENTATION_UNDECLARED"",""PAU_MODALITY_UNDECLARED"",""SOLUTION_REVIEW_REQUIRED""]"
"cand-308ffad3-1bb3-57aa-bb63-972d4ee04efc","ex-7250f9d6-48ea-565b-81e3-b8346d78bed3","3","2","[""ANSWER_MISSING"",""CHOICES_REQUIRED"",""SOLUTION_MISSING"",""PAU_MODALITY_UNDECLARED"",""SOLUTION_REVIEW_REQUIRED""]"
"cand-6eecd5c4-0c22-53e5-87c5-06291e3801de","ex-1435a634-510c-5816-b4f4-b8cb097c60ec","3","2","[""ANSWER_MISSING"",""CHOICES_REQUIRED"",""SOLUTION_MISSING"",""PAU_MODALITY_UNDECLARED"",""SOLUTION_REVIEW_REQUIRED""]"
"cand-c5fcc9e2-2f35-50c5-8710-93e778ed64e1","ex-ff362a31-adfd-5be0-91eb-ee42f67c8c7d","3","2","[""ANSWER_MISSING"",""CHOICES_REQUIRED"",""SOLUTION_MISSING"",""PAU_MODALITY_UNDECLARED"",""SOLUTION_REVIEW_REQUIRED""]"
"cand-3fa67dd6-eb1f-58fc-b54a-d25e6753d8fd","ex-28d8173f-75ff-537f-90d7-6177d88c38f9","3","3","[""ANSWER_MISSING"",""CHOICES_REQUIRED"",""SOLUTION_MISSING"",""MATH_REPRESENTATION_UNDECLARED"",""PAU_MODALITY_UNDECLARED"",""SOLUTION_REVIEW_REQUIRED""]"
"cand-beb09970-fd04-5b82-b9fc-3f1919c099a9","ex-3a0bb01a-ba82-5f73-84d3-899cabac3537","3","3","[""ANSWER_MISSING"",""CHOICES_REQUIRED"",""SOLUTION_MISSING"",""PAU_DETAIL_INCOMPLETE"",""PAU_MODALITY_UNDECLARED"",""SOLUTION_REVIEW_REQUIRED""]"
"cand-119df3be-abc6-5e56-bac9-edfe5aadf419","ex-5d8dfdd5-7cbe-5bf6-8bf3-b19921175f41","5","4","[""ANSWER_MISSING"",""CHOICES_REQUIRED"",""COMMUNITY_UNMAPPED"",""PAU_COMMUNITY_MISSING"",""SOLUTION_MISSING"",""MATH_REPRESENTATION_UNDECLARED"",""PAU_DETAIL_INCOMPLETE"",""PAU_MODALITY_UNDECLARED"",""SOLUTION_REVIEW_REQUIRED""]"
"cand-3e91e277-b99d-5179-87e0-740af8127da4","ex-9aed7f79-cf0c-52b1-954d-5437205b3f92","3","3","[""ANSWER_MISSING"",""CHOICES_REQUIRED"",""SOLUTION_MISSING"",""MATH_REPRESENTATION_UNDECLARED"",""PAU_MODALITY_UNDECLARED"",""SOLUTION_REVIEW_REQUIRED""]"
"cand-b7c8a316-37e2-5862-9eaf-8149f77e959e","ex-935ec012-1370-56c1-9249-1db880419ed1","3","2","[""ANSWER_MISSING"",""CHOICES_REQUIRED"",""SOLUTION_MISSING"",""PAU_MODALITY_UNDECLARED"",""SOLUTION_REVIEW_REQUIRED""]"
"cand-1b9bf924-e33a-55fc-8f79-d069aa131abd","ex-530e04b3-4755-5865-b5c5-566a405b2270","3","2","[""ANSWER_MISSING"",""CHOICES_REQUIRED"",""SOLUTION_MISSING"",""PAU_MODALITY_UNDECLARED"",""SOLUTION_REVIEW_REQUIRED""]"
"cand-6858ab73-0a57-56bd-a121-1c428ce29442","ex-85204d42-e6aa-57da-852c-7812b593dc93","5","2","[""ANSWER_MISSING"",""MODALITIES_MISSING"",""MODALITY_UNDEMONSTRATED"",""SOLUTION_MISSING"",""UNMAPPED_TOPIC"",""PAU_MODALITY_UNDECLARED"",""SOLUTION_REVIEW_REQUIRED""]"
"cand-e9fae10d-3465-5ff7-847a-731cd601be4e","ex-f3eccb3b-041c-52dd-8e27-4c19d205254e","3","2","[""ANSWER_MISSING"",""CHOICES_REQUIRED"",""SOLUTION_MISSING"",""PAU_MODALITY_UNDECLARED"",""SOLUTION_REVIEW_REQUIRED""]"
"cand-ace06b98-7157-546f-8347-836893e3c62d","ex-edaa4796-31d6-5bef-b9ea-1aa9225b4d6e","3","2","[""ANSWER_MISSING"",""CHOICES_REQUIRED"",""SOLUTION_MISSING"",""PAU_MODALITY_UNDECLARED"",""SOLUTION_REVIEW_REQUIRED""]"
"cand-6abe9da5-6968-56fe-9815-cad1762e981a","ex-e4049ef6-8f9a-5790-8d7c-f911a83c6aa6","3","2","[""ANSWER_MISSING"",""CHOICES_REQUIRED"",""SOLUTION_MISSING"",""PAU_MODALITY_UNDECLARED"",""SOLUTION_REVIEW_REQUIRED""]"
"cand-61bbb10e-4446-535f-a5f0-edbfdda0a832","ex-d5797bf3-bdb5-5af3-99f1-a28aa341ad30","3","3","[""ANSWER_MISSING"",""CHOICES_REQUIRED"",""SOLUTION_MISSING"",""PAU_DETAIL_INCOMPLETE"",""PAU_MODALITY_UNDECLARED"",""SOLUTION_REVIEW_REQUIRED""]"
"cand-c89e585d-25b7-5ab9-b73b-6fa3704029b2","ex-6ef0ccac-7728-5969-b3d4-19e9972e1015","3","3","[""ANSWER_MISSING"",""CHOICES_REQUIRED"",""SOLUTION_MISSING"",""MATH_REPRESENTATION_UNDECLARED"",""PAU_MODALITY_UNDECLARED"",""SOLUTION_REVIEW_REQUIRED""]"
"cand-bf3a8584-a780-5f32-abb3-c29e9533f6d4","ex-4d0562a8-15ba-568c-85cb-ca8bbe370187","3","3","[""ANSWER_MISSING"",""CHOICES_REQUIRED"",""SOLUTION_MISSING"",""MATH_REPRESENTATION_UNDECLARED"",""PAU_MODALITY_UNDECLARED"",""SOLUTION_REVIEW_REQUIRED""]"
"cand-88b8fbc7-9c91-51c4-9a93-8979664983f4","ex-4d96153a-982d-5a9b-8b93-faa4b079b382","3","2","[""ANSWER_MISSING"",""CHOICES_REQUIRED"",""SOLUTION_MISSING"",""PAU_MODALITY_UNDECLARED"",""SOLUTION_REVIEW_REQUIRED""]"
"cand-39afbe54-88da-5a78-aaed-6cb4c1b9a627","ex-88a33e51-546a-5f98-babb-91395c0ca1f9","3","2","[""ANSWER_MISSING"",""CHOICES_REQUIRED"",""SOLUTION_MISSING"",""PAU_MODALITY_UNDECLARED"",""SOLUTION_REVIEW_REQUIRED""]"
"cand-efe4ab5f-83fd-59ef-aa6d-9f968415c8dd","ex-3933f491-e890-5400-93d7-c66dc1be6629","3","2","[""ANSWER_MISSING"",""CHOICES_REQUIRED"",""SOLUTION_MISSING"",""PAU_MODALITY_UNDECLARED"",""SOLUTION_REVIEW_REQUIRED""]"
"cand-014ebb72-2e44-570f-8801-93ab2fc1c29b","ex-4fe97be4-0e6f-5969-8e78-40d060e0ae90","3","3","[""ANSWER_MISSING"",""CHOICES_REQUIRED"",""SOLUTION_MISSING"",""MATH_REPRESENTATION_UNDECLARED"",""PAU_MODALITY_UNDECLARED"",""SOLUTION_REVIEW_REQUIRED""]"
"cand-8b226609-6bc6-54d3-96cf-10cf7c3baf29","ex-fe6cd48d-4521-52be-b2b2-d32e38684be9","3","2","[""ANSWER_MISSING"",""CHOICES_REQUIRED"",""SOLUTION_MISSING"",""PAU_MODALITY_UNDECLARED"",""SOLUTION_REVIEW_REQUIRED""]"
"cand-b44617fb-f6bb-50c6-bdc4-1de1d83d2216","ex-fc1665bb-7416-55be-9f90-0003a578a33d","5","2","[""ANSWER_MISSING"",""MODALITIES_MISSING"",""MODALITY_UNDEMONSTRATED"",""SOLUTION_MISSING"",""UNMAPPED_TOPIC"",""PAU_MODALITY_UNDECLARED"",""SOLUTION_REVIEW_REQUIRED""]"
"cand-e72ed8ee-c165-5bbc-b795-68bd50b89bf8","ex-1e47c3b2-46ee-5472-ac24-19b9a214dbbf","3","2","[""ANSWER_MISSING"",""CHOICES_REQUIRED"",""SOLUTION_MISSING"",""PAU_MODALITY_UNDECLARED"",""SOLUTION_REVIEW_REQUIRED""]"
"cand-29a5246f-3121-5ff9-9e20-5ad14304f6a4","ex-134762ad-877d-5ebf-b39c-0a54296bfe05","3","2","[""ANSWER_MISSING"",""CHOICES_REQUIRED"",""SOLUTION_MISSING"",""PAU_MODALITY_UNDECLARED"",""SOLUTION_REVIEW_REQUIRED""]"
"cand-5c630a16-8929-5482-b338-712d378fd0b7","ex-7810ee46-8727-55ac-8800-9544fbf6eb30","3","3","[""ANSWER_MISSING"",""CHOICES_REQUIRED"",""SOLUTION_MISSING"",""MATH_REPRESENTATION_UNDECLARED"",""PAU_MODALITY_UNDECLARED"",""SOLUTION_REVIEW_REQUIRED""]"
"cand-8f2c86cc-c939-5be7-ae3b-cfc6661e4eae","ex-6643cb67-b501-53fa-930b-3adb3a1b6ad5","5","2","[""ANSWER_MISSING"",""MODALITIES_MISSING"",""MODALITY_UNDEMONSTRATED"",""SOLUTION_MISSING"",""UNMAPPED_TOPIC"",""PAU_MODALITY_UNDECLARED"",""SOLUTION_REVIEW_REQUIRED""]"
"cand-52674930-4eea-5beb-ac8a-ecc6254f4dec","ex-5658b83e-f413-5400-8a0b-d6b7b7e0fcd4","3","3","[""ANSWER_MISSING"",""CHOICES_REQUIRED"",""SOLUTION_MISSING"",""PAU_DETAIL_INCOMPLETE"",""PAU_MODALITY_UNDECLARED"",""SOLUTION_REVIEW_REQUIRED""]"
"cand-c847df0a-1910-5436-a690-91d7a609b0c4","ex-a42d147c-5657-5fc8-8b6a-2e0506d9d2a0","3","3","[""ANSWER_MISSING"",""CHOICES_REQUIRED"",""SOLUTION_MISSING"",""MATH_REPRESENTATION_UNDECLARED"",""PAU_MODALITY_UNDECLARED"",""SOLUTION_REVIEW_REQUIRED""]"
"cand-166dc8d8-dc9c-5630-a534-78dc2958bc22","ex-eb7d4333-dbf5-5b88-a266-ec89cc40600d","3","2","[""ANSWER_MISSING"",""CHOICES_REQUIRED"",""SOLUTION_MISSING"",""PAU_MODALITY_UNDECLARED"",""SOLUTION_REVIEW_REQUIRED""]"
"cand-e93678c3-e9a2-5bd5-8af0-ab075e21f4ad","ex-4b3d90d6-ca3f-59b3-a9a7-675f016e3367","3","2","[""ANSWER_MISSING"",""CHOICES_REQUIRED"",""SOLUTION_MISSING"",""PAU_MODALITY_UNDECLARED"",""SOLUTION_REVIEW_REQUIRED""]"
"cand-85d79307-c1d2-53b5-8274-4c9f2d0b39d8","ex-1b199cab-27a2-5eab-a6a7-db6fe636b4a6","3","2","[""ANSWER_MISSING"",""CHOICES_REQUIRED"",""SOLUTION_MISSING"",""PAU_MODALITY_UNDECLARED"",""SOLUTION_REVIEW_REQUIRED""]"
"cand-5da00d48-bd40-55af-9ef7-283d3ce4d483","ex-a1814236-0b78-5702-a8d6-313005f36403","3","2","[""ANSWER_MISSING"",""CHOICES_REQUIRED"",""SOLUTION_MISSING"",""PAU_MODALITY_UNDECLARED"",""SOLUTION_REVIEW_REQUIRED""]"
"cand-49a076d4-6ba6-5876-99af-fdc8bb839f31","ex-3036a30e-6010-5235-9832-94510a099ef7","5","3","[""ANSWER_MISSING"",""MODALITIES_MISSING"",""MODALITY_UNDEMONSTRATED"",""SOLUTION_MISSING"",""UNMAPPED_TOPIC"",""MATH_REPRESENTATION_UNDECLARED"",""PAU_MODALITY_UNDECLARED"",""SOLUTION_REVIEW_REQUIRED""]"
"cand-5351ed86-45ba-505e-a28c-7002d2cf365c","ex-54f0d32c-73aa-5d0c-a6a0-ba54bb44e3e5","3","3","[""ANSWER_MISSING"",""CHOICES_REQUIRED"",""SOLUTION_MISSING"",""MATH_REPRESENTATION_UNDECLARED"",""PAU_MODALITY_UNDECLARED"",""SOLUTION_REVIEW_REQUIRED""]"
"cand-b5bfc893-ddbd-5e04-a9e1-0c5989623bc7","ex-5ddcded1-cfcd-5e90-9a20-ab28d7a0e5f6","3","2","[""ANSWER_MISSING"",""CHOICES_REQUIRED"",""SOLUTION_MISSING"",""PAU_MODALITY_UNDECLARED"",""SOLUTION_REVIEW_REQUIRED""]"
"cand-0c6960a7-5a67-57fb-8bcc-a8d3373b9cce","ex-ac266b83-61bb-5b52-8a75-89a861ebad28","3","2","[""ANSWER_MISSING"",""CHOICES_REQUIRED"",""SOLUTION_MISSING"",""PAU_MODALITY_UNDECLARED"",""SOLUTION_REVIEW_REQUIRED""]"
"cand-60b784d3-6549-5e7b-ba6f-297db32a0544","ex-60d1dce4-8fa5-5bd5-80f0-781071276999","3","2","[""ANSWER_MISSING"",""CHOICES_REQUIRED"",""SOLUTION_MISSING"",""PAU_MODALITY_UNDECLARED"",""SOLUTION_REVIEW_REQUIRED""]"
"cand-c52cb23a-0f16-5fc1-8b5c-b6235ac57555","ex-237a266b-62b0-5dc1-ab60-cf5fe9f7127f","5","2","[""ANSWER_MISSING"",""CHOICES_REQUIRED"",""COMMUNITY_UNMAPPED"",""PAU_COMMUNITY_MISSING"",""SOLUTION_MISSING"",""PAU_MODALITY_UNDECLARED"",""SOLUTION_REVIEW_REQUIRED""]"
"cand-fd1654c4-837d-54de-a552-464d6c6df4d8","ex-62e92692-62af-5f42-b672-630bb7f20847","3","2","[""ANSWER_MISSING"",""CHOICES_REQUIRED"",""SOLUTION_MISSING"",""PAU_MODALITY_UNDECLARED"",""SOLUTION_REVIEW_REQUIRED""]"
"cand-671901d0-c4ed-54ec-bd4b-5758d52f95fc","ex-357e4d85-a0ef-5c26-85c3-b4d0f5041398","3","3","[""ANSWER_MISSING"",""CHOICES_REQUIRED"",""SOLUTION_MISSING"",""MATH_REPRESENTATION_UNDECLARED"",""PAU_MODALITY_UNDECLARED"",""SOLUTION_REVIEW_REQUIRED""]"
"cand-dc8af010-d3df-587d-80cc-df7f5489aa76","ex-5c2d1769-9d27-58e9-9260-e09e5d618cc1","3","2","[""ANSWER_MISSING"",""CHOICES_REQUIRED"",""SOLUTION_MISSING"",""PAU_MODALITY_UNDECLARED"",""SOLUTION_REVIEW_REQUIRED""]"
"cand-10b39cad-8d36-5ccb-8911-331844952ef7","ex-fc3b8199-8c4a-5cb0-8060-b266337f2d31","3","2","[""ANSWER_MISSING"",""CHOICES_REQUIRED"",""SOLUTION_MISSING"",""PAU_MODALITY_UNDECLARED"",""SOLUTION_REVIEW_REQUIRED""]"
"cand-7bc547e8-4e06-51d9-aab1-b6a05dd03f29","ex-45e5a6b5-9afa-53d0-a83a-94a04e815f56","3","3","[""ANSWER_MISSING"",""CHOICES_REQUIRED"",""SOLUTION_MISSING"",""PAU_DETAIL_INCOMPLETE"",""PAU_MODALITY_UNDECLARED"",""SOLUTION_REVIEW_REQUIRED""]"
"cand-25049767-ab7c-516f-a97d-309b4aee8fe9","ex-ff89f97a-45eb-51a8-801f-58f22ed3fa2e","5","4","[""ANSWER_MISSING"",""CHOICES_REQUIRED"",""COMMUNITY_UNMAPPED"",""PAU_COMMUNITY_MISSING"",""SOLUTION_MISSING"",""MATH_REPRESENTATION_UNDECLARED"",""PAU_DETAIL_INCOMPLETE"",""PAU_MODALITY_UNDECLARED"",""SOLUTION_REVIEW_REQUIRED""]"
"cand-ca6ab03e-a2a7-5bac-b30e-ff2ee85c1fe5","ex-e62707ba-b0aa-58d4-9f9d-516aee3508ed","3","2","[""ANSWER_MISSING"",""CHOICES_REQUIRED"",""SOLUTION_MISSING"",""PAU_MODALITY_UNDECLARED"",""SOLUTION_REVIEW_REQUIRED""]"
"cand-f0ebe21e-50e9-502b-9f0f-c0b232505f73","ex-0d611ac1-d67e-5153-bbbb-c1492b4ca219","3","2","[""ANSWER_MISSING"",""CHOICES_REQUIRED"",""SOLUTION_MISSING"",""PAU_MODALITY_UNDECLARED"",""SOLUTION_REVIEW_REQUIRED""]"
"cand-4332d329-2ee4-59b4-bed6-74218d215b17","ex-d7434f43-9a12-5ab9-8d38-d8d68cef75c0","3","3","[""ANSWER_MISSING"",""CHOICES_REQUIRED"",""SOLUTION_MISSING"",""PAU_DETAIL_INCOMPLETE"",""PAU_MODALITY_UNDECLARED"",""SOLUTION_REVIEW_REQUIRED""]"
"cand-27009816-4dcc-5704-8e4a-3a62420fa056","ex-dd199782-952c-51d4-8fe5-b847a8de856c","3","2","[""ANSWER_MISSING"",""CHOICES_REQUIRED"",""SOLUTION_MISSING"",""PAU_MODALITY_UNDECLARED"",""SOLUTION_REVIEW_REQUIRED""]"
"cand-b55d672d-78d9-59f7-809b-19608a76d3cf","ex-da4d3005-5c8e-59ac-b377-a96dd1f73dbc","5","2","[""ANSWER_MISSING"",""MODALITIES_MISSING"",""MODALITY_UNDEMONSTRATED"",""SOLUTION_MISSING"",""UNMAPPED_TOPIC"",""PAU_MODALITY_UNDECLARED"",""SOLUTION_REVIEW_REQUIRED""]"
"cand-b6e64bdd-d63b-5f6b-9b71-048ab6493b32","ex-e440fd41-a0b3-52b1-ac6d-7946bb716c00","3","2","[""ANSWER_MISSING"",""CHOICES_REQUIRED"",""SOLUTION_MISSING"",""PAU_MODALITY_UNDECLARED"",""SOLUTION_REVIEW_REQUIRED""]"
"cand-f682e570-7ba9-5d6a-92ad-b86ce4a45baa","ex-ac5931fd-a8f2-57eb-83ce-e40f781d9095","3","2","[""ANSWER_MISSING"",""CHOICES_REQUIRED"",""SOLUTION_MISSING"",""PAU_MODALITY_UNDECLARED"",""SOLUTION_REVIEW_REQUIRED""]"
"cand-35b2b8d5-4f35-5dd6-98c0-9a3ceaf3c760","ex-741869bd-9551-5660-a435-f5032b96692d","3","2","[""ANSWER_MISSING"",""CHOICES_REQUIRED"",""SOLUTION_MISSING"",""PAU_MODALITY_UNDECLARED"",""SOLUTION_REVIEW_REQUIRED""]"
"cand-09eb50a3-0a9b-58d9-be03-197bb4f614e0","ex-77489fc4-8ba6-5a57-97c4-dbbed876208a","3","2","[""ANSWER_MISSING"",""CHOICES_REQUIRED"",""SOLUTION_MISSING"",""PAU_MODALITY_UNDECLARED"",""SOLUTION_REVIEW_REQUIRED""]"
"cand-305dbc03-b583-59bf-80ff-172855e2f1dc","ex-eb78e015-8c3c-5603-a84c-db0e223a8003","5","3","[""ANSWER_MISSING"",""CHOICES_REQUIRED"",""COMMUNITY_UNMAPPED"",""PAU_COMMUNITY_MISSING"",""SOLUTION_MISSING"",""MATH_REPRESENTATION_UNDECLARED"",""PAU_MODALITY_UNDECLARED"",""SOLUTION_REVIEW_REQUIRED""]"
"cand-4b2b14f3-8336-5382-b7e6-d230c7d72b4f","ex-ac3a7fa7-4c2b-5b90-af66-54cc8c7d9d39","3","2","[""ANSWER_MISSING"",""CHOICES_REQUIRED"",""SOLUTION_MISSING"",""PAU_MODALITY_UNDECLARED"",""SOLUTION_REVIEW_REQUIRED""]"
"cand-9bd7f799-97c1-5589-89e8-27dde9f43254","ex-b732c6b6-59c9-54ea-8586-41767f0c40f9","3","2","[""ANSWER_MISSING"",""CHOICES_REQUIRED"",""SOLUTION_MISSING"",""PAU_MODALITY_UNDECLARED"",""SOLUTION_REVIEW_REQUIRED""]"
"cand-e6efb70b-c7e1-5dcd-b18e-64291c6fda4d","ex-9073423f-5284-5c87-836b-038fc2adc624","3","2","[""ANSWER_MISSING"",""CHOICES_REQUIRED"",""SOLUTION_MISSING"",""PAU_MODALITY_UNDECLARED"",""SOLUTION_REVIEW_REQUIRED""]"
"cand-a7ad73b1-e870-5395-907e-69da7b616471","ex-99473f57-9e9e-5816-9044-e182c35f2a8c","3","2","[""ANSWER_MISSING"",""CHOICES_REQUIRED"",""SOLUTION_MISSING"",""PAU_MODALITY_UNDECLARED"",""SOLUTION_REVIEW_REQUIRED""]"
"cand-ddf5d6f5-9d5e-571e-9640-266b0693f650","ex-fbd54f3d-2489-5107-8b5a-78ace1dd78f8","3","2","[""ANSWER_MISSING"",""CHOICES_REQUIRED"",""SOLUTION_MISSING"",""PAU_MODALITY_UNDECLARED"",""SOLUTION_REVIEW_REQUIRED""]"
"cand-c205032f-284b-5c1b-896d-5535e091dcbf","ex-168f63ad-3672-5959-b7d9-822efff48727","3","2","[""ANSWER_MISSING"",""CHOICES_REQUIRED"",""SOLUTION_MISSING"",""PAU_MODALITY_UNDECLARED"",""SOLUTION_REVIEW_REQUIRED""]"
"cand-1e70ba28-eed2-57b4-b347-5b902576311d","ex-1a075b1b-bee7-5556-bf6a-ae65be2c8d19","3","2","[""ANSWER_MISSING"",""CHOICES_REQUIRED"",""SOLUTION_MISSING"",""PAU_MODALITY_UNDECLARED"",""SOLUTION_REVIEW_REQUIRED""]"
"cand-e3369e99-b1a4-508d-8fa0-bc1d6362615b","ex-9621d771-3239-56c3-ab35-406ffd18d09e","5","3","[""ANSWER_MISSING"",""CHOICES_REQUIRED"",""COMMUNITY_UNMAPPED"",""PAU_COMMUNITY_MISSING"",""SOLUTION_MISSING"",""MATH_REPRESENTATION_UNDECLARED"",""PAU_MODALITY_UNDECLARED"",""SOLUTION_REVIEW_REQUIRED""]"
"cand-3f9ad5c2-c143-5ae7-b0e4-87356282fa6b","ex-66687076-dba2-5db2-879e-73a1e0ca94eb","5","3","[""ANSWER_MISSING"",""MODALITIES_MISSING"",""MODALITY_UNDEMONSTRATED"",""SOLUTION_MISSING"",""UNMAPPED_TOPIC"",""MATH_REPRESENTATION_UNDECLARED"",""PAU_MODALITY_UNDECLARED"",""SOLUTION_REVIEW_REQUIRED""]"
"cand-5ca58570-e2e8-59cc-beef-99a05e801d7f","ex-d4f12be2-bc34-5ee9-98a9-68906c608c33","3","3","[""ANSWER_MISSING"",""CHOICES_REQUIRED"",""SOLUTION_MISSING"",""PAU_DETAIL_INCOMPLETE"",""PAU_MODALITY_UNDECLARED"",""SOLUTION_REVIEW_REQUIRED""]"
"cand-5ba9aa11-9231-53a4-9544-b166aab638f4","ex-d68bacc3-7f73-5ea3-a9ce-2d69cfbca797","3","2","[""ANSWER_MISSING"",""CHOICES_REQUIRED"",""SOLUTION_MISSING"",""PAU_MODALITY_UNDECLARED"",""SOLUTION_REVIEW_REQUIRED""]"
"cand-31b92ffe-25b2-58a1-917c-d230580ab8c9","ex-448cd9c1-cf1a-5817-a3d8-887599645cc0","3","3","[""ANSWER_MISSING"",""CHOICES_REQUIRED"",""SOLUTION_MISSING"",""MATH_REPRESENTATION_UNDECLARED"",""PAU_MODALITY_UNDECLARED"",""SOLUTION_REVIEW_REQUIRED""]"
"cand-ae212a65-17b3-5866-937e-6005c6272549","ex-10d775a2-aa83-564b-85e4-80e768842f66","5","2","[""COMMUNITY_UNMAPPED"",""MODALITIES_MISSING"",""MODALITY_UNDEMONSTRATED"",""PAU_COMMUNITY_MISSING"",""UNMAPPED_TOPIC"",""PAU_DETAIL_INCOMPLETE"",""PAU_MODALITY_UNDECLARED""]"
"cand-c973baca-28dd-512a-bb70-e16606557e24","ex-58ad8723-3962-5f9b-a054-1952f2fff728","5","2","[""COMMUNITY_UNMAPPED"",""MODALITIES_MISSING"",""MODALITY_UNDEMONSTRATED"",""PAU_COMMUNITY_MISSING"",""UNMAPPED_TOPIC"",""PAU_DETAIL_INCOMPLETE"",""PAU_MODALITY_UNDECLARED""]"
"cand-f112058b-e21d-583c-ae4c-2d38f5681787","ex-e8152e90-1f12-5618-9626-6083d379612d","2","2","[""COMMUNITY_UNMAPPED"",""PAU_COMMUNITY_MISSING"",""PAU_DETAIL_INCOMPLETE"",""PAU_MODALITY_UNDECLARED""]"
"cand-bd12088e-a2ad-5200-83be-3b5e63c9d1ec","ex-9001842c-2d44-56d6-8795-f354719c7797","5","2","[""COMMUNITY_UNMAPPED"",""MODALITIES_MISSING"",""MODALITY_UNDEMONSTRATED"",""PAU_COMMUNITY_MISSING"",""UNMAPPED_TOPIC"",""PAU_DETAIL_INCOMPLETE"",""PAU_MODALITY_UNDECLARED""]"
"cand-f9cbd5c4-0bb6-5f24-91c5-351d69e7f0cc","ex-60364ebe-6f7f-5c76-b0a1-42b07cb7ba18","5","2","[""COMMUNITY_UNMAPPED"",""MODALITIES_MISSING"",""MODALITY_UNDEMONSTRATED"",""PAU_COMMUNITY_MISSING"",""UNMAPPED_TOPIC"",""PAU_DETAIL_INCOMPLETE"",""PAU_MODALITY_UNDECLARED""]"
"cand-667a865c-a784-5500-9608-08731f3fc04b","ex-b797b42b-a13d-573a-b203-32eae43fa06c","5","2","[""COMMUNITY_UNMAPPED"",""MODALITIES_MISSING"",""MODALITY_UNDEMONSTRATED"",""PAU_COMMUNITY_MISSING"",""UNMAPPED_TOPIC"",""PAU_DETAIL_INCOMPLETE"",""PAU_MODALITY_UNDECLARED""]"
"cand-9d3e1640-4a9e-5d84-8cd4-700020df7103","ex-acfa08a7-4603-5354-9154-bfeab6777f0b","5","2","[""COMMUNITY_UNMAPPED"",""MODALITIES_MISSING"",""MODALITY_UNDEMONSTRATED"",""PAU_COMMUNITY_MISSING"",""UNMAPPED_TOPIC"",""PAU_DETAIL_INCOMPLETE"",""PAU_MODALITY_UNDECLARED""]"
"cand-5c95cfc7-2f05-590b-974b-d3894d9ba39a","ex-e200d0a0-c0ce-5268-85c8-5b4400bbaf89","5","2","[""COMMUNITY_UNMAPPED"",""MODALITIES_MISSING"",""MODALITY_UNDEMONSTRATED"",""PAU_COMMUNITY_MISSING"",""UNMAPPED_TOPIC"",""PAU_DETAIL_INCOMPLETE"",""PAU_MODALITY_UNDECLARED""]"
"cand-c5d7aa8c-ba4c-5956-8f06-b0c1415a87ad","ex-d585bbe1-0c54-529d-8e7b-0e13bfa1f00d","5","3","[""COMMUNITY_UNMAPPED"",""MODALITIES_MISSING"",""MODALITY_UNDEMONSTRATED"",""PAU_COMMUNITY_MISSING"",""UNMAPPED_TOPIC"",""PAU_DETAIL_INCOMPLETE"",""PAU_MODALITY_UNDECLARED"",""SOLUTION_DEVELOPMENT_INSUFFICIENT""]"
"cand-9da5cb7f-c885-518d-9c71-94d74d21942f","ex-8f80c155-8c8c-5d9c-a1af-c5eb275a388d","2","2","[""COMMUNITY_UNMAPPED"",""PAU_COMMUNITY_MISSING"",""PAU_DETAIL_INCOMPLETE"",""PAU_MODALITY_UNDECLARED""]"
"cand-133b6a9a-1a4a-5514-a70f-997d2b048983","ex-11cab6a4-8fdd-5644-acbc-fedbf13c301b","5","2","[""COMMUNITY_UNMAPPED"",""MODALITIES_MISSING"",""MODALITY_UNDEMONSTRATED"",""PAU_COMMUNITY_MISSING"",""UNMAPPED_TOPIC"",""PAU_DETAIL_INCOMPLETE"",""PAU_MODALITY_UNDECLARED""]"
"cand-b80c74bb-4de7-5aa9-b752-a7d91d5f8f90","ex-be90915e-a964-5af2-b6dd-22eff4edcb65","5","2","[""COMMUNITY_UNMAPPED"",""MODALITIES_MISSING"",""MODALITY_UNDEMONSTRATED"",""PAU_COMMUNITY_MISSING"",""UNMAPPED_TOPIC"",""PAU_DETAIL_INCOMPLETE"",""PAU_MODALITY_UNDECLARED""]"
"cand-8413784a-a29e-58da-a552-8f57b85a79f1","ex-e40166ea-e650-594e-b939-16c508111f78","3","2","[""ANSWER_MISSING"",""CHOICES_REQUIRED"",""SOLUTION_MISSING"",""PAU_MODALITY_UNDECLARED"",""SOLUTION_REVIEW_REQUIRED""]"
"cand-335aa492-523e-5479-96a2-b3b5db559fde","ex-9bb631be-b009-590d-a89c-0b03ad173348","2","2","[""ANSWER_MISSING"",""SOLUTION_MISSING"",""PAU_MODALITY_UNDECLARED"",""SOLUTION_REVIEW_REQUIRED""]"
"cand-ac2801d9-04bd-53dc-b3da-880f464ac264","ex-a28ac5b7-ca20-564c-93f7-5b5800b84325","3","3","[""ANSWER_MISSING"",""CHOICES_REQUIRED"",""SOLUTION_MISSING"",""MATH_REPRESENTATION_UNDECLARED"",""PAU_MODALITY_UNDECLARED"",""SOLUTION_REVIEW_REQUIRED""]"
"cand-b485d58c-b82b-5495-bf6f-c3d52e3aa591","ex-02beaaf8-c6c3-5b61-8c99-dbc24c6eab64","3","3","[""ANSWER_MISSING"",""CHOICES_REQUIRED"",""SOLUTION_MISSING"",""MATH_REPRESENTATION_UNDECLARED"",""PAU_MODALITY_UNDECLARED"",""SOLUTION_REVIEW_REQUIRED""]"
"cand-9d6b3a11-9c77-5353-a688-42bc2834517f","ex-54431b81-b590-509e-94ee-d318eca82612","3","3","[""ANSWER_MISSING"",""CHOICES_REQUIRED"",""SOLUTION_MISSING"",""MATH_REPRESENTATION_UNDECLARED"",""PAU_MODALITY_UNDECLARED"",""SOLUTION_REVIEW_REQUIRED""]"
"cand-178288f0-f285-59fa-94db-b9140abb420d","ex-53428710-f7ef-57f2-9a6c-2a4b3f0ab566","2","2","[""ANSWER_MISSING"",""SOLUTION_MISSING"",""PAU_MODALITY_UNDECLARED"",""SOLUTION_REVIEW_REQUIRED""]"
"cand-aa0d9fc6-9821-55d5-937b-c4d7c5b97f6e","ex-bff56fd1-ddb7-52b2-95d2-e6d38201df9d","3","3","[""ANSWER_MISSING"",""CHOICES_REQUIRED"",""SOLUTION_MISSING"",""MATH_REPRESENTATION_UNDECLARED"",""PAU_MODALITY_UNDECLARED"",""SOLUTION_REVIEW_REQUIRED""]"
"cand-317cd407-881a-5d44-9048-d9e7c92caff3","ex-cc6452a7-c8b3-5bd6-a7b2-582adfd8296c","3","3","[""ANSWER_MISSING"",""CHOICES_REQUIRED"",""SOLUTION_MISSING"",""MATH_REPRESENTATION_UNDECLARED"",""PAU_MODALITY_UNDECLARED"",""SOLUTION_REVIEW_REQUIRED""]"
"cand-50c9f82d-3f1d-5e22-b94f-7c1699f567f5","ex-3c527ded-b98c-541c-8396-db58b8176343","3","3","[""ANSWER_MISSING"",""CHOICES_REQUIRED"",""SOLUTION_MISSING"",""MATH_REPRESENTATION_UNDECLARED"",""PAU_MODALITY_UNDECLARED"",""SOLUTION_REVIEW_REQUIRED""]"
"cand-263cc2ca-3286-5127-8097-00bddcee00ea","ex-73ad99a0-a5b8-5d82-a265-09fab365ad95","3","2","[""ANSWER_MISSING"",""CHOICES_REQUIRED"",""SOLUTION_MISSING"",""PAU_MODALITY_UNDECLARED"",""SOLUTION_REVIEW_REQUIRED""]"
"cand-e6378586-2139-5f8d-9685-a837232b4998","ex-4d5c13ac-f246-5eef-96d3-612e90344ca0","3","3","[""ANSWER_MISSING"",""CHOICES_REQUIRED"",""SOLUTION_MISSING"",""MATH_REPRESENTATION_UNDECLARED"",""PAU_MODALITY_UNDECLARED"",""SOLUTION_REVIEW_REQUIRED""]"
"cand-17e8e410-8454-5895-8237-5abda3f6ee44","ex-1bf9a0cd-e541-5715-9cad-3805524b6ab9","3","3","[""ANSWER_MISSING"",""CHOICES_REQUIRED"",""SOLUTION_MISSING"",""MATH_REPRESENTATION_UNDECLARED"",""PAU_MODALITY_UNDECLARED"",""SOLUTION_REVIEW_REQUIRED""]"
"cand-ea60bb45-73bd-5c99-8be7-5b8964d6e5a9","ex-6c65d1e1-e1fc-5f33-8d13-32f85cc935f1","3","3","[""ANSWER_MISSING"",""CHOICES_REQUIRED"",""SOLUTION_MISSING"",""MATH_REPRESENTATION_UNDECLARED"",""PAU_MODALITY_UNDECLARED"",""SOLUTION_REVIEW_REQUIRED""]"
"cand-9a67f753-b68c-5335-9eac-c0b3a4eb1373","ex-54e43c7e-d70f-5ff9-bd2c-427846fcf84b","3","2","[""ANSWER_MISSING"",""CHOICES_REQUIRED"",""SOLUTION_MISSING"",""PAU_MODALITY_UNDECLARED"",""SOLUTION_REVIEW_REQUIRED""]"
"cand-1d8b3c62-bddc-5cbf-b646-083a98fc532f","ex-31bd50d3-f8cd-5b44-b824-8fd56e1d87a2","3","2","[""ANSWER_MISSING"",""CHOICES_REQUIRED"",""SOLUTION_MISSING"",""PAU_MODALITY_UNDECLARED"",""SOLUTION_REVIEW_REQUIRED""]"
"cand-1ff2c356-b066-529a-990a-a2b998a233b3","ex-eaba45db-fbe0-5c3a-8b3a-875065e500c6","3","3","[""ANSWER_MISSING"",""CHOICES_REQUIRED"",""SOLUTION_MISSING"",""PAU_DETAIL_INCOMPLETE"",""PAU_MODALITY_UNDECLARED"",""SOLUTION_REVIEW_REQUIRED""]"
"cand-667027c2-215e-5d4b-b7f6-7225234a7108","ex-0e10aa2a-6ed8-51fb-8251-bd4cecacf6d2","3","2","[""ANSWER_MISSING"",""CHOICES_REQUIRED"",""SOLUTION_MISSING"",""PAU_MODALITY_UNDECLARED"",""SOLUTION_REVIEW_REQUIRED""]"
"cand-69230cfc-a4ca-58b7-b797-f1213be27c4c","ex-79e50b6d-1ef9-57d7-8d1a-354abb47f663","3","3","[""ANSWER_MISSING"",""CHOICES_REQUIRED"",""SOLUTION_MISSING"",""PAU_DETAIL_INCOMPLETE"",""PAU_MODALITY_UNDECLARED"",""SOLUTION_REVIEW_REQUIRED""]"
"cand-3853ecf0-e0f3-5662-a807-a946c6ab50ea","ex-181a0a2c-eb42-5653-a956-f46826d1e28e","3","2","[""ANSWER_MISSING"",""CHOICES_REQUIRED"",""SOLUTION_MISSING"",""PAU_MODALITY_UNDECLARED"",""SOLUTION_REVIEW_REQUIRED""]"
"cand-5e671efb-e359-5d8a-9209-87f31a45300c","ex-690c78aa-3578-5782-9117-587e8d2451ef","3","3","[""ANSWER_MISSING"",""CHOICES_REQUIRED"",""SOLUTION_MISSING"",""MATH_REPRESENTATION_UNDECLARED"",""PAU_MODALITY_UNDECLARED"",""SOLUTION_REVIEW_REQUIRED""]"
"cand-539f6398-75f5-5548-a41c-1773f84779ea","ex-36e1dc32-6283-56fa-817f-be61dff51b3c","3","3","[""ANSWER_MISSING"",""CHOICES_REQUIRED"",""SOLUTION_MISSING"",""MATH_REPRESENTATION_UNDECLARED"",""PAU_MODALITY_UNDECLARED"",""SOLUTION_REVIEW_REQUIRED""]"
"cand-65b5d5fc-adc6-556e-9948-91bd77d38039","ex-fe8d4f39-74d0-5606-8b3d-9dfe287f0686","3","2","[""ANSWER_MISSING"",""CHOICES_REQUIRED"",""SOLUTION_MISSING"",""PAU_MODALITY_UNDECLARED"",""SOLUTION_REVIEW_REQUIRED""]"
"cand-9bd729c1-efc6-58d3-9066-ac28b857a231","ex-9fdf842f-0f7f-5434-91ec-a1967c7051c0","3","3","[""ANSWER_MISSING"",""CHOICES_REQUIRED"",""SOLUTION_MISSING"",""MATH_REPRESENTATION_UNDECLARED"",""PAU_MODALITY_UNDECLARED"",""SOLUTION_REVIEW_REQUIRED""]"
"cand-1f3b105a-13f6-567a-bd7d-19a2b6fe418d","ex-2feecb7d-59a5-571f-821b-33f3ab7f36a8","3","3","[""ANSWER_MISSING"",""CHOICES_REQUIRED"",""SOLUTION_MISSING"",""PAU_DETAIL_INCOMPLETE"",""PAU_MODALITY_UNDECLARED"",""SOLUTION_REVIEW_REQUIRED""]"
"cand-d645a832-13e7-5b1a-91c0-9028f76ed953","ex-ddef6a10-b5ad-5b74-b7f5-5e2399a675a2","3","2","[""ANSWER_MISSING"",""CHOICES_REQUIRED"",""SOLUTION_MISSING"",""PAU_MODALITY_UNDECLARED"",""SOLUTION_REVIEW_REQUIRED""]"
"cand-b25028a9-80cb-50ab-8d89-b05bb0184853","ex-6dc7762b-229d-5981-ba82-a6e7b0a1241f","3","3","[""ANSWER_MISSING"",""CHOICES_REQUIRED"",""SOLUTION_MISSING"",""PAU_DETAIL_INCOMPLETE"",""PAU_MODALITY_UNDECLARED"",""SOLUTION_REVIEW_REQUIRED""]"
"cand-9310daab-a61c-5a81-97a8-14e922d46208","ex-e3a7ff7c-3cd5-5fc0-b310-c01c7375e632","3","2","[""ANSWER_MISSING"",""CHOICES_REQUIRED"",""SOLUTION_MISSING"",""PAU_MODALITY_UNDECLARED"",""SOLUTION_REVIEW_REQUIRED""]"
"cand-976ac777-2ec6-5f87-bba2-07858f3c787a","ex-9eea2d96-0d1d-5c70-86aa-1bbb976b0452","3","3","[""ANSWER_MISSING"",""CHOICES_REQUIRED"",""SOLUTION_MISSING"",""MATH_REPRESENTATION_UNDECLARED"",""PAU_MODALITY_UNDECLARED"",""SOLUTION_REVIEW_REQUIRED""]"
"cand-5b479ba2-dfb2-5234-a17f-b62e5c026f6d","ex-b8baa53e-23a3-5911-bb62-85d7362c7c04","3","2","[""ANSWER_MISSING"",""CHOICES_REQUIRED"",""SOLUTION_MISSING"",""PAU_MODALITY_UNDECLARED"",""SOLUTION_REVIEW_REQUIRED""]"
"cand-f23468fb-7058-53eb-afcd-b9598ef6e153","ex-badc94b8-44f5-5867-a282-f3ac110838d3","3","3","[""ANSWER_MISSING"",""CHOICES_REQUIRED"",""SOLUTION_MISSING"",""MATH_REPRESENTATION_UNDECLARED"",""PAU_MODALITY_UNDECLARED"",""SOLUTION_REVIEW_REQUIRED""]"
"cand-1e72bd3a-42ab-567a-ac85-9e1eaf8e8350","ex-b271c507-f128-5727-9d45-e1f9ea5f51dd","3","3","[""ANSWER_MISSING"",""CHOICES_REQUIRED"",""SOLUTION_MISSING"",""PAU_DETAIL_INCOMPLETE"",""PAU_MODALITY_UNDECLARED"",""SOLUTION_REVIEW_REQUIRED""]"
"cand-1b5a836b-a583-5068-93f3-ff1b6cb76b6c","ex-345e7d7b-cdab-5b27-9f1f-1d3fc71c8324","3","3","[""ANSWER_MISSING"",""CHOICES_REQUIRED"",""SOLUTION_MISSING"",""MATH_REPRESENTATION_UNDECLARED"",""PAU_MODALITY_UNDECLARED"",""SOLUTION_REVIEW_REQUIRED""]"
"cand-52cb6264-4a5f-5654-b5be-d9b71a0af5d7","ex-592ae20e-7349-58a5-be92-8522c93a4ad5","3","3","[""ANSWER_MISSING"",""CHOICES_REQUIRED"",""SOLUTION_MISSING"",""MATH_REPRESENTATION_UNDECLARED"",""PAU_MODALITY_UNDECLARED"",""SOLUTION_REVIEW_REQUIRED""]"
"cand-25c6a1c7-7413-5d8a-8fd6-a868dbfae2c7","ex-896809b3-d7a8-58cc-9637-501ef686d2a7","3","3","[""ANSWER_MISSING"",""CHOICES_REQUIRED"",""SOLUTION_MISSING"",""MATH_REPRESENTATION_UNDECLARED"",""PAU_MODALITY_UNDECLARED"",""SOLUTION_REVIEW_REQUIRED""]"
"cand-5e53da8d-ca7a-5eb1-a2c8-b87bd130a2e2","ex-9e0e1ad3-5f7d-5d46-923a-8343e2cb27cd","3","3","[""ANSWER_MISSING"",""CHOICES_REQUIRED"",""SOLUTION_MISSING"",""MATH_REPRESENTATION_UNDECLARED"",""PAU_MODALITY_UNDECLARED"",""SOLUTION_REVIEW_REQUIRED""]"
"cand-20ec6cc3-5954-55e6-bd4b-ecda163edcec","ex-2f682bf8-5c13-50da-9eb7-d1d93fcee2ff","3","3","[""ANSWER_MISSING"",""CHOICES_REQUIRED"",""SOLUTION_MISSING"",""MATH_REPRESENTATION_UNDECLARED"",""PAU_MODALITY_UNDECLARED"",""SOLUTION_REVIEW_REQUIRED""]"
"cand-c169260c-8d30-5c97-9199-8af3732112b3","ex-499e5b45-3912-50da-bdac-bab9b72c420d","3","3","[""ANSWER_MISSING"",""CHOICES_REQUIRED"",""SOLUTION_MISSING"",""MATH_REPRESENTATION_UNDECLARED"",""PAU_MODALITY_UNDECLARED"",""SOLUTION_REVIEW_REQUIRED""]"
"cand-0391474e-def0-5506-8dd9-05f93db086b8","ex-7ec43eb6-49eb-5e5a-989e-6cbd3c6282fa","3","3","[""ANSWER_MISSING"",""CHOICES_REQUIRED"",""SOLUTION_MISSING"",""MATH_REPRESENTATION_UNDECLARED"",""PAU_MODALITY_UNDECLARED"",""SOLUTION_REVIEW_REQUIRED""]"
"cand-b513c123-96a9-5592-b738-c21343ba6929","ex-987270a0-2250-576e-b5df-d091e27aa975","3","2","[""ANSWER_MISSING"",""CHOICES_REQUIRED"",""SOLUTION_MISSING"",""PAU_MODALITY_UNDECLARED"",""SOLUTION_REVIEW_REQUIRED""]"
"cand-762c3457-e833-5e01-a1a4-9ce535ff36bc","ex-9d976029-03db-544a-8fad-a477f810a6c1","3","3","[""ANSWER_MISSING"",""CHOICES_REQUIRED"",""SOLUTION_MISSING"",""MATH_REPRESENTATION_UNDECLARED"",""PAU_MODALITY_UNDECLARED"",""SOLUTION_REVIEW_REQUIRED""]"
"cand-0f72ab45-3052-5372-8aa6-7812b0e62d4b","ex-7392fde0-97ca-5cd8-99e4-2255a84ecd7e","3","3","[""ANSWER_MISSING"",""CHOICES_REQUIRED"",""SOLUTION_MISSING"",""MATH_REPRESENTATION_UNDECLARED"",""PAU_MODALITY_UNDECLARED"",""SOLUTION_REVIEW_REQUIRED""]"
"cand-3b8076bc-bb24-55c7-9ae2-c0d4a557f109","ex-90b061d4-7484-5b6a-892b-160f75a830f0","3","3","[""ANSWER_MISSING"",""CHOICES_REQUIRED"",""SOLUTION_MISSING"",""MATH_REPRESENTATION_UNDECLARED"",""PAU_MODALITY_UNDECLARED"",""SOLUTION_REVIEW_REQUIRED""]"
"cand-3ca5179a-2c8f-5407-b9c8-1445b2320846","ex-531ceb18-23c9-53b3-9e82-10759667f7aa","3","2","[""ANSWER_MISSING"",""CHOICES_REQUIRED"",""SOLUTION_MISSING"",""PAU_MODALITY_UNDECLARED"",""SOLUTION_REVIEW_REQUIRED""]"
"cand-c6be2130-c486-5b7b-a294-7fecdbe55a8e","ex-285e140a-115c-53bf-9757-38001e312655","3","3","[""ANSWER_MISSING"",""CHOICES_REQUIRED"",""SOLUTION_MISSING"",""PAU_DETAIL_INCOMPLETE"",""PAU_MODALITY_UNDECLARED"",""SOLUTION_REVIEW_REQUIRED""]"
"cand-82a56b79-8825-5ef7-b037-c18e53d5a778","ex-7af13b1a-80f8-5aca-bf70-5f163e0cb3a4","3","3","[""ANSWER_MISSING"",""CHOICES_REQUIRED"",""SOLUTION_MISSING"",""MATH_REPRESENTATION_UNDECLARED"",""PAU_MODALITY_UNDECLARED"",""SOLUTION_REVIEW_REQUIRED""]"
"cand-dedee14e-15db-579a-933d-02f35689067a","ex-81e41c52-b248-5232-91a9-c264d9bc4c3a","3","3","[""ANSWER_MISSING"",""CHOICES_REQUIRED"",""SOLUTION_MISSING"",""MATH_REPRESENTATION_UNDECLARED"",""PAU_MODALITY_UNDECLARED"",""SOLUTION_REVIEW_REQUIRED""]"
"cand-a637fdb4-7dc1-5bee-99d0-dbf245ae09f9","ex-db59656d-6120-50d1-be40-ebf5066cbd65","3","2","[""ANSWER_MISSING"",""CHOICES_REQUIRED"",""SOLUTION_MISSING"",""PAU_MODALITY_UNDECLARED"",""SOLUTION_REVIEW_REQUIRED""]"
"cand-1c14d78a-4f51-5173-9acd-9901a63773a9","ex-ad52c9fd-4b03-5707-8269-b6fedb5637ec","3","3","[""ANSWER_MISSING"",""CHOICES_REQUIRED"",""SOLUTION_MISSING"",""PAU_DETAIL_INCOMPLETE"",""PAU_MODALITY_UNDECLARED"",""SOLUTION_REVIEW_REQUIRED""]"
"cand-477b4076-d81b-5171-bbd4-1dcc3b98a9e8","ex-d932576b-9cfd-5fc4-b2f1-79bb06c7b94e","5","4","[""ANSWER_MISSING"",""CHOICES_REQUIRED"",""CORRUPTED_CHARACTERS"",""CORRUPTED_CHARACTERS"",""SOLUTION_MISSING"",""MATH_REPRESENTATION_UNDECLARED"",""PAU_MODALITY_UNDECLARED"",""REVIEW_FINDINGS_OPEN"",""SOLUTION_REVIEW_REQUIRED""]"
"cand-8f30c233-d30c-5845-bf12-a7f4851d6807","ex-746cf1c4-d63c-5ae0-a7d9-1910e0bd7c42","3","3","[""ANSWER_MISSING"",""CHOICES_REQUIRED"",""SOLUTION_MISSING"",""MATH_REPRESENTATION_UNDECLARED"",""PAU_MODALITY_UNDECLARED"",""SOLUTION_REVIEW_REQUIRED""]"
"cand-48f7901a-5428-5eee-ae8e-313ec3db548b","ex-513aca1b-9109-52c3-8bd7-f731e3100c96","3","3","[""ANSWER_MISSING"",""CHOICES_REQUIRED"",""SOLUTION_MISSING"",""MATH_REPRESENTATION_UNDECLARED"",""PAU_MODALITY_UNDECLARED"",""SOLUTION_REVIEW_REQUIRED""]"
"cand-861fa4de-d801-577a-aec0-9a1523af9428","ex-bbbeeb57-be1b-505e-9ba6-3cd4ac48301e","3","3","[""ANSWER_MISSING"",""CHOICES_REQUIRED"",""SOLUTION_MISSING"",""MATH_REPRESENTATION_UNDECLARED"",""PAU_MODALITY_UNDECLARED"",""SOLUTION_REVIEW_REQUIRED""]"
"cand-1b443485-798b-581f-b2ff-a37a518da7e8","ex-e10fab5c-e3bc-5a64-bc1a-b933859c1d48","3","4","[""ANSWER_MISSING"",""CHOICES_REQUIRED"",""SOLUTION_MISSING"",""MATH_REPRESENTATION_UNDECLARED"",""PAU_DETAIL_INCOMPLETE"",""PAU_MODALITY_UNDECLARED"",""SOLUTION_REVIEW_REQUIRED""]"
"cand-f09bd365-18eb-544d-bee9-d5896d870324","ex-e3c228a9-a52f-5ca7-a513-dd55474462c5","3","2","[""ANSWER_MISSING"",""CHOICES_REQUIRED"",""SOLUTION_MISSING"",""PAU_MODALITY_UNDECLARED"",""SOLUTION_REVIEW_REQUIRED""]"
"cand-a5afaf4f-5e78-55ca-bfbd-672f328e5eb0","ex-2cc46ddf-64ab-5d27-be7c-0b8263b2615e","3","3","[""ANSWER_MISSING"",""CHOICES_REQUIRED"",""SOLUTION_MISSING"",""MATH_REPRESENTATION_UNDECLARED"",""PAU_MODALITY_UNDECLARED"",""SOLUTION_REVIEW_REQUIRED""]"
"cand-c6e61c18-9c1a-5deb-9028-964907b2e346","ex-8fa33794-cf9e-5b38-ae24-a74880b8aae5","3","4","[""ANSWER_MISSING"",""CHOICES_REQUIRED"",""SOLUTION_MISSING"",""MATH_REPRESENTATION_UNDECLARED"",""PAU_DETAIL_INCOMPLETE"",""PAU_MODALITY_UNDECLARED"",""SOLUTION_REVIEW_REQUIRED""]"
"cand-29593215-2aba-583c-8e52-b0c03b45aeba","ex-f1771d0a-085d-5e10-965e-8cb47aae1e3a","3","3","[""ANSWER_MISSING"",""CHOICES_REQUIRED"",""SOLUTION_MISSING"",""PAU_DETAIL_INCOMPLETE"",""PAU_MODALITY_UNDECLARED"",""SOLUTION_REVIEW_REQUIRED""]"
"cand-daa87274-6b5d-5624-8dee-d0d9f35cb0c3","ex-2788e449-fb6d-56f0-a0bb-5c253ae11b96","3","3","[""ANSWER_MISSING"",""CHOICES_REQUIRED"",""SOLUTION_MISSING"",""MATH_REPRESENTATION_UNDECLARED"",""PAU_MODALITY_UNDECLARED"",""SOLUTION_REVIEW_REQUIRED""]"
"cand-36ec7af0-5b35-5b32-928d-9bdb330032aa","ex-84ec040e-b9e8-5457-b599-2926f508848a","3","3","[""ANSWER_MISSING"",""CHOICES_REQUIRED"",""SOLUTION_MISSING"",""MATH_REPRESENTATION_UNDECLARED"",""PAU_MODALITY_UNDECLARED"",""SOLUTION_REVIEW_REQUIRED""]"
"cand-fd3336db-17f4-5bce-87fd-649ab1754699","ex-681d4db5-eb5e-54e4-aa30-4ae43e4eec67","3","3","[""ANSWER_MISSING"",""CHOICES_REQUIRED"",""SOLUTION_MISSING"",""MATH_REPRESENTATION_UNDECLARED"",""PAU_MODALITY_UNDECLARED"",""SOLUTION_REVIEW_REQUIRED""]"
"cand-20d16451-38a4-513c-8ab9-f913c3fcd978","ex-b3d90bd6-de3f-56a0-814f-8ac6b8d49d41","3","3","[""ANSWER_MISSING"",""CHOICES_REQUIRED"",""SOLUTION_MISSING"",""MATH_REPRESENTATION_UNDECLARED"",""PAU_MODALITY_UNDECLARED"",""SOLUTION_REVIEW_REQUIRED""]"
"cand-130dc11d-aeab-5d10-8f6d-cca50e2522e5","ex-3f62cee1-0fa9-588a-9413-c52896e92e72","3","3","[""ANSWER_MISSING"",""CHOICES_REQUIRED"",""SOLUTION_MISSING"",""MATH_REPRESENTATION_UNDECLARED"",""PAU_MODALITY_UNDECLARED"",""SOLUTION_REVIEW_REQUIRED""]"
"cand-131e71c3-75d6-57a9-9147-95001fa79bb0","ex-e8109a4b-f4ae-55c0-9034-602dc0c8ed6e","3","3","[""ANSWER_MISSING"",""CHOICES_REQUIRED"",""SOLUTION_MISSING"",""MATH_REPRESENTATION_UNDECLARED"",""PAU_MODALITY_UNDECLARED"",""SOLUTION_REVIEW_REQUIRED""]"
"cand-07f02e90-843b-53e8-bfbd-1025ab7b6fa9","ex-660ab3d1-67b8-5a72-b465-03f773a208ac","3","2","[""ANSWER_MISSING"",""CHOICES_REQUIRED"",""SOLUTION_MISSING"",""PAU_MODALITY_UNDECLARED"",""SOLUTION_REVIEW_REQUIRED""]"
"cand-0a56e9b1-f657-5128-9250-4b3cc3f1dfda","ex-c05c5dff-bfe4-5cc9-ba15-224550f97325","3","4","[""ANSWER_MISSING"",""CHOICES_REQUIRED"",""SOLUTION_MISSING"",""MATH_REPRESENTATION_UNDECLARED"",""PAU_DETAIL_INCOMPLETE"",""PAU_MODALITY_UNDECLARED"",""SOLUTION_REVIEW_REQUIRED""]"
"cand-840351b4-99a0-5a4c-9ff6-4d479e09cb2e","ex-15928bcd-7f08-5692-938e-1558f4efecf8","3","2","[""ANSWER_MISSING"",""CHOICES_REQUIRED"",""SOLUTION_MISSING"",""PAU_MODALITY_UNDECLARED"",""SOLUTION_REVIEW_REQUIRED""]"
"cand-7fc56388-6955-540c-9726-19714d4d2074","ex-9c965325-4605-5bda-b9a7-eb6cb751e4a0","3","3","[""ANSWER_MISSING"",""CHOICES_REQUIRED"",""SOLUTION_MISSING"",""MATH_REPRESENTATION_UNDECLARED"",""PAU_MODALITY_UNDECLARED"",""SOLUTION_REVIEW_REQUIRED""]"
"cand-364ffd59-8443-5616-abaf-412472871277","ex-15c085a9-789b-5058-b047-76af8c71832c","3","3","[""ANSWER_MISSING"",""CHOICES_REQUIRED"",""SOLUTION_MISSING"",""MATH_REPRESENTATION_UNDECLARED"",""PAU_MODALITY_UNDECLARED"",""SOLUTION_REVIEW_REQUIRED""]"
"cand-545f69c4-4582-5408-a9ba-94189732a83f","ex-19d01f2b-efb1-5850-893f-92390a2686e7","3","3","[""ANSWER_MISSING"",""CHOICES_REQUIRED"",""SOLUTION_MISSING"",""MATH_REPRESENTATION_UNDECLARED"",""PAU_MODALITY_UNDECLARED"",""SOLUTION_REVIEW_REQUIRED""]"
"cand-315c5b3c-88e8-5cfb-be6c-d333b70f73cc","ex-a326edff-a7cd-5b09-b542-b7776c84730a","3","2","[""ANSWER_MISSING"",""CHOICES_REQUIRED"",""SOLUTION_MISSING"",""PAU_MODALITY_UNDECLARED"",""SOLUTION_REVIEW_REQUIRED""]"
"cand-f0ac1033-6415-5386-988e-0585f6276feb","ex-ce79ea37-ac2d-5064-941f-5ef817ef29f8","3","3","[""ANSWER_MISSING"",""CHOICES_REQUIRED"",""SOLUTION_MISSING"",""PAU_DETAIL_INCOMPLETE"",""PAU_MODALITY_UNDECLARED"",""SOLUTION_REVIEW_REQUIRED""]"
"cand-b0af7d47-5dfb-5796-a12d-961ad7e1515c","ex-5b088dc8-672a-51b3-8282-b462d51caa2a","3","4","[""ANSWER_MISSING"",""CHOICES_REQUIRED"",""SOLUTION_MISSING"",""MATH_REPRESENTATION_UNDECLARED"",""PAU_DETAIL_INCOMPLETE"",""PAU_MODALITY_UNDECLARED"",""SOLUTION_REVIEW_REQUIRED""]"
"cand-a83b6b08-b46f-5d9f-a7b3-4b1cbca9ffd3","ex-4c4e8bde-f9e0-5337-964d-77287f45450b","3","3","[""ANSWER_MISSING"",""CHOICES_REQUIRED"",""SOLUTION_MISSING"",""MATH_REPRESENTATION_UNDECLARED"",""PAU_MODALITY_UNDECLARED"",""SOLUTION_REVIEW_REQUIRED""]"
"cand-dfc9be78-90da-5dd9-a806-beda38bf05a4","ex-03ba5c46-7e7e-530e-b2d9-fe2d70ee8055","3","3","[""ANSWER_MISSING"",""CHOICES_REQUIRED"",""SOLUTION_MISSING"",""MATH_REPRESENTATION_UNDECLARED"",""PAU_MODALITY_UNDECLARED"",""SOLUTION_REVIEW_REQUIRED""]"
"cand-2f6bddf4-999a-54a9-a909-d3351b60b702","ex-0e0ceb98-2938-53f8-9993-81b33c4c902f","3","3","[""ANSWER_MISSING"",""CHOICES_REQUIRED"",""SOLUTION_MISSING"",""MATH_REPRESENTATION_UNDECLARED"",""PAU_MODALITY_UNDECLARED"",""SOLUTION_REVIEW_REQUIRED""]"
"cand-1931a7f3-f467-5b8c-9935-500a7178b93a","ex-4b3dd48c-2e3d-5ceb-9c1b-ddbea20fc0fd","3","3","[""ANSWER_MISSING"",""CHOICES_REQUIRED"",""SOLUTION_MISSING"",""MATH_REPRESENTATION_UNDECLARED"",""PAU_MODALITY_UNDECLARED"",""SOLUTION_REVIEW_REQUIRED""]"
"cand-c4f95630-70f3-5f24-a301-23dc63d1dedd","ex-ddd51556-a3fa-5fd5-9b6e-73724c28aafb","3","2","[""ANSWER_MISSING"",""CHOICES_REQUIRED"",""SOLUTION_MISSING"",""PAU_MODALITY_UNDECLARED"",""SOLUTION_REVIEW_REQUIRED""]"
"cand-0c2f6f31-6349-5565-9afc-006aed5c11da","ex-7e09dcec-ccf6-5dfe-b9c6-a697b23c1495","3","2","[""ANSWER_MISSING"",""CHOICES_REQUIRED"",""SOLUTION_MISSING"",""PAU_MODALITY_UNDECLARED"",""SOLUTION_REVIEW_REQUIRED""]"
"cand-00b6fc36-f596-5aa5-a830-6f17730831ab","ex-aaf89d0f-1750-5a33-add2-715f2c516df7","3","3","[""ANSWER_MISSING"",""CHOICES_REQUIRED"",""SOLUTION_MISSING"",""PAU_DETAIL_INCOMPLETE"",""PAU_MODALITY_UNDECLARED"",""SOLUTION_REVIEW_REQUIRED""]"
"cand-8a37c947-b2a1-5ac9-89d0-d73cf3124173","ex-f8e68834-2446-54f5-b9f0-bbd69cfc2007","3","3","[""ANSWER_MISSING"",""CHOICES_REQUIRED"",""SOLUTION_MISSING"",""PAU_DETAIL_INCOMPLETE"",""PAU_MODALITY_UNDECLARED"",""SOLUTION_REVIEW_REQUIRED""]"
"cand-49efa952-2c1d-541f-881d-9e8382b867bb","ex-ee643ace-3dfa-5e59-bc7f-f87685050276","3","3","[""ANSWER_MISSING"",""CHOICES_REQUIRED"",""SOLUTION_MISSING"",""MATH_REPRESENTATION_UNDECLARED"",""PAU_MODALITY_UNDECLARED"",""SOLUTION_REVIEW_REQUIRED""]"
"cand-621dad18-0553-592c-9929-43458a0097dc","ex-290aedb6-db43-54df-a1c5-d2fbe0b444e8","3","3","[""ANSWER_MISSING"",""CHOICES_REQUIRED"",""SOLUTION_MISSING"",""PAU_DETAIL_INCOMPLETE"",""PAU_MODALITY_UNDECLARED"",""SOLUTION_REVIEW_REQUIRED""]"
"cand-752a0227-e5cf-513d-b2c8-985a957a860b","ex-cc6412b7-6bf8-5e3a-b206-25f070f6d657","5","3","[""COMMUNITY_UNMAPPED"",""MODALITIES_MISSING"",""MODALITY_UNDEMONSTRATED"",""PAU_COMMUNITY_MISSING"",""UNMAPPED_TOPIC"",""PAU_DETAIL_INCOMPLETE"",""PAU_MODALITY_UNDECLARED"",""SYMBOLIC_EQUIVALENCE_NOT_PROVEN""]"
"cand-d0287796-f38b-5138-9793-29aafbacb4f8","ex-c2aa9cd7-e2c2-5ed3-9b69-25e0f56a3e82","2","3","[""COMMUNITY_UNMAPPED"",""PAU_COMMUNITY_MISSING"",""PAU_DETAIL_INCOMPLETE"",""PAU_MODALITY_UNDECLARED"",""SYMBOLIC_EQUIVALENCE_NOT_PROVEN""]"
"cand-aed95de8-eec4-552d-8743-b5d51ceb6294","ex-4475fcf0-1015-51d5-9b16-d2421100a803","5","2","[""COMMUNITY_UNMAPPED"",""MODALITIES_MISSING"",""MODALITY_UNDEMONSTRATED"",""PAU_COMMUNITY_MISSING"",""UNMAPPED_TOPIC"",""PAU_DETAIL_INCOMPLETE"",""PAU_MODALITY_UNDECLARED""]"
"cand-3936b1cd-4f28-5bfe-87cd-15b37827fb6b","ex-8d32e5de-42b9-52d3-9aaa-4b6c2e8acf55","2","2","[""COMMUNITY_UNMAPPED"",""PAU_COMMUNITY_MISSING"",""PAU_DETAIL_INCOMPLETE"",""PAU_MODALITY_UNDECLARED""]"
"cand-cbfddf46-ccd9-53a1-a231-7ebaaec2e90e","ex-f216f396-6336-5431-8d6d-44b7ea9ec7a8","2","3","[""COMMUNITY_UNMAPPED"",""PAU_COMMUNITY_MISSING"",""PAU_DETAIL_INCOMPLETE"",""PAU_MODALITY_UNDECLARED"",""SYMBOLIC_EQUIVALENCE_NOT_PROVEN""]"
"cand-08298b78-72a7-5301-b114-86b44c399818","ex-5878bca9-2734-541c-a9be-a0d29b48ffa6","5","2","[""COMMUNITY_UNMAPPED"",""MODALITIES_MISSING"",""MODALITY_UNDEMONSTRATED"",""PAU_COMMUNITY_MISSING"",""UNMAPPED_TOPIC"",""PAU_DETAIL_INCOMPLETE"",""PAU_MODALITY_UNDECLARED""]"
"cand-74541afa-fd16-5150-bcbd-676c6234580c","ex-b9048c86-e1e7-594c-bafb-198eb0efe811","2","2","[""COMMUNITY_UNMAPPED"",""PAU_COMMUNITY_MISSING"",""PAU_DETAIL_INCOMPLETE"",""PAU_MODALITY_UNDECLARED""]"
"cand-2afea60d-a785-5fce-bc1b-aa2d3a148fd0","ex-8d586526-f808-5db4-9907-c34964464327","5","3","[""COMMUNITY_UNMAPPED"",""MODALITIES_MISSING"",""MODALITY_UNDEMONSTRATED"",""PAU_COMMUNITY_MISSING"",""UNMAPPED_TOPIC"",""PAU_DETAIL_INCOMPLETE"",""PAU_MODALITY_UNDECLARED"",""SYMBOLIC_EQUIVALENCE_NOT_PROVEN""]"
"cand-074621ca-196f-5537-8ec6-54939e69d52e","ex-75604737-6ea1-578a-9a2c-4950ec67bbfa","5","3","[""COMMUNITY_UNMAPPED"",""MODALITIES_MISSING"",""MODALITY_UNDEMONSTRATED"",""PAU_COMMUNITY_MISSING"",""UNMAPPED_TOPIC"",""PAU_DETAIL_INCOMPLETE"",""PAU_MODALITY_UNDECLARED"",""SYMBOLIC_EQUIVALENCE_NOT_PROVEN""]"
"cand-21a9de5d-f5a3-5e47-a0d8-35a153b5f462","ex-20f9e64c-8f7d-5704-ab7e-0d6fbd8eb737","2","2","[""COMMUNITY_UNMAPPED"",""PAU_COMMUNITY_MISSING"",""PAU_DETAIL_INCOMPLETE"",""PAU_MODALITY_UNDECLARED""]"
"cand-4b45bed5-2fac-5c84-9254-0f36362370eb","ex-abfde854-5ab6-573d-8b2f-48cd53f61218","5","3","[""COMMUNITY_UNMAPPED"",""MODALITIES_MISSING"",""MODALITY_UNDEMONSTRATED"",""PAU_COMMUNITY_MISSING"",""UNMAPPED_TOPIC"",""PAU_DETAIL_INCOMPLETE"",""PAU_MODALITY_UNDECLARED"",""SYMBOLIC_EQUIVALENCE_NOT_PROVEN""]"
"cand-30df3f01-db0d-5393-9c27-85a3bdb26e9d","ex-76e1dbb8-b95a-5889-b185-0e9ad10acd58","5","4","[""COMMUNITY_UNMAPPED"",""MODALITIES_MISSING"",""MODALITY_UNDEMONSTRATED"",""PAU_COMMUNITY_MISSING"",""UNMAPPED_TOPIC"",""PAU_DETAIL_INCOMPLETE"",""PAU_MODALITY_UNDECLARED"",""SOLUTION_DEVELOPMENT_INSUFFICIENT"",""SYMBOLIC_EQUIVALENCE_NOT_PROVEN""]"
"cand-42d35c21-279b-58f8-acf3-7c21573ead0c","ex-22eb1883-c727-5e8c-be11-da22e3156786","2","2","[""COMMUNITY_UNMAPPED"",""PAU_COMMUNITY_MISSING"",""PAU_DETAIL_INCOMPLETE"",""PAU_MODALITY_UNDECLARED""]"
"cand-170559e0-e6e5-5ff8-be81-6d5959145661","ex-5736b740-1981-5bfd-b6b7-fefdce49842c","5","2","[""COMMUNITY_UNMAPPED"",""MODALITIES_MISSING"",""MODALITY_UNDEMONSTRATED"",""PAU_COMMUNITY_MISSING"",""UNMAPPED_TOPIC"",""PAU_DETAIL_INCOMPLETE"",""PAU_MODALITY_UNDECLARED""]"
"cand-7743c831-38c0-5c6a-b8f3-26fe76db1fd2","ex-446578cd-782c-5042-a35e-6a55ce71028f","5","2","[""COMMUNITY_UNMAPPED"",""MODALITIES_MISSING"",""MODALITY_UNDEMONSTRATED"",""PAU_COMMUNITY_MISSING"",""UNMAPPED_TOPIC"",""PAU_DETAIL_INCOMPLETE"",""PAU_MODALITY_UNDECLARED""]"
"cand-efeb9c2c-5f96-514f-ac8e-63be98e262d3","ex-c3a73ce6-455c-52f5-8726-0fc58729bba5","5","3","[""COMMUNITY_UNMAPPED"",""MODALITIES_MISSING"",""MODALITY_UNDEMONSTRATED"",""PAU_COMMUNITY_MISSING"",""UNMAPPED_TOPIC"",""PAU_DETAIL_INCOMPLETE"",""PAU_MODALITY_UNDECLARED"",""SOLUTION_DEVELOPMENT_INSUFFICIENT""]"
"cand-a6150c5e-d9ec-572a-afbb-5d21c1f4d292","ex-377d3f37-58fd-5e6d-b6b3-e56dc575fcd9","2","3","[""COMMUNITY_UNMAPPED"",""PAU_COMMUNITY_MISSING"",""PAU_DETAIL_INCOMPLETE"",""PAU_MODALITY_UNDECLARED"",""SYMBOLIC_EQUIVALENCE_NOT_PROVEN""]"
"cand-80e12c1d-34fd-569f-85be-1431f219d5ae","ex-9c7f5921-7344-54e3-a4c3-a94e930afa08","5","2","[""COMMUNITY_UNMAPPED"",""MODALITIES_MISSING"",""MODALITY_UNDEMONSTRATED"",""PAU_COMMUNITY_MISSING"",""UNMAPPED_TOPIC"",""PAU_DETAIL_INCOMPLETE"",""PAU_MODALITY_UNDECLARED""]"
"cand-f76e28bd-4157-55d4-be88-336baa9707ff","ex-3f78593b-776a-58c3-8f4d-572389ef7b91","5","3","[""COMMUNITY_UNMAPPED"",""MODALITIES_MISSING"",""MODALITY_UNDEMONSTRATED"",""PAU_COMMUNITY_MISSING"",""UNMAPPED_TOPIC"",""PAU_DETAIL_INCOMPLETE"",""PAU_MODALITY_UNDECLARED"",""SYMBOLIC_EQUIVALENCE_NOT_PROVEN""]"
"cand-31f3f70b-b145-5cbd-8854-07ff9f199025","ex-ba885104-0934-52ce-90a5-16237593932e","5","3","[""COMMUNITY_UNMAPPED"",""MODALITIES_MISSING"",""MODALITY_UNDEMONSTRATED"",""PAU_COMMUNITY_MISSING"",""UNMAPPED_TOPIC"",""PAU_DETAIL_INCOMPLETE"",""PAU_MODALITY_UNDECLARED"",""SYMBOLIC_EQUIVALENCE_NOT_PROVEN""]"
"cand-2b0c02f6-0a57-51c7-879c-401cfcfef342","ex-1ae3ba22-dab7-5aa0-98d0-2b851c8f77a0","5","3","[""COMMUNITY_UNMAPPED"",""MODALITIES_MISSING"",""MODALITY_UNDEMONSTRATED"",""PAU_COMMUNITY_MISSING"",""UNMAPPED_TOPIC"",""PAU_DETAIL_INCOMPLETE"",""PAU_MODALITY_UNDECLARED"",""SYMBOLIC_EQUIVALENCE_NOT_PROVEN""]"
"cand-7f2d8d11-27be-5921-be3c-ac9b7d168468","ex-888fb5aa-cde4-5d74-bc31-926d15c476b4","2","3","[""COMMUNITY_UNMAPPED"",""PAU_COMMUNITY_MISSING"",""PAU_DETAIL_INCOMPLETE"",""PAU_MODALITY_UNDECLARED"",""SOLUTION_DEVELOPMENT_INSUFFICIENT""]"
"cand-1ca2590b-ac33-5307-8a83-d9762d9e2441","ex-637f8de9-84f3-55cf-aff5-15cad9c100fd","5","3","[""COMMUNITY_UNMAPPED"",""MODALITIES_MISSING"",""MODALITY_UNDEMONSTRATED"",""PAU_COMMUNITY_MISSING"",""UNMAPPED_TOPIC"",""PAU_DETAIL_INCOMPLETE"",""PAU_MODALITY_UNDECLARED"",""SYMBOLIC_EQUIVALENCE_NOT_PROVEN""]"
"cand-546e3da9-7863-5042-a120-dbc4353fdaa7","ex-d6976372-ff76-5724-a36d-808bb554b9ba","5","3","[""COMMUNITY_UNMAPPED"",""MODALITIES_MISSING"",""MODALITY_UNDEMONSTRATED"",""PAU_COMMUNITY_MISSING"",""UNMAPPED_TOPIC"",""PAU_DETAIL_INCOMPLETE"",""PAU_MODALITY_UNDECLARED"",""SYMBOLIC_EQUIVALENCE_NOT_PROVEN""]"
"cand-cb8ea381-9055-5cf1-857c-62cdf8d7f75b","ex-f107d1cf-c6f0-51d1-b3b6-5c07680a36f5","2","3","[""ANSWER_MISSING"",""SOLUTION_MISSING"",""PAU_DETAIL_INCOMPLETE"",""PAU_MODALITY_UNDECLARED"",""SOLUTION_REVIEW_REQUIRED""]"
"cand-963277b9-c352-5797-a9b9-0c7f789f242e","ex-d46d77c8-1237-58eb-b227-345cbd13a243","2","4","[""ANSWER_MISSING"",""SOLUTION_MISSING"",""MATH_REPRESENTATION_UNDECLARED"",""PAU_DETAIL_INCOMPLETE"",""PAU_MODALITY_UNDECLARED"",""SOLUTION_REVIEW_REQUIRED""]"
"cand-cf66bcff-0f58-510d-9d62-a03a54e14a91","ex-006b5c75-b74c-5c20-9182-b86e987574d6","2","2","[""ANSWER_MISSING"",""SOLUTION_MISSING"",""PAU_MODALITY_UNDECLARED"",""SOLUTION_REVIEW_REQUIRED""]"
"cand-cdd1c1aa-6ecb-59de-8c1b-75e144a816d8","ex-9da66357-bc90-595e-8a79-a2bb633adb67","3","2","[""ANSWER_MISSING"",""CHOICES_REQUIRED"",""SOLUTION_MISSING"",""PAU_MODALITY_UNDECLARED"",""SOLUTION_REVIEW_REQUIRED""]"
"cand-6cb8cc2c-8e73-5edf-af8f-6cc8705957cd","ex-e438e3bd-4c85-5d42-9e43-842f45844319","3","2","[""ANSWER_MISSING"",""CHOICES_REQUIRED"",""SOLUTION_MISSING"",""PAU_MODALITY_UNDECLARED"",""SOLUTION_REVIEW_REQUIRED""]"
"cand-264d4706-4ad8-56e2-96ab-114fe1630ddc","ex-06f6681c-0d3a-5577-a15e-c93dc38e1a9d","2","3","[""ANSWER_MISSING"",""SOLUTION_MISSING"",""PAU_DETAIL_INCOMPLETE"",""PAU_MODALITY_UNDECLARED"",""SOLUTION_REVIEW_REQUIRED""]"
"cand-3ea4bbfe-e0b3-564a-b9b2-19d1897c995e","ex-2edb01a6-9944-5e00-bf8a-129c4cd6210e","3","2","[""ANSWER_MISSING"",""CHOICES_REQUIRED"",""SOLUTION_MISSING"",""PAU_MODALITY_UNDECLARED"",""SOLUTION_REVIEW_REQUIRED""]"
"cand-d678c35e-738f-564b-b9f8-d87a5e85dcbb","ex-6bd62d60-8cd7-5b33-bd1a-f640bc44e251","3","2","[""ANSWER_MISSING"",""CHOICES_REQUIRED"",""SOLUTION_MISSING"",""PAU_MODALITY_UNDECLARED"",""SOLUTION_REVIEW_REQUIRED""]"
"cand-2b773936-0044-574c-9f31-c22476764309","ex-c1d6a64c-ffa9-54ff-ba1e-efafcb346bc5","3","2","[""ANSWER_MISSING"",""CHOICES_REQUIRED"",""SOLUTION_MISSING"",""PAU_MODALITY_UNDECLARED"",""SOLUTION_REVIEW_REQUIRED""]"
"cand-c2ed0041-c7d6-5d59-979d-b2873516e330","ex-88a19334-83ca-5bf8-af1b-f454ff7e1e52","3","2","[""ANSWER_MISSING"",""CHOICES_REQUIRED"",""SOLUTION_MISSING"",""PAU_MODALITY_UNDECLARED"",""SOLUTION_REVIEW_REQUIRED""]"
"cand-0b6dda8e-e57b-597a-8cc8-9867a9ae961e","ex-81b8813e-fdb7-5f4f-91d6-c50545b2b63f","3","2","[""ANSWER_MISSING"",""CHOICES_REQUIRED"",""SOLUTION_MISSING"",""PAU_MODALITY_UNDECLARED"",""SOLUTION_REVIEW_REQUIRED""]"
"cand-045d3f0e-f3dd-5ca2-bb4c-c9fa520b9788","ex-35be1ee9-6ace-51f5-bd6a-0f6fa46004b1","3","2","[""ANSWER_MISSING"",""CHOICES_REQUIRED"",""SOLUTION_MISSING"",""PAU_MODALITY_UNDECLARED"",""SOLUTION_REVIEW_REQUIRED""]"
"cand-d4553657-aafe-522f-bfb5-024c3ff77541","ex-dadf5378-15e8-5603-a7c6-c3d8a6ca4e58","3","2","[""ANSWER_MISSING"",""CHOICES_REQUIRED"",""SOLUTION_MISSING"",""PAU_MODALITY_UNDECLARED"",""SOLUTION_REVIEW_REQUIRED""]"
"cand-05aad0bf-f9a3-545b-a268-3ccd2b70a9f8","ex-762fa8b2-0088-57b2-ba7f-842150463335","5","2","[""ANSWER_MISSING"",""CHOICES_REQUIRED"",""COMMUNITY_UNMAPPED"",""PAU_COMMUNITY_MISSING"",""SOLUTION_MISSING"",""PAU_MODALITY_UNDECLARED"",""SOLUTION_REVIEW_REQUIRED""]"
"cand-986caa49-3905-51ca-97ce-5968cc4f71c2","ex-c0be302d-a2a2-50a5-90af-4459af4c863e","3","3","[""ANSWER_MISSING"",""CHOICES_REQUIRED"",""SOLUTION_MISSING"",""PAU_DETAIL_INCOMPLETE"",""PAU_MODALITY_UNDECLARED"",""SOLUTION_REVIEW_REQUIRED""]"
"cand-63d5b84e-7444-5b80-a5fb-d317b48ddbb6","ex-502390c4-b0ee-54d4-8905-fe0c6b6b68b0","3","2","[""ANSWER_MISSING"",""CHOICES_REQUIRED"",""SOLUTION_MISSING"",""PAU_MODALITY_UNDECLARED"",""SOLUTION_REVIEW_REQUIRED""]"
"cand-91c2a513-7936-509d-8943-8f2953af2667","ex-dab89aed-5b45-58ae-a424-5b492a2a82c0","3","2","[""ANSWER_MISSING"",""CHOICES_REQUIRED"",""SOLUTION_MISSING"",""PAU_MODALITY_UNDECLARED"",""SOLUTION_REVIEW_REQUIRED""]"
"cand-1a740826-474b-5a41-9c49-674947826729","ex-f6809cee-c65f-5ba3-bf18-506d361f34ba","3","2","[""ANSWER_MISSING"",""CHOICES_REQUIRED"",""SOLUTION_MISSING"",""PAU_MODALITY_UNDECLARED"",""SOLUTION_REVIEW_REQUIRED""]"
"cand-ae48517f-19d0-5242-94f2-11caf3fe615b","ex-6ad8fa81-935e-5221-a119-a3ea6dd21a9c","3","2","[""ANSWER_MISSING"",""CHOICES_REQUIRED"",""SOLUTION_MISSING"",""PAU_MODALITY_UNDECLARED"",""SOLUTION_REVIEW_REQUIRED""]"
"cand-9bfdcb54-d936-5a37-b56f-99b989f95bc8","ex-c3ee07c3-bceb-5b82-8af7-2362e61ff70a","3","2","[""ANSWER_MISSING"",""CHOICES_REQUIRED"",""SOLUTION_MISSING"",""PAU_MODALITY_UNDECLARED"",""SOLUTION_REVIEW_REQUIRED""]"
"cand-16efa2b1-3ab9-5ea0-bd2f-a8117c060d1b","ex-8a853b45-f87a-54f5-aa62-93ea93382408","5","2","[""ANSWER_MISSING"",""CHOICES_REQUIRED"",""COMMUNITY_UNMAPPED"",""PAU_COMMUNITY_MISSING"",""SOLUTION_MISSING"",""PAU_MODALITY_UNDECLARED"",""SOLUTION_REVIEW_REQUIRED""]"
"cand-e43af17f-a36c-5d0d-aa71-0577f61862b7","ex-a988c707-6591-5dc7-8cc2-36466101d0b2","3","2","[""ANSWER_MISSING"",""CHOICES_REQUIRED"",""SOLUTION_MISSING"",""PAU_MODALITY_UNDECLARED"",""SOLUTION_REVIEW_REQUIRED""]"
"cand-49c62029-c908-5ea0-bbe1-92b69e199c35","ex-91623de6-6d04-5bc6-a8e2-2760ef7db2c4","3","2","[""ANSWER_MISSING"",""CHOICES_REQUIRED"",""SOLUTION_MISSING"",""PAU_MODALITY_UNDECLARED"",""SOLUTION_REVIEW_REQUIRED""]"
"cand-5b7f7deb-7173-5542-81cf-287aaa5a0718","ex-92f2c7e0-7896-52de-ac44-294ccfed6997","3","3","[""ANSWER_MISSING"",""CHOICES_REQUIRED"",""SOLUTION_MISSING"",""PAU_DETAIL_INCOMPLETE"",""PAU_MODALITY_UNDECLARED"",""SOLUTION_REVIEW_REQUIRED""]"
"cand-ba96272e-32a0-5c34-aec4-0687beb030df","ex-6144c0af-3d9d-58bf-b044-38c946dfd7a6","5","3","[""ANSWER_MISSING"",""CHOICES_REQUIRED"",""COMMUNITY_UNMAPPED"",""PAU_COMMUNITY_MISSING"",""SOLUTION_MISSING"",""PAU_DETAIL_INCOMPLETE"",""PAU_MODALITY_UNDECLARED"",""SOLUTION_REVIEW_REQUIRED""]"
"cand-91180ac1-1732-5def-88cb-91dc89789b32","ex-c7cd837d-4c6b-5c39-90bc-5dd48b5da03c","3","2","[""ANSWER_MISSING"",""CHOICES_REQUIRED"",""SOLUTION_MISSING"",""PAU_MODALITY_UNDECLARED"",""SOLUTION_REVIEW_REQUIRED""]"
"cand-550778d9-fcbc-5d2a-b832-c635fd54d819","ex-a772099f-3153-5e3a-8e6a-05eb3750513c","3","2","[""ANSWER_MISSING"",""CHOICES_REQUIRED"",""SOLUTION_MISSING"",""PAU_MODALITY_UNDECLARED"",""SOLUTION_REVIEW_REQUIRED""]"
"cand-8e553ee7-3546-5af9-9efe-ab8a0f6d3c62","ex-409d0aca-410c-5b2b-9301-5c3c7d88537d","3","2","[""ANSWER_MISSING"",""CHOICES_REQUIRED"",""SOLUTION_MISSING"",""PAU_MODALITY_UNDECLARED"",""SOLUTION_REVIEW_REQUIRED""]"
"cand-01644c09-b4aa-5daf-8482-352ac62cd5fd","ex-0a291aa5-f21f-59ff-b1e7-d271b3435708","3","2","[""ANSWER_MISSING"",""CHOICES_REQUIRED"",""SOLUTION_MISSING"",""PAU_MODALITY_UNDECLARED"",""SOLUTION_REVIEW_REQUIRED""]"
"cand-8f8b69dc-b388-5c7f-a8da-f8775cf0b473","ex-edf76df0-d4d8-59ec-8c4c-fd82129b65b9","3","2","[""ANSWER_MISSING"",""CHOICES_REQUIRED"",""SOLUTION_MISSING"",""PAU_MODALITY_UNDECLARED"",""SOLUTION_REVIEW_REQUIRED""]"
"cand-5c3646ae-b672-5ba2-8205-47d4ff6e1763","ex-49531123-f961-56fb-ba04-e01a71b0859e","3","2","[""ANSWER_MISSING"",""CHOICES_REQUIRED"",""SOLUTION_MISSING"",""PAU_MODALITY_UNDECLARED"",""SOLUTION_REVIEW_REQUIRED""]"
"cand-65cf1b25-617b-51ac-a36f-e8dfc7f6bd7a","ex-b506250f-45ec-5f83-b0b7-03956701f244","3","2","[""ANSWER_MISSING"",""CHOICES_REQUIRED"",""SOLUTION_MISSING"",""PAU_MODALITY_UNDECLARED"",""SOLUTION_REVIEW_REQUIRED""]"
"cand-3a5b4382-38df-5229-9c92-236c43b4c6b8","ex-fd0e7f23-4111-52b9-9736-90c9e695aade","3","2","[""ANSWER_MISSING"",""CHOICES_REQUIRED"",""SOLUTION_MISSING"",""PAU_MODALITY_UNDECLARED"",""SOLUTION_REVIEW_REQUIRED""]"
"cand-2d0ca2cb-d10e-5d77-b3fd-0c925d120f79","ex-32c81125-f0ec-5737-a747-be2ef9d0a546","3","2","[""ANSWER_MISSING"",""CHOICES_REQUIRED"",""SOLUTION_MISSING"",""PAU_MODALITY_UNDECLARED"",""SOLUTION_REVIEW_REQUIRED""]"
"cand-47e23ad6-f87b-5057-804d-2d9e3c3ce352","ex-e82bf9f2-bff1-540b-9ab7-80485e8868c4","3","2","[""ANSWER_MISSING"",""CHOICES_REQUIRED"",""SOLUTION_MISSING"",""PAU_MODALITY_UNDECLARED"",""SOLUTION_REVIEW_REQUIRED""]"
"cand-08b3cef0-541c-57d2-8fa5-76828eaf2f42","ex-3dc0e234-7e3a-5d95-9288-28090243d552","3","3","[""ANSWER_MISSING"",""CHOICES_REQUIRED"",""SOLUTION_MISSING"",""PAU_DETAIL_INCOMPLETE"",""PAU_MODALITY_UNDECLARED"",""SOLUTION_REVIEW_REQUIRED""]"
"cand-749210fa-801f-55e4-911c-9775996d0d07","ex-838c1476-cd05-5bbf-b372-80ffee0b7755","3","2","[""ANSWER_MISSING"",""CHOICES_REQUIRED"",""SOLUTION_MISSING"",""PAU_MODALITY_UNDECLARED"",""SOLUTION_REVIEW_REQUIRED""]"
"cand-e4b9f737-6774-5d14-b90c-0b20ad5841ba","ex-717b5981-bd23-5c1a-9db3-497412e6ebe5","3","2","[""ANSWER_MISSING"",""CHOICES_REQUIRED"",""SOLUTION_MISSING"",""PAU_MODALITY_UNDECLARED"",""SOLUTION_REVIEW_REQUIRED""]"
"cand-b1ba4400-a218-5008-bb09-ef63530fc273","ex-b20c307b-ff66-53f4-b16e-64b33418a90e","3","3","[""ANSWER_MISSING"",""CHOICES_REQUIRED"",""SOLUTION_MISSING"",""PAU_DETAIL_INCOMPLETE"",""PAU_MODALITY_UNDECLARED"",""SOLUTION_REVIEW_REQUIRED""]"
"cand-9e0849a7-e284-558e-b6fb-6cb393949220","ex-0a6ee23e-afd2-5642-8952-375bfa150690","3","2","[""ANSWER_MISSING"",""CHOICES_REQUIRED"",""SOLUTION_MISSING"",""PAU_MODALITY_UNDECLARED"",""SOLUTION_REVIEW_REQUIRED""]"
"cand-1a614f95-9dad-549d-b915-e824d1a4faff","ex-87d41045-5ff4-501f-bf19-8d7c31c5f528","3","2","[""ANSWER_MISSING"",""CHOICES_REQUIRED"",""SOLUTION_MISSING"",""PAU_MODALITY_UNDECLARED"",""SOLUTION_REVIEW_REQUIRED""]"
"cand-84cfbe6f-5050-5496-9f80-9fed2b9d00b0","ex-924de951-015f-5e7d-9f11-347a06746883","3","3","[""ANSWER_MISSING"",""CHOICES_REQUIRED"",""SOLUTION_MISSING"",""PAU_DETAIL_INCOMPLETE"",""PAU_MODALITY_UNDECLARED"",""SOLUTION_REVIEW_REQUIRED""]"
"cand-25660fec-73c4-512a-be09-9c90a98557b7","ex-c0bb7951-ffbc-500c-9032-9f6ac162f5dd","3","2","[""ANSWER_MISSING"",""CHOICES_REQUIRED"",""SOLUTION_MISSING"",""PAU_MODALITY_UNDECLARED"",""SOLUTION_REVIEW_REQUIRED""]"
"cand-13c580e7-7c1b-5c95-9910-5e1bbe2d2dfd","ex-125edab3-85ba-59ef-8826-34757259d764","3","3","[""ANSWER_MISSING"",""CHOICES_REQUIRED"",""SOLUTION_MISSING"",""PAU_DETAIL_INCOMPLETE"",""PAU_MODALITY_UNDECLARED"",""SOLUTION_REVIEW_REQUIRED""]"
"cand-bbda354a-eed9-5269-bea2-6bfa1e02c752","ex-15a7520d-cae3-5895-a60f-3ba37082196c","5","3","[""ANSWER_MISSING"",""CHOICES_REQUIRED"",""COMMUNITY_UNMAPPED"",""PAU_COMMUNITY_MISSING"",""SOLUTION_MISSING"",""PAU_DETAIL_INCOMPLETE"",""PAU_MODALITY_UNDECLARED"",""SOLUTION_REVIEW_REQUIRED""]"
"cand-a96a85ad-7897-5bbb-8758-4c14aaabb8b6","ex-66cd02c9-7e96-592d-a280-3992b58c156b","3","2","[""ANSWER_MISSING"",""CHOICES_REQUIRED"",""SOLUTION_MISSING"",""PAU_MODALITY_UNDECLARED"",""SOLUTION_REVIEW_REQUIRED""]"
"cand-2fa5511d-8f5c-5094-bb0d-9935b9b66654","ex-4131d48e-4610-5a32-b7b4-69d9345dd7d6","3","2","[""ANSWER_MISSING"",""CHOICES_REQUIRED"",""SOLUTION_MISSING"",""PAU_MODALITY_UNDECLARED"",""SOLUTION_REVIEW_REQUIRED""]"
"cand-91f45e32-91a7-5635-b591-4667731819ee","ex-b6b8a611-c68d-56ab-9d69-d55b9cbaf423","3","2","[""ANSWER_MISSING"",""CHOICES_REQUIRED"",""SOLUTION_MISSING"",""PAU_MODALITY_UNDECLARED"",""SOLUTION_REVIEW_REQUIRED""]"
"cand-28da3acf-fb8e-5459-bc03-696ee5cd7cf8","ex-2ee3a17f-b1e1-598d-b8a9-0dfec2f28740","3","2","[""ANSWER_MISSING"",""CHOICES_REQUIRED"",""SOLUTION_MISSING"",""PAU_MODALITY_UNDECLARED"",""SOLUTION_REVIEW_REQUIRED""]"
"cand-34c4198a-2948-53cd-95ea-933979f92b54","ex-8a4d1886-0a61-54c3-9ff4-2fa64f3749ae","3","2","[""ANSWER_MISSING"",""CHOICES_REQUIRED"",""SOLUTION_MISSING"",""PAU_MODALITY_UNDECLARED"",""SOLUTION_REVIEW_REQUIRED""]"
"cand-3596b4f4-6013-530b-90d0-c8db4324f83d","ex-90d2aec9-6554-5030-b3c7-6dda2a44c0e7","3","2","[""ANSWER_MISSING"",""CHOICES_REQUIRED"",""SOLUTION_MISSING"",""PAU_MODALITY_UNDECLARED"",""SOLUTION_REVIEW_REQUIRED""]"
"cand-2615a56b-eeb6-57b9-9689-dcee5b8f6ae2","ex-238bba19-fd70-554e-b5bc-3e8d1d7436a0","3","2","[""ANSWER_MISSING"",""CHOICES_REQUIRED"",""SOLUTION_MISSING"",""PAU_MODALITY_UNDECLARED"",""SOLUTION_REVIEW_REQUIRED""]"
"cand-4c8af850-614b-59d1-997d-d5d8d9988c35","ex-61384b86-f867-599e-84eb-8ddc31ed1633","3","2","[""ANSWER_MISSING"",""CHOICES_REQUIRED"",""SOLUTION_MISSING"",""PAU_MODALITY_UNDECLARED"",""SOLUTION_REVIEW_REQUIRED""]"
"cand-bc950dbe-1cbf-5dce-9bfd-2ee0f29fb898","ex-6232fbb0-6265-597a-b8d0-9b66a28bf64e","3","2","[""ANSWER_MISSING"",""CHOICES_REQUIRED"",""SOLUTION_MISSING"",""PAU_MODALITY_UNDECLARED"",""SOLUTION_REVIEW_REQUIRED""]"
"cand-e0acd0c5-e491-5c3c-9729-69c2355bc808","ex-bfc5ce4d-0a16-52a6-8cc8-ecd02554324a","3","2","[""ANSWER_MISSING"",""CHOICES_REQUIRED"",""SOLUTION_MISSING"",""PAU_MODALITY_UNDECLARED"",""SOLUTION_REVIEW_REQUIRED""]"
"cand-36a46f4b-0b2d-59bb-854e-53f1c116db67","ex-c528d8b5-ccf8-5b09-861e-c1c9b7c74b68","3","2","[""ANSWER_MISSING"",""CHOICES_REQUIRED"",""SOLUTION_MISSING"",""PAU_MODALITY_UNDECLARED"",""SOLUTION_REVIEW_REQUIRED""]"
"cand-e20db09e-f75e-5ba1-bf37-0d3e416da0bb","ex-7d500ddb-f215-5fdd-80c4-bff09a4ea3d6","3","2","[""ANSWER_MISSING"",""CHOICES_REQUIRED"",""SOLUTION_MISSING"",""PAU_MODALITY_UNDECLARED"",""SOLUTION_REVIEW_REQUIRED""]"
"cand-e4f074ce-574e-5334-ae5c-53d3fdad05a4","ex-6b10b74c-ec59-5428-8bf2-bea1190e81c4","3","3","[""ANSWER_MISSING"",""CHOICES_REQUIRED"",""SOLUTION_MISSING"",""PAU_DETAIL_INCOMPLETE"",""PAU_MODALITY_UNDECLARED"",""SOLUTION_REVIEW_REQUIRED""]"
"cand-879839df-7e87-5077-9eb6-08ad9bdf71d6","ex-837b2417-4b71-5bf0-aede-e13ae4656391","5","3","[""ANSWER_MISSING"",""CHOICES_REQUIRED"",""COMMUNITY_UNMAPPED"",""PAU_COMMUNITY_MISSING"",""SOLUTION_MISSING"",""PAU_DETAIL_INCOMPLETE"",""PAU_MODALITY_UNDECLARED"",""SOLUTION_REVIEW_REQUIRED""]"
"cand-d6f9b3e4-4301-5756-9cd1-2a6d6a730157","ex-3f272403-79c0-5ccf-908a-d4d0fb503aea","3","3","[""ANSWER_MISSING"",""CHOICES_REQUIRED"",""SOLUTION_MISSING"",""PAU_DETAIL_INCOMPLETE"",""PAU_MODALITY_UNDECLARED"",""SOLUTION_REVIEW_REQUIRED""]"
"cand-8ccd329f-41e2-571e-8af6-dac9212aa937","ex-a9e10f49-24d3-5284-81e4-fbdb77e651f6","3","3","[""ANSWER_MISSING"",""CHOICES_REQUIRED"",""SOLUTION_MISSING"",""PAU_DETAIL_INCOMPLETE"",""PAU_MODALITY_UNDECLARED"",""SOLUTION_REVIEW_REQUIRED""]"
"cand-605b0246-99d7-5ef6-99c4-0aeddedcd1d3","ex-ca341b94-ce66-5afc-a674-a7f8db96994b","5","3","[""ANSWER_MISSING"",""CHOICES_REQUIRED"",""COMMUNITY_UNMAPPED"",""PAU_COMMUNITY_MISSING"",""SOLUTION_MISSING"",""PAU_DETAIL_INCOMPLETE"",""PAU_MODALITY_UNDECLARED"",""SOLUTION_REVIEW_REQUIRED""]"
"cand-d95d1c17-99aa-5e7f-b7d9-fdda51e0ef46","ex-93239330-7ce3-5678-8abf-5b3d898aa963","3","2","[""ANSWER_MISSING"",""CHOICES_REQUIRED"",""SOLUTION_MISSING"",""PAU_MODALITY_UNDECLARED"",""SOLUTION_REVIEW_REQUIRED""]"
"cand-205543de-f83d-5c95-b416-4ae5db94714f","ex-fe2d196a-2eee-504f-bff0-43017a574615","3","2","[""ANSWER_MISSING"",""CHOICES_REQUIRED"",""SOLUTION_MISSING"",""PAU_MODALITY_UNDECLARED"",""SOLUTION_REVIEW_REQUIRED""]"
"cand-e4c335c1-0737-58c2-8a99-b4e1c2db2c00","ex-e1e3e506-aabd-5a37-b983-a3c7661ea60a","2","2","[""ANSWER_MISSING"",""SOLUTION_MISSING"",""PAU_MODALITY_UNDECLARED"",""SOLUTION_REVIEW_REQUIRED""]"
"cand-9a1d6fdf-e060-599c-b1fb-489725818506","ex-1b989759-fe54-5da2-870b-c342e49a90d8","3","2","[""ANSWER_MISSING"",""CHOICES_REQUIRED"",""SOLUTION_MISSING"",""PAU_MODALITY_UNDECLARED"",""SOLUTION_REVIEW_REQUIRED""]"
"cand-2b939b05-73e9-5ac2-a8f4-bca37c4c6dd6","ex-cc9022ba-30d1-5546-8056-82e6fdeed4f7","3","2","[""ANSWER_MISSING"",""CHOICES_REQUIRED"",""SOLUTION_MISSING"",""PAU_MODALITY_UNDECLARED"",""SOLUTION_REVIEW_REQUIRED""]"
"cand-f99cd19c-defd-5e71-bc66-993d948fa2d0","ex-6773a619-f1ff-5f40-aeba-3187d54bcc78","2","2","[""ANSWER_MISSING"",""SOLUTION_MISSING"",""PAU_MODALITY_UNDECLARED"",""SOLUTION_REVIEW_REQUIRED""]"
"cand-bf764e5c-de83-5413-8116-5d1faf8cd41f","ex-f8d74086-4b71-5883-a06e-455703055463","3","2","[""ANSWER_MISSING"",""CHOICES_REQUIRED"",""SOLUTION_MISSING"",""PAU_MODALITY_UNDECLARED"",""SOLUTION_REVIEW_REQUIRED""]"
"cand-272b481e-5c1b-54a9-a594-953c1b290948","ex-e17c0937-b471-5085-8e30-5dc6e810766f","3","2","[""ANSWER_MISSING"",""CHOICES_REQUIRED"",""SOLUTION_MISSING"",""PAU_MODALITY_UNDECLARED"",""SOLUTION_REVIEW_REQUIRED""]"
"cand-21a903f5-1722-5dbd-b1c9-58bc552230f0","ex-e14cc6e7-d2c1-5ab1-98b3-f84fa1e7f986","5","2","[""ANSWER_MISSING"",""CHOICES_REQUIRED"",""COMMUNITY_UNMAPPED"",""PAU_COMMUNITY_MISSING"",""SOLUTION_MISSING"",""PAU_MODALITY_UNDECLARED"",""SOLUTION_REVIEW_REQUIRED""]"
"cand-56a478c5-2ac0-5707-a12c-b79a7a730fa9","ex-567ddd28-101f-5c00-9966-a5d50eadb42c","3","3","[""ANSWER_MISSING"",""CHOICES_REQUIRED"",""SOLUTION_MISSING"",""PAU_DETAIL_INCOMPLETE"",""PAU_MODALITY_UNDECLARED"",""SOLUTION_REVIEW_REQUIRED""]"
"cand-c3b6cd32-03ca-5049-8880-4fa02317508c","ex-877a9858-25fb-5604-aad2-4088b546084e","3","3","[""ANSWER_MISSING"",""CHOICES_REQUIRED"",""SOLUTION_MISSING"",""PAU_DETAIL_INCOMPLETE"",""PAU_MODALITY_UNDECLARED"",""SOLUTION_REVIEW_REQUIRED""]"
"cand-2a5b9f2b-059e-59cc-9959-3f8491512ee7","ex-fa7247a4-3bfd-5973-a89c-d988cb727818","3","2","[""ANSWER_MISSING"",""CHOICES_REQUIRED"",""SOLUTION_MISSING"",""PAU_MODALITY_UNDECLARED"",""SOLUTION_REVIEW_REQUIRED""]"
"cand-2d5267c8-40fe-521f-a557-0e99febaa3ec","ex-aaecd021-ad5a-5f1d-97cd-1b529c417f69","5","2","[""ANSWER_MISSING"",""CHOICES_REQUIRED"",""COMMUNITY_UNMAPPED"",""PAU_COMMUNITY_MISSING"",""SOLUTION_MISSING"",""PAU_MODALITY_UNDECLARED"",""SOLUTION_REVIEW_REQUIRED""]"
"cand-a565057e-25d4-5093-b8b1-b1314149e3e1","ex-a48725f5-e3c6-5ad3-9d5e-dc3aa850b9d6","3","2","[""ANSWER_MISSING"",""CHOICES_REQUIRED"",""SOLUTION_MISSING"",""PAU_MODALITY_UNDECLARED"",""SOLUTION_REVIEW_REQUIRED""]"
"cand-6de794cf-9939-5819-9e16-073b0aac7f1b","ex-3db756d4-d294-5f08-a360-73dc626e3b3e","3","2","[""ANSWER_MISSING"",""CHOICES_REQUIRED"",""SOLUTION_MISSING"",""PAU_MODALITY_UNDECLARED"",""SOLUTION_REVIEW_REQUIRED""]"
"cand-008e7ab8-c009-516a-a2ca-64d42a0c4218","ex-86b99dc8-2f46-5a0d-983b-f13fd051cf3f","3","2","[""ANSWER_MISSING"",""CHOICES_REQUIRED"",""SOLUTION_MISSING"",""PAU_MODALITY_UNDECLARED"",""SOLUTION_REVIEW_REQUIRED""]"
"cand-06907740-26d5-5692-a2a7-cd24af6afebb","ex-daf6ea22-a206-5124-9b08-8553e005e7f4","3","2","[""ANSWER_MISSING"",""CHOICES_REQUIRED"",""SOLUTION_MISSING"",""PAU_MODALITY_UNDECLARED"",""SOLUTION_REVIEW_REQUIRED""]"
"cand-021d4655-d6ef-592a-9a5e-5422237c6634","ex-69766b42-abcf-5192-a121-f823d8d17352","3","2","[""ANSWER_MISSING"",""CHOICES_REQUIRED"",""SOLUTION_MISSING"",""PAU_MODALITY_UNDECLARED"",""SOLUTION_REVIEW_REQUIRED""]"
"cand-596dd2dd-f405-52db-b532-b7f6173c543a","ex-0a83a32e-5d97-55a0-98a8-affd1f4633f8","3","2","[""ANSWER_MISSING"",""CHOICES_REQUIRED"",""SOLUTION_MISSING"",""PAU_MODALITY_UNDECLARED"",""SOLUTION_REVIEW_REQUIRED""]"
"cand-b015608f-5c8a-5639-a6bf-e1379533a4aa","ex-c957660d-a800-5dbf-8f5f-06dd865dbdaf","3","2","[""ANSWER_MISSING"",""CHOICES_REQUIRED"",""SOLUTION_MISSING"",""PAU_MODALITY_UNDECLARED"",""SOLUTION_REVIEW_REQUIRED""]"
"cand-e2fdbbff-f6cc-594e-aab8-907a093390e1","ex-38704edc-edef-578b-9155-1781277926b9","3","2","[""ANSWER_MISSING"",""CHOICES_REQUIRED"",""SOLUTION_MISSING"",""PAU_MODALITY_UNDECLARED"",""SOLUTION_REVIEW_REQUIRED""]"
"cand-cb4475eb-d5ce-5df9-9261-b6f7ee692927","ex-1aee2851-64fe-581c-a787-f77ef40399f6","3","3","[""ANSWER_MISSING"",""CHOICES_REQUIRED"",""SOLUTION_MISSING"",""PAU_DETAIL_INCOMPLETE"",""PAU_MODALITY_UNDECLARED"",""SOLUTION_REVIEW_REQUIRED""]"
"cand-682b2f4f-6d41-5bd6-831f-0cbd73407d63","ex-e72ca7c8-98ba-5699-87ce-82e70fc1c8b0","3","3","[""ANSWER_MISSING"",""CHOICES_REQUIRED"",""SOLUTION_MISSING"",""PAU_DETAIL_INCOMPLETE"",""PAU_MODALITY_UNDECLARED"",""SOLUTION_REVIEW_REQUIRED""]"
"cand-b9952c99-fd13-5a34-b6a5-c37b44a0ba1e","ex-8de74594-c5f6-50cb-98d6-61b85b0dce4e","3","2","[""ANSWER_MISSING"",""CHOICES_REQUIRED"",""SOLUTION_MISSING"",""PAU_MODALITY_UNDECLARED"",""SOLUTION_REVIEW_REQUIRED""]"
"cand-3533d131-a709-58c2-be9e-b8aa73a6c3f3","ex-5411bc57-8cc4-558f-92ef-7b31ae04da48","2","2","[""ANSWER_MISSING"",""SOLUTION_MISSING"",""PAU_MODALITY_UNDECLARED"",""SOLUTION_REVIEW_REQUIRED""]"
"cand-c1c3b186-e57e-5def-8262-0e8fb75fd3bf","ex-55a64e8d-b3fd-5694-9361-704c8e8fe314","3","2","[""ANSWER_MISSING"",""CHOICES_REQUIRED"",""SOLUTION_MISSING"",""PAU_MODALITY_UNDECLARED"",""SOLUTION_REVIEW_REQUIRED""]"
"cand-12611f6d-929b-5cb7-8211-2456337a02f2","ex-0cc04c74-1520-5874-a8a3-9bafeecac3f7","3","2","[""ANSWER_MISSING"",""CHOICES_REQUIRED"",""SOLUTION_MISSING"",""PAU_MODALITY_UNDECLARED"",""SOLUTION_REVIEW_REQUIRED""]"
"cand-b3f71ec1-c527-5fc2-86c2-ab82c239ee74","ex-88dac350-342a-5f5c-91c9-29d1093c4393","3","2","[""ANSWER_MISSING"",""CHOICES_REQUIRED"",""SOLUTION_MISSING"",""PAU_MODALITY_UNDECLARED"",""SOLUTION_REVIEW_REQUIRED""]"
"cand-298c5d8a-bcb0-5ea1-92a1-c3b0e9a7518e","ex-c1b04ffe-b4f7-5c69-84da-d19f51aa6720","3","3","[""ANSWER_MISSING"",""CHOICES_REQUIRED"",""SOLUTION_MISSING"",""PAU_DETAIL_INCOMPLETE"",""PAU_MODALITY_UNDECLARED"",""SOLUTION_REVIEW_REQUIRED""]"
"cand-9654e386-498c-5650-970f-e0c952831b16","ex-f7731e8a-6cb5-5c70-b19c-2e567a1e43aa","2","3","[""ANSWER_MISSING"",""SOLUTION_MISSING"",""PAU_DETAIL_INCOMPLETE"",""PAU_MODALITY_UNDECLARED"",""SOLUTION_REVIEW_REQUIRED""]"
"cand-9835c281-b7a0-53eb-b21d-13da4db21322","ex-4abc4fd4-5252-5b84-845c-ba34685dd318","3","2","[""ANSWER_MISSING"",""CHOICES_REQUIRED"",""SOLUTION_MISSING"",""PAU_MODALITY_UNDECLARED"",""SOLUTION_REVIEW_REQUIRED""]"
"cand-1f5dd1e8-478e-5f54-9f7d-dfb1b1f1bb2d","ex-6e6b34a4-0f7f-5d1b-a288-715fa11e9974","3","2","[""ANSWER_MISSING"",""CHOICES_REQUIRED"",""SOLUTION_MISSING"",""PAU_MODALITY_UNDECLARED"",""SOLUTION_REVIEW_REQUIRED""]"
"cand-42b8326a-9e08-5756-b64b-1e4dbb523633","ex-4c5d8e3e-6551-5a65-a4ab-d1afe337b43e","3","2","[""ANSWER_MISSING"",""CHOICES_REQUIRED"",""SOLUTION_MISSING"",""PAU_MODALITY_UNDECLARED"",""SOLUTION_REVIEW_REQUIRED""]"
"cand-3c28ffe9-b5b5-57e4-af08-513bd434da1a","ex-aaa3e3ef-cb93-5e7a-9b14-f616d6f6164c","2","0","[""MODALITIES_MISSING"",""MODALITY_UNDEMONSTRATED""]"
"cand-96f44d3e-6367-51a7-b765-2375b5d47851","ex-be2da9d8-0ae0-5d3d-9b50-5049fb652f2d","2","0","[""MODALITIES_MISSING"",""MODALITY_UNDEMONSTRATED""]"
"cand-41dc9058-c4ed-5db7-81b0-5270cf69ed8a","ex-ec301d5e-5665-5205-9601-88d6dcdea031","2","1","[""MODALITIES_MISSING"",""MODALITY_UNDEMONSTRATED"",""SYMBOLIC_EQUIVALENCE_NOT_PROVEN""]"
"cand-4486a222-d05c-5fea-9fb8-088e71bff5e0","ex-09af0a23-149f-5080-bf7c-b5e92125eed6","2","0","[""MODALITIES_MISSING"",""MODALITY_UNDEMONSTRATED""]"
"cand-68c9d180-3667-5c41-bd55-6d936626b1d0","ex-83dd68fe-ce12-5dd1-9243-9bb9d3eb89fe","2","0","[""MODALITIES_MISSING"",""MODALITY_UNDEMONSTRATED""]"
"cand-6e53742d-b20a-5f5f-949d-dfaca0bc4f65","ex-d0408c5e-22ff-567e-8dee-78ffe53c0487","2","0","[""MODALITIES_MISSING"",""MODALITY_UNDEMONSTRATED""]"
"cand-879b9e6b-ab3f-5f99-b0fc-29cc2c2e1d86","ex-f40f8c14-6365-5043-9e31-906c9a1a6821","2","0","[""MODALITIES_MISSING"",""MODALITY_UNDEMONSTRATED""]"
"cand-482c3e42-8512-5914-9fcc-bf3171c8ef89","ex-2d0ca6b2-bb71-57e4-867c-38d697d26bd8","2","0","[""MODALITIES_MISSING"",""MODALITY_UNDEMONSTRATED""]"
"cand-60aac4e3-c461-5d00-88cf-09b16984d10a","ex-89881a95-de40-50d0-b036-6c987ee3107c","2","0","[""MODALITIES_MISSING"",""MODALITY_UNDEMONSTRATED""]"
"cand-4d9825d6-0206-5b09-9fd1-7f0ff91d0e2d","ex-3254f73f-5613-55a6-b1a8-d2d016768aa4","2","0","[""MODALITIES_MISSING"",""MODALITY_UNDEMONSTRATED""]"
"cand-ad6402ac-9014-5fa9-864b-e010a97cfce5","ex-ee22aab5-fbcd-5d8c-b074-04dec7ffdf34","2","0","[""MODALITIES_MISSING"",""MODALITY_UNDEMONSTRATED""]"
"cand-4dd5a5d4-95ab-5edf-8104-748fe8e9f806","ex-0a0cf096-a7be-5392-9eda-5ba30ca83140","6","5","[""ANSWER_MISSING"",""COURSE_CONFLICT"",""MODALITIES_MISSING"",""MODALITY_UNDEMONSTRATED"",""SOLUTION_MISSING"",""UNMAPPED_TOPIC"",""MATH_REPRESENTATION_UNDECLARED"",""PAU_DETAIL_INCOMPLETE"",""PAU_MODALITY_UNDECLARED"",""SOLUTION_REVIEW_REQUIRED"",""STATEMENT_VARIANTS""]"
"cand-59e040fc-7671-51ee-864f-f2d0d90abd78","ex-8a729a05-c786-5756-acdc-81a30d69f759","3","3","[""ANSWER_MISSING"",""CHOICES_REQUIRED"",""SOLUTION_MISSING"",""PAU_DETAIL_INCOMPLETE"",""PAU_MODALITY_UNDECLARED"",""SOLUTION_REVIEW_REQUIRED""]"
"cand-7fc3e5a5-fcb6-5906-860d-4cf466d38029","ex-8ce5100b-a1ff-5250-8def-5210bd591c49","3","3","[""ANSWER_MISSING"",""CHOICES_REQUIRED"",""SOLUTION_MISSING"",""MATH_REPRESENTATION_UNDECLARED"",""PAU_MODALITY_UNDECLARED"",""SOLUTION_REVIEW_REQUIRED""]"
"cand-8b474a61-34dd-5dd9-a5ab-214a4cc9031a","ex-4ed7aae6-4553-5174-a2c1-e51c774ad78a","3","2","[""ANSWER_MISSING"",""CHOICES_REQUIRED"",""SOLUTION_MISSING"",""PAU_MODALITY_UNDECLARED"",""SOLUTION_REVIEW_REQUIRED""]"
"cand-7ff10376-c16a-56f9-9c57-ecd9457ea96d","ex-cf2f0a1b-516d-5d7c-b95a-ea1f5c97bd5a","3","4","[""ANSWER_MISSING"",""CHOICES_REQUIRED"",""SOLUTION_MISSING"",""MATH_REPRESENTATION_UNDECLARED"",""PAU_DETAIL_INCOMPLETE"",""PAU_MODALITY_UNDECLARED"",""SOLUTION_REVIEW_REQUIRED""]"
"cand-63c25f1c-78c9-5a2e-9db1-a86e35ae7dc4","ex-62e1399d-adab-5687-b100-256c258369d6","3","3","[""ANSWER_MISSING"",""CHOICES_REQUIRED"",""SOLUTION_MISSING"",""PAU_DETAIL_INCOMPLETE"",""PAU_MODALITY_UNDECLARED"",""SOLUTION_REVIEW_REQUIRED""]"
"cand-bfc33344-9b28-5810-b4ae-82b7b1da2202","ex-a1a1f56f-7432-5070-8bfd-d135264321a3","3","3","[""ANSWER_MISSING"",""CHOICES_REQUIRED"",""SOLUTION_MISSING"",""MATH_REPRESENTATION_UNDECLARED"",""PAU_MODALITY_UNDECLARED"",""SOLUTION_REVIEW_REQUIRED""]"
"cand-7325c787-2c4c-5693-bb9a-51c2ec6d7ca4","ex-16875761-d4c6-5ca4-ab8f-c8f10f040150","3","3","[""ANSWER_MISSING"",""CHOICES_REQUIRED"",""SOLUTION_MISSING"",""MATH_REPRESENTATION_UNDECLARED"",""PAU_MODALITY_UNDECLARED"",""SOLUTION_REVIEW_REQUIRED""]"
"cand-0e667ccb-0b77-5ddd-97de-311698bbc112","ex-181b5157-79de-592f-9c58-529718416646","3","4","[""ANSWER_MISSING"",""CHOICES_REQUIRED"",""SOLUTION_MISSING"",""MATH_REPRESENTATION_UNDECLARED"",""PAU_DETAIL_INCOMPLETE"",""PAU_MODALITY_UNDECLARED"",""SOLUTION_REVIEW_REQUIRED""]"
"cand-76566d55-ab93-5baa-bd7e-5ca86a82ffbd","ex-09b27baa-ce23-5746-b32e-f4b4ecbd662f","3","3","[""ANSWER_MISSING"",""CHOICES_REQUIRED"",""SOLUTION_MISSING"",""MATH_REPRESENTATION_UNDECLARED"",""PAU_MODALITY_UNDECLARED"",""SOLUTION_REVIEW_REQUIRED""]"
"cand-a0e26b8c-e26e-52a3-980d-510d05772ff7","ex-4e2474fd-79d4-5824-81ab-d4bed801bd46","3","3","[""ANSWER_MISSING"",""CHOICES_REQUIRED"",""SOLUTION_MISSING"",""MATH_REPRESENTATION_UNDECLARED"",""PAU_MODALITY_UNDECLARED"",""SOLUTION_REVIEW_REQUIRED""]"
"cand-2761d34d-9220-5fe5-bc88-81387e547d5b","ex-743ed942-3e20-566e-a45f-9b48bae2d6c0","3","3","[""ANSWER_MISSING"",""CHOICES_REQUIRED"",""SOLUTION_MISSING"",""PAU_DETAIL_INCOMPLETE"",""PAU_MODALITY_UNDECLARED"",""SOLUTION_REVIEW_REQUIRED""]"
"cand-a28b1225-2a5d-5d75-a2d9-bd9eb98d2632","ex-74caa136-0097-5d8c-b0cc-35b2d9d352c1","3","4","[""ANSWER_MISSING"",""CHOICES_REQUIRED"",""SOLUTION_MISSING"",""MATH_REPRESENTATION_UNDECLARED"",""PAU_DETAIL_INCOMPLETE"",""PAU_MODALITY_UNDECLARED"",""SOLUTION_REVIEW_REQUIRED""]"
"cand-b4ee5b1b-4c8e-5e52-a45e-4b2c1c0969b4","ex-d7e883f6-ab83-557d-919d-db93e3995285","3","3","[""ANSWER_MISSING"",""CHOICES_REQUIRED"",""SOLUTION_MISSING"",""MATH_REPRESENTATION_UNDECLARED"",""PAU_MODALITY_UNDECLARED"",""SOLUTION_REVIEW_REQUIRED""]"
"cand-84fad01e-5a86-5141-be10-264122f9369e","ex-f7c39cd3-c757-50a5-a409-802f896ea4e4","3","3","[""ANSWER_MISSING"",""CHOICES_REQUIRED"",""SOLUTION_MISSING"",""MATH_REPRESENTATION_UNDECLARED"",""PAU_MODALITY_UNDECLARED"",""SOLUTION_REVIEW_REQUIRED""]"
"cand-8b6768cf-b406-53ca-b029-73a0eff2f82d","ex-52160d0a-99a7-5067-bfd6-51b31d631210","3","3","[""ANSWER_MISSING"",""CHOICES_REQUIRED"",""SOLUTION_MISSING"",""MATH_REPRESENTATION_UNDECLARED"",""PAU_MODALITY_UNDECLARED"",""SOLUTION_REVIEW_REQUIRED""]"
"cand-9630b184-3323-54b9-ae24-8cb70aadbf83","ex-51fd0530-653d-5609-9469-5498232ae0cd","3","2","[""ANSWER_MISSING"",""CHOICES_REQUIRED"",""SOLUTION_MISSING"",""PAU_MODALITY_UNDECLARED"",""SOLUTION_REVIEW_REQUIRED""]"
"cand-b67d2143-169f-50ee-85b2-25238521ce06","ex-1f3e323a-7f80-5936-bda1-522bd06c05b1","3","3","[""ANSWER_MISSING"",""CHOICES_REQUIRED"",""SOLUTION_MISSING"",""MATH_REPRESENTATION_UNDECLARED"",""PAU_MODALITY_UNDECLARED"",""SOLUTION_REVIEW_REQUIRED""]"
"cand-f16b109a-bf90-5461-950d-71cd714dccf7","ex-729752d7-5031-514f-93d6-49970bb730af","3","4","[""ANSWER_MISSING"",""CHOICES_REQUIRED"",""SOLUTION_MISSING"",""MATH_REPRESENTATION_UNDECLARED"",""PAU_DETAIL_INCOMPLETE"",""PAU_MODALITY_UNDECLARED"",""SOLUTION_REVIEW_REQUIRED""]"
"cand-0281323e-51ad-552f-abc8-2b3315ba372a","ex-ca67def7-3e2f-5ec2-9071-573aec4e47a7","3","3","[""ANSWER_MISSING"",""CHOICES_REQUIRED"",""SOLUTION_MISSING"",""MATH_REPRESENTATION_UNDECLARED"",""PAU_MODALITY_UNDECLARED"",""SOLUTION_REVIEW_REQUIRED""]"
"cand-91c7993d-f592-5194-ac0a-8b5f9a14e117","ex-fb71a141-ed08-529e-a34e-a48c8d24b0bd","3","4","[""ANSWER_MISSING"",""CHOICES_REQUIRED"",""SOLUTION_MISSING"",""MATH_REPRESENTATION_UNDECLARED"",""PAU_DETAIL_INCOMPLETE"",""PAU_MODALITY_UNDECLARED"",""SOLUTION_REVIEW_REQUIRED""]"
"cand-ac17a43e-e95c-51da-bb90-cc1bc0e45003","ex-5c720887-b205-59a5-a369-731354db66e1","3","2","[""ANSWER_MISSING"",""CHOICES_REQUIRED"",""SOLUTION_MISSING"",""PAU_MODALITY_UNDECLARED"",""SOLUTION_REVIEW_REQUIRED""]"
"cand-68c59504-ffa6-557b-846a-988f7b630961","ex-e371eade-489d-51bc-8b73-d0a06d7d3b13","3","3","[""ANSWER_MISSING"",""CHOICES_REQUIRED"",""SOLUTION_MISSING"",""MATH_REPRESENTATION_UNDECLARED"",""PAU_MODALITY_UNDECLARED"",""SOLUTION_REVIEW_REQUIRED""]"
"cand-ceec1d78-24ba-5e8d-bde7-003630bdf320","ex-c0a86b8d-379f-5716-83f2-94e2cc5466bc","3","3","[""ANSWER_MISSING"",""CHOICES_REQUIRED"",""SOLUTION_MISSING"",""MATH_REPRESENTATION_UNDECLARED"",""PAU_MODALITY_UNDECLARED"",""SOLUTION_REVIEW_REQUIRED""]"
"cand-37b6b145-c621-5990-9f7b-df2ceb68b81c","ex-6e805e35-a278-5ae9-af70-f4543fb80ace","3","3","[""ANSWER_MISSING"",""CHOICES_REQUIRED"",""SOLUTION_MISSING"",""PAU_DETAIL_INCOMPLETE"",""PAU_MODALITY_UNDECLARED"",""SOLUTION_REVIEW_REQUIRED""]"
"cand-47d636f5-784c-5adb-a51d-6bab81452433","ex-9c14cf37-70cc-5172-b5a7-1f5ea31aee2f","3","2","[""ANSWER_MISSING"",""CHOICES_REQUIRED"",""SOLUTION_MISSING"",""PAU_MODALITY_UNDECLARED"",""SOLUTION_REVIEW_REQUIRED""]"
"cand-36a067c7-14bb-56c2-828b-e698e6e018fa","ex-130314b6-e5b8-5dd0-a13f-4458ba9e096b","3","3","[""ANSWER_MISSING"",""CHOICES_REQUIRED"",""SOLUTION_MISSING"",""MATH_REPRESENTATION_UNDECLARED"",""PAU_MODALITY_UNDECLARED"",""SOLUTION_REVIEW_REQUIRED""]"
"cand-c1c928c1-3e98-54b8-a30e-a2c03839d484","ex-3ce3d495-6009-539e-b044-f03bbe4d1fee","3","4","[""ANSWER_MISSING"",""CHOICES_REQUIRED"",""SOLUTION_MISSING"",""MATH_REPRESENTATION_UNDECLARED"",""PAU_DETAIL_INCOMPLETE"",""PAU_MODALITY_UNDECLARED"",""SOLUTION_REVIEW_REQUIRED""]"
"cand-6583194c-4999-54ef-89ef-f2411762978b","ex-4fd6d492-30ae-5a6b-849b-d06129a096b4","3","3","[""ANSWER_MISSING"",""CHOICES_REQUIRED"",""SOLUTION_MISSING"",""MATH_REPRESENTATION_UNDECLARED"",""PAU_MODALITY_UNDECLARED"",""SOLUTION_REVIEW_REQUIRED""]"
"cand-1d30122e-d251-57a4-b3d1-011afe2e320c","ex-b96fb3b6-7ac9-571d-8355-72d01eed9e39","3","3","[""ANSWER_MISSING"",""CHOICES_REQUIRED"",""SOLUTION_MISSING"",""MATH_REPRESENTATION_UNDECLARED"",""PAU_MODALITY_UNDECLARED"",""SOLUTION_REVIEW_REQUIRED""]"
"cand-34ada3cf-ea4f-5c8c-af8d-7e48fca648a9","ex-6b94609a-1666-5b6f-ad53-96473ccf39bb","3","3","[""ANSWER_MISSING"",""CHOICES_REQUIRED"",""SOLUTION_MISSING"",""MATH_REPRESENTATION_UNDECLARED"",""PAU_MODALITY_UNDECLARED"",""SOLUTION_REVIEW_REQUIRED""]"
"cand-38b1c896-4c1f-5db0-b1d7-e8ba0b1ccc46","ex-e7aab03c-adf7-587e-91fb-3adcc19e5aa6","3","3","[""ANSWER_MISSING"",""CHOICES_REQUIRED"",""SOLUTION_MISSING"",""MATH_REPRESENTATION_UNDECLARED"",""PAU_MODALITY_UNDECLARED"",""SOLUTION_REVIEW_REQUIRED""]"
"cand-02d3f161-1c32-55fa-bf10-ae02495dc55a","ex-3117d44d-2f58-5635-bbe7-ffac7358c492","3","3","[""ANSWER_MISSING"",""CHOICES_REQUIRED"",""SOLUTION_MISSING"",""MATH_REPRESENTATION_UNDECLARED"",""PAU_MODALITY_UNDECLARED"",""SOLUTION_REVIEW_REQUIRED""]"
"cand-f86cf644-08a1-584e-8d37-c4a54bca9c41","ex-5b16bcf3-8b98-525e-be51-7dcd10a7ad08","3","3","[""ANSWER_MISSING"",""CHOICES_REQUIRED"",""SOLUTION_MISSING"",""MATH_REPRESENTATION_UNDECLARED"",""PAU_MODALITY_UNDECLARED"",""SOLUTION_REVIEW_REQUIRED""]"
"cand-ec5161af-a78c-5052-a395-9ee84b96320f","ex-14dbc1e2-29f8-5158-9846-d5b1dd74a3e6","3","2","[""ANSWER_MISSING"",""CHOICES_REQUIRED"",""SOLUTION_MISSING"",""PAU_MODALITY_UNDECLARED"",""SOLUTION_REVIEW_REQUIRED""]"
"cand-55bf6f88-5762-5c9f-a5af-637101a0a1f6","ex-f2ef8f09-99cf-5ead-9d90-49bb2cb61cee","3","3","[""ANSWER_MISSING"",""CHOICES_REQUIRED"",""SOLUTION_MISSING"",""MATH_REPRESENTATION_UNDECLARED"",""PAU_MODALITY_UNDECLARED"",""SOLUTION_REVIEW_REQUIRED""]"
"cand-a151e85d-6334-5c51-b488-6924afe3af2f","ex-9879d169-8462-5712-8058-765f615f71be","3","3","[""ANSWER_MISSING"",""CHOICES_REQUIRED"",""SOLUTION_MISSING"",""MATH_REPRESENTATION_UNDECLARED"",""PAU_MODALITY_UNDECLARED"",""SOLUTION_REVIEW_REQUIRED""]"
"cand-bb50b682-ae6f-5167-88d8-76ff682d0bf5","ex-f725b0d0-a294-541f-8d6f-d42e2c727607","3","4","[""ANSWER_MISSING"",""CHOICES_REQUIRED"",""SOLUTION_MISSING"",""MATH_REPRESENTATION_UNDECLARED"",""PAU_DETAIL_INCOMPLETE"",""PAU_MODALITY_UNDECLARED"",""SOLUTION_REVIEW_REQUIRED""]"
"cand-07503e79-b291-5c45-88ae-37b528a3741d","ex-fd3f8e0e-ee10-5710-ad20-881607fcf8ba","3","3","[""ANSWER_MISSING"",""CHOICES_REQUIRED"",""SOLUTION_MISSING"",""MATH_REPRESENTATION_UNDECLARED"",""PAU_MODALITY_UNDECLARED"",""SOLUTION_REVIEW_REQUIRED""]"
"cand-0d619902-b117-5cea-95b2-026fb5c24ff1","ex-d3281501-d925-5638-ac75-1fd361e9bc09","3","3","[""ANSWER_MISSING"",""CHOICES_REQUIRED"",""SOLUTION_MISSING"",""MATH_REPRESENTATION_UNDECLARED"",""PAU_MODALITY_UNDECLARED"",""SOLUTION_REVIEW_REQUIRED""]"
"cand-e995c351-cffb-5730-a701-868971baa9ff","ex-500d977c-f239-545b-b3e2-10be2432a6f9","3","3","[""ANSWER_MISSING"",""CHOICES_REQUIRED"",""SOLUTION_MISSING"",""MATH_REPRESENTATION_UNDECLARED"",""PAU_MODALITY_UNDECLARED"",""SOLUTION_REVIEW_REQUIRED""]"
"cand-976bf28b-d5e1-5209-9699-c9717df72180","ex-8f42ac76-3d59-53ce-a444-fd7cb61800b1","3","3","[""ANSWER_MISSING"",""CHOICES_REQUIRED"",""SOLUTION_MISSING"",""MATH_REPRESENTATION_UNDECLARED"",""PAU_MODALITY_UNDECLARED"",""SOLUTION_REVIEW_REQUIRED""]"
"cand-d060f864-02d4-5846-9bed-1a88bec3d041","ex-988b3774-e799-5094-8877-dcdd06723025","3","3","[""ANSWER_MISSING"",""CHOICES_REQUIRED"",""SOLUTION_MISSING"",""MATH_REPRESENTATION_UNDECLARED"",""PAU_MODALITY_UNDECLARED"",""SOLUTION_REVIEW_REQUIRED""]"
"cand-170db682-25cb-5001-80f4-44208adeeccf","ex-02dfbfcf-a372-5b56-873d-51da62f40e21","3","3","[""ANSWER_MISSING"",""CHOICES_REQUIRED"",""SOLUTION_MISSING"",""MATH_REPRESENTATION_UNDECLARED"",""PAU_MODALITY_UNDECLARED"",""SOLUTION_REVIEW_REQUIRED""]"
"cand-c5883ede-01d2-5d1b-a7b0-856c0df5f8f2","ex-79d5a4e7-ad6c-5e05-bfcc-54bc57a849af","3","2","[""ANSWER_MISSING"",""CHOICES_REQUIRED"",""SOLUTION_MISSING"",""PAU_MODALITY_UNDECLARED"",""SOLUTION_REVIEW_REQUIRED""]"
"cand-218a525e-1efe-556a-bd09-991f319b3561","ex-31498d17-7d2a-5851-83c0-0e08a3f0c153","3","4","[""ANSWER_MISSING"",""CHOICES_REQUIRED"",""SOLUTION_MISSING"",""MATH_REPRESENTATION_UNDECLARED"",""PAU_DETAIL_INCOMPLETE"",""PAU_MODALITY_UNDECLARED"",""SOLUTION_REVIEW_REQUIRED""]"
"cand-61f8d5a1-04e7-5cb3-a9fe-e7aca4807992","ex-67af8650-5256-5b04-882c-682a438c6271","3","3","[""ANSWER_MISSING"",""CHOICES_REQUIRED"",""SOLUTION_MISSING"",""MATH_REPRESENTATION_UNDECLARED"",""PAU_MODALITY_UNDECLARED"",""SOLUTION_REVIEW_REQUIRED""]"
"cand-a3e03f15-7e68-5b5a-844d-b5227ad4c98e","ex-8911cbfb-1b37-588e-89b3-6c479b837bae","3","4","[""ANSWER_MISSING"",""CHOICES_REQUIRED"",""SOLUTION_MISSING"",""MATH_REPRESENTATION_UNDECLARED"",""PAU_DETAIL_INCOMPLETE"",""PAU_MODALITY_UNDECLARED"",""SOLUTION_REVIEW_REQUIRED""]"
"cand-ef1779d0-455c-5144-9490-f3d6821a6cd0","ex-6ca432b9-e559-5d43-8554-b85544e006ae","3","3","[""ANSWER_MISSING"",""CHOICES_REQUIRED"",""SOLUTION_MISSING"",""MATH_REPRESENTATION_UNDECLARED"",""PAU_MODALITY_UNDECLARED"",""SOLUTION_REVIEW_REQUIRED""]"
"cand-aa0e6b66-4072-5a73-9ae1-706487e32722","ex-955f347d-a556-559c-9d9d-c05f892c0229","3","3","[""ANSWER_MISSING"",""CHOICES_REQUIRED"",""SOLUTION_MISSING"",""MATH_REPRESENTATION_UNDECLARED"",""PAU_MODALITY_UNDECLARED"",""SOLUTION_REVIEW_REQUIRED""]"
"cand-0af7c853-6fd0-5551-9b3d-6d6690d3caf1","ex-654edea3-d15f-576d-8067-3491b1847f69","3","3","[""ANSWER_MISSING"",""CHOICES_REQUIRED"",""SOLUTION_MISSING"",""MATH_REPRESENTATION_UNDECLARED"",""PAU_MODALITY_UNDECLARED"",""SOLUTION_REVIEW_REQUIRED""]"
"cand-9c824f87-c344-5128-846f-54d7cfefeb52","ex-d7e916b9-e681-537f-a774-0e6260fb40b9","3","3","[""ANSWER_MISSING"",""CHOICES_REQUIRED"",""SOLUTION_MISSING"",""MATH_REPRESENTATION_UNDECLARED"",""PAU_MODALITY_UNDECLARED"",""SOLUTION_REVIEW_REQUIRED""]"
"cand-f5597560-39a2-52d4-b7ad-c91124259bce","ex-1d97abcd-6225-5a50-b3d7-a02933d4e6bf","3","3","[""ANSWER_MISSING"",""CHOICES_REQUIRED"",""SOLUTION_MISSING"",""MATH_REPRESENTATION_UNDECLARED"",""PAU_MODALITY_UNDECLARED"",""SOLUTION_REVIEW_REQUIRED""]"
"cand-0ad89310-5ca4-5659-8bb0-c89be9d26a1e","ex-8c7bd712-3624-5f0a-a66f-15918b48f6e8","3","3","[""ANSWER_MISSING"",""CHOICES_REQUIRED"",""SOLUTION_MISSING"",""MATH_REPRESENTATION_UNDECLARED"",""PAU_MODALITY_UNDECLARED"",""SOLUTION_REVIEW_REQUIRED""]"
"cand-ec1aae7c-99e0-5f45-a262-617fd8e16bcd","ex-2c46cc86-400f-5a97-bc56-a52e93f4f38c","3","3","[""ANSWER_MISSING"",""CHOICES_REQUIRED"",""SOLUTION_MISSING"",""MATH_REPRESENTATION_UNDECLARED"",""PAU_MODALITY_UNDECLARED"",""SOLUTION_REVIEW_REQUIRED""]"
"cand-20c59fe4-d50b-58a6-9699-ada6376d5192","ex-a1604cb0-1fe2-5d2b-a0f7-1e6b33976b9a","3","4","[""ANSWER_MISSING"",""CHOICES_REQUIRED"",""SOLUTION_MISSING"",""MATH_REPRESENTATION_UNDECLARED"",""PAU_DETAIL_INCOMPLETE"",""PAU_MODALITY_UNDECLARED"",""SOLUTION_REVIEW_REQUIRED""]"
"cand-18521c6b-3b98-5641-bf39-970515b11cf1","ex-418fd15c-3fce-5f81-be2b-41cd45bbdfb6","3","4","[""ANSWER_MISSING"",""CHOICES_REQUIRED"",""SOLUTION_MISSING"",""MATH_REPRESENTATION_UNDECLARED"",""PAU_DETAIL_INCOMPLETE"",""PAU_MODALITY_UNDECLARED"",""SOLUTION_REVIEW_REQUIRED""]"
"cand-7de652ca-6a8c-5cc3-b98b-fc050c063adb","ex-7a689d0d-d465-56a6-a35d-414bcdde18d3","3","4","[""ANSWER_MISSING"",""CHOICES_REQUIRED"",""SOLUTION_MISSING"",""MATH_REPRESENTATION_UNDECLARED"",""PAU_DETAIL_INCOMPLETE"",""PAU_MODALITY_UNDECLARED"",""SOLUTION_REVIEW_REQUIRED""]"
"cand-e5d874f5-d8bb-59a9-b388-3d3c09201afc","ex-228c984a-9eb8-5e21-8d8c-200232075854","3","3","[""ANSWER_MISSING"",""CHOICES_REQUIRED"",""SOLUTION_MISSING"",""MATH_REPRESENTATION_UNDECLARED"",""PAU_MODALITY_UNDECLARED"",""SOLUTION_REVIEW_REQUIRED""]"
"cand-fc4347f9-931d-5324-a1b3-dab5a059f3d6","ex-ce195a7a-78ed-500e-b389-bfb55d5d53c1","3","3","[""ANSWER_MISSING"",""CHOICES_REQUIRED"",""SOLUTION_MISSING"",""MATH_REPRESENTATION_UNDECLARED"",""PAU_MODALITY_UNDECLARED"",""SOLUTION_REVIEW_REQUIRED""]"
"cand-68744acc-82c5-5e5f-9f68-2a452c72a8ef","ex-fa06a81e-7571-5236-a39e-5fbfbf7e4ae5","3","3","[""ANSWER_MISSING"",""CHOICES_REQUIRED"",""SOLUTION_MISSING"",""MATH_REPRESENTATION_UNDECLARED"",""PAU_MODALITY_UNDECLARED"",""SOLUTION_REVIEW_REQUIRED""]"
"cand-77d4725d-187d-5055-b83d-8c1b42829b38","ex-f81670af-571e-5a0c-aac4-43c89ac32531","3","3","[""ANSWER_MISSING"",""CHOICES_REQUIRED"",""SOLUTION_MISSING"",""MATH_REPRESENTATION_UNDECLARED"",""PAU_MODALITY_UNDECLARED"",""SOLUTION_REVIEW_REQUIRED""]"
"cand-a814b7d4-1c1e-53c1-a26d-8fe3f894609c","ex-2e2b0c3c-e1a9-5080-a0f2-9b1eb00f9909","3","3","[""ANSWER_MISSING"",""CHOICES_REQUIRED"",""SOLUTION_MISSING"",""MATH_REPRESENTATION_UNDECLARED"",""PAU_MODALITY_UNDECLARED"",""SOLUTION_REVIEW_REQUIRED""]"
"cand-2d432f76-d4bf-5240-ae93-9f411ee8b74e","ex-4cd8c35f-b8dc-59ab-9afe-f64ef911d591","3","3","[""ANSWER_MISSING"",""CHOICES_REQUIRED"",""SOLUTION_MISSING"",""MATH_REPRESENTATION_UNDECLARED"",""PAU_MODALITY_UNDECLARED"",""SOLUTION_REVIEW_REQUIRED""]"
"cand-08e6d453-dd80-5721-afc8-3e4f65c8a4b5","ex-b9b67a63-da51-55ee-9cf0-635ed35f5acc","3","3","[""ANSWER_MISSING"",""CHOICES_REQUIRED"",""SOLUTION_MISSING"",""MATH_REPRESENTATION_UNDECLARED"",""PAU_MODALITY_UNDECLARED"",""SOLUTION_REVIEW_REQUIRED""]"
"cand-f12bb52e-341e-5d53-a62f-fee97a9c82b5","ex-aae429e4-ef2e-5402-9ddb-ac8e3a7ff025","3","3","[""ANSWER_MISSING"",""CHOICES_REQUIRED"",""SOLUTION_MISSING"",""MATH_REPRESENTATION_UNDECLARED"",""PAU_MODALITY_UNDECLARED"",""SOLUTION_REVIEW_REQUIRED""]"
"cand-d34c5897-9bc2-5969-910b-3ce69c9b3bc0","ex-4aed25d5-ff12-53eb-a99a-81a9e7fe9aed","3","3","[""ANSWER_MISSING"",""CHOICES_REQUIRED"",""SOLUTION_MISSING"",""MATH_REPRESENTATION_UNDECLARED"",""PAU_MODALITY_UNDECLARED"",""SOLUTION_REVIEW_REQUIRED""]"
"cand-b61bd268-0e3a-5677-9c60-67ac8df8f496","ex-9afc2839-a9a2-590b-9fac-24d32c0de10c","3","3","[""ANSWER_MISSING"",""CHOICES_REQUIRED"",""SOLUTION_MISSING"",""MATH_REPRESENTATION_UNDECLARED"",""PAU_MODALITY_UNDECLARED"",""SOLUTION_REVIEW_REQUIRED""]"
"cand-d2cd27f7-d789-57bd-a829-d666da66dd66","ex-d3f207b7-a7f4-5ffa-b779-4fbdba67399d","3","3","[""ANSWER_MISSING"",""CHOICES_REQUIRED"",""SOLUTION_MISSING"",""MATH_REPRESENTATION_UNDECLARED"",""PAU_MODALITY_UNDECLARED"",""SOLUTION_REVIEW_REQUIRED""]"
"cand-5a8a34de-9fa0-5365-acf6-c353445283ae","ex-c743b46e-de31-54ff-b560-f34abd3ecfdf","3","3","[""ANSWER_MISSING"",""CHOICES_REQUIRED"",""SOLUTION_MISSING"",""MATH_REPRESENTATION_UNDECLARED"",""PAU_MODALITY_UNDECLARED"",""SOLUTION_REVIEW_REQUIRED""]"
"cand-5742eb93-7cd8-5582-9208-21f421951caa","ex-3f410b51-5c3d-5555-80b8-05556e95ff0c","3","3","[""ANSWER_MISSING"",""CHOICES_REQUIRED"",""SOLUTION_MISSING"",""MATH_REPRESENTATION_UNDECLARED"",""PAU_MODALITY_UNDECLARED"",""SOLUTION_REVIEW_REQUIRED""]"
"cand-b8e24a4e-8e36-5537-9a91-e4a9c06f614c","ex-714a3a18-3e66-5f39-8aaf-2ef53ef21235","3","3","[""ANSWER_MISSING"",""CHOICES_REQUIRED"",""SOLUTION_MISSING"",""MATH_REPRESENTATION_UNDECLARED"",""PAU_MODALITY_UNDECLARED"",""SOLUTION_REVIEW_REQUIRED""]"
"cand-de9e4642-fc5f-5d7d-bc5e-dfc8116ed7b6","ex-1ce92bf1-10c4-5777-8e6c-154a160c73e8","3","4","[""ANSWER_MISSING"",""CHOICES_REQUIRED"",""SOLUTION_MISSING"",""MATH_REPRESENTATION_UNDECLARED"",""PAU_DETAIL_INCOMPLETE"",""PAU_MODALITY_UNDECLARED"",""SOLUTION_REVIEW_REQUIRED""]"
"cand-d9871371-8f72-5b43-8311-eb51c4b02aae","ex-43edf267-f84a-5130-bd46-60b989791ef3","3","4","[""ANSWER_MISSING"",""CHOICES_REQUIRED"",""SOLUTION_MISSING"",""MATH_REPRESENTATION_UNDECLARED"",""PAU_DETAIL_INCOMPLETE"",""PAU_MODALITY_UNDECLARED"",""SOLUTION_REVIEW_REQUIRED""]"
"cand-04a65469-73f3-5f16-b16d-183d266aa897","ex-d423e66e-512b-533f-a4a3-11de480425d0","3","3","[""ANSWER_MISSING"",""CHOICES_REQUIRED"",""SOLUTION_MISSING"",""MATH_REPRESENTATION_UNDECLARED"",""PAU_MODALITY_UNDECLARED"",""SOLUTION_REVIEW_REQUIRED""]"
"cand-a1da1728-5a6f-5be5-a073-76534e0aa101","ex-65aca786-244e-5eb8-91fc-c9bcaf5d46c4","3","3","[""ANSWER_MISSING"",""CHOICES_REQUIRED"",""SOLUTION_MISSING"",""MATH_REPRESENTATION_UNDECLARED"",""PAU_MODALITY_UNDECLARED"",""SOLUTION_REVIEW_REQUIRED""]"
"cand-b4362d87-6fce-52f6-aece-44bf6b418536","ex-c9540058-7517-5c0c-9862-ae089e9068dd","3","3","[""ANSWER_MISSING"",""CHOICES_REQUIRED"",""SOLUTION_MISSING"",""MATH_REPRESENTATION_UNDECLARED"",""PAU_MODALITY_UNDECLARED"",""SOLUTION_REVIEW_REQUIRED""]"
"cand-7285a5b0-42f0-5d6d-9939-17e4096107ad","ex-42b10ec2-3eb6-57c4-981e-749dc33b1712","3","3","[""ANSWER_MISSING"",""CHOICES_REQUIRED"",""SOLUTION_MISSING"",""MATH_REPRESENTATION_UNDECLARED"",""PAU_MODALITY_UNDECLARED"",""SOLUTION_REVIEW_REQUIRED""]"
"cand-5abeaeb4-980f-5c85-9233-f3262dbe4d14","ex-0886a6b5-5cea-5acb-a726-53aa381c7a84","3","4","[""ANSWER_MISSING"",""CHOICES_REQUIRED"",""SOLUTION_MISSING"",""MATH_REPRESENTATION_UNDECLARED"",""PAU_DETAIL_INCOMPLETE"",""PAU_MODALITY_UNDECLARED"",""SOLUTION_REVIEW_REQUIRED""]"
"cand-0a7e5d5a-8a25-567e-9d68-922231d8efb2","ex-0146a179-7028-570c-bc01-bb0881d19e67","3","4","[""ANSWER_MISSING"",""CHOICES_REQUIRED"",""SOLUTION_MISSING"",""MATH_REPRESENTATION_UNDECLARED"",""PAU_DETAIL_INCOMPLETE"",""PAU_MODALITY_UNDECLARED"",""SOLUTION_REVIEW_REQUIRED""]"
"cand-bada0e5f-a510-55ce-b07d-1c665f8be258","ex-6f79a0be-041e-5f8b-82ef-0e17811bebb4","3","4","[""ANSWER_MISSING"",""CHOICES_REQUIRED"",""SOLUTION_MISSING"",""MATH_REPRESENTATION_UNDECLARED"",""PAU_DETAIL_INCOMPLETE"",""PAU_MODALITY_UNDECLARED"",""SOLUTION_REVIEW_REQUIRED""]"
"cand-7cea2c1b-4801-5259-86c7-ea3f313f975e","ex-c7fcf3c7-4372-59cc-8f38-c0c3f95b0f43","3","4","[""ANSWER_MISSING"",""CHOICES_REQUIRED"",""SOLUTION_MISSING"",""MATH_REPRESENTATION_UNDECLARED"",""PAU_DETAIL_INCOMPLETE"",""PAU_MODALITY_UNDECLARED"",""SOLUTION_REVIEW_REQUIRED""]"
"cand-1d2d9547-28ca-5a9b-9a6a-c1b8563f99d2","ex-e4d4d224-c14a-57dc-b45a-82fa09411060","3","3","[""ANSWER_MISSING"",""CHOICES_REQUIRED"",""SOLUTION_MISSING"",""PAU_DETAIL_INCOMPLETE"",""PAU_MODALITY_UNDECLARED"",""SOLUTION_REVIEW_REQUIRED""]"
"cand-6a08a933-7cdd-5a9c-9126-3c9c09d39451","ex-65f65db1-99cb-5749-9044-01d7e2bcd38a","3","3","[""ANSWER_MISSING"",""CHOICES_REQUIRED"",""SOLUTION_MISSING"",""MATH_REPRESENTATION_UNDECLARED"",""PAU_MODALITY_UNDECLARED"",""SOLUTION_REVIEW_REQUIRED""]"
"cand-e4399837-1a9a-535d-ba65-51503c696733","ex-3412688e-b8f2-5690-b399-6787e049e09e","3","2","[""ANSWER_MISSING"",""CHOICES_REQUIRED"",""SOLUTION_MISSING"",""PAU_MODALITY_UNDECLARED"",""SOLUTION_REVIEW_REQUIRED""]"
"cand-64521c7a-b27d-5b6d-8506-c9961d086173","ex-7dc9df33-306f-5e04-afda-3ad3eb0d65de","3","4","[""ANSWER_MISSING"",""CHOICES_REQUIRED"",""SOLUTION_MISSING"",""MATH_REPRESENTATION_UNDECLARED"",""PAU_DETAIL_INCOMPLETE"",""PAU_MODALITY_UNDECLARED"",""SOLUTION_REVIEW_REQUIRED""]"
"cand-6859ca1d-9c5c-5829-903f-54a356273a48","ex-371fb1b1-9817-5589-932a-568a47eca0b1","3","4","[""ANSWER_MISSING"",""CHOICES_REQUIRED"",""SOLUTION_MISSING"",""MATH_REPRESENTATION_UNDECLARED"",""PAU_DETAIL_INCOMPLETE"",""PAU_MODALITY_UNDECLARED"",""SOLUTION_REVIEW_REQUIRED""]"
"cand-e64ba77d-0d31-5941-a593-931f8654da85","ex-ea6b8aa6-cf85-5cef-9fb9-d0b1bf4e31fb","3","4","[""ANSWER_MISSING"",""CHOICES_REQUIRED"",""SOLUTION_MISSING"",""MATH_REPRESENTATION_UNDECLARED"",""PAU_DETAIL_INCOMPLETE"",""PAU_MODALITY_UNDECLARED"",""SOLUTION_REVIEW_REQUIRED""]"
"cand-43914a54-6471-5ea7-861a-00609e952176","ex-099ab9fe-e522-563a-a67e-7d66b0e2f76e","3","3","[""ANSWER_MISSING"",""CHOICES_REQUIRED"",""SOLUTION_MISSING"",""MATH_REPRESENTATION_UNDECLARED"",""PAU_MODALITY_UNDECLARED"",""SOLUTION_REVIEW_REQUIRED""]"
"cand-31eedfe9-cdea-5a41-9f00-951ec8812bd9","ex-4defa548-2d3c-5c65-962e-4826c46a346c","3","3","[""ANSWER_MISSING"",""CHOICES_REQUIRED"",""SOLUTION_MISSING"",""MATH_REPRESENTATION_UNDECLARED"",""PAU_MODALITY_UNDECLARED"",""SOLUTION_REVIEW_REQUIRED""]"
"cand-52332bbf-9d09-5db4-985a-5d6c5d34cf8c","ex-f443463a-35b1-54ec-8d4b-c23f62b8e22e","3","3","[""ANSWER_MISSING"",""CHOICES_REQUIRED"",""SOLUTION_MISSING"",""MATH_REPRESENTATION_UNDECLARED"",""PAU_MODALITY_UNDECLARED"",""SOLUTION_REVIEW_REQUIRED""]"
"cand-32613ae7-7d54-5c62-9b8b-234e2c9b3d86","ex-bfcaa7d1-ec57-5dea-82a7-2bb3a56cd5fb","3","3","[""ANSWER_MISSING"",""CHOICES_REQUIRED"",""SOLUTION_MISSING"",""MATH_REPRESENTATION_UNDECLARED"",""PAU_MODALITY_UNDECLARED"",""SOLUTION_REVIEW_REQUIRED""]"
"cand-4330b257-bbcd-5425-8d1c-587be31be6d8","ex-7dfab7f7-c480-5cc5-9e1e-3b624dce641e","3","4","[""ANSWER_MISSING"",""CHOICES_REQUIRED"",""SOLUTION_MISSING"",""MATH_REPRESENTATION_UNDECLARED"",""PAU_DETAIL_INCOMPLETE"",""PAU_MODALITY_UNDECLARED"",""SOLUTION_REVIEW_REQUIRED""]"
"cand-82a7dbc4-55b4-57b0-8ad5-7fa75c7356af","ex-a13e51f4-876f-5e49-aa9a-188388b27789","3","4","[""ANSWER_MISSING"",""CHOICES_REQUIRED"",""SOLUTION_MISSING"",""MATH_REPRESENTATION_UNDECLARED"",""PAU_DETAIL_INCOMPLETE"",""PAU_MODALITY_UNDECLARED"",""SOLUTION_REVIEW_REQUIRED""]"
"cand-6f5b6b30-ee19-5e45-922f-13abc0a3b7af","ex-afb55e2b-bf99-5787-8283-eaef56deafaf","3","4","[""ANSWER_MISSING"",""CHOICES_REQUIRED"",""SOLUTION_MISSING"",""MATH_REPRESENTATION_UNDECLARED"",""PAU_DETAIL_INCOMPLETE"",""PAU_MODALITY_UNDECLARED"",""SOLUTION_REVIEW_REQUIRED""]"
"cand-ba8ffd80-d76e-50e7-a53b-1035d2c89057","ex-b7ae0c63-9cca-57e6-a162-54a8960f4aa7","3","4","[""ANSWER_MISSING"",""CHOICES_REQUIRED"",""SOLUTION_MISSING"",""MATH_REPRESENTATION_UNDECLARED"",""PAU_DETAIL_INCOMPLETE"",""PAU_MODALITY_UNDECLARED"",""SOLUTION_REVIEW_REQUIRED""]"
"cand-34bb624f-e70c-5b73-9a6f-d7286a439033","ex-3ba015d3-d500-5e15-a131-985b325cb908","3","4","[""ANSWER_MISSING"",""CHOICES_REQUIRED"",""SOLUTION_MISSING"",""MATH_REPRESENTATION_UNDECLARED"",""PAU_DETAIL_INCOMPLETE"",""PAU_MODALITY_UNDECLARED"",""SOLUTION_REVIEW_REQUIRED""]"
"cand-3284760e-56cd-5eb8-aa5c-f28cd334d8ea","ex-fc5fb729-bf5b-5393-830e-886638ef6338","3","4","[""ANSWER_MISSING"",""CHOICES_REQUIRED"",""SOLUTION_MISSING"",""MATH_REPRESENTATION_UNDECLARED"",""PAU_DETAIL_INCOMPLETE"",""PAU_MODALITY_UNDECLARED"",""SOLUTION_REVIEW_REQUIRED""]"
"cand-fd32050e-0f3b-5ff6-9135-f52e93dc1eb6","ex-6a4ca737-aadb-5c29-bce3-83c415173d5a","3","3","[""ANSWER_MISSING"",""CHOICES_REQUIRED"",""SOLUTION_MISSING"",""MATH_REPRESENTATION_UNDECLARED"",""PAU_MODALITY_UNDECLARED"",""SOLUTION_REVIEW_REQUIRED""]"
"cand-43c7c391-765f-5ffe-9e0a-24c26142e052","ex-ed82eb07-6df6-56d1-94d5-9b27b21dd34c","3","3","[""ANSWER_MISSING"",""CHOICES_REQUIRED"",""SOLUTION_MISSING"",""MATH_REPRESENTATION_UNDECLARED"",""PAU_MODALITY_UNDECLARED"",""SOLUTION_REVIEW_REQUIRED""]"
"cand-ebeaa10d-ed2c-5648-baec-5484c437c6d5","ex-3e19d1f8-0e9e-5955-b19e-b1d081f7cdf9","3","3","[""ANSWER_MISSING"",""CHOICES_REQUIRED"",""SOLUTION_MISSING"",""MATH_REPRESENTATION_UNDECLARED"",""PAU_MODALITY_UNDECLARED"",""SOLUTION_REVIEW_REQUIRED""]"
"cand-ad9df42b-1a90-561a-b9f8-2f215dcd2dab","ex-f2c186da-2d2b-52a4-941b-a0681d280aa3","3","3","[""ANSWER_MISSING"",""CHOICES_REQUIRED"",""SOLUTION_MISSING"",""MATH_REPRESENTATION_UNDECLARED"",""PAU_MODALITY_UNDECLARED"",""SOLUTION_REVIEW_REQUIRED""]"
"cand-7a0d5972-c430-5bcd-b970-42b5b805cad5","ex-b549e3f1-fb85-5297-b0e4-a053074298df","3","3","[""ANSWER_MISSING"",""CHOICES_REQUIRED"",""SOLUTION_MISSING"",""MATH_REPRESENTATION_UNDECLARED"",""PAU_MODALITY_UNDECLARED"",""SOLUTION_REVIEW_REQUIRED""]"
"cand-3099741e-b664-56c2-a934-387323258549","ex-e4559755-72cd-554c-92dd-af377ecedfde","3","3","[""ANSWER_MISSING"",""CHOICES_REQUIRED"",""SOLUTION_MISSING"",""MATH_REPRESENTATION_UNDECLARED"",""PAU_MODALITY_UNDECLARED"",""SOLUTION_REVIEW_REQUIRED""]"
"cand-f7f42f98-21fa-5282-a41c-5b7ecea93a78","ex-05cd740c-ceaf-547e-a729-89cda088534c","3","4","[""ANSWER_MISSING"",""CHOICES_REQUIRED"",""SOLUTION_MISSING"",""MATH_REPRESENTATION_UNDECLARED"",""PAU_DETAIL_INCOMPLETE"",""PAU_MODALITY_UNDECLARED"",""SOLUTION_REVIEW_REQUIRED""]"
"cand-1fbf8339-2ea8-5e6b-b620-09b8bc96b5d9","ex-6506ddb4-ce0f-505a-a50f-234f126f0135","3","4","[""ANSWER_MISSING"",""CHOICES_REQUIRED"",""SOLUTION_MISSING"",""MATH_REPRESENTATION_UNDECLARED"",""PAU_DETAIL_INCOMPLETE"",""PAU_MODALITY_UNDECLARED"",""SOLUTION_REVIEW_REQUIRED""]"
"cand-119d0607-a814-5b65-9f8d-fcac0d52e6bb","ex-325b971d-2a8c-52f1-b5cb-f94cfceeb9f8","3","3","[""ANSWER_MISSING"",""CHOICES_REQUIRED"",""SOLUTION_MISSING"",""MATH_REPRESENTATION_UNDECLARED"",""PAU_MODALITY_UNDECLARED"",""SOLUTION_REVIEW_REQUIRED""]"
"cand-ae2d3f6f-492b-5819-a59c-fc0d6e5cdd3b","ex-faeb1e62-9971-5d93-ad96-8034d7de5e36","3","2","[""ANSWER_MISSING"",""CHOICES_REQUIRED"",""SOLUTION_MISSING"",""PAU_MODALITY_UNDECLARED"",""SOLUTION_REVIEW_REQUIRED""]"
"cand-bdfbb44a-a4ee-5e00-8505-dd7fdf71250c","ex-46ed6ecc-6d71-5fbb-9937-a37c94a9592b","3","3","[""ANSWER_MISSING"",""CHOICES_REQUIRED"",""SOLUTION_MISSING"",""MATH_REPRESENTATION_UNDECLARED"",""PAU_MODALITY_UNDECLARED"",""SOLUTION_REVIEW_REQUIRED""]"
"cand-9286b0b0-b87d-5159-9bd4-dee21518b75a","ex-9e5cf9b3-0a01-53c8-abb6-dcf9e142752e","3","2","[""ANSWER_MISSING"",""CHOICES_REQUIRED"",""SOLUTION_MISSING"",""PAU_MODALITY_UNDECLARED"",""SOLUTION_REVIEW_REQUIRED""]"
"cand-5cab4454-3d3f-5ae6-bc74-c8935bd5cc03","ex-1eba7c43-9287-5a04-b58b-2e5c2a3d34e0","3","3","[""ANSWER_MISSING"",""CHOICES_REQUIRED"",""SOLUTION_MISSING"",""MATH_REPRESENTATION_UNDECLARED"",""PAU_MODALITY_UNDECLARED"",""SOLUTION_REVIEW_REQUIRED""]"
"cand-c00aacfc-8d29-50e0-b165-a9906387ee7b","ex-0862e717-7a19-522f-9d0e-69c3b1e0e11e","3","3","[""ANSWER_MISSING"",""CHOICES_REQUIRED"",""SOLUTION_MISSING"",""MATH_REPRESENTATION_UNDECLARED"",""PAU_MODALITY_UNDECLARED"",""SOLUTION_REVIEW_REQUIRED""]"
"cand-c5f31797-98a6-5b55-9259-b9364bef46fa","ex-7a1b706b-167c-5fde-9cd8-760406ed9f1c","3","4","[""ANSWER_MISSING"",""CHOICES_REQUIRED"",""SOLUTION_MISSING"",""MATH_REPRESENTATION_UNDECLARED"",""PAU_DETAIL_INCOMPLETE"",""PAU_MODALITY_UNDECLARED"",""SOLUTION_REVIEW_REQUIRED""]"
"cand-c5558368-4d11-503e-af91-1b9f5fe1c007","ex-a19da7c0-6717-54f1-a4eb-e6d4daf7dea1","3","3","[""ANSWER_MISSING"",""CHOICES_REQUIRED"",""SOLUTION_MISSING"",""MATH_REPRESENTATION_UNDECLARED"",""PAU_MODALITY_UNDECLARED"",""SOLUTION_REVIEW_REQUIRED""]"
"cand-58c19a27-5d77-54db-9227-94fb7ac07fd5","ex-0fb9e475-6646-50aa-ad35-a485135e96d3","3","4","[""ANSWER_MISSING"",""CHOICES_REQUIRED"",""SOLUTION_MISSING"",""MATH_REPRESENTATION_UNDECLARED"",""PAU_DETAIL_INCOMPLETE"",""PAU_MODALITY_UNDECLARED"",""SOLUTION_REVIEW_REQUIRED""]"
"cand-e82df392-0bf4-5666-8286-bc56d9ee6fb2","ex-4010befd-b9c5-53f4-a4a2-0088896b527b","3","4","[""ANSWER_MISSING"",""CHOICES_REQUIRED"",""SOLUTION_MISSING"",""MATH_REPRESENTATION_UNDECLARED"",""PAU_DETAIL_INCOMPLETE"",""PAU_MODALITY_UNDECLARED"",""SOLUTION_REVIEW_REQUIRED""]"
"cand-1a82dd3a-c6dd-581e-a06a-8a0bd1b91ff5","ex-488a76c5-239a-57b0-9de5-68caede1afd5","3","3","[""ANSWER_MISSING"",""CHOICES_REQUIRED"",""SOLUTION_MISSING"",""MATH_REPRESENTATION_UNDECLARED"",""PAU_MODALITY_UNDECLARED"",""SOLUTION_REVIEW_REQUIRED""]"
"cand-ed10435e-6f9d-54e4-a780-715255d3555b","ex-ab8b447d-d22e-5677-99bb-8b8d96bc4c60","3","3","[""ANSWER_MISSING"",""CHOICES_REQUIRED"",""SOLUTION_MISSING"",""MATH_REPRESENTATION_UNDECLARED"",""PAU_MODALITY_UNDECLARED"",""SOLUTION_REVIEW_REQUIRED""]"
"cand-679f800d-b638-541c-b447-585c3e986e9e","ex-6b65dc61-8dea-5850-bacb-3a4851f3163a","3","3","[""ANSWER_MISSING"",""CHOICES_REQUIRED"",""SOLUTION_MISSING"",""MATH_REPRESENTATION_UNDECLARED"",""PAU_MODALITY_UNDECLARED"",""SOLUTION_REVIEW_REQUIRED""]"
"cand-208ae517-3318-5904-be17-f019efd3f2e5","ex-4f488179-bd90-5be6-b8a4-c687d2a29921","3","3","[""ANSWER_MISSING"",""CHOICES_REQUIRED"",""SOLUTION_MISSING"",""MATH_REPRESENTATION_UNDECLARED"",""PAU_MODALITY_UNDECLARED"",""SOLUTION_REVIEW_REQUIRED""]"
"cand-8f7e53df-74e1-51dc-8215-eef28cb74447","ex-8ff5cd89-13f5-5ee5-b373-5e5e9d5b197e","3","3","[""ANSWER_MISSING"",""CHOICES_REQUIRED"",""SOLUTION_MISSING"",""MATH_REPRESENTATION_UNDECLARED"",""PAU_MODALITY_UNDECLARED"",""SOLUTION_REVIEW_REQUIRED""]"
"cand-36f6edb7-4d5f-529a-9b51-8cb87bc58e55","ex-f31b155a-172d-5f77-b3d6-fb45ba7670f1","3","3","[""ANSWER_MISSING"",""CHOICES_REQUIRED"",""SOLUTION_MISSING"",""MATH_REPRESENTATION_UNDECLARED"",""PAU_MODALITY_UNDECLARED"",""SOLUTION_REVIEW_REQUIRED""]"
"cand-d3800e48-826d-50eb-8c1c-067ecb40d6f1","ex-32ea3e93-dd47-5530-8dc2-741b5e7b66c0","3","3","[""ANSWER_MISSING"",""CHOICES_REQUIRED"",""SOLUTION_MISSING"",""MATH_REPRESENTATION_UNDECLARED"",""PAU_MODALITY_UNDECLARED"",""SOLUTION_REVIEW_REQUIRED""]"
"cand-cebfc1a3-7080-50fd-bef9-f537fa1df191","ex-133f83ab-766d-57bb-9878-d7b744a19087","3","3","[""ANSWER_MISSING"",""CHOICES_REQUIRED"",""SOLUTION_MISSING"",""MATH_REPRESENTATION_UNDECLARED"",""PAU_MODALITY_UNDECLARED"",""SOLUTION_REVIEW_REQUIRED""]"
"cand-f252939d-991f-58ed-a049-87ec60d99718","ex-dcaccaba-b177-538b-b41c-37e0b015ed25","3","4","[""ANSWER_MISSING"",""CHOICES_REQUIRED"",""SOLUTION_MISSING"",""MATH_REPRESENTATION_UNDECLARED"",""PAU_DETAIL_INCOMPLETE"",""PAU_MODALITY_UNDECLARED"",""SOLUTION_REVIEW_REQUIRED""]"
"cand-2b4429f8-2b82-5e55-a2a4-763f0105baf4","ex-7fa0375d-bbda-5317-9aa6-7a278656f6d4","3","3","[""ANSWER_MISSING"",""CHOICES_REQUIRED"",""SOLUTION_MISSING"",""MATH_REPRESENTATION_UNDECLARED"",""PAU_MODALITY_UNDECLARED"",""SOLUTION_REVIEW_REQUIRED""]"
"cand-4e21c237-f910-5655-a36f-1355e0144d29","ex-31fb5533-2564-5cff-bf02-baf7070aede6","3","2","[""ANSWER_MISSING"",""CHOICES_REQUIRED"",""SOLUTION_MISSING"",""PAU_MODALITY_UNDECLARED"",""SOLUTION_REVIEW_REQUIRED""]"
"cand-eb78d81e-027e-5ab0-9dd3-8dbcbe281118","ex-0fd563e4-a99b-5625-b237-e9a00c5b6188","3","3","[""ANSWER_MISSING"",""CHOICES_REQUIRED"",""SOLUTION_MISSING"",""MATH_REPRESENTATION_UNDECLARED"",""PAU_MODALITY_UNDECLARED"",""SOLUTION_REVIEW_REQUIRED""]"
"cand-a4740ffa-4b52-5e7c-a452-15ff5dbe9c5a","ex-383ce7e4-6ff0-55fe-a2c6-2f971e63cfd7","3","3","[""ANSWER_MISSING"",""CHOICES_REQUIRED"",""SOLUTION_MISSING"",""MATH_REPRESENTATION_UNDECLARED"",""PAU_MODALITY_UNDECLARED"",""SOLUTION_REVIEW_REQUIRED""]"
"cand-02c987e5-bd2b-5305-b06e-435f838cd7c5","ex-ab34bc00-de8c-5f3d-9add-2cf03da37e16","3","3","[""ANSWER_MISSING"",""CHOICES_REQUIRED"",""SOLUTION_MISSING"",""MATH_REPRESENTATION_UNDECLARED"",""PAU_MODALITY_UNDECLARED"",""SOLUTION_REVIEW_REQUIRED""]"
"cand-1381ff18-17d9-5f55-8108-0dce8beefbe1","ex-35d5ddba-bccd-5f6f-bb03-8398844a4146","3","3","[""ANSWER_MISSING"",""CHOICES_REQUIRED"",""SOLUTION_MISSING"",""MATH_REPRESENTATION_UNDECLARED"",""PAU_MODALITY_UNDECLARED"",""SOLUTION_REVIEW_REQUIRED""]"
"cand-1a835f34-fa22-5aa5-be2d-309cb5e2f67e","ex-7c7a2a50-bdff-50c4-82b6-c632fcf95675","3","3","[""ANSWER_MISSING"",""CHOICES_REQUIRED"",""SOLUTION_MISSING"",""MATH_REPRESENTATION_UNDECLARED"",""PAU_MODALITY_UNDECLARED"",""SOLUTION_REVIEW_REQUIRED""]"
"cand-4af0114a-be27-5229-919a-4f50dbf55574","ex-43798b50-4347-5ab2-b39f-217d90a39baf","3","4","[""ANSWER_MISSING"",""CHOICES_REQUIRED"",""SOLUTION_MISSING"",""MATH_REPRESENTATION_UNDECLARED"",""PAU_DETAIL_INCOMPLETE"",""PAU_MODALITY_UNDECLARED"",""SOLUTION_REVIEW_REQUIRED""]"
"cand-6f360d76-a6dd-53d0-866b-f1def99911c7","ex-8b9cb18b-88d4-5651-ab69-9b4741109f74","3","3","[""ANSWER_MISSING"",""CHOICES_REQUIRED"",""SOLUTION_MISSING"",""MATH_REPRESENTATION_UNDECLARED"",""PAU_MODALITY_UNDECLARED"",""SOLUTION_REVIEW_REQUIRED""]"
"cand-741481db-225e-5f8b-bd58-0d7d072405a2","ex-c0af57ad-375a-5da4-a2bf-f8ab966b2ef8","3","2","[""ANSWER_MISSING"",""CHOICES_REQUIRED"",""SOLUTION_MISSING"",""PAU_MODALITY_UNDECLARED"",""SOLUTION_REVIEW_REQUIRED""]"
"cand-1ae89119-e903-5dca-ac62-1e1bac403f99","ex-20aa2082-e507-5c73-9d22-0132b3aec457","3","3","[""ANSWER_MISSING"",""CHOICES_REQUIRED"",""SOLUTION_MISSING"",""MATH_REPRESENTATION_UNDECLARED"",""PAU_MODALITY_UNDECLARED"",""SOLUTION_REVIEW_REQUIRED""]"
"cand-0e564699-aa82-5b7c-8aa5-d05bbf58fe8a","ex-393e9fe2-7bcf-58db-9ae5-7d9079c95855","3","3","[""ANSWER_MISSING"",""CHOICES_REQUIRED"",""SOLUTION_MISSING"",""MATH_REPRESENTATION_UNDECLARED"",""PAU_MODALITY_UNDECLARED"",""SOLUTION_REVIEW_REQUIRED""]"
"cand-99915620-9ff4-5d8d-9477-943dda319a2d","ex-5771edad-7a42-5874-a018-345c6ea1723d","3","2","[""ANSWER_MISSING"",""CHOICES_REQUIRED"",""SOLUTION_MISSING"",""PAU_MODALITY_UNDECLARED"",""SOLUTION_REVIEW_REQUIRED""]"
"cand-8ecea9be-4825-5411-8b97-2e711a71bffb","ex-a3b76ecd-88f9-536a-b152-cd678bd04b88","3","3","[""ANSWER_MISSING"",""CHOICES_REQUIRED"",""SOLUTION_MISSING"",""MATH_REPRESENTATION_UNDECLARED"",""PAU_MODALITY_UNDECLARED"",""SOLUTION_REVIEW_REQUIRED""]"
"cand-9b4b90f8-0f5b-5213-9a32-3d4f5eae6200","ex-cc751bc5-a22b-533e-b491-63677996351a","3","3","[""ANSWER_MISSING"",""CHOICES_REQUIRED"",""SOLUTION_MISSING"",""PAU_DETAIL_INCOMPLETE"",""PAU_MODALITY_UNDECLARED"",""SOLUTION_REVIEW_REQUIRED""]"
"cand-44a3284d-1e75-540e-a29c-878992b7912b","ex-4a68b80e-2423-542d-9242-47c305c18a6d","3","3","[""ANSWER_MISSING"",""CHOICES_REQUIRED"",""SOLUTION_MISSING"",""PAU_DETAIL_INCOMPLETE"",""PAU_MODALITY_UNDECLARED"",""SOLUTION_REVIEW_REQUIRED""]"
"cand-ef4c3cfb-ee29-5470-9220-e2c26274e894","ex-95f16686-eaad-5fd0-a8e6-20dd2ae2392f","3","3","[""ANSWER_MISSING"",""CHOICES_REQUIRED"",""SOLUTION_MISSING"",""MATH_REPRESENTATION_UNDECLARED"",""PAU_MODALITY_UNDECLARED"",""SOLUTION_REVIEW_REQUIRED""]"
"cand-5cbf4218-b55a-5c73-83c7-bf06c3d2afc2","ex-291685cc-e1e4-5dfc-9fa9-dac230ceefc9","3","2","[""ANSWER_MISSING"",""CHOICES_REQUIRED"",""SOLUTION_MISSING"",""PAU_MODALITY_UNDECLARED"",""SOLUTION_REVIEW_REQUIRED""]"
"cand-f4197248-636a-5e15-b7cf-1d105eb6d3b0","ex-0fe5f817-56bc-5da1-af89-667f698328d7","3","3","[""ANSWER_MISSING"",""CHOICES_REQUIRED"",""SOLUTION_MISSING"",""MATH_REPRESENTATION_UNDECLARED"",""PAU_MODALITY_UNDECLARED"",""SOLUTION_REVIEW_REQUIRED""]"
"cand-017d77ae-708e-5c3b-97ce-1459fee650da","ex-ef982c44-e888-5ccf-bc96-05e9f5006cc7","3","3","[""ANSWER_MISSING"",""CHOICES_REQUIRED"",""SOLUTION_MISSING"",""MATH_REPRESENTATION_UNDECLARED"",""PAU_MODALITY_UNDECLARED"",""SOLUTION_REVIEW_REQUIRED""]"
"cand-301ff1f4-35b8-530b-b3a9-6f79bd323b5a","ex-08aaf31c-440b-56d4-9650-1432e0ccb5e3","3","2","[""ANSWER_MISSING"",""CHOICES_REQUIRED"",""SOLUTION_MISSING"",""PAU_MODALITY_UNDECLARED"",""SOLUTION_REVIEW_REQUIRED""]"
"cand-a3f3773d-afa4-5488-b50c-6557a220df0f","ex-cf02dbc0-6f35-50c5-b0a5-45a1ae0a84c9","3","3","[""ANSWER_MISSING"",""CHOICES_REQUIRED"",""SOLUTION_MISSING"",""MATH_REPRESENTATION_UNDECLARED"",""PAU_MODALITY_UNDECLARED"",""SOLUTION_REVIEW_REQUIRED""]"
"cand-860048f9-3528-5ca2-90f1-3c89505be8bf","ex-d2736c15-9b61-53f2-8c2b-ad237bbe1202","3","4","[""ANSWER_MISSING"",""CHOICES_REQUIRED"",""SOLUTION_MISSING"",""MATH_REPRESENTATION_UNDECLARED"",""PAU_DETAIL_INCOMPLETE"",""PAU_MODALITY_UNDECLARED"",""SOLUTION_REVIEW_REQUIRED""]"
"cand-6c3a5c75-fe59-550e-a1c2-9ec84873e4a7","ex-16b65961-93ac-51c7-a8ea-bb54ea877d16","3","2","[""ANSWER_MISSING"",""CHOICES_REQUIRED"",""SOLUTION_MISSING"",""PAU_MODALITY_UNDECLARED"",""SOLUTION_REVIEW_REQUIRED""]"
"cand-8e8c9061-baa0-56ba-9db0-320a2fb32a70","ex-d794b494-3ce7-5356-9af2-c5fd6c7e0456","3","2","[""ANSWER_MISSING"",""CHOICES_REQUIRED"",""SOLUTION_MISSING"",""PAU_MODALITY_UNDECLARED"",""SOLUTION_REVIEW_REQUIRED""]"
"cand-e0424b85-d678-5043-bb53-56e101cf2c2f","ex-b963dd04-4c7b-51b9-935b-e38fe19b4fa1","3","2","[""ANSWER_MISSING"",""CHOICES_REQUIRED"",""SOLUTION_MISSING"",""PAU_MODALITY_UNDECLARED"",""SOLUTION_REVIEW_REQUIRED""]"
"cand-8f72c896-7c6c-55ea-90d2-247d7c042948","ex-ff1088b4-d68b-5e14-ad30-29c4936c776e","3","3","[""ANSWER_MISSING"",""CHOICES_REQUIRED"",""SOLUTION_MISSING"",""MATH_REPRESENTATION_UNDECLARED"",""PAU_MODALITY_UNDECLARED"",""SOLUTION_REVIEW_REQUIRED""]"
"cand-d66ff49f-f926-5dfa-b0bd-e9ed7338f648","ex-f138c61f-84e2-5e51-bfac-3f81ee7b4df0","3","3","[""ANSWER_MISSING"",""CHOICES_REQUIRED"",""SOLUTION_MISSING"",""PAU_DETAIL_INCOMPLETE"",""PAU_MODALITY_UNDECLARED"",""SOLUTION_REVIEW_REQUIRED""]"
"cand-28104220-dbae-5d19-b5f1-90e623ecc1db","ex-73f9cf18-2c49-5d42-841a-69d793e681bb","3","3","[""ANSWER_MISSING"",""CHOICES_REQUIRED"",""SOLUTION_MISSING"",""MATH_REPRESENTATION_UNDECLARED"",""PAU_MODALITY_UNDECLARED"",""SOLUTION_REVIEW_REQUIRED""]"
"cand-0edf1217-64a8-5a6a-a90f-02de4662fbf3","ex-3fc356de-8ff5-5e3d-ac38-4316c8f9420b","3","3","[""ANSWER_MISSING"",""CHOICES_REQUIRED"",""SOLUTION_MISSING"",""MATH_REPRESENTATION_UNDECLARED"",""PAU_MODALITY_UNDECLARED"",""SOLUTION_REVIEW_REQUIRED""]"
"cand-3a5620fb-6483-5268-8053-77282e2107d3","ex-efa7ae2b-96e5-5577-b31b-20aadf3019c9","3","4","[""ANSWER_MISSING"",""CHOICES_REQUIRED"",""SOLUTION_MISSING"",""MATH_REPRESENTATION_UNDECLARED"",""PAU_DETAIL_INCOMPLETE"",""PAU_MODALITY_UNDECLARED"",""SOLUTION_REVIEW_REQUIRED""]"
"cand-dab33493-1f89-55ef-8fc1-0b0db5700828","ex-5d227222-fef1-5188-8976-f038fa5afd3e","3","3","[""ANSWER_MISSING"",""CHOICES_REQUIRED"",""SOLUTION_MISSING"",""MATH_REPRESENTATION_UNDECLARED"",""PAU_MODALITY_UNDECLARED"",""SOLUTION_REVIEW_REQUIRED""]"
"cand-40eded0e-a2b7-5e37-9fd7-b4d32d568c52","ex-4a36a211-23d3-5a61-8885-a5ff159c6f9d","3","3","[""ANSWER_MISSING"",""CHOICES_REQUIRED"",""SOLUTION_MISSING"",""MATH_REPRESENTATION_UNDECLARED"",""PAU_MODALITY_UNDECLARED"",""SOLUTION_REVIEW_REQUIRED""]"
"cand-f80350f9-4331-5fcb-9d88-8aa7aab6d442","ex-11d095fe-2259-5fb1-a29a-c20d53b97ee6","3","3","[""ANSWER_MISSING"",""CHOICES_REQUIRED"",""SOLUTION_MISSING"",""MATH_REPRESENTATION_UNDECLARED"",""PAU_MODALITY_UNDECLARED"",""SOLUTION_REVIEW_REQUIRED""]"
"cand-d20445b0-3d70-5230-b236-58d6a019a4df","ex-d608bf92-d876-5da0-883a-cab1c9fe68bf","3","3","[""ANSWER_MISSING"",""CHOICES_REQUIRED"",""SOLUTION_MISSING"",""MATH_REPRESENTATION_UNDECLARED"",""PAU_MODALITY_UNDECLARED"",""SOLUTION_REVIEW_REQUIRED""]"
"cand-58a0b95b-e310-5841-bf91-55984d52f303","ex-59eb927c-6f32-5944-b9f3-f825f9f97632","3","4","[""ANSWER_MISSING"",""CHOICES_REQUIRED"",""SOLUTION_MISSING"",""MATH_REPRESENTATION_UNDECLARED"",""PAU_DETAIL_INCOMPLETE"",""PAU_MODALITY_UNDECLARED"",""SOLUTION_REVIEW_REQUIRED""]"
"cand-4edc5576-c32a-5a28-bfad-6ac923585f4c","ex-1940ac47-301e-57d5-ae48-15db58c865df","3","2","[""ANSWER_MISSING"",""CHOICES_REQUIRED"",""SOLUTION_MISSING"",""PAU_MODALITY_UNDECLARED"",""SOLUTION_REVIEW_REQUIRED""]"
"cand-cf957805-302c-522d-8c10-2d3a3bd37469","ex-2fe8ffd5-d378-5fd1-9464-bbbda44c8107","3","4","[""ANSWER_MISSING"",""CHOICES_REQUIRED"",""SOLUTION_MISSING"",""MATH_REPRESENTATION_UNDECLARED"",""PAU_DETAIL_INCOMPLETE"",""PAU_MODALITY_UNDECLARED"",""SOLUTION_REVIEW_REQUIRED""]"
"cand-a433e0ac-cf1d-5ead-bcfb-e114be3b05b2","ex-ccdc873d-56ae-5185-9351-c482b0a7e2ce","3","4","[""ANSWER_MISSING"",""CHOICES_REQUIRED"",""SOLUTION_MISSING"",""MATH_REPRESENTATION_UNDECLARED"",""PAU_DETAIL_INCOMPLETE"",""PAU_MODALITY_UNDECLARED"",""SOLUTION_REVIEW_REQUIRED""]"
"cand-47976a2c-d6b7-5650-bec2-423cc103c87f","ex-8de3e19b-f313-5eca-8678-94a5d8a8f8e3","3","3","[""ANSWER_MISSING"",""CHOICES_REQUIRED"",""SOLUTION_MISSING"",""MATH_REPRESENTATION_UNDECLARED"",""PAU_MODALITY_UNDECLARED"",""SOLUTION_REVIEW_REQUIRED""]"
"cand-19d803a7-6428-5697-b694-64897bee02de","ex-a0c94f8e-24bc-54ad-9b5b-869919c47eb0","3","3","[""ANSWER_MISSING"",""CHOICES_REQUIRED"",""SOLUTION_MISSING"",""MATH_REPRESENTATION_UNDECLARED"",""PAU_MODALITY_UNDECLARED"",""SOLUTION_REVIEW_REQUIRED""]"
"cand-6186e5fd-bf34-53ae-87cf-778d8a11a4c6","ex-e43e80ec-c22b-5897-9d74-c6630c1fae47","3","4","[""ANSWER_MISSING"",""CHOICES_REQUIRED"",""SOLUTION_MISSING"",""MATH_REPRESENTATION_UNDECLARED"",""PAU_DETAIL_INCOMPLETE"",""PAU_MODALITY_UNDECLARED"",""SOLUTION_REVIEW_REQUIRED""]"
"cand-7b4636a0-24c9-5a45-b475-d556184da4a8","ex-b596c179-f171-5301-a5eb-524ccee779d5","3","3","[""ANSWER_MISSING"",""CHOICES_REQUIRED"",""SOLUTION_MISSING"",""MATH_REPRESENTATION_UNDECLARED"",""PAU_MODALITY_UNDECLARED"",""SOLUTION_REVIEW_REQUIRED""]"
"cand-40b70147-2e01-5b96-8d2a-d615eac775bd","ex-04348e86-ce06-51af-8186-5dc1ba8b9aca","3","3","[""ANSWER_MISSING"",""CHOICES_REQUIRED"",""SOLUTION_MISSING"",""MATH_REPRESENTATION_UNDECLARED"",""PAU_MODALITY_UNDECLARED"",""SOLUTION_REVIEW_REQUIRED""]"
"cand-e5a6aac5-10d6-565b-aa20-dccfee98b80e","ex-e46c1ac2-26f9-5627-9dcb-ae7242cb5950","3","3","[""ANSWER_MISSING"",""CHOICES_REQUIRED"",""SOLUTION_MISSING"",""MATH_REPRESENTATION_UNDECLARED"",""PAU_MODALITY_UNDECLARED"",""SOLUTION_REVIEW_REQUIRED""]"
"cand-797295ec-7765-5677-b136-ce4ac7c3c83d","ex-c1c4eaae-1e6c-5362-86b9-7dab70b028ba","3","3","[""ANSWER_MISSING"",""CHOICES_REQUIRED"",""SOLUTION_MISSING"",""MATH_REPRESENTATION_UNDECLARED"",""PAU_MODALITY_UNDECLARED"",""SOLUTION_REVIEW_REQUIRED""]"
"cand-59b188f3-9bd5-58eb-a7a1-f6115dcb684c","ex-5454a067-4a9b-5289-90f1-59c974fe0e09","3","4","[""ANSWER_MISSING"",""CHOICES_REQUIRED"",""SOLUTION_MISSING"",""MATH_REPRESENTATION_UNDECLARED"",""PAU_DETAIL_INCOMPLETE"",""PAU_MODALITY_UNDECLARED"",""SOLUTION_REVIEW_REQUIRED""]"
"cand-bfbe29f8-ab46-5d3e-be35-69bb54518a9d","ex-bffe306c-be4d-5e4e-96c2-3902396e6c91","3","2","[""ANSWER_MISSING"",""CHOICES_REQUIRED"",""SOLUTION_MISSING"",""PAU_MODALITY_UNDECLARED"",""SOLUTION_REVIEW_REQUIRED""]"
"cand-c33f69f4-846a-5008-8874-2cea4c1fcc4a","ex-9066efe8-41f1-5aa6-bebe-832d37680514","3","2","[""ANSWER_MISSING"",""CHOICES_REQUIRED"",""SOLUTION_MISSING"",""PAU_MODALITY_UNDECLARED"",""SOLUTION_REVIEW_REQUIRED""]"
"cand-6a300290-14eb-5372-a48d-5c724f676565","ex-bc24d8e4-9143-5510-8c86-6bed79a8d337","3","3","[""ANSWER_MISSING"",""CHOICES_REQUIRED"",""SOLUTION_MISSING"",""PAU_DETAIL_INCOMPLETE"",""PAU_MODALITY_UNDECLARED"",""SOLUTION_REVIEW_REQUIRED""]"
"cand-8a58208f-8334-58bf-80d4-e1099e5773c1","ex-efa5d384-361c-532c-97e6-cd1ade5a4d2c","3","2","[""ANSWER_MISSING"",""CHOICES_REQUIRED"",""SOLUTION_MISSING"",""PAU_MODALITY_UNDECLARED"",""SOLUTION_REVIEW_REQUIRED""]"
"cand-c46bd210-b236-5b94-8832-41bba500fb4a","ex-c1c138f1-f734-51cf-8350-ad9a8471c59a","3","2","[""ANSWER_MISSING"",""CHOICES_REQUIRED"",""SOLUTION_MISSING"",""PAU_MODALITY_UNDECLARED"",""SOLUTION_REVIEW_REQUIRED""]"
"cand-b8bdace8-0e87-526b-bcb7-87fd5e7dc55a","ex-cbd256b2-62a5-5094-a3e1-6580059c66bd","3","2","[""ANSWER_MISSING"",""CHOICES_REQUIRED"",""SOLUTION_MISSING"",""PAU_MODALITY_UNDECLARED"",""SOLUTION_REVIEW_REQUIRED""]"
"cand-d7dc9613-ca92-5a04-bd2d-2fb7c51139c8","ex-1ef9dff3-7b98-5601-8837-7f23b487b08b","3","2","[""ANSWER_MISSING"",""CHOICES_REQUIRED"",""SOLUTION_MISSING"",""PAU_MODALITY_UNDECLARED"",""SOLUTION_REVIEW_REQUIRED""]"
"cand-00ee7a41-0ff7-5ead-b187-01485a9aebcb","ex-9d83be1b-d627-54a2-a1a1-fe27127c789a","3","3","[""ANSWER_MISSING"",""CHOICES_REQUIRED"",""SOLUTION_MISSING"",""PAU_DETAIL_INCOMPLETE"",""PAU_MODALITY_UNDECLARED"",""SOLUTION_REVIEW_REQUIRED""]"
"cand-175961b2-dc80-5081-bf1f-8d3d3dfc9a54","ex-9f2043c0-9f8e-52cc-8b98-bd7312590e44","3","3","[""ANSWER_MISSING"",""CHOICES_REQUIRED"",""SOLUTION_MISSING"",""PAU_DETAIL_INCOMPLETE"",""PAU_MODALITY_UNDECLARED"",""SOLUTION_REVIEW_REQUIRED""]"
"cand-dbeb1b10-ac4d-5bd9-b991-f984ca631136","ex-d9d2373d-d921-5818-865b-bd883cd632b6","3","2","[""ANSWER_MISSING"",""CHOICES_REQUIRED"",""SOLUTION_MISSING"",""PAU_MODALITY_UNDECLARED"",""SOLUTION_REVIEW_REQUIRED""]"
"cand-fe2f7b61-1564-5dbf-8279-b90e282da837","ex-28c0edc5-3e10-5500-8e89-c970b4167b89","3","2","[""ANSWER_MISSING"",""CHOICES_REQUIRED"",""SOLUTION_MISSING"",""PAU_MODALITY_UNDECLARED"",""SOLUTION_REVIEW_REQUIRED""]"
"cand-d087650d-ccf9-59cc-9cc2-5752a851d928","ex-b7951c6f-e9b7-5e4c-ae56-e5cb0f4efcff","3","2","[""ANSWER_MISSING"",""CHOICES_REQUIRED"",""SOLUTION_MISSING"",""PAU_MODALITY_UNDECLARED"",""SOLUTION_REVIEW_REQUIRED""]"
"cand-65236553-431f-51b0-8a42-62d198d05465","ex-d350a8ef-6611-50ae-8915-5802cb24a2cd","3","2","[""ANSWER_MISSING"",""CHOICES_REQUIRED"",""SOLUTION_MISSING"",""PAU_MODALITY_UNDECLARED"",""SOLUTION_REVIEW_REQUIRED""]"
"cand-62921470-13fe-52ea-a82b-6f17871e1377","ex-b41acf98-74ce-5cc1-bc57-97c81d82fe29","3","3","[""ANSWER_MISSING"",""CHOICES_REQUIRED"",""SOLUTION_MISSING"",""PAU_DETAIL_INCOMPLETE"",""PAU_MODALITY_UNDECLARED"",""SOLUTION_REVIEW_REQUIRED""]"
"cand-4952bcda-5766-5cbe-a0a7-38a90a3dba8b","ex-e2a3dc3e-128c-5f7f-a749-041805fc3974","3","2","[""ANSWER_MISSING"",""CHOICES_REQUIRED"",""SOLUTION_MISSING"",""PAU_MODALITY_UNDECLARED"",""SOLUTION_REVIEW_REQUIRED""]"
"cand-a8f14791-d033-5d5c-ab42-c684b9f5fbaf","ex-11629797-0161-5f53-b2e1-bf6122932e36","3","2","[""ANSWER_MISSING"",""CHOICES_REQUIRED"",""SOLUTION_MISSING"",""PAU_MODALITY_UNDECLARED"",""SOLUTION_REVIEW_REQUIRED""]"
"cand-bf79dbff-196a-5a73-8e0a-784b702d274b","ex-74880943-f440-5aca-b76b-e8c88f45d7d9","3","2","[""ANSWER_MISSING"",""CHOICES_REQUIRED"",""SOLUTION_MISSING"",""PAU_MODALITY_UNDECLARED"",""SOLUTION_REVIEW_REQUIRED""]"
"cand-e7ee2306-cb76-572d-a498-ffd6b6d162bc","ex-52691e26-fc8c-52bf-8f92-f6664ebeab5b","3","3","[""ANSWER_MISSING"",""CHOICES_REQUIRED"",""SOLUTION_MISSING"",""PAU_DETAIL_INCOMPLETE"",""PAU_MODALITY_UNDECLARED"",""SOLUTION_REVIEW_REQUIRED""]"
"cand-fadcbb1f-c140-5c73-82eb-4b77448ec1b0","ex-799cd1ce-eb71-5f77-b2aa-fc51306f9215","3","2","[""ANSWER_MISSING"",""CHOICES_REQUIRED"",""SOLUTION_MISSING"",""PAU_MODALITY_UNDECLARED"",""SOLUTION_REVIEW_REQUIRED""]"
"cand-ed60a8ff-9e76-5484-a575-903e57d865a9","ex-773906f3-7051-525c-b9bc-0e3b6b31f553","3","2","[""ANSWER_MISSING"",""CHOICES_REQUIRED"",""SOLUTION_MISSING"",""PAU_MODALITY_UNDECLARED"",""SOLUTION_REVIEW_REQUIRED""]"
"cand-35fe2739-6f89-582a-bcfc-9f22b895235f","ex-c366e7c5-f711-501f-9038-c2b8e74e0f8d","3","2","[""ANSWER_MISSING"",""CHOICES_REQUIRED"",""SOLUTION_MISSING"",""PAU_MODALITY_UNDECLARED"",""SOLUTION_REVIEW_REQUIRED""]"
"cand-6d8eba0c-5b59-571b-ab12-9546508b7d0a","ex-03d665da-2453-5807-a333-08b68cdf699e","3","2","[""ANSWER_MISSING"",""CHOICES_REQUIRED"",""SOLUTION_MISSING"",""PAU_MODALITY_UNDECLARED"",""SOLUTION_REVIEW_REQUIRED""]"
"cand-7f85bac9-7b36-5031-ab78-c2b699b11514","ex-f10f6e20-8343-548a-b6a3-5041895e6203","3","3","[""ANSWER_MISSING"",""CHOICES_REQUIRED"",""SOLUTION_MISSING"",""PAU_DETAIL_INCOMPLETE"",""PAU_MODALITY_UNDECLARED"",""SOLUTION_REVIEW_REQUIRED""]"
"cand-80586848-aeb2-58bd-9161-289a87920877","ex-768329ae-83ed-5b40-9f14-1ac75bb47530","3","3","[""ANSWER_MISSING"",""CHOICES_REQUIRED"",""SOLUTION_MISSING"",""PAU_DETAIL_INCOMPLETE"",""PAU_MODALITY_UNDECLARED"",""SOLUTION_REVIEW_REQUIRED""]"
"cand-d02c67e0-2af0-50f6-b2ae-bc65a0f3bc83","ex-be1bdf94-9732-59f7-8899-7a867a1fb0f7","3","2","[""ANSWER_MISSING"",""CHOICES_REQUIRED"",""SOLUTION_MISSING"",""PAU_MODALITY_UNDECLARED"",""SOLUTION_REVIEW_REQUIRED""]"
"cand-a777a4fc-5c82-59c6-bf98-d36ec4767731","ex-23988e30-753a-56cc-b138-a92175c3c8cf","3","3","[""ANSWER_MISSING"",""CHOICES_REQUIRED"",""SOLUTION_MISSING"",""PAU_DETAIL_INCOMPLETE"",""PAU_MODALITY_UNDECLARED"",""SOLUTION_REVIEW_REQUIRED""]"
"cand-ccbf1ac8-38e3-54c7-81b9-c2848a1a3228","ex-3baffa84-798c-57d2-8c59-f414c3e72dd9","3","2","[""ANSWER_MISSING"",""CHOICES_REQUIRED"",""SOLUTION_MISSING"",""PAU_MODALITY_UNDECLARED"",""SOLUTION_REVIEW_REQUIRED""]"
"cand-460ea182-59e4-57b0-9731-6e66782855c1","ex-e1fb553c-d10a-5f35-ba89-6395aabf45c5","3","2","[""ANSWER_MISSING"",""CHOICES_REQUIRED"",""SOLUTION_MISSING"",""PAU_MODALITY_UNDECLARED"",""SOLUTION_REVIEW_REQUIRED""]"
"cand-71aa316b-facc-562b-bdbe-60134529cb32","ex-576f37ad-6843-5f47-a109-fbc730071cf0","3","2","[""ANSWER_MISSING"",""CHOICES_REQUIRED"",""SOLUTION_MISSING"",""PAU_MODALITY_UNDECLARED"",""SOLUTION_REVIEW_REQUIRED""]"
"cand-453f2a12-e798-5352-a3b9-ff3258071344","ex-7d714e5c-ca4b-5efa-b374-647f3ef84efe","3","2","[""ANSWER_MISSING"",""CHOICES_REQUIRED"",""SOLUTION_MISSING"",""PAU_MODALITY_UNDECLARED"",""SOLUTION_REVIEW_REQUIRED""]"
"cand-100eef16-3903-5f1f-a82d-e7c9277e6ca4","ex-5dfe895c-cbf5-5c2b-9bca-e7baedd8ce3e","3","2","[""ANSWER_MISSING"",""CHOICES_REQUIRED"",""SOLUTION_MISSING"",""PAU_MODALITY_UNDECLARED"",""SOLUTION_REVIEW_REQUIRED""]"
"cand-16cc4374-0e50-5626-af69-e4dc7087f523","ex-d0ff3a2a-e548-5a48-863e-c0e6e20c17cd","3","2","[""ANSWER_MISSING"",""CHOICES_REQUIRED"",""SOLUTION_MISSING"",""PAU_MODALITY_UNDECLARED"",""SOLUTION_REVIEW_REQUIRED""]"
"cand-f03c60e1-bd91-5659-af33-26d2043beb03","ex-bba80ec8-1a69-545a-aa27-dadcb70de1eb","3","2","[""ANSWER_MISSING"",""CHOICES_REQUIRED"",""SOLUTION_MISSING"",""PAU_MODALITY_UNDECLARED"",""SOLUTION_REVIEW_REQUIRED""]"
"cand-38598b10-a0d4-536a-8cbc-60ce4153f7f4","ex-85566893-e202-5fc3-bb2a-5ca3fd859bc1","3","2","[""ANSWER_MISSING"",""CHOICES_REQUIRED"",""SOLUTION_MISSING"",""PAU_MODALITY_UNDECLARED"",""SOLUTION_REVIEW_REQUIRED""]"
"cand-b102d00b-c9dd-585c-9915-1b19b25ee337","ex-64a6b935-3b3e-5a72-bf66-95e655daca49","3","3","[""ANSWER_MISSING"",""CHOICES_REQUIRED"",""SOLUTION_MISSING"",""PAU_DETAIL_INCOMPLETE"",""PAU_MODALITY_UNDECLARED"",""SOLUTION_REVIEW_REQUIRED""]"
"cand-f0d4aa31-379d-5914-bc93-44095e4b35c2","ex-0fc04427-46c7-5a47-ad56-e323fbba5cfa","3","2","[""ANSWER_MISSING"",""CHOICES_REQUIRED"",""SOLUTION_MISSING"",""PAU_MODALITY_UNDECLARED"",""SOLUTION_REVIEW_REQUIRED""]"
"cand-4f46d7f6-b19e-5435-8ee6-b336f4dbb3d3","ex-6a3a4ddc-7c45-5e5e-8a3a-c3cff5c5807d","3","2","[""ANSWER_MISSING"",""CHOICES_REQUIRED"",""SOLUTION_MISSING"",""PAU_MODALITY_UNDECLARED"",""SOLUTION_REVIEW_REQUIRED""]"
"cand-d1531aae-e620-5ca0-96fa-a8aa5d094efc","ex-50e51ed0-573a-5d55-9754-941888225393","3","3","[""ANSWER_MISSING"",""CHOICES_REQUIRED"",""SOLUTION_MISSING"",""PAU_DETAIL_INCOMPLETE"",""PAU_MODALITY_UNDECLARED"",""SOLUTION_REVIEW_REQUIRED""]"
"cand-3ce0c084-9e10-5967-958c-79295698b41f","ex-332234ef-3c67-564c-b7c5-58b91ed6e526","3","2","[""ANSWER_MISSING"",""CHOICES_REQUIRED"",""SOLUTION_MISSING"",""PAU_MODALITY_UNDECLARED"",""SOLUTION_REVIEW_REQUIRED""]"
"cand-22200c96-4594-598c-b7a6-e158b1e69aef","ex-33b7c851-e047-5fb2-a823-12fa69877ecd","3","3","[""ANSWER_MISSING"",""CHOICES_REQUIRED"",""SOLUTION_MISSING"",""PAU_DETAIL_INCOMPLETE"",""PAU_MODALITY_UNDECLARED"",""SOLUTION_REVIEW_REQUIRED""]"
"cand-17ed2de4-6c8a-5e2e-9204-a55b488fce12","ex-f42e0752-fcdd-52b6-b082-6f81485adc9c","3","2","[""ANSWER_MISSING"",""CHOICES_REQUIRED"",""SOLUTION_MISSING"",""PAU_MODALITY_UNDECLARED"",""SOLUTION_REVIEW_REQUIRED""]"
"cand-a064ddb6-61f1-58c3-bc1b-95ea2c876f87","ex-f01cb762-7fac-5de7-8e5f-8db872169c52","3","2","[""ANSWER_MISSING"",""CHOICES_REQUIRED"",""SOLUTION_MISSING"",""PAU_MODALITY_UNDECLARED"",""SOLUTION_REVIEW_REQUIRED""]"
"cand-1033ca5e-8ae3-5c5c-8c5c-b7b653f074f5","ex-4b07e202-800c-5495-8fee-87ae5716b811","3","3","[""ANSWER_MISSING"",""CHOICES_REQUIRED"",""SOLUTION_MISSING"",""PAU_DETAIL_INCOMPLETE"",""PAU_MODALITY_UNDECLARED"",""SOLUTION_REVIEW_REQUIRED""]"
"cand-b6c16b73-51d6-53da-9ccc-9ad1b637b032","ex-e4f0ea91-63f7-5ad6-8088-1a6acf983481","3","3","[""ANSWER_MISSING"",""CHOICES_REQUIRED"",""SOLUTION_MISSING"",""PAU_DETAIL_INCOMPLETE"",""PAU_MODALITY_UNDECLARED"",""SOLUTION_REVIEW_REQUIRED""]"
"cand-46fd2a96-0fcd-5322-9488-814e6a943c88","ex-420cce7c-0af4-5b14-8bb3-91663fda2170","3","2","[""ANSWER_MISSING"",""CHOICES_REQUIRED"",""SOLUTION_MISSING"",""PAU_MODALITY_UNDECLARED"",""SOLUTION_REVIEW_REQUIRED""]"
"cand-2dda070c-7398-5da6-8125-7e17e4ee8f71","ex-59a992ac-263e-5563-be1a-b80f5ee17238","3","2","[""ANSWER_MISSING"",""CHOICES_REQUIRED"",""SOLUTION_MISSING"",""PAU_MODALITY_UNDECLARED"",""SOLUTION_REVIEW_REQUIRED""]"
"cand-15c07ce1-cbac-539c-9242-3d5512559cc5","ex-3ce598e8-d937-5d5b-9945-0591118259b7","3","2","[""ANSWER_MISSING"",""CHOICES_REQUIRED"",""SOLUTION_MISSING"",""PAU_MODALITY_UNDECLARED"",""SOLUTION_REVIEW_REQUIRED""]"
"cand-60ce86ec-eea8-518c-afeb-e722e55a4cfa","ex-c8da51f9-4827-5d86-a280-7e08f9c1de25","3","3","[""ANSWER_MISSING"",""CHOICES_REQUIRED"",""SOLUTION_MISSING"",""PAU_DETAIL_INCOMPLETE"",""PAU_MODALITY_UNDECLARED"",""SOLUTION_REVIEW_REQUIRED""]"
"cand-e173377c-1397-52e2-b910-f0418956873d","ex-ae5c8ddf-a131-5b77-9dea-7c5dced67a15","3","2","[""ANSWER_MISSING"",""CHOICES_REQUIRED"",""SOLUTION_MISSING"",""PAU_MODALITY_UNDECLARED"",""SOLUTION_REVIEW_REQUIRED""]"
"cand-0cebacc8-757a-59cf-9080-059956f9e33b","ex-0c879ced-3f99-5ae4-aec0-dfe6f1cec24b","3","2","[""ANSWER_MISSING"",""CHOICES_REQUIRED"",""SOLUTION_MISSING"",""PAU_MODALITY_UNDECLARED"",""SOLUTION_REVIEW_REQUIRED""]"
"cand-0865c66f-82fc-5334-bcd2-a34b14e65cd9","ex-e138c2bd-37d4-569d-9249-e3a078b4110f","3","2","[""ANSWER_MISSING"",""CHOICES_REQUIRED"",""SOLUTION_MISSING"",""PAU_MODALITY_UNDECLARED"",""SOLUTION_REVIEW_REQUIRED""]"
"cand-7db3cf24-b456-59b7-a704-eb7bd73eb98f","ex-d3671a7d-68b4-5d7c-9cc8-0d6d0a03dd0b","3","3","[""ANSWER_MISSING"",""CHOICES_REQUIRED"",""SOLUTION_MISSING"",""PAU_DETAIL_INCOMPLETE"",""PAU_MODALITY_UNDECLARED"",""SOLUTION_REVIEW_REQUIRED""]"
"cand-5aae2599-2e91-5542-9ca6-7852d0a1ba0f","ex-06d34854-4775-537e-8778-955ac98ba3df","3","3","[""ANSWER_MISSING"",""CHOICES_REQUIRED"",""SOLUTION_MISSING"",""PAU_DETAIL_INCOMPLETE"",""PAU_MODALITY_UNDECLARED"",""SOLUTION_REVIEW_REQUIRED""]"
"cand-148e797c-ebf0-530b-a456-2289fc6a10e7","ex-8f38878a-a57e-5dd5-9d36-a5327bb7b813","3","3","[""ANSWER_MISSING"",""CHOICES_REQUIRED"",""SOLUTION_MISSING"",""PAU_DETAIL_INCOMPLETE"",""PAU_MODALITY_UNDECLARED"",""SOLUTION_REVIEW_REQUIRED""]"
"cand-e4c0e739-04c4-5afc-8bde-a0fd56bf39da","ex-6b847db3-ca61-5cc1-955d-d2c6ba17bda4","3","2","[""ANSWER_MISSING"",""CHOICES_REQUIRED"",""SOLUTION_MISSING"",""PAU_MODALITY_UNDECLARED"",""SOLUTION_REVIEW_REQUIRED""]"
"cand-7809786f-7eb9-52dc-a72f-867116bbe871","ex-9b650624-919c-5e16-a648-05add3d7bd69","3","3","[""ANSWER_MISSING"",""CHOICES_REQUIRED"",""SOLUTION_MISSING"",""PAU_DETAIL_INCOMPLETE"",""PAU_MODALITY_UNDECLARED"",""SOLUTION_REVIEW_REQUIRED""]"
"cand-ede949df-dd05-5af3-a73c-60191f4b2e5c","ex-421118b6-eec0-5ed6-a673-b84539189943","3","2","[""ANSWER_MISSING"",""CHOICES_REQUIRED"",""SOLUTION_MISSING"",""PAU_MODALITY_UNDECLARED"",""SOLUTION_REVIEW_REQUIRED""]"
"cand-6e05a3b1-3628-561d-9ff5-8ffec83e559d","ex-a45c767e-4b7f-5f8f-902e-cc7485c0c32d","3","2","[""ANSWER_MISSING"",""CHOICES_REQUIRED"",""SOLUTION_MISSING"",""PAU_MODALITY_UNDECLARED"",""SOLUTION_REVIEW_REQUIRED""]"
"cand-bf528eb4-d7d0-54c3-9cab-0d50ce26a8f5","ex-c2234150-4db7-5606-ab3c-a3e3a0e06aeb","3","2","[""ANSWER_MISSING"",""CHOICES_REQUIRED"",""SOLUTION_MISSING"",""PAU_MODALITY_UNDECLARED"",""SOLUTION_REVIEW_REQUIRED""]"
"cand-aa656d37-c0d0-51c8-bc9c-648f857879e9","ex-070d6c84-093a-5557-82f3-64f62ca48d9a","3","2","[""ANSWER_MISSING"",""CHOICES_REQUIRED"",""SOLUTION_MISSING"",""PAU_MODALITY_UNDECLARED"",""SOLUTION_REVIEW_REQUIRED""]"
"cand-dc9f44f0-a91d-54aa-800b-94091fc29ce7","ex-7945b87f-9a0d-5823-bc93-0d8a8fa530a5","3","3","[""ANSWER_MISSING"",""CHOICES_REQUIRED"",""SOLUTION_MISSING"",""PAU_DETAIL_INCOMPLETE"",""PAU_MODALITY_UNDECLARED"",""SOLUTION_REVIEW_REQUIRED""]"
"cand-ac84a189-067f-5f1e-9298-2d2a5bd0d9be","ex-502190f0-0a09-5b4c-8ab7-7d71d6f06665","3","2","[""ANSWER_MISSING"",""CHOICES_REQUIRED"",""SOLUTION_MISSING"",""PAU_MODALITY_UNDECLARED"",""SOLUTION_REVIEW_REQUIRED""]"
"cand-5b195ba3-1029-5b06-978e-4c81e77cd703","ex-18bcc362-63f6-50b9-bb5b-6e427f61d244","3","2","[""ANSWER_MISSING"",""CHOICES_REQUIRED"",""SOLUTION_MISSING"",""PAU_MODALITY_UNDECLARED"",""SOLUTION_REVIEW_REQUIRED""]"
"cand-6ee25388-3385-5256-ad60-6e3217486588","ex-f2ab7e8e-5157-523b-abe9-aed27358b2c5","3","2","[""ANSWER_MISSING"",""CHOICES_REQUIRED"",""SOLUTION_MISSING"",""PAU_MODALITY_UNDECLARED"",""SOLUTION_REVIEW_REQUIRED""]"
"cand-8250a458-57cb-5c21-a29d-5eaae7ac3a4c","ex-241da7d6-1f2b-5b77-9dd1-b6dbabb6520b","3","2","[""ANSWER_MISSING"",""CHOICES_REQUIRED"",""SOLUTION_MISSING"",""PAU_MODALITY_UNDECLARED"",""SOLUTION_REVIEW_REQUIRED""]"
"cand-86488b6c-ee0c-5003-856c-ac6bacdf55c9","ex-385536ff-4a79-598f-b911-ce9502381618","3","2","[""ANSWER_MISSING"",""CHOICES_REQUIRED"",""SOLUTION_MISSING"",""PAU_MODALITY_UNDECLARED"",""SOLUTION_REVIEW_REQUIRED""]"
"cand-9e153780-8947-50b0-ac66-d9a50418adad","ex-5a86696b-58e4-5d9d-8ef9-973a1295f2a7","3","2","[""ANSWER_MISSING"",""CHOICES_REQUIRED"",""SOLUTION_MISSING"",""PAU_MODALITY_UNDECLARED"",""SOLUTION_REVIEW_REQUIRED""]"
"cand-c1d68ed9-bdb7-573b-add0-3acff11b52da","ex-2697d83b-c9ad-5a4c-87ce-3765cca38a71","3","2","[""ANSWER_MISSING"",""CHOICES_REQUIRED"",""SOLUTION_MISSING"",""PAU_MODALITY_UNDECLARED"",""SOLUTION_REVIEW_REQUIRED""]"
"cand-9e4383c3-64b2-570f-9bbb-9719f6dffd29","ex-0f13424f-82d8-54df-9da4-6e9157f7401f","3","2","[""ANSWER_MISSING"",""CHOICES_REQUIRED"",""SOLUTION_MISSING"",""PAU_MODALITY_UNDECLARED"",""SOLUTION_REVIEW_REQUIRED""]"
"cand-583148bf-5e44-5be9-a303-167051b43b38","ex-71a27bac-6200-5c6f-8e29-6151bf1e36f4","3","2","[""ANSWER_MISSING"",""CHOICES_REQUIRED"",""SOLUTION_MISSING"",""PAU_MODALITY_UNDECLARED"",""SOLUTION_REVIEW_REQUIRED""]"
"cand-3891c430-1b00-58e3-921b-a3042452c9f0","ex-39ae1e1b-585f-5715-8809-16f76cf44806","3","3","[""ANSWER_MISSING"",""CHOICES_REQUIRED"",""SOLUTION_MISSING"",""PAU_DETAIL_INCOMPLETE"",""PAU_MODALITY_UNDECLARED"",""SOLUTION_REVIEW_REQUIRED""]"
"cand-efcc1aca-6c1e-53c4-b862-e226e24ff3f7","ex-18af7bd4-3929-5e2e-be84-c830f321cd9d","3","3","[""ANSWER_MISSING"",""CHOICES_REQUIRED"",""SOLUTION_MISSING"",""PAU_DETAIL_INCOMPLETE"",""PAU_MODALITY_UNDECLARED"",""SOLUTION_REVIEW_REQUIRED""]"
"cand-90fa6ed0-f33e-508e-b5b3-6919344bc584","ex-05425b69-03c3-537d-b7bf-a20d50bdb1d4","3","2","[""ANSWER_MISSING"",""CHOICES_REQUIRED"",""SOLUTION_MISSING"",""PAU_MODALITY_UNDECLARED"",""SOLUTION_REVIEW_REQUIRED""]"
"cand-d762687a-cde5-52d3-a364-f0d079d78f5f","ex-e425a9d5-03af-58fa-b066-5d45f4ff4119","3","2","[""ANSWER_MISSING"",""CHOICES_REQUIRED"",""SOLUTION_MISSING"",""PAU_MODALITY_UNDECLARED"",""SOLUTION_REVIEW_REQUIRED""]"
"cand-207b871a-1850-5fe6-9ab3-1805160b0532","ex-2936b95b-831b-5a42-8a12-11dac6c2be43","3","2","[""ANSWER_MISSING"",""CHOICES_REQUIRED"",""SOLUTION_MISSING"",""PAU_MODALITY_UNDECLARED"",""SOLUTION_REVIEW_REQUIRED""]"
"cand-e084e559-0026-50ae-b4fc-ee56a1f64331","ex-f37f17f8-1938-5b48-8cba-13a3cfc30a60","3","2","[""ANSWER_MISSING"",""CHOICES_REQUIRED"",""SOLUTION_MISSING"",""PAU_MODALITY_UNDECLARED"",""SOLUTION_REVIEW_REQUIRED""]"
"cand-fc9a4e21-0be4-51b0-b2c0-caa70a162fef","ex-ca9750ba-4e84-59ef-a93c-e453e7f2a8ce","3","3","[""ANSWER_MISSING"",""CHOICES_REQUIRED"",""SOLUTION_MISSING"",""PAU_DETAIL_INCOMPLETE"",""PAU_MODALITY_UNDECLARED"",""SOLUTION_REVIEW_REQUIRED""]"
"cand-e795b9f0-7332-533c-8098-3d3b2b4b7643","ex-cc314857-ac85-53b2-b272-a1407452cc49","3","2","[""ANSWER_MISSING"",""CHOICES_REQUIRED"",""SOLUTION_MISSING"",""PAU_MODALITY_UNDECLARED"",""SOLUTION_REVIEW_REQUIRED""]"
"cand-5b84edd0-a944-5b44-9630-665e6e069518","ex-4b62792e-1754-5b58-8083-9df56a82fbf4","3","2","[""ANSWER_MISSING"",""CHOICES_REQUIRED"",""SOLUTION_MISSING"",""PAU_MODALITY_UNDECLARED"",""SOLUTION_REVIEW_REQUIRED""]"
"cand-54294155-6abd-5592-928f-23bc62cf5cfe","ex-6bcb5161-58f7-5eaf-9e6b-235b163656ed","3","3","[""ANSWER_MISSING"",""CHOICES_REQUIRED"",""SOLUTION_MISSING"",""PAU_DETAIL_INCOMPLETE"",""PAU_MODALITY_UNDECLARED"",""SOLUTION_REVIEW_REQUIRED""]"
"cand-9e4c85d7-d530-55e7-a3e8-fdba6d95cfdc","ex-3e499cc2-6334-5dc5-bae2-012427940ffe","3","2","[""ANSWER_MISSING"",""CHOICES_REQUIRED"",""SOLUTION_MISSING"",""PAU_MODALITY_UNDECLARED"",""SOLUTION_REVIEW_REQUIRED""]"
"cand-fb1e4ec1-4210-5192-b994-0f8b8053acf6","ex-9125abb7-cd1f-57e0-9efe-1fab96b9a07b","3","2","[""ANSWER_MISSING"",""CHOICES_REQUIRED"",""SOLUTION_MISSING"",""PAU_MODALITY_UNDECLARED"",""SOLUTION_REVIEW_REQUIRED""]"
"cand-ab09f168-4521-57f2-a826-bc625caf1fe6","ex-f0c0315e-d8ce-5594-a477-90c75487ad8b","3","3","[""ANSWER_MISSING"",""CHOICES_REQUIRED"",""SOLUTION_MISSING"",""PAU_DETAIL_INCOMPLETE"",""PAU_MODALITY_UNDECLARED"",""SOLUTION_REVIEW_REQUIRED""]"
"cand-894af582-27d7-5d63-bdd5-1986077be59e","ex-95db1eac-cd13-5fc7-972e-55711febcaae","3","2","[""ANSWER_MISSING"",""CHOICES_REQUIRED"",""SOLUTION_MISSING"",""PAU_MODALITY_UNDECLARED"",""SOLUTION_REVIEW_REQUIRED""]"
"cand-b6421611-6f8d-5e7e-a220-5e4b62222d63","ex-f0785f69-48a0-5b7f-8515-4356f3aa2d3c","3","2","[""ANSWER_MISSING"",""CHOICES_REQUIRED"",""SOLUTION_MISSING"",""PAU_MODALITY_UNDECLARED"",""SOLUTION_REVIEW_REQUIRED""]"
"cand-0187fbec-6d79-5112-82aa-f2b073428c72","ex-063ab7cb-0f51-5fb9-90b6-87f962f2ccbe","3","2","[""ANSWER_MISSING"",""CHOICES_REQUIRED"",""SOLUTION_MISSING"",""PAU_MODALITY_UNDECLARED"",""SOLUTION_REVIEW_REQUIRED""]"
"cand-e22519e5-9f85-5085-a38c-3f9e53eb4734","ex-f605142f-6111-50ca-8952-4f824968609c","3","2","[""ANSWER_MISSING"",""CHOICES_REQUIRED"",""SOLUTION_MISSING"",""PAU_MODALITY_UNDECLARED"",""SOLUTION_REVIEW_REQUIRED""]"
"cand-22d30c2f-edda-5f22-8021-1961f377af26","ex-ad198973-4ba3-5171-bde6-ccc60f21b521","3","3","[""ANSWER_MISSING"",""CHOICES_REQUIRED"",""SOLUTION_MISSING"",""PAU_DETAIL_INCOMPLETE"",""PAU_MODALITY_UNDECLARED"",""SOLUTION_REVIEW_REQUIRED""]"
"cand-d1e2a3a6-aa65-5392-acda-f7b1c7e0e82a","ex-88b7d94a-b0e1-5ad4-a013-d2ee60d2a90e","3","3","[""ANSWER_MISSING"",""CHOICES_REQUIRED"",""SOLUTION_MISSING"",""PAU_DETAIL_INCOMPLETE"",""PAU_MODALITY_UNDECLARED"",""SOLUTION_REVIEW_REQUIRED""]"
"cand-3c490218-38c8-5a72-b401-fb85ecfb996d","ex-2694ec4c-93b3-5d7b-a2ee-bcb69ae11c5c","3","2","[""ANSWER_MISSING"",""CHOICES_REQUIRED"",""SOLUTION_MISSING"",""PAU_MODALITY_UNDECLARED"",""SOLUTION_REVIEW_REQUIRED""]"
"cand-2dd6e6e9-3dd8-586b-93a8-9f9d70a5ea8f","ex-fe10f9b3-5b86-5d01-85af-0492d9d4ec40","3","3","[""ANSWER_MISSING"",""CHOICES_REQUIRED"",""SOLUTION_MISSING"",""PAU_DETAIL_INCOMPLETE"",""PAU_MODALITY_UNDECLARED"",""SOLUTION_REVIEW_REQUIRED""]"
"cand-dad55ae0-c61d-5bcf-b899-03d2123827c5","ex-f5c13cd8-04c6-5433-9d89-d03647c30d0e","3","3","[""ANSWER_MISSING"",""CHOICES_REQUIRED"",""SOLUTION_MISSING"",""PAU_DETAIL_INCOMPLETE"",""PAU_MODALITY_UNDECLARED"",""SOLUTION_REVIEW_REQUIRED""]"
"cand-c8dfb6df-a27e-55cb-9ae4-09edad59521b","ex-65cee9eb-0e60-5d96-aac6-102fa3a1248f","3","2","[""ANSWER_MISSING"",""CHOICES_REQUIRED"",""SOLUTION_MISSING"",""PAU_MODALITY_UNDECLARED"",""SOLUTION_REVIEW_REQUIRED""]"
"cand-8e008a04-a934-5557-b740-6948985557a8","ex-ec9c9fa4-a774-59b4-a403-bc67af4e8cab","3","2","[""ANSWER_MISSING"",""CHOICES_REQUIRED"",""SOLUTION_MISSING"",""PAU_MODALITY_UNDECLARED"",""SOLUTION_REVIEW_REQUIRED""]"
"cand-17418f78-9a74-510a-ba42-7dcbe0f298ae","ex-66d4c895-eb1e-55f0-a242-71850efebc55","3","2","[""ANSWER_MISSING"",""CHOICES_REQUIRED"",""SOLUTION_MISSING"",""PAU_MODALITY_UNDECLARED"",""SOLUTION_REVIEW_REQUIRED""]"
"cand-d649844b-d27f-501d-84a7-3e63ee13a9fe","ex-3f93e6c4-f5b5-5ddb-9539-c3d86ef41add","3","2","[""ANSWER_MISSING"",""CHOICES_REQUIRED"",""SOLUTION_MISSING"",""PAU_MODALITY_UNDECLARED"",""SOLUTION_REVIEW_REQUIRED""]"
"cand-6ddf5623-54db-59ac-8205-ece86ef74e00","ex-cdd78c3e-cbb5-56ac-b501-0b9b0c4f067d","3","3","[""ANSWER_MISSING"",""CHOICES_REQUIRED"",""SOLUTION_MISSING"",""PAU_DETAIL_INCOMPLETE"",""PAU_MODALITY_UNDECLARED"",""SOLUTION_REVIEW_REQUIRED""]"
"cand-948bd8fb-a513-57ef-b809-873c09f71f87","ex-a5b44b91-bc93-5443-81af-14c0edb791c2","3","3","[""ANSWER_MISSING"",""CHOICES_REQUIRED"",""SOLUTION_MISSING"",""PAU_DETAIL_INCOMPLETE"",""PAU_MODALITY_UNDECLARED"",""SOLUTION_REVIEW_REQUIRED""]"
"cand-abbb4cb7-79ab-59f1-a383-5e74dc013b05","ex-be982a06-140d-5ec2-a3c1-7ee0e2484dbb","3","2","[""ANSWER_MISSING"",""CHOICES_REQUIRED"",""SOLUTION_MISSING"",""PAU_MODALITY_UNDECLARED"",""SOLUTION_REVIEW_REQUIRED""]"
"cand-43d28a92-ff9a-5a88-bca5-30cb08136575","ex-29a23dd9-efa6-57e6-8a88-cb9252c172c5","3","2","[""ANSWER_MISSING"",""CHOICES_REQUIRED"",""SOLUTION_MISSING"",""PAU_MODALITY_UNDECLARED"",""SOLUTION_REVIEW_REQUIRED""]"
"cand-c726dc65-84b3-54da-a297-5b302ef1909b","ex-7360b6d3-42e1-5856-8aea-6e049d18463f","3","2","[""ANSWER_MISSING"",""CHOICES_REQUIRED"",""SOLUTION_MISSING"",""PAU_MODALITY_UNDECLARED"",""SOLUTION_REVIEW_REQUIRED""]"
"cand-5b7bfa7c-1214-5c15-9d6f-007d9e213e1c","ex-598a530b-4a31-57f7-8d0f-6dbdfb4f7c4f","3","2","[""ANSWER_MISSING"",""CHOICES_REQUIRED"",""SOLUTION_MISSING"",""PAU_MODALITY_UNDECLARED"",""SOLUTION_REVIEW_REQUIRED""]"
"cand-61cf4a59-7b48-55eb-9ee4-0eb8d1ab953e","ex-ebcd73bf-9955-55c4-80f8-b2c34cf53189","3","3","[""ANSWER_MISSING"",""CHOICES_REQUIRED"",""SOLUTION_MISSING"",""PAU_DETAIL_INCOMPLETE"",""PAU_MODALITY_UNDECLARED"",""SOLUTION_REVIEW_REQUIRED""]"
"cand-0fad3f9b-3724-51fc-add8-721600506690","ex-f35b9daa-3507-5ccb-8ea5-db10c113528b","3","3","[""ANSWER_MISSING"",""CHOICES_REQUIRED"",""SOLUTION_MISSING"",""PAU_DETAIL_INCOMPLETE"",""PAU_MODALITY_UNDECLARED"",""SOLUTION_REVIEW_REQUIRED""]"
"cand-e341c6fd-830c-58e0-8f77-bab70543f31d","ex-d901c8f1-5ca0-5458-9c37-4f2941c73aa4","3","3","[""ANSWER_MISSING"",""CHOICES_REQUIRED"",""SOLUTION_MISSING"",""PAU_DETAIL_INCOMPLETE"",""PAU_MODALITY_UNDECLARED"",""SOLUTION_REVIEW_REQUIRED""]"
"cand-679e12be-2d18-516b-8739-d8f61c0cb7fc","ex-5848454f-9858-5e0c-ad43-fb11d153a0c7","3","2","[""ANSWER_MISSING"",""CHOICES_REQUIRED"",""SOLUTION_MISSING"",""PAU_MODALITY_UNDECLARED"",""SOLUTION_REVIEW_REQUIRED""]"
"cand-aa30562e-8359-54f0-ac06-b77ddff4fe27","ex-7d2b9264-ac96-53e1-820a-75642271f8fb","3","2","[""ANSWER_MISSING"",""CHOICES_REQUIRED"",""SOLUTION_MISSING"",""PAU_MODALITY_UNDECLARED"",""SOLUTION_REVIEW_REQUIRED""]"
"cand-8b13ff41-ca0b-5c9a-917d-38bae1fa9903","ex-5048e75b-8160-5528-bce4-f8b61f3f3691","3","2","[""ANSWER_MISSING"",""CHOICES_REQUIRED"",""SOLUTION_MISSING"",""PAU_MODALITY_UNDECLARED"",""SOLUTION_REVIEW_REQUIRED""]"
"cand-7e5fa75e-279f-53ff-9e1d-3c0dee0153ad","ex-70b84291-30df-54ad-8c93-4266f3622202","3","3","[""ANSWER_MISSING"",""CHOICES_REQUIRED"",""SOLUTION_MISSING"",""PAU_DETAIL_INCOMPLETE"",""PAU_MODALITY_UNDECLARED"",""SOLUTION_REVIEW_REQUIRED""]"
"cand-1b8fb40a-b6bb-510a-a725-7f46d217cd2a","ex-7dba3ea7-daeb-5b98-99fa-5a35898fe65c","3","3","[""ANSWER_MISSING"",""CHOICES_REQUIRED"",""SOLUTION_MISSING"",""PAU_DETAIL_INCOMPLETE"",""PAU_MODALITY_UNDECLARED"",""SOLUTION_REVIEW_REQUIRED""]"
"cand-e90848bb-a9d3-5a21-b2e8-88eb29d43fcf","ex-9f40ec90-9516-5e22-aee7-80cb8bea3959","3","2","[""ANSWER_MISSING"",""CHOICES_REQUIRED"",""SOLUTION_MISSING"",""PAU_MODALITY_UNDECLARED"",""SOLUTION_REVIEW_REQUIRED""]"
"cand-9c6f3e36-5d0a-5af6-bdea-0d3c9033b2a8","ex-e1ace7bd-f955-525a-bce5-c7746bb45677","3","2","[""ANSWER_MISSING"",""CHOICES_REQUIRED"",""SOLUTION_MISSING"",""PAU_MODALITY_UNDECLARED"",""SOLUTION_REVIEW_REQUIRED""]"
"cand-97239d78-21c0-5b79-bada-4dee81cac9ee","ex-6bfa1532-3c8a-5e0c-92f7-26f35f677b76","3","2","[""ANSWER_MISSING"",""CHOICES_REQUIRED"",""SOLUTION_MISSING"",""PAU_MODALITY_UNDECLARED"",""SOLUTION_REVIEW_REQUIRED""]"
"cand-1722b494-ba32-55a8-ba84-f0147e4e095b","ex-78258dd9-d612-5f04-a757-c23b749dd319","3","2","[""ANSWER_MISSING"",""CHOICES_REQUIRED"",""SOLUTION_MISSING"",""PAU_MODALITY_UNDECLARED"",""SOLUTION_REVIEW_REQUIRED""]"
"cand-f37d5f00-c20d-57d4-af89-d99f8cfba395","ex-354e0239-0631-5278-98be-80a8dfa9844e","3","2","[""ANSWER_MISSING"",""CHOICES_REQUIRED"",""SOLUTION_MISSING"",""PAU_MODALITY_UNDECLARED"",""SOLUTION_REVIEW_REQUIRED""]"
"cand-a2676d5b-b9f9-5033-a70f-14a3727dcbbc","ex-728b23fe-db9c-57bf-8329-cbba7c7dca7b","3","2","[""ANSWER_MISSING"",""CHOICES_REQUIRED"",""SOLUTION_MISSING"",""PAU_MODALITY_UNDECLARED"",""SOLUTION_REVIEW_REQUIRED""]"
"cand-558724ab-43e7-54fe-b415-9f894da99c83","ex-56890351-b3a2-5864-a836-5fbc8fde2f23","3","3","[""ANSWER_MISSING"",""CHOICES_REQUIRED"",""SOLUTION_MISSING"",""PAU_DETAIL_INCOMPLETE"",""PAU_MODALITY_UNDECLARED"",""SOLUTION_REVIEW_REQUIRED""]"
"cand-da21d422-1694-5475-989c-6c4edd3d370a","ex-850ead88-8f19-56d7-9ef2-e7c02ae4711a","3","3","[""ANSWER_MISSING"",""CHOICES_REQUIRED"",""SOLUTION_MISSING"",""PAU_DETAIL_INCOMPLETE"",""PAU_MODALITY_UNDECLARED"",""SOLUTION_REVIEW_REQUIRED""]"
"cand-800d7ae2-88b9-5625-8cce-c8f2153b65cb","ex-8f88ac0d-6dfe-5f2c-b176-cdc698037d76","3","2","[""ANSWER_MISSING"",""CHOICES_REQUIRED"",""SOLUTION_MISSING"",""PAU_MODALITY_UNDECLARED"",""SOLUTION_REVIEW_REQUIRED""]"
"cand-ef72ae72-8d80-5d0d-9d68-629d25adb690","ex-29d1b629-23c4-592e-aedd-525c58dc9189","3","2","[""ANSWER_MISSING"",""CHOICES_REQUIRED"",""SOLUTION_MISSING"",""PAU_MODALITY_UNDECLARED"",""SOLUTION_REVIEW_REQUIRED""]"
"cand-17c91d80-b2ad-54fd-8552-9f8a83621fad","ex-3c9ded9e-4e33-5bdf-b877-9c8187a3dfb1","3","2","[""ANSWER_MISSING"",""CHOICES_REQUIRED"",""SOLUTION_MISSING"",""PAU_MODALITY_UNDECLARED"",""SOLUTION_REVIEW_REQUIRED""]"
"cand-6cd5601b-0b93-5f4d-b5ef-d779624adcd5","ex-83323001-5400-5d22-aae7-f2c66ab3dd7f","3","2","[""ANSWER_MISSING"",""CHOICES_REQUIRED"",""SOLUTION_MISSING"",""PAU_MODALITY_UNDECLARED"",""SOLUTION_REVIEW_REQUIRED""]"
"cand-cd0a519b-56b9-5006-8345-fd39d00ed5d8","ex-388abf08-a625-5806-9907-414c0c4f94f2","3","3","[""ANSWER_MISSING"",""CHOICES_REQUIRED"",""SOLUTION_MISSING"",""MATH_REPRESENTATION_UNDECLARED"",""PAU_MODALITY_UNDECLARED"",""SOLUTION_REVIEW_REQUIRED""]"
"cand-41ee6d63-1be4-5b8a-9655-07f4d25d7c21","ex-223f9542-74e9-5cbc-a84f-acf94853fae8","3","2","[""ANSWER_MISSING"",""CHOICES_REQUIRED"",""SOLUTION_MISSING"",""PAU_MODALITY_UNDECLARED"",""SOLUTION_REVIEW_REQUIRED""]"
"cand-27fe2b4b-a7f9-5a5b-9999-f29729032bae","ex-c34d27dc-cd2f-5236-b212-db0251fb0737","3","3","[""ANSWER_MISSING"",""CHOICES_REQUIRED"",""SOLUTION_MISSING"",""PAU_DETAIL_INCOMPLETE"",""PAU_MODALITY_UNDECLARED"",""SOLUTION_REVIEW_REQUIRED""]"
"cand-e2f9cef1-0e50-5e60-97e2-fe673370a131","ex-695a8ca8-c717-5963-8092-87d083f1a37c","3","2","[""ANSWER_MISSING"",""CHOICES_REQUIRED"",""SOLUTION_MISSING"",""PAU_MODALITY_UNDECLARED"",""SOLUTION_REVIEW_REQUIRED""]"
"cand-3ff45355-b40a-5ef8-86d8-60ee56ed4469","ex-d40f1a6d-0fe9-5384-822d-8159d9e97923","3","2","[""ANSWER_MISSING"",""CHOICES_REQUIRED"",""SOLUTION_MISSING"",""PAU_MODALITY_UNDECLARED"",""SOLUTION_REVIEW_REQUIRED""]"
"cand-098296d5-3645-5a1e-a6b1-b3234261513b","ex-900192b7-199d-5e76-86b7-503cda9730c1","3","2","[""ANSWER_MISSING"",""CHOICES_REQUIRED"",""SOLUTION_MISSING"",""PAU_MODALITY_UNDECLARED"",""SOLUTION_REVIEW_REQUIRED""]"
"cand-122b43fa-b252-5dc4-85e9-d0b57d83f231","ex-d272defd-e431-5c8a-bf9f-4cbab7fd7e01","3","2","[""ANSWER_MISSING"",""CHOICES_REQUIRED"",""SOLUTION_MISSING"",""PAU_MODALITY_UNDECLARED"",""SOLUTION_REVIEW_REQUIRED""]"
"cand-eae81409-cc36-5928-849d-e7932c0ade5b","ex-ece3d688-4ee1-5b6a-90d7-c69ec8b11e75","3","2","[""ANSWER_MISSING"",""CHOICES_REQUIRED"",""SOLUTION_MISSING"",""PAU_MODALITY_UNDECLARED"",""SOLUTION_REVIEW_REQUIRED""]"
"cand-497dc410-ba06-54a8-9eec-af45b42a4e78","ex-bd56eb98-d7ce-5353-aae3-2361cfaea56b","3","2","[""ANSWER_MISSING"",""CHOICES_REQUIRED"",""SOLUTION_MISSING"",""PAU_MODALITY_UNDECLARED"",""SOLUTION_REVIEW_REQUIRED""]"
"cand-b7b28440-323e-5ed0-9382-072c83675274","ex-b91fe0b9-6ac5-5636-a7fb-c555065aa232","3","3","[""ANSWER_MISSING"",""CHOICES_REQUIRED"",""SOLUTION_MISSING"",""PAU_DETAIL_INCOMPLETE"",""PAU_MODALITY_UNDECLARED"",""SOLUTION_REVIEW_REQUIRED""]"
"cand-96a90db7-e99b-52c7-99bd-1dc21c0fbd5d","ex-90acc09b-1884-51de-aa3d-d29adda1a3dc","3","3","[""ANSWER_MISSING"",""CHOICES_REQUIRED"",""SOLUTION_MISSING"",""PAU_DETAIL_INCOMPLETE"",""PAU_MODALITY_UNDECLARED"",""SOLUTION_REVIEW_REQUIRED""]"
"cand-b4021dcb-d4ce-55be-8e24-21d697049aac","ex-cda1829f-d52a-5274-ac56-8422f0eb4908","3","3","[""ANSWER_MISSING"",""CHOICES_REQUIRED"",""SOLUTION_MISSING"",""MATH_REPRESENTATION_UNDECLARED"",""PAU_MODALITY_UNDECLARED"",""SOLUTION_REVIEW_REQUIRED""]"
"cand-05b3fa4f-a2b5-5347-a30b-733f851f6137","ex-f4aa20d4-6608-56e7-a7d7-fb9a40ddd44d","3","2","[""ANSWER_MISSING"",""CHOICES_REQUIRED"",""SOLUTION_MISSING"",""PAU_MODALITY_UNDECLARED"",""SOLUTION_REVIEW_REQUIRED""]"
"cand-a3a4fe2c-09a0-55be-89ed-17fc0ab8a400","ex-df511803-b4b6-54f0-8bbd-15c747376923","3","2","[""ANSWER_MISSING"",""CHOICES_REQUIRED"",""SOLUTION_MISSING"",""PAU_MODALITY_UNDECLARED"",""SOLUTION_REVIEW_REQUIRED""]"
"cand-33f4a893-b2b5-503c-8aba-97b7db8614bd","ex-bd57d145-fb5e-59c2-850e-8c3a48649389","3","2","[""ANSWER_MISSING"",""CHOICES_REQUIRED"",""SOLUTION_MISSING"",""PAU_MODALITY_UNDECLARED"",""SOLUTION_REVIEW_REQUIRED""]"
"cand-1388752c-c807-542a-b915-7f09ec588844","ex-f4de5003-5113-5a0d-a0f9-ba589f47de37","3","2","[""ANSWER_MISSING"",""CHOICES_REQUIRED"",""SOLUTION_MISSING"",""PAU_MODALITY_UNDECLARED"",""SOLUTION_REVIEW_REQUIRED""]"
"cand-c41a3d1d-a867-5620-9869-1b109a86a3ae","ex-f763e399-aa1c-5606-981e-dd5f23703de3","3","2","[""ANSWER_MISSING"",""CHOICES_REQUIRED"",""SOLUTION_MISSING"",""PAU_MODALITY_UNDECLARED"",""SOLUTION_REVIEW_REQUIRED""]"
"cand-8251ca64-3fca-5aa3-83dc-809eac0af95e","ex-031dbcf3-5780-54d4-8714-e616d641ce91","3","3","[""ANSWER_MISSING"",""CHOICES_REQUIRED"",""SOLUTION_MISSING"",""PAU_DETAIL_INCOMPLETE"",""PAU_MODALITY_UNDECLARED"",""SOLUTION_REVIEW_REQUIRED""]"
"cand-0b7565c3-b43a-58fb-93b6-a478c62b8ded","ex-5e7c0301-6f0f-50b3-9074-ecac932dc3bb","3","2","[""ANSWER_MISSING"",""CHOICES_REQUIRED"",""SOLUTION_MISSING"",""PAU_MODALITY_UNDECLARED"",""SOLUTION_REVIEW_REQUIRED""]"
"cand-aaab5144-0015-5494-a47e-07e370e71514","ex-4a0caeff-1633-5b85-a6db-2ac6f455308e","3","3","[""ANSWER_MISSING"",""CHOICES_REQUIRED"",""SOLUTION_MISSING"",""MATH_REPRESENTATION_UNDECLARED"",""PAU_MODALITY_UNDECLARED"",""SOLUTION_REVIEW_REQUIRED""]"
"cand-a5660def-5817-53f4-8d32-a53890d4d85f","ex-5784b735-1b5f-5be9-90b2-1a4664a16aab","3","2","[""ANSWER_MISSING"",""CHOICES_REQUIRED"",""SOLUTION_MISSING"",""PAU_MODALITY_UNDECLARED"",""SOLUTION_REVIEW_REQUIRED""]"
"cand-e4aec480-8d76-5592-9fa8-d8fb94592546","ex-76b9d5b6-3c06-5484-bf66-75472246e0c2","3","2","[""ANSWER_MISSING"",""CHOICES_REQUIRED"",""SOLUTION_MISSING"",""PAU_MODALITY_UNDECLARED"",""SOLUTION_REVIEW_REQUIRED""]"
"cand-91e521b0-c6e8-59af-8bed-1210bef8737d","ex-06c15777-6cb9-5c31-a750-1434d2ab88a8","3","3","[""ANSWER_MISSING"",""CHOICES_REQUIRED"",""SOLUTION_MISSING"",""MATH_REPRESENTATION_UNDECLARED"",""PAU_MODALITY_UNDECLARED"",""SOLUTION_REVIEW_REQUIRED""]"
"cand-e50ead08-28d5-548a-8741-35b5625db932","ex-f673d1ae-11ee-5084-8f17-e463bedc67e0","3","2","[""ANSWER_MISSING"",""CHOICES_REQUIRED"",""SOLUTION_MISSING"",""PAU_MODALITY_UNDECLARED"",""SOLUTION_REVIEW_REQUIRED""]"
"cand-dcd36450-7ddb-5f4c-9f95-d20cce178143","ex-801be05e-5dcd-5e79-b968-80fc4859dfed","3","3","[""ANSWER_MISSING"",""CHOICES_REQUIRED"",""SOLUTION_MISSING"",""PAU_DETAIL_INCOMPLETE"",""PAU_MODALITY_UNDECLARED"",""SOLUTION_REVIEW_REQUIRED""]"
"cand-3753b693-e2bd-5adb-89ac-37f817f0a9db","ex-dbc30d96-be4f-5b0c-9e60-0c4779ca761d","3","3","[""ANSWER_MISSING"",""CHOICES_REQUIRED"",""SOLUTION_MISSING"",""PAU_DETAIL_INCOMPLETE"",""PAU_MODALITY_UNDECLARED"",""SOLUTION_REVIEW_REQUIRED""]"
"cand-7067d6a6-cb04-57b6-8cb6-0386b87ce748","ex-edfb78bb-4db4-50df-8ccd-29c94a04cb66","3","2","[""ANSWER_MISSING"",""CHOICES_REQUIRED"",""SOLUTION_MISSING"",""PAU_MODALITY_UNDECLARED"",""SOLUTION_REVIEW_REQUIRED""]"
"cand-7179f3d9-beef-5603-88ae-08346441c675","ex-e332f05c-64bb-5a92-992f-410e7f80e38d","3","2","[""ANSWER_MISSING"",""CHOICES_REQUIRED"",""SOLUTION_MISSING"",""PAU_MODALITY_UNDECLARED"",""SOLUTION_REVIEW_REQUIRED""]"
"cand-a4dbeaec-3fff-5ad4-bce1-885b11929db8","ex-724bf71b-650c-56ae-b158-a8d416e44d5c","3","2","[""ANSWER_MISSING"",""CHOICES_REQUIRED"",""SOLUTION_MISSING"",""PAU_MODALITY_UNDECLARED"",""SOLUTION_REVIEW_REQUIRED""]"
"cand-eccf65e0-d5ab-52fc-9630-ad7c48aa9fcf","ex-b1ce03b8-ab4e-591d-94e6-a5bb897a0d1f","3","2","[""ANSWER_MISSING"",""CHOICES_REQUIRED"",""SOLUTION_MISSING"",""PAU_MODALITY_UNDECLARED"",""SOLUTION_REVIEW_REQUIRED""]"
"cand-04da4d60-dd67-5aa9-bd7d-bc3d420c06d9","ex-727f2da0-fd7b-5739-afac-101a0c4b43a5","3","2","[""ANSWER_MISSING"",""CHOICES_REQUIRED"",""SOLUTION_MISSING"",""PAU_MODALITY_UNDECLARED"",""SOLUTION_REVIEW_REQUIRED""]"
"cand-c9a057cf-bb80-5189-a02b-1abbe7ddfae4","ex-837ab4fc-786d-5df4-85ca-ce3dcb84ad43","3","3","[""ANSWER_MISSING"",""CHOICES_REQUIRED"",""SOLUTION_MISSING"",""MATH_REPRESENTATION_UNDECLARED"",""PAU_MODALITY_UNDECLARED"",""SOLUTION_REVIEW_REQUIRED""]"
"cand-151a9e79-b5e0-54d2-8541-1b30cd18f482","ex-842f399f-f1e4-5408-a191-0b7529804563","3","3","[""ANSWER_MISSING"",""CHOICES_REQUIRED"",""SOLUTION_MISSING"",""PAU_DETAIL_INCOMPLETE"",""PAU_MODALITY_UNDECLARED"",""SOLUTION_REVIEW_REQUIRED""]"
"cand-1fc9dfb3-1d90-5082-8d0c-f455626b5faf","ex-2c9f770d-755e-577f-a28e-e703a45d86c5","3","2","[""ANSWER_MISSING"",""CHOICES_REQUIRED"",""SOLUTION_MISSING"",""PAU_MODALITY_UNDECLARED"",""SOLUTION_REVIEW_REQUIRED""]"
"cand-a7545978-e351-5b71-a062-dbdc42d38e83","ex-839ca59c-55a6-5561-ba4c-4b5eb19c2d82","3","2","[""ANSWER_MISSING"",""CHOICES_REQUIRED"",""SOLUTION_MISSING"",""PAU_MODALITY_UNDECLARED"",""SOLUTION_REVIEW_REQUIRED""]"
"cand-013b0e1b-ebe4-5063-b322-9aee93765a59","ex-87c8936c-15d4-5f39-ba44-cd0f703851f5","3","2","[""ANSWER_MISSING"",""CHOICES_REQUIRED"",""SOLUTION_MISSING"",""PAU_MODALITY_UNDECLARED"",""SOLUTION_REVIEW_REQUIRED""]"
"cand-0cfdab91-22ed-5fce-9960-62088462c23b","ex-3efd4db2-c5bb-5881-909a-e82226c1965a","3","2","[""ANSWER_MISSING"",""CHOICES_REQUIRED"",""SOLUTION_MISSING"",""PAU_MODALITY_UNDECLARED"",""SOLUTION_REVIEW_REQUIRED""]"
"cand-5e1894ee-a0ff-5e32-98d8-2c29fa1c5840","ex-b7bf3f7e-43b4-5a6b-8eff-45ea6322211a","3","2","[""ANSWER_MISSING"",""CHOICES_REQUIRED"",""SOLUTION_MISSING"",""PAU_MODALITY_UNDECLARED"",""SOLUTION_REVIEW_REQUIRED""]"
"cand-cf1da8b8-7f00-54fa-937d-b438f58d2aa1","ex-8dd9ec5b-8db3-5c59-a6b3-73e4cce81f9e","3","2","[""ANSWER_MISSING"",""CHOICES_REQUIRED"",""SOLUTION_MISSING"",""PAU_MODALITY_UNDECLARED"",""SOLUTION_REVIEW_REQUIRED""]"
"cand-c21ca5e9-cc84-5e91-b92f-e388b336510b","ex-129bef0e-a5c3-5c14-beb0-45239f9e05cf","3","3","[""ANSWER_MISSING"",""CHOICES_REQUIRED"",""SOLUTION_MISSING"",""PAU_DETAIL_INCOMPLETE"",""PAU_MODALITY_UNDECLARED"",""SOLUTION_REVIEW_REQUIRED""]"
"cand-c306b79e-d0d2-59b1-a2d8-03c42d68f345","ex-2f786dfb-f347-5ab2-87d6-f1fe609737d3","3","3","[""ANSWER_MISSING"",""CHOICES_REQUIRED"",""SOLUTION_MISSING"",""PAU_DETAIL_INCOMPLETE"",""PAU_MODALITY_UNDECLARED"",""SOLUTION_REVIEW_REQUIRED""]"
"cand-e4805729-beea-59d9-b643-106e371a8ff2","ex-7dc8ea20-1b40-5796-a34e-3ec37311fea9","3","2","[""ANSWER_MISSING"",""CHOICES_REQUIRED"",""SOLUTION_MISSING"",""PAU_MODALITY_UNDECLARED"",""SOLUTION_REVIEW_REQUIRED""]"
"cand-839595b6-7135-5071-aa15-aa024814666c","ex-769b88dd-7e0b-5e94-b95b-fcf576df8f4f","3","2","[""ANSWER_MISSING"",""CHOICES_REQUIRED"",""SOLUTION_MISSING"",""PAU_MODALITY_UNDECLARED"",""SOLUTION_REVIEW_REQUIRED""]"
"cand-21496fcb-5d28-50cc-9dbc-31c31749c3ef","ex-e84e6d06-1fda-583a-bc85-e53a5b172365","3","2","[""ANSWER_MISSING"",""CHOICES_REQUIRED"",""SOLUTION_MISSING"",""PAU_MODALITY_UNDECLARED"",""SOLUTION_REVIEW_REQUIRED""]"
"cand-98c19306-d57f-59a7-820e-8afbce883e0c","ex-27cad17a-edd5-559c-a4cd-2507a672814f","3","2","[""ANSWER_MISSING"",""CHOICES_REQUIRED"",""SOLUTION_MISSING"",""PAU_MODALITY_UNDECLARED"",""SOLUTION_REVIEW_REQUIRED""]"
"cand-4cde98e1-5b44-5feb-85be-a1b8885df047","ex-78201c9d-7993-5e77-90f9-378b24a01a76","3","2","[""ANSWER_MISSING"",""CHOICES_REQUIRED"",""SOLUTION_MISSING"",""PAU_MODALITY_UNDECLARED"",""SOLUTION_REVIEW_REQUIRED""]"
"cand-3d1a4853-07a2-5fa5-a8b1-94eb9b836b4a","ex-b4694b30-beaf-527d-b094-19678c51c3d7","3","2","[""ANSWER_MISSING"",""CHOICES_REQUIRED"",""SOLUTION_MISSING"",""PAU_MODALITY_UNDECLARED"",""SOLUTION_REVIEW_REQUIRED""]"
"cand-12499d37-a355-59b3-85d9-29c35248e8fb","ex-6ba695ff-795c-536c-be11-a72109e410d9","3","3","[""ANSWER_MISSING"",""CHOICES_REQUIRED"",""SOLUTION_MISSING"",""PAU_DETAIL_INCOMPLETE"",""PAU_MODALITY_UNDECLARED"",""SOLUTION_REVIEW_REQUIRED""]"
"cand-e25ee1c8-2914-5f0f-af77-94ac39f2119d","ex-8df91010-22e1-5776-9ee2-daa0ab5f2e8a","3","2","[""ANSWER_MISSING"",""CHOICES_REQUIRED"",""SOLUTION_MISSING"",""PAU_MODALITY_UNDECLARED"",""SOLUTION_REVIEW_REQUIRED""]"
"cand-066f8a35-db56-56b0-91e3-e6f4d0d914cb","ex-9a81e11d-0894-560d-ab72-cedd6f00d63d","3","2","[""ANSWER_MISSING"",""CHOICES_REQUIRED"",""SOLUTION_MISSING"",""PAU_MODALITY_UNDECLARED"",""SOLUTION_REVIEW_REQUIRED""]"
"cand-0790ba7a-c196-5b10-8d47-5a1633bde99b","ex-df33f63e-95f9-5c82-9234-76c87bb1b54d","3","2","[""ANSWER_MISSING"",""CHOICES_REQUIRED"",""SOLUTION_MISSING"",""PAU_MODALITY_UNDECLARED"",""SOLUTION_REVIEW_REQUIRED""]"
"cand-2072ab7d-d131-5e9b-8f3a-f6d93335e0a6","ex-24adb176-cac7-5913-a423-1f9b4d6caa7b","3","3","[""ANSWER_MISSING"",""CHOICES_REQUIRED"",""SOLUTION_MISSING"",""PAU_DETAIL_INCOMPLETE"",""PAU_MODALITY_UNDECLARED"",""SOLUTION_REVIEW_REQUIRED""]"
"cand-f2f524a7-3945-584a-bc09-99f221557fd3","ex-021657cd-d3a6-5f4d-9223-a5ce8fcf08bf","3","3","[""ANSWER_MISSING"",""CHOICES_REQUIRED"",""SOLUTION_MISSING"",""PAU_DETAIL_INCOMPLETE"",""PAU_MODALITY_UNDECLARED"",""SOLUTION_REVIEW_REQUIRED""]"
"cand-42e324b2-3a99-5857-81e7-bf492a96375f","ex-0ab1a373-0fb5-50fb-bfb5-79c26a652342","3","2","[""ANSWER_MISSING"",""CHOICES_REQUIRED"",""SOLUTION_MISSING"",""PAU_MODALITY_UNDECLARED"",""SOLUTION_REVIEW_REQUIRED""]"
"cand-5069a27a-6729-5ff1-9bf6-b454cb51aa97","ex-140f5810-5d62-5f0a-b28a-952a70bbf937","3","2","[""ANSWER_MISSING"",""CHOICES_REQUIRED"",""SOLUTION_MISSING"",""PAU_MODALITY_UNDECLARED"",""SOLUTION_REVIEW_REQUIRED""]"
"cand-3b21f963-52a2-5075-afe1-0996ade36276","ex-d188ccf1-596c-5e30-814a-38c14db97685","3","2","[""ANSWER_MISSING"",""CHOICES_REQUIRED"",""SOLUTION_MISSING"",""PAU_MODALITY_UNDECLARED"",""SOLUTION_REVIEW_REQUIRED""]"
"cand-b8e40161-de33-5118-8ac7-ed9cc5e436cd","ex-d87ae886-0118-5207-b1bc-9f88bb1b32f9","3","2","[""ANSWER_MISSING"",""CHOICES_REQUIRED"",""SOLUTION_MISSING"",""PAU_MODALITY_UNDECLARED"",""SOLUTION_REVIEW_REQUIRED""]"
"cand-b625f884-0476-5c39-b13d-3c1fcaae88ad","ex-a265ffea-4b8c-5877-836b-0d596a355b37","3","2","[""ANSWER_MISSING"",""CHOICES_REQUIRED"",""SOLUTION_MISSING"",""PAU_MODALITY_UNDECLARED"",""SOLUTION_REVIEW_REQUIRED""]"
"cand-9c59dedc-b521-564f-bd9b-8d5c258d70f1","ex-6d61811f-b54c-501c-bb19-f80deace19ef","3","2","[""ANSWER_MISSING"",""CHOICES_REQUIRED"",""SOLUTION_MISSING"",""PAU_MODALITY_UNDECLARED"",""SOLUTION_REVIEW_REQUIRED""]"
"cand-e5679f6e-189f-5a65-8855-adaa3fdc79d2","ex-e5da01d5-eaea-52c7-8e2f-32c25916fd1f","3","2","[""ANSWER_MISSING"",""CHOICES_REQUIRED"",""SOLUTION_MISSING"",""PAU_MODALITY_UNDECLARED"",""SOLUTION_REVIEW_REQUIRED""]"
"cand-06773bad-a99d-51e2-acc9-7deed5254d81","ex-4208925c-f061-5d66-9f7a-f97d2a2fde81","3","2","[""ANSWER_MISSING"",""CHOICES_REQUIRED"",""SOLUTION_MISSING"",""PAU_MODALITY_UNDECLARED"",""SOLUTION_REVIEW_REQUIRED""]"
"cand-b10398fe-03ad-56f7-ab72-6014d3c5f667","ex-83a87fc5-dce4-5ef2-b76a-7c4793b862fb","3","2","[""ANSWER_MISSING"",""CHOICES_REQUIRED"",""SOLUTION_MISSING"",""PAU_MODALITY_UNDECLARED"",""SOLUTION_REVIEW_REQUIRED""]"
"cand-3dba69fb-ceb7-5523-b308-607c3f52bcc8","ex-5cfa98fe-9496-5349-802c-114cb2fa1fff","3","2","[""ANSWER_MISSING"",""CHOICES_REQUIRED"",""SOLUTION_MISSING"",""PAU_MODALITY_UNDECLARED"",""SOLUTION_REVIEW_REQUIRED""]"
"cand-635896d3-281f-5143-a6bf-7f76f3c8b806","ex-9f2eae96-5a7f-59db-9521-a11579d9d447","3","2","[""ANSWER_MISSING"",""CHOICES_REQUIRED"",""SOLUTION_MISSING"",""PAU_MODALITY_UNDECLARED"",""SOLUTION_REVIEW_REQUIRED""]"
"cand-35a052fe-4673-521e-979e-f189ea93520e","ex-1af69d11-498f-51b9-8f80-1e7653ba1acd","3","2","[""ANSWER_MISSING"",""CHOICES_REQUIRED"",""SOLUTION_MISSING"",""PAU_MODALITY_UNDECLARED"",""SOLUTION_REVIEW_REQUIRED""]"
"cand-cec01500-df36-51b5-a34f-d88d984cba93","ex-58801dfc-1352-5f45-9553-a0e6af7ae900","3","2","[""ANSWER_MISSING"",""CHOICES_REQUIRED"",""SOLUTION_MISSING"",""PAU_MODALITY_UNDECLARED"",""SOLUTION_REVIEW_REQUIRED""]"
"cand-22687022-8f49-51a1-a025-5ba1c1bfbb32","ex-8808686e-e4b8-5f60-bc28-9013e64c838a","3","2","[""ANSWER_MISSING"",""CHOICES_REQUIRED"",""SOLUTION_MISSING"",""PAU_MODALITY_UNDECLARED"",""SOLUTION_REVIEW_REQUIRED""]"
"cand-d28ab299-ffbe-5106-80fd-657f9f361896","ex-d67f6d8f-df80-531d-a346-88633181fe11","3","2","[""ANSWER_MISSING"",""CHOICES_REQUIRED"",""SOLUTION_MISSING"",""PAU_MODALITY_UNDECLARED"",""SOLUTION_REVIEW_REQUIRED""]"
"cand-80894790-3cb1-5590-a05c-b591e3f34144","ex-0a18603e-239a-50a0-a90c-2ab1899de2e6","3","2","[""ANSWER_MISSING"",""CHOICES_REQUIRED"",""SOLUTION_MISSING"",""PAU_MODALITY_UNDECLARED"",""SOLUTION_REVIEW_REQUIRED""]"
"cand-122fdd4d-a9fe-565b-a918-24f7ea960ffc","ex-e7fa43be-3d4b-5382-b886-5388b2af234a","3","3","[""ANSWER_MISSING"",""CHOICES_REQUIRED"",""SOLUTION_MISSING"",""PAU_DETAIL_INCOMPLETE"",""PAU_MODALITY_UNDECLARED"",""SOLUTION_REVIEW_REQUIRED""]"
"cand-5f983a25-155f-58bc-81bb-9ffe528379b9","ex-1e464d72-c11a-5c97-ba68-81780715d14f","3","3","[""ANSWER_MISSING"",""CHOICES_REQUIRED"",""SOLUTION_MISSING"",""PAU_DETAIL_INCOMPLETE"",""PAU_MODALITY_UNDECLARED"",""SOLUTION_REVIEW_REQUIRED""]"
"cand-01e64612-dae9-5d70-ac21-e03a39714e00","ex-0adecbc8-3335-5d15-8bf8-b988b86e1536","3","3","[""ANSWER_MISSING"",""CHOICES_REQUIRED"",""SOLUTION_MISSING"",""PAU_DETAIL_INCOMPLETE"",""PAU_MODALITY_UNDECLARED"",""SOLUTION_REVIEW_REQUIRED""]"
"cand-1d201d7f-237c-599a-bb1c-c9b558548607","ex-39932d16-f15c-546f-933c-616134e53e7c","3","3","[""ANSWER_MISSING"",""CHOICES_REQUIRED"",""SOLUTION_MISSING"",""PAU_DETAIL_INCOMPLETE"",""PAU_MODALITY_UNDECLARED"",""SOLUTION_REVIEW_REQUIRED""]"
"cand-78250538-9c62-5b8b-ab17-cc5936e95348","ex-7df46119-e60c-551f-9bb2-dd54f650cc6d","3","3","[""ANSWER_MISSING"",""CHOICES_REQUIRED"",""SOLUTION_MISSING"",""PAU_DETAIL_INCOMPLETE"",""PAU_MODALITY_UNDECLARED"",""SOLUTION_REVIEW_REQUIRED""]"
"cand-cf170e73-b135-5edc-ac88-1a40923598e1","ex-de398808-937f-5cb6-be44-9d9dcc6c8a55","3","3","[""ANSWER_MISSING"",""CHOICES_REQUIRED"",""SOLUTION_MISSING"",""PAU_DETAIL_INCOMPLETE"",""PAU_MODALITY_UNDECLARED"",""SOLUTION_REVIEW_REQUIRED""]"
"cand-19891e7c-125b-5bab-8259-d1e4d2f4b1ad","ex-337a1ef7-7c1b-5f4a-962c-836cce476449","3","2","[""ANSWER_MISSING"",""CHOICES_REQUIRED"",""SOLUTION_MISSING"",""PAU_MODALITY_UNDECLARED"",""SOLUTION_REVIEW_REQUIRED""]"
"cand-586daf13-4012-501f-a871-5fd8c8bee8ef","ex-230d6a20-5760-5445-b0fb-2fb19399b058","3","2","[""ANSWER_MISSING"",""CHOICES_REQUIRED"",""SOLUTION_MISSING"",""PAU_MODALITY_UNDECLARED"",""SOLUTION_REVIEW_REQUIRED""]"
"cand-e4a48348-b9ee-5142-a5b1-4ddba18ad274","ex-72bf411b-de47-5111-aab7-9da3bd0006bd","3","2","[""ANSWER_MISSING"",""CHOICES_REQUIRED"",""SOLUTION_MISSING"",""PAU_MODALITY_UNDECLARED"",""SOLUTION_REVIEW_REQUIRED""]"
"cand-08ee32d0-9b9b-5e47-a3c4-94e80c1edfd6","ex-616a3f02-eccb-5273-8158-c92b06234d21","3","3","[""ANSWER_MISSING"",""CHOICES_REQUIRED"",""SOLUTION_MISSING"",""MATH_REPRESENTATION_UNDECLARED"",""PAU_MODALITY_UNDECLARED"",""SOLUTION_REVIEW_REQUIRED""]"
"cand-542fa152-c05b-5220-8318-595703a04d88","ex-dfe707fe-ce50-513d-91a4-52b4fb8dabe4","3","2","[""ANSWER_MISSING"",""CHOICES_REQUIRED"",""SOLUTION_MISSING"",""PAU_MODALITY_UNDECLARED"",""SOLUTION_REVIEW_REQUIRED""]"
"cand-64306d40-a613-5d38-9233-4af2c1996036","ex-91bf376a-d5c6-50cd-b680-045720f57253","3","2","[""ANSWER_MISSING"",""CHOICES_REQUIRED"",""SOLUTION_MISSING"",""PAU_MODALITY_UNDECLARED"",""SOLUTION_REVIEW_REQUIRED""]"
"cand-269be91a-a465-5bbb-8b7b-44664216e78d","ex-cd57b26f-cec1-501b-bb58-ec547d77a65d","3","3","[""ANSWER_MISSING"",""CHOICES_REQUIRED"",""SOLUTION_MISSING"",""PAU_DETAIL_INCOMPLETE"",""PAU_MODALITY_UNDECLARED"",""SOLUTION_REVIEW_REQUIRED""]"
"cand-348b9990-441e-519a-910a-0a0bfb9ba22e","ex-17c7ef77-48fa-5421-ad52-3013e01ac83c","3","3","[""ANSWER_MISSING"",""CHOICES_REQUIRED"",""SOLUTION_MISSING"",""PAU_DETAIL_INCOMPLETE"",""PAU_MODALITY_UNDECLARED"",""SOLUTION_REVIEW_REQUIRED""]"
"cand-85ee723c-431c-5dbd-a027-ac20fbc15e6d","ex-4fdc9f6f-d0a3-581d-8e5a-33a86d9098ba","3","3","[""ANSWER_MISSING"",""CHOICES_REQUIRED"",""SOLUTION_MISSING"",""PAU_DETAIL_INCOMPLETE"",""PAU_MODALITY_UNDECLARED"",""SOLUTION_REVIEW_REQUIRED""]"
"cand-8e342cbf-9f73-55a7-8ae2-97c3acb7f6bc","ex-46a6fb9f-15d8-524e-a13f-fac06b397a67","3","2","[""ANSWER_MISSING"",""CHOICES_REQUIRED"",""SOLUTION_MISSING"",""PAU_MODALITY_UNDECLARED"",""SOLUTION_REVIEW_REQUIRED""]"
"cand-15ffbccd-fb3d-5b69-ba56-f5a231d2e406","ex-bdd2098e-04cb-53a6-8ba8-61aa6d1d39c9","3","2","[""ANSWER_MISSING"",""CHOICES_REQUIRED"",""SOLUTION_MISSING"",""PAU_MODALITY_UNDECLARED"",""SOLUTION_REVIEW_REQUIRED""]"
"cand-cba58fee-c780-5980-9501-533af7b7d6ae","ex-b88173e7-c2a0-5866-a954-189d8d0b40d0","3","2","[""ANSWER_MISSING"",""CHOICES_REQUIRED"",""SOLUTION_MISSING"",""PAU_MODALITY_UNDECLARED"",""SOLUTION_REVIEW_REQUIRED""]"
"cand-783a0634-9ff0-5aea-bea7-6c1c7bff9d91","ex-2534dd3c-95e7-59da-8e66-393084e4dbb3","3","3","[""ANSWER_MISSING"",""CHOICES_REQUIRED"",""SOLUTION_MISSING"",""PAU_DETAIL_INCOMPLETE"",""PAU_MODALITY_UNDECLARED"",""SOLUTION_REVIEW_REQUIRED""]"
"cand-c127315d-8551-5e33-a496-709ca7273f84","ex-aae962b6-2059-5c17-9241-d675b04af440","3","3","[""ANSWER_MISSING"",""CHOICES_REQUIRED"",""SOLUTION_MISSING"",""PAU_DETAIL_INCOMPLETE"",""PAU_MODALITY_UNDECLARED"",""SOLUTION_REVIEW_REQUIRED""]"
"cand-1990cf57-f5cb-53cd-9f23-59d6138d554c","ex-298a1b8a-eecc-504a-af96-b607e5152768","3","3","[""ANSWER_MISSING"",""CHOICES_REQUIRED"",""SOLUTION_MISSING"",""PAU_DETAIL_INCOMPLETE"",""PAU_MODALITY_UNDECLARED"",""SOLUTION_REVIEW_REQUIRED""]"
"cand-07d87de7-fc04-50a4-9ce5-6e1f68b0e58d","ex-9abe51fe-eeff-5c24-a93c-36e9608fd89b","3","3","[""ANSWER_MISSING"",""CHOICES_REQUIRED"",""SOLUTION_MISSING"",""PAU_DETAIL_INCOMPLETE"",""PAU_MODALITY_UNDECLARED"",""SOLUTION_REVIEW_REQUIRED""]"
"cand-ffc200d3-f283-5b54-be29-474072c201a1","ex-12747938-d6ce-542f-bb23-bdf42e3af420","3","3","[""ANSWER_MISSING"",""CHOICES_REQUIRED"",""SOLUTION_MISSING"",""PAU_DETAIL_INCOMPLETE"",""PAU_MODALITY_UNDECLARED"",""SOLUTION_REVIEW_REQUIRED""]"
"cand-de35b92c-6063-5555-a696-d98532e1201a","ex-9c2709c7-cdd0-54d0-8755-57a6213c5514","3","3","[""ANSWER_MISSING"",""CHOICES_REQUIRED"",""SOLUTION_MISSING"",""PAU_DETAIL_INCOMPLETE"",""PAU_MODALITY_UNDECLARED"",""SOLUTION_REVIEW_REQUIRED""]"
"cand-5d89308a-0567-5dff-b5d4-4849d6272c79","ex-e1304a0f-4836-571a-805f-38aac22eff6b","3","3","[""ANSWER_MISSING"",""CHOICES_REQUIRED"",""SOLUTION_MISSING"",""PAU_DETAIL_INCOMPLETE"",""PAU_MODALITY_UNDECLARED"",""SOLUTION_REVIEW_REQUIRED""]"
"cand-dbe1a240-3ca3-5466-b3ed-18dfc4f21fe5","ex-2aa3ab81-8492-5b23-a393-636a2dc8d428","3","3","[""ANSWER_MISSING"",""CHOICES_REQUIRED"",""SOLUTION_MISSING"",""PAU_DETAIL_INCOMPLETE"",""PAU_MODALITY_UNDECLARED"",""SOLUTION_REVIEW_REQUIRED""]"
"cand-11820066-c760-5e57-bdc0-20736dcaf5a0","ex-4581738b-44d8-54bd-af42-3afcebfc9141","3","3","[""ANSWER_MISSING"",""CHOICES_REQUIRED"",""SOLUTION_MISSING"",""PAU_DETAIL_INCOMPLETE"",""PAU_MODALITY_UNDECLARED"",""SOLUTION_REVIEW_REQUIRED""]"
"cand-82546472-96b0-5448-bce1-ae6bedd381dc","ex-30966182-0bd5-56fc-8b17-11c568dd7ac3","3","2","[""ANSWER_MISSING"",""CHOICES_REQUIRED"",""SOLUTION_MISSING"",""PAU_MODALITY_UNDECLARED"",""SOLUTION_REVIEW_REQUIRED""]"
"cand-7d5499a4-9c1b-5f81-9f91-64cd2dfc5106","ex-d2f462e6-f910-52e0-af1d-c809ac28bac2","3","2","[""ANSWER_MISSING"",""CHOICES_REQUIRED"",""SOLUTION_MISSING"",""PAU_MODALITY_UNDECLARED"",""SOLUTION_REVIEW_REQUIRED""]"
"cand-2a9bfdbb-e89e-566b-80c9-c73ff708971a","ex-0ca64536-8afc-55d9-87e9-685d136d3c7c","3","2","[""ANSWER_MISSING"",""CHOICES_REQUIRED"",""SOLUTION_MISSING"",""PAU_MODALITY_UNDECLARED"",""SOLUTION_REVIEW_REQUIRED""]"
"cand-f9db68df-897d-5931-8e49-840f9aa8f0ae","ex-1f6d1b1e-a4d7-5076-8fb9-97d4a8ed8f7b","3","2","[""ANSWER_MISSING"",""CHOICES_REQUIRED"",""SOLUTION_MISSING"",""PAU_MODALITY_UNDECLARED"",""SOLUTION_REVIEW_REQUIRED""]"
"cand-e6048084-1b14-5756-bb3f-2dfdeb339e22","ex-ea7f78f1-a68a-5d4a-b918-8e50004389d5","3","2","[""ANSWER_MISSING"",""CHOICES_REQUIRED"",""SOLUTION_MISSING"",""PAU_MODALITY_UNDECLARED"",""SOLUTION_REVIEW_REQUIRED""]"
"cand-0b87d931-1cdd-5540-b005-29a718cb5d37","ex-d6b6a67c-3d05-5812-81b7-7944b97ecaa1","3","2","[""ANSWER_MISSING"",""CHOICES_REQUIRED"",""SOLUTION_MISSING"",""PAU_MODALITY_UNDECLARED"",""SOLUTION_REVIEW_REQUIRED""]"
"cand-0ec90ecb-5b50-5c72-acb1-c881f1a92e7b","ex-353fc831-8f3f-5503-a9e3-06cc13659471","3","3","[""ANSWER_MISSING"",""CHOICES_REQUIRED"",""SOLUTION_MISSING"",""PAU_DETAIL_INCOMPLETE"",""PAU_MODALITY_UNDECLARED"",""SOLUTION_REVIEW_REQUIRED""]"
"cand-5fc51394-5233-5acc-87a1-53fe715e095e","ex-32f4fbac-b67b-5ded-b6dd-347e5c479f76","3","2","[""ANSWER_MISSING"",""CHOICES_REQUIRED"",""SOLUTION_MISSING"",""PAU_MODALITY_UNDECLARED"",""SOLUTION_REVIEW_REQUIRED""]"
"cand-d66d3d97-4488-5203-8d18-956d15d9471b","ex-f7b27ec1-6c3d-5c75-8076-de2c7c895fe6","3","2","[""ANSWER_MISSING"",""CHOICES_REQUIRED"",""SOLUTION_MISSING"",""PAU_MODALITY_UNDECLARED"",""SOLUTION_REVIEW_REQUIRED""]"
"cand-201af734-2f40-5210-98e3-6fdb0451241c","ex-25529826-3f35-5fd1-80e4-1e5ab6200403","3","3","[""ANSWER_MISSING"",""CHOICES_REQUIRED"",""SOLUTION_MISSING"",""MATH_REPRESENTATION_UNDECLARED"",""PAU_MODALITY_UNDECLARED"",""SOLUTION_REVIEW_REQUIRED""]"
"cand-710db87e-4fad-5c9c-9f12-bdc628ee2877","ex-9d88344c-9188-5429-8d35-908f799a0cf8","3","3","[""ANSWER_MISSING"",""CHOICES_REQUIRED"",""SOLUTION_MISSING"",""PAU_DETAIL_INCOMPLETE"",""PAU_MODALITY_UNDECLARED"",""SOLUTION_REVIEW_REQUIRED""]"
"cand-57bbb5b3-8f42-5aec-85b2-82964f82c0a1","ex-ee79fc3d-6b9f-58fd-9fd8-9f957c3a7083","3","3","[""ANSWER_MISSING"",""CHOICES_REQUIRED"",""SOLUTION_MISSING"",""PAU_DETAIL_INCOMPLETE"",""PAU_MODALITY_UNDECLARED"",""SOLUTION_REVIEW_REQUIRED""]"
"cand-f09ef3ca-5127-5a19-9a9d-7e099efe36b3","ex-b7684103-3378-5d49-b652-905850d2643a","3","2","[""ANSWER_MISSING"",""CHOICES_REQUIRED"",""SOLUTION_MISSING"",""PAU_MODALITY_UNDECLARED"",""SOLUTION_REVIEW_REQUIRED""]"
"cand-5ceffc84-b4b7-5a0e-a64a-0a1d92efb513","ex-9b85c9f0-f562-5b14-9239-0b031960dbf6","3","2","[""ANSWER_MISSING"",""CHOICES_REQUIRED"",""SOLUTION_MISSING"",""PAU_MODALITY_UNDECLARED"",""SOLUTION_REVIEW_REQUIRED""]"
"cand-9de1c012-fd24-51e2-beb7-bfd44debfbb8","ex-3bef78d5-9eb0-5db8-9e0f-e632173416f2","3","3","[""ANSWER_MISSING"",""CHOICES_REQUIRED"",""SOLUTION_MISSING"",""MATH_REPRESENTATION_UNDECLARED"",""PAU_MODALITY_UNDECLARED"",""SOLUTION_REVIEW_REQUIRED""]"
"cand-09e9d83e-3cda-52fc-be53-db2b0d15e70a","ex-77968239-b799-5333-841d-d67890549c59","3","2","[""ANSWER_MISSING"",""CHOICES_REQUIRED"",""SOLUTION_MISSING"",""PAU_MODALITY_UNDECLARED"",""SOLUTION_REVIEW_REQUIRED""]"
"cand-75e9acc3-7f21-5020-a574-1e84f6b67865","ex-e14f96f4-af02-5e07-924a-b7d6581f761c","3","2","[""ANSWER_MISSING"",""CHOICES_REQUIRED"",""SOLUTION_MISSING"",""PAU_MODALITY_UNDECLARED"",""SOLUTION_REVIEW_REQUIRED""]"
"cand-d489de9e-8405-5ec8-aa9e-d2db55298ee7","ex-cb4dad12-d358-59be-9017-361cef697046","3","2","[""ANSWER_MISSING"",""CHOICES_REQUIRED"",""SOLUTION_MISSING"",""PAU_MODALITY_UNDECLARED"",""SOLUTION_REVIEW_REQUIRED""]"
"cand-2c0f5470-71a7-591f-9512-5d47167ac540","ex-ab234cec-e867-5cf7-b1be-9b4bfdaf3b4b","3","3","[""ANSWER_MISSING"",""CHOICES_REQUIRED"",""SOLUTION_MISSING"",""PAU_DETAIL_INCOMPLETE"",""PAU_MODALITY_UNDECLARED"",""SOLUTION_REVIEW_REQUIRED""]"
"cand-8c8792fb-1c04-5807-9e29-a7378ab31db7","ex-42f92834-15fa-57e7-93ef-67652d6887f4","3","2","[""ANSWER_MISSING"",""CHOICES_REQUIRED"",""SOLUTION_MISSING"",""PAU_MODALITY_UNDECLARED"",""SOLUTION_REVIEW_REQUIRED""]"
"cand-d5018d34-68a2-54b3-b145-839fc8b9d930","ex-2c6d9230-81ef-5daf-978d-d75e108e9bac","3","2","[""ANSWER_MISSING"",""CHOICES_REQUIRED"",""SOLUTION_MISSING"",""PAU_MODALITY_UNDECLARED"",""SOLUTION_REVIEW_REQUIRED""]"
"cand-3634aebb-c8eb-521a-b2ba-5310a8a68f25","ex-47c5af19-9479-5dc8-bfd5-2dc2ab96089b","3","2","[""ANSWER_MISSING"",""CHOICES_REQUIRED"",""SOLUTION_MISSING"",""PAU_MODALITY_UNDECLARED"",""SOLUTION_REVIEW_REQUIRED""]"
"cand-d7ec63e5-0726-5a4d-a5f4-de91a8857f0c","ex-754b9973-ccab-50da-ae73-ba634c452f0a","3","3","[""ANSWER_MISSING"",""CHOICES_REQUIRED"",""SOLUTION_MISSING"",""PAU_DETAIL_INCOMPLETE"",""PAU_MODALITY_UNDECLARED"",""SOLUTION_REVIEW_REQUIRED""]"
"cand-33f19e6f-758e-537c-90e7-157d61b18e8e","ex-76afc82f-d313-5303-9d1f-c430354d4d71","3","3","[""ANSWER_MISSING"",""CHOICES_REQUIRED"",""SOLUTION_MISSING"",""PAU_DETAIL_INCOMPLETE"",""PAU_MODALITY_UNDECLARED"",""SOLUTION_REVIEW_REQUIRED""]"
"cand-ce73fbf6-25c6-545a-a2a0-2fcd6b12e784","ex-87e78a86-e26f-5776-853b-42d2f1b5e824","3","2","[""ANSWER_MISSING"",""CHOICES_REQUIRED"",""SOLUTION_MISSING"",""PAU_MODALITY_UNDECLARED"",""SOLUTION_REVIEW_REQUIRED""]"
"cand-d730378d-c4b1-52dd-aa40-0ad9f27a1f72","ex-a8cff6a3-115f-5a42-9184-c59817492a24","3","2","[""ANSWER_MISSING"",""CHOICES_REQUIRED"",""SOLUTION_MISSING"",""PAU_MODALITY_UNDECLARED"",""SOLUTION_REVIEW_REQUIRED""]"
"cand-0f0fa8ce-a207-5228-b604-f0deb80be04c","ex-a33a682a-2dee-5316-b804-9c57dfd341b7","3","3","[""ANSWER_MISSING"",""CHOICES_REQUIRED"",""SOLUTION_MISSING"",""PAU_DETAIL_INCOMPLETE"",""PAU_MODALITY_UNDECLARED"",""SOLUTION_REVIEW_REQUIRED""]"
"cand-66527939-29a1-5304-aa63-8d74a2c41d68","ex-40e81a13-3d60-5b6c-9d7f-9f781d14238d","3","3","[""ANSWER_MISSING"",""CHOICES_REQUIRED"",""SOLUTION_MISSING"",""PAU_DETAIL_INCOMPLETE"",""PAU_MODALITY_UNDECLARED"",""SOLUTION_REVIEW_REQUIRED""]"
"cand-3b30604b-c085-5c97-8196-468282c7b183","ex-5e0c8943-475c-5281-93e6-97ba6d0b43ed","3","2","[""ANSWER_MISSING"",""CHOICES_REQUIRED"",""SOLUTION_MISSING"",""PAU_MODALITY_UNDECLARED"",""SOLUTION_REVIEW_REQUIRED""]"
"cand-b2eedf6d-454f-5f2c-b875-31f7c5b0c8e6","ex-a511698e-a09b-5cef-ad93-ee28b4286814","3","2","[""ANSWER_MISSING"",""CHOICES_REQUIRED"",""SOLUTION_MISSING"",""PAU_MODALITY_UNDECLARED"",""SOLUTION_REVIEW_REQUIRED""]"
"cand-a99759d1-50de-5800-b383-dc1d5076b90c","ex-a13ed063-b829-53a0-8559-e86e37a5af0c","3","2","[""ANSWER_MISSING"",""CHOICES_REQUIRED"",""SOLUTION_MISSING"",""PAU_MODALITY_UNDECLARED"",""SOLUTION_REVIEW_REQUIRED""]"
"cand-ff3eb85c-79c5-5553-826d-e450e059dd4d","ex-e7c6fc33-1384-5234-b26f-98131bf9d78a","3","2","[""ANSWER_MISSING"",""CHOICES_REQUIRED"",""SOLUTION_MISSING"",""PAU_MODALITY_UNDECLARED"",""SOLUTION_REVIEW_REQUIRED""]"
"cand-4a0f9ca3-c693-5b88-9f93-abf4db2fa738","ex-cb8095d7-7536-55da-bd2e-51f4ea4a1ecf","3","3","[""ANSWER_MISSING"",""CHOICES_REQUIRED"",""SOLUTION_MISSING"",""MATH_REPRESENTATION_UNDECLARED"",""PAU_MODALITY_UNDECLARED"",""SOLUTION_REVIEW_REQUIRED""]"
"cand-0f28b6e9-57d7-5441-9071-b905048c65b6","ex-5488a576-391e-5a6b-9fc5-fd068409d509","3","2","[""ANSWER_MISSING"",""CHOICES_REQUIRED"",""SOLUTION_MISSING"",""PAU_MODALITY_UNDECLARED"",""SOLUTION_REVIEW_REQUIRED""]"
"cand-b1ea4daa-8a6b-55e3-ad14-29cc557f583b","ex-c864e081-aae9-5a6c-a546-0a22ea55e16c","3","2","[""ANSWER_MISSING"",""CHOICES_REQUIRED"",""SOLUTION_MISSING"",""PAU_MODALITY_UNDECLARED"",""SOLUTION_REVIEW_REQUIRED""]"
"cand-27796539-a3ad-5bff-b3c6-dc8f7d848ef4","ex-a778ffe1-f731-5811-9d87-21b4999b716e","3","2","[""ANSWER_MISSING"",""CHOICES_REQUIRED"",""SOLUTION_MISSING"",""PAU_MODALITY_UNDECLARED"",""SOLUTION_REVIEW_REQUIRED""]"
"cand-55a5b3f7-0bde-5962-9ad0-6109f03ec0dd","ex-4ee36238-61cf-5cd4-a5b8-ec28160e8e7a","3","2","[""ANSWER_MISSING"",""CHOICES_REQUIRED"",""SOLUTION_MISSING"",""PAU_MODALITY_UNDECLARED"",""SOLUTION_REVIEW_REQUIRED""]"
"cand-fae744af-b64e-5fcd-aef7-ab5440ab42fa","ex-87da2abd-bd0b-59a7-a4f7-a96a7843e0de","3","3","[""ANSWER_MISSING"",""CHOICES_REQUIRED"",""SOLUTION_MISSING"",""PAU_DETAIL_INCOMPLETE"",""PAU_MODALITY_UNDECLARED"",""SOLUTION_REVIEW_REQUIRED""]"
"cand-68615653-c4ab-50db-a8af-42ebcc1a49c7","ex-da454c4a-a240-5dab-abaf-941d9944e8cf","3","3","[""ANSWER_MISSING"",""CHOICES_REQUIRED"",""SOLUTION_MISSING"",""PAU_DETAIL_INCOMPLETE"",""PAU_MODALITY_UNDECLARED"",""SOLUTION_REVIEW_REQUIRED""]"
"cand-d795e1ba-2bfe-5cb0-86a1-73992604657f","ex-32069dbb-95ed-5ab7-a39f-4ca50297e2e0","3","3","[""ANSWER_MISSING"",""CHOICES_REQUIRED"",""SOLUTION_MISSING"",""MATH_REPRESENTATION_UNDECLARED"",""PAU_MODALITY_UNDECLARED"",""SOLUTION_REVIEW_REQUIRED""]"
"cand-4e874bac-b70a-5c21-b3da-f06ff719cc10","ex-160a1df9-e10c-55fe-a588-809d1feb3ee3","3","2","[""ANSWER_MISSING"",""CHOICES_REQUIRED"",""SOLUTION_MISSING"",""PAU_MODALITY_UNDECLARED"",""SOLUTION_REVIEW_REQUIRED""]"
"cand-f3b5996c-85de-557d-80b3-196e2bb14bce","ex-30a467b6-11c7-5d48-ad47-f41ef3e82702","3","2","[""ANSWER_MISSING"",""CHOICES_REQUIRED"",""SOLUTION_MISSING"",""PAU_MODALITY_UNDECLARED"",""SOLUTION_REVIEW_REQUIRED""]"
"cand-9aed046c-f5fa-5640-9521-588c1cedfa7d","ex-2a2affa0-2fd2-5ab7-8829-1746e10f72cb","3","2","[""ANSWER_MISSING"",""CHOICES_REQUIRED"",""SOLUTION_MISSING"",""PAU_MODALITY_UNDECLARED"",""SOLUTION_REVIEW_REQUIRED""]"
"cand-82ac2076-ec60-5aab-8c3c-31e11f19d94c","ex-849f198e-6a3b-5442-8f80-25bb816158c7","3","2","[""ANSWER_MISSING"",""CHOICES_REQUIRED"",""SOLUTION_MISSING"",""PAU_MODALITY_UNDECLARED"",""SOLUTION_REVIEW_REQUIRED""]"
"cand-caaf74cc-9fca-5dc4-a1b0-2cc6aed7bee6","ex-8c6435d3-3d12-5119-a40e-37d8f47443e0","3","2","[""ANSWER_MISSING"",""CHOICES_REQUIRED"",""SOLUTION_MISSING"",""PAU_MODALITY_UNDECLARED"",""SOLUTION_REVIEW_REQUIRED""]"
"cand-c9fd9ca8-c517-58f6-851a-c18c90f9bf02","ex-02d36714-b381-516c-bcad-2908b3559f96","3","3","[""ANSWER_MISSING"",""CHOICES_REQUIRED"",""SOLUTION_MISSING"",""PAU_DETAIL_INCOMPLETE"",""PAU_MODALITY_UNDECLARED"",""SOLUTION_REVIEW_REQUIRED""]"
"cand-f38dd416-1000-501a-ac70-3a0d9437cc0a","ex-53cb1f9c-03c7-5294-bccc-bf6af1130d23","3","2","[""ANSWER_MISSING"",""CHOICES_REQUIRED"",""SOLUTION_MISSING"",""PAU_MODALITY_UNDECLARED"",""SOLUTION_REVIEW_REQUIRED""]"
"cand-57d07d74-59a7-53e4-9421-7e163e48a193","ex-0356a982-4366-5979-9ea9-2aafa267a7fa","3","2","[""ANSWER_MISSING"",""CHOICES_REQUIRED"",""SOLUTION_MISSING"",""PAU_MODALITY_UNDECLARED"",""SOLUTION_REVIEW_REQUIRED""]"
"cand-de24f18b-2159-5e2c-a9d2-7750d098ae35","ex-81acfe31-0036-5a1d-b70b-5d8bb404a490","3","3","[""ANSWER_MISSING"",""CHOICES_REQUIRED"",""SOLUTION_MISSING"",""MATH_REPRESENTATION_UNDECLARED"",""PAU_MODALITY_UNDECLARED"",""SOLUTION_REVIEW_REQUIRED""]"
"cand-d5a74ea2-a10f-53f2-a919-7aceb7cc9937","ex-5598c919-373d-5213-aa35-73e55e3f9e5a","3","2","[""ANSWER_MISSING"",""CHOICES_REQUIRED"",""SOLUTION_MISSING"",""PAU_MODALITY_UNDECLARED"",""SOLUTION_REVIEW_REQUIRED""]"
"cand-7b920666-1099-523f-a65f-d0ed1f9b2fd5","ex-ac87969e-47f8-5e45-bc28-1e1a35ba59c1","3","2","[""ANSWER_MISSING"",""CHOICES_REQUIRED"",""SOLUTION_MISSING"",""PAU_MODALITY_UNDECLARED"",""SOLUTION_REVIEW_REQUIRED""]"
"cand-0c4ee32d-3f0c-50c8-b23b-31151e926219","ex-4fe238fc-5b28-58ea-94e8-3696f7e85d53","3","2","[""ANSWER_MISSING"",""CHOICES_REQUIRED"",""SOLUTION_MISSING"",""PAU_MODALITY_UNDECLARED"",""SOLUTION_REVIEW_REQUIRED""]"
"cand-a51c9da8-1c12-5a03-8057-f7f65d10313f","ex-7e0971ed-c210-5d27-9b3e-acb47ab15614","3","3","[""ANSWER_MISSING"",""CHOICES_REQUIRED"",""SOLUTION_MISSING"",""PAU_DETAIL_INCOMPLETE"",""PAU_MODALITY_UNDECLARED"",""SOLUTION_REVIEW_REQUIRED""]"
"cand-ee48cf40-202e-5815-ab92-598791e7b709","ex-d8b5478c-06f0-583e-a4c5-d04252b32529","3","3","[""ANSWER_MISSING"",""CHOICES_REQUIRED"",""SOLUTION_MISSING"",""PAU_DETAIL_INCOMPLETE"",""PAU_MODALITY_UNDECLARED"",""SOLUTION_REVIEW_REQUIRED""]"
"cand-a0ab1624-915b-5866-afd1-50f38477049e","ex-bc454676-769e-5d6f-8a77-4fda97d51385","3","2","[""ANSWER_MISSING"",""CHOICES_REQUIRED"",""SOLUTION_MISSING"",""PAU_MODALITY_UNDECLARED"",""SOLUTION_REVIEW_REQUIRED""]"
"cand-6e45bdcc-40f2-59d1-a76a-0e264b90ead8","ex-75b3a28f-1f25-59d7-8d48-5a3e59e3d882","3","2","[""ANSWER_MISSING"",""CHOICES_REQUIRED"",""SOLUTION_MISSING"",""PAU_MODALITY_UNDECLARED"",""SOLUTION_REVIEW_REQUIRED""]"
"cand-ae4e2aea-c19c-5312-ac51-5dfc3885d38b","ex-115ec5ee-6a0d-56f6-ac43-1ce4f9b91c04","3","2","[""ANSWER_MISSING"",""CHOICES_REQUIRED"",""SOLUTION_MISSING"",""PAU_MODALITY_UNDECLARED"",""SOLUTION_REVIEW_REQUIRED""]"
"cand-a41e70ef-fed1-5374-8350-08c873641c5d","ex-b4709448-e575-54aa-a754-576d5062791b","3","2","[""ANSWER_MISSING"",""CHOICES_REQUIRED"",""SOLUTION_MISSING"",""PAU_MODALITY_UNDECLARED"",""SOLUTION_REVIEW_REQUIRED""]"
"cand-1c2c75de-f582-5719-8e2d-263cd50d34b3","ex-83721289-10a7-542a-8596-f03dafbb379d","3","2","[""ANSWER_MISSING"",""CHOICES_REQUIRED"",""SOLUTION_MISSING"",""PAU_MODALITY_UNDECLARED"",""SOLUTION_REVIEW_REQUIRED""]"
"cand-7053fa6b-fa7f-548d-ba39-67529e726b5f","ex-58fd6ee9-e89e-5a2b-b449-330217f91695","3","3","[""ANSWER_MISSING"",""CHOICES_REQUIRED"",""SOLUTION_MISSING"",""MATH_REPRESENTATION_UNDECLARED"",""PAU_MODALITY_UNDECLARED"",""SOLUTION_REVIEW_REQUIRED""]"
"cand-f54336e6-54ed-5ec6-aeff-fae6bfd106af","ex-f5f15b25-6e1d-5c7b-b3c2-9e448afe8e78","3","3","[""ANSWER_MISSING"",""CHOICES_REQUIRED"",""SOLUTION_MISSING"",""PAU_DETAIL_INCOMPLETE"",""PAU_MODALITY_UNDECLARED"",""SOLUTION_REVIEW_REQUIRED""]"
"cand-fa4b5669-e156-56b4-9f8a-da5b527c2715","ex-411975d8-1246-5636-bcb6-07fb8d60f6a1","3","2","[""ANSWER_MISSING"",""CHOICES_REQUIRED"",""SOLUTION_MISSING"",""PAU_MODALITY_UNDECLARED"",""SOLUTION_REVIEW_REQUIRED""]"
"cand-118bcf5b-c442-5cd8-92ab-7ee8b79ab017","ex-49c1c4b4-1cd2-5552-897c-2dcee3ec895f","3","2","[""ANSWER_MISSING"",""CHOICES_REQUIRED"",""SOLUTION_MISSING"",""PAU_MODALITY_UNDECLARED"",""SOLUTION_REVIEW_REQUIRED""]"
"cand-24d442bb-a98f-55ac-a79e-4c9d461f9fe8","ex-55564709-a5a9-5e80-92ac-2c4e34e07c5f","3","2","[""ANSWER_MISSING"",""CHOICES_REQUIRED"",""SOLUTION_MISSING"",""PAU_MODALITY_UNDECLARED"",""SOLUTION_REVIEW_REQUIRED""]"
"cand-4f6d0687-1f36-5db4-a0b5-39e5d9dbb830","ex-dd8b3c89-b51d-5554-860f-4a99c3466607","3","2","[""ANSWER_MISSING"",""CHOICES_REQUIRED"",""SOLUTION_MISSING"",""PAU_MODALITY_UNDECLARED"",""SOLUTION_REVIEW_REQUIRED""]"
"cand-d6db0773-2fa3-5f3e-970a-1f7c91839da5","ex-46a4f295-1516-56e3-a593-11a9013ce98f","3","2","[""ANSWER_MISSING"",""CHOICES_REQUIRED"",""SOLUTION_MISSING"",""PAU_MODALITY_UNDECLARED"",""SOLUTION_REVIEW_REQUIRED""]"
"cand-af6427c5-8868-5f3b-99d7-80747a8e9cf1","ex-ec2b25f8-fcfc-5037-902f-d0b62d0de36b","3","2","[""ANSWER_MISSING"",""CHOICES_REQUIRED"",""SOLUTION_MISSING"",""PAU_MODALITY_UNDECLARED"",""SOLUTION_REVIEW_REQUIRED""]"
"cand-ff9221fd-57ab-5c32-af50-292fff8bf8db","ex-5c868f5f-c38c-5d55-a238-2904f8dd8965","3","3","[""ANSWER_MISSING"",""CHOICES_REQUIRED"",""SOLUTION_MISSING"",""PAU_DETAIL_INCOMPLETE"",""PAU_MODALITY_UNDECLARED"",""SOLUTION_REVIEW_REQUIRED""]"
"cand-3385c1a3-ab45-5e9d-932e-4a2648fb793f","ex-5bd07264-1f2c-53c8-945f-a54f0f24fe80","3","3","[""ANSWER_MISSING"",""CHOICES_REQUIRED"",""SOLUTION_MISSING"",""PAU_DETAIL_INCOMPLETE"",""PAU_MODALITY_UNDECLARED"",""SOLUTION_REVIEW_REQUIRED""]"
"cand-40351631-28b5-512b-952a-7f18345de1c0","ex-d4df6f34-fa40-5cf5-9bda-02451f5673ba","3","2","[""ANSWER_MISSING"",""CHOICES_REQUIRED"",""SOLUTION_MISSING"",""PAU_MODALITY_UNDECLARED"",""SOLUTION_REVIEW_REQUIRED""]"
"cand-7db12dc7-dd5c-5331-a010-e90d55502099","ex-bcad111c-0075-59fc-b6d6-fafdd2c29b93","3","2","[""ANSWER_MISSING"",""CHOICES_REQUIRED"",""SOLUTION_MISSING"",""PAU_MODALITY_UNDECLARED"",""SOLUTION_REVIEW_REQUIRED""]"
"cand-ac72d0be-3371-55fd-8a4f-eb7dbbf3e7af","ex-aa1218bc-eee3-5c70-bfd9-45dca358af5b","3","2","[""ANSWER_MISSING"",""CHOICES_REQUIRED"",""SOLUTION_MISSING"",""PAU_MODALITY_UNDECLARED"",""SOLUTION_REVIEW_REQUIRED""]"
"cand-5a8cae0a-30f6-5c1e-a559-f16709ddddc9","ex-daa8f3b6-c863-5b7f-8a56-fe50a31cb919","3","2","[""ANSWER_MISSING"",""CHOICES_REQUIRED"",""SOLUTION_MISSING"",""PAU_MODALITY_UNDECLARED"",""SOLUTION_REVIEW_REQUIRED""]"
"cand-b4c42265-b302-5b0e-8178-ab11fe92739e","ex-ac6133e1-79c8-52ec-8536-abcde6fec411","3","2","[""ANSWER_MISSING"",""CHOICES_REQUIRED"",""SOLUTION_MISSING"",""PAU_MODALITY_UNDECLARED"",""SOLUTION_REVIEW_REQUIRED""]"
"cand-bd9fe268-56ff-5ce3-b222-b0ed1bd837c6","ex-fff9fa59-7ffe-5cbc-a6a5-b936c73505d7","3","2","[""ANSWER_MISSING"",""CHOICES_REQUIRED"",""SOLUTION_MISSING"",""PAU_MODALITY_UNDECLARED"",""SOLUTION_REVIEW_REQUIRED""]"
"cand-2879ef57-f602-5de7-be42-a09a76d13c89","ex-693c5455-81c3-54ad-aa64-c9b85ac44a52","3","3","[""ANSWER_MISSING"",""CHOICES_REQUIRED"",""SOLUTION_MISSING"",""PAU_DETAIL_INCOMPLETE"",""PAU_MODALITY_UNDECLARED"",""SOLUTION_REVIEW_REQUIRED""]"
"cand-2c2d6fc3-67ee-5939-be7b-3dd23b273594","ex-b468782d-cb92-5a2b-a935-1fa76c5ab94c","3","2","[""ANSWER_MISSING"",""CHOICES_REQUIRED"",""SOLUTION_MISSING"",""PAU_MODALITY_UNDECLARED"",""SOLUTION_REVIEW_REQUIRED""]"
"cand-e99a05ff-c277-515a-a1e3-33f08901fa5b","ex-dfd91b14-1adb-5e1a-879c-2494a975a0dd","3","2","[""ANSWER_MISSING"",""CHOICES_REQUIRED"",""SOLUTION_MISSING"",""PAU_MODALITY_UNDECLARED"",""SOLUTION_REVIEW_REQUIRED""]"
"cand-ce53227d-7646-5cd9-8aa1-e9cd62fd6a4d","ex-2ac5d511-eac8-5036-bf5c-79cdae3bce65","3","2","[""ANSWER_MISSING"",""CHOICES_REQUIRED"",""SOLUTION_MISSING"",""PAU_MODALITY_UNDECLARED"",""SOLUTION_REVIEW_REQUIRED""]"
"cand-54711fb0-7441-52c0-97b1-f328143fafa3","ex-780297ef-6c21-59f0-a49a-b18d17b2a99c","3","3","[""ANSWER_MISSING"",""CHOICES_REQUIRED"",""SOLUTION_MISSING"",""PAU_DETAIL_INCOMPLETE"",""PAU_MODALITY_UNDECLARED"",""SOLUTION_REVIEW_REQUIRED""]"
"cand-21de1773-b6e7-53ba-9d8c-74185493009a","ex-a9055451-5465-5033-9c62-47bc5d497e2d","3","2","[""ANSWER_MISSING"",""CHOICES_REQUIRED"",""SOLUTION_MISSING"",""PAU_MODALITY_UNDECLARED"",""SOLUTION_REVIEW_REQUIRED""]"
"cand-3559a22c-0ee0-5150-a68c-ba1d941bf4b9","ex-5bc0a63f-6f6d-526f-9bfc-5fc5a0f639aa","3","2","[""ANSWER_MISSING"",""CHOICES_REQUIRED"",""SOLUTION_MISSING"",""PAU_MODALITY_UNDECLARED"",""SOLUTION_REVIEW_REQUIRED""]"
"cand-8bfebb3e-15d0-5b93-ad66-ca5ad6565ca8","ex-26b6d5c7-88aa-57cf-ad23-9fe4922a55e0","3","2","[""ANSWER_MISSING"",""CHOICES_REQUIRED"",""SOLUTION_MISSING"",""PAU_MODALITY_UNDECLARED"",""SOLUTION_REVIEW_REQUIRED""]"
"cand-c06a1741-ceef-5545-84a2-a2c261c8f5fb","ex-d7971e0f-1adc-562f-969e-c09c2ae72310","3","4","[""ANSWER_MISSING"",""CHOICES_REQUIRED"",""SOLUTION_MISSING"",""MATH_REPRESENTATION_UNDECLARED"",""PAU_DETAIL_INCOMPLETE"",""PAU_MODALITY_UNDECLARED"",""SOLUTION_REVIEW_REQUIRED""]"
"cand-a8712357-4517-5931-8f5b-354c66326a72","ex-e88c1ae1-97de-5b71-8862-068bcdfb81d7","3","2","[""ANSWER_MISSING"",""CHOICES_REQUIRED"",""SOLUTION_MISSING"",""PAU_MODALITY_UNDECLARED"",""SOLUTION_REVIEW_REQUIRED""]"
"cand-31dcfb0d-5c8a-5ac1-99c9-3f7d8fadb613","ex-203d0e2f-5a30-5879-ab93-a57097fb733d","3","2","[""ANSWER_MISSING"",""CHOICES_REQUIRED"",""SOLUTION_MISSING"",""PAU_MODALITY_UNDECLARED"",""SOLUTION_REVIEW_REQUIRED""]"
"cand-1d135eb9-51a2-55df-a2cb-d1eeb6f874ce","ex-f8d0b5c3-65b2-5155-9491-2eeff8d4d66a","3","2","[""ANSWER_MISSING"",""CHOICES_REQUIRED"",""SOLUTION_MISSING"",""PAU_MODALITY_UNDECLARED"",""SOLUTION_REVIEW_REQUIRED""]"
"cand-48d4f102-6d20-5701-9017-4e158c9fc585","ex-5aa88f43-8b2f-5ae7-877b-216cc4036d88","3","2","[""ANSWER_MISSING"",""CHOICES_REQUIRED"",""SOLUTION_MISSING"",""PAU_MODALITY_UNDECLARED"",""SOLUTION_REVIEW_REQUIRED""]"
"cand-f77558a1-b4f9-59c6-87d0-a3b481577011","ex-83825c9c-7a0c-52aa-b68a-ed3ffb09a49d","3","3","[""ANSWER_MISSING"",""CHOICES_REQUIRED"",""SOLUTION_MISSING"",""PAU_DETAIL_INCOMPLETE"",""PAU_MODALITY_UNDECLARED"",""SOLUTION_REVIEW_REQUIRED""]"
"cand-9ca89506-2fac-5029-a61c-fe5c2fc4348c","ex-f15eda34-ba91-5fac-a79e-1ab8baee7315","3","3","[""ANSWER_MISSING"",""CHOICES_REQUIRED"",""SOLUTION_MISSING"",""PAU_DETAIL_INCOMPLETE"",""PAU_MODALITY_UNDECLARED"",""SOLUTION_REVIEW_REQUIRED""]"
"cand-dc2a9768-ea41-5cfd-ac69-7f45e9a2408f","ex-6bbc7b6b-701c-5b05-bba0-a83b39e24ed2","3","2","[""ANSWER_MISSING"",""CHOICES_REQUIRED"",""SOLUTION_MISSING"",""PAU_MODALITY_UNDECLARED"",""SOLUTION_REVIEW_REQUIRED""]"
"cand-6f15adef-f20b-525b-b8e7-ce421ca7ed67","ex-8d2a071c-8c98-5a05-9cb2-5d61c5df402f","3","2","[""ANSWER_MISSING"",""CHOICES_REQUIRED"",""SOLUTION_MISSING"",""PAU_MODALITY_UNDECLARED"",""SOLUTION_REVIEW_REQUIRED""]"
"cand-daee77e9-31c4-5bdf-a3f8-bcdc68113cbe","ex-a214d623-be13-5065-92f6-662ad0142731","3","2","[""ANSWER_MISSING"",""CHOICES_REQUIRED"",""SOLUTION_MISSING"",""PAU_MODALITY_UNDECLARED"",""SOLUTION_REVIEW_REQUIRED""]"
"cand-2e1701cd-eb6e-5729-a2e0-9d71d7647495","ex-fb4a1e0e-a519-520f-94e7-58c110aca05b","3","2","[""ANSWER_MISSING"",""CHOICES_REQUIRED"",""SOLUTION_MISSING"",""PAU_MODALITY_UNDECLARED"",""SOLUTION_REVIEW_REQUIRED""]"
"cand-bcb4673c-943d-52f2-801f-dbb420261cae","ex-7671afd0-6dc1-5b65-b067-fd607c4b5eac","3","3","[""ANSWER_MISSING"",""CHOICES_REQUIRED"",""SOLUTION_MISSING"",""PAU_DETAIL_INCOMPLETE"",""PAU_MODALITY_UNDECLARED"",""SOLUTION_REVIEW_REQUIRED""]"
"cand-b040707f-cccf-5dc4-90f4-8532b2b3d945","ex-fc8807d7-86c8-5a23-a37c-a8dde75d0034","3","3","[""ANSWER_MISSING"",""CHOICES_REQUIRED"",""SOLUTION_MISSING"",""PAU_DETAIL_INCOMPLETE"",""PAU_MODALITY_UNDECLARED"",""SOLUTION_REVIEW_REQUIRED""]"
"cand-4244ced6-3821-5b14-a466-0980d69b4656","ex-0a63db11-6d23-597e-adb6-74e05d47d656","3","2","[""ANSWER_MISSING"",""CHOICES_REQUIRED"",""SOLUTION_MISSING"",""PAU_MODALITY_UNDECLARED"",""SOLUTION_REVIEW_REQUIRED""]"
"cand-b5d1d1c8-b3a4-50b0-a1b8-a4a5d229059c","ex-ff640564-043a-5041-9a8d-69c57458ed1c","3","2","[""ANSWER_MISSING"",""CHOICES_REQUIRED"",""SOLUTION_MISSING"",""PAU_MODALITY_UNDECLARED"",""SOLUTION_REVIEW_REQUIRED""]"
"cand-4f7edb24-4be3-53f6-8102-1c78ba8fc776","ex-f8e335ac-dac4-5d24-9dac-d40cd4a36ffd","3","2","[""ANSWER_MISSING"",""CHOICES_REQUIRED"",""SOLUTION_MISSING"",""PAU_MODALITY_UNDECLARED"",""SOLUTION_REVIEW_REQUIRED""]"
"cand-136a31ba-65bd-502b-a991-e7d814853141","ex-861b9869-183c-555d-93e9-46942b350139","3","2","[""ANSWER_MISSING"",""CHOICES_REQUIRED"",""SOLUTION_MISSING"",""PAU_MODALITY_UNDECLARED"",""SOLUTION_REVIEW_REQUIRED""]"
"cand-0cb43c34-ce24-558d-af38-260cb0f8aae3","ex-e2bc3779-aefe-533d-89d2-ffdd1df51715","3","3","[""ANSWER_MISSING"",""CHOICES_REQUIRED"",""SOLUTION_MISSING"",""PAU_DETAIL_INCOMPLETE"",""PAU_MODALITY_UNDECLARED"",""SOLUTION_REVIEW_REQUIRED""]"
"cand-13b3d160-25a7-50a6-bd7b-649bb7b6d602","ex-b0906fed-a43f-5dff-86d9-d9a8098ba9b2","3","3","[""ANSWER_MISSING"",""CHOICES_REQUIRED"",""SOLUTION_MISSING"",""PAU_DETAIL_INCOMPLETE"",""PAU_MODALITY_UNDECLARED"",""SOLUTION_REVIEW_REQUIRED""]"
"cand-312a0f7c-2474-59cf-94ae-0b806ac3b9fa","ex-30eaeb76-b63d-52d3-a32e-b4b6e43ce2ef","3","2","[""ANSWER_MISSING"",""CHOICES_REQUIRED"",""SOLUTION_MISSING"",""PAU_MODALITY_UNDECLARED"",""SOLUTION_REVIEW_REQUIRED""]"
"cand-069b9ec1-e6bf-5f3a-9d6a-2b5d402ec8c3","ex-f85041b7-4551-5d42-b50d-b40ac2a129f6","3","2","[""ANSWER_MISSING"",""CHOICES_REQUIRED"",""SOLUTION_MISSING"",""PAU_MODALITY_UNDECLARED"",""SOLUTION_REVIEW_REQUIRED""]"
"cand-4504d0be-fc89-5f38-8e26-2da149712f51","ex-217b453f-6d3c-56e1-a886-0aaf6e3238b6","3","2","[""ANSWER_MISSING"",""CHOICES_REQUIRED"",""SOLUTION_MISSING"",""PAU_MODALITY_UNDECLARED"",""SOLUTION_REVIEW_REQUIRED""]"
"cand-82d85b31-82e8-51f2-97a1-b5e66908976f","ex-23d9085c-a219-5d55-bb1a-40129a288ec3","3","2","[""ANSWER_MISSING"",""CHOICES_REQUIRED"",""SOLUTION_MISSING"",""PAU_MODALITY_UNDECLARED"",""SOLUTION_REVIEW_REQUIRED""]"
"cand-0df78ba4-156d-5fa8-87f0-9669b3a29844","ex-655dc2c5-e7d9-5200-a9cf-914e959943b4","3","2","[""ANSWER_MISSING"",""CHOICES_REQUIRED"",""SOLUTION_MISSING"",""PAU_MODALITY_UNDECLARED"",""SOLUTION_REVIEW_REQUIRED""]"
"cand-20582c06-8b36-56b4-b7ba-4f787c707194","ex-c628a436-efd4-5ab7-8a1c-ca0deb7db751","3","2","[""ANSWER_MISSING"",""CHOICES_REQUIRED"",""SOLUTION_MISSING"",""PAU_MODALITY_UNDECLARED"",""SOLUTION_REVIEW_REQUIRED""]"
"cand-62abf94e-deaf-55a5-9f8c-4788ceb08a5d","ex-489ca968-391e-5c31-ac7f-36bc0c196488","3","2","[""ANSWER_MISSING"",""CHOICES_REQUIRED"",""SOLUTION_MISSING"",""PAU_MODALITY_UNDECLARED"",""SOLUTION_REVIEW_REQUIRED""]"
"cand-ebd9b8df-c214-512b-9407-2701aa9d4f73","ex-7a8d5317-5930-5fbb-b6fa-dfe1c7079481","3","2","[""ANSWER_MISSING"",""CHOICES_REQUIRED"",""SOLUTION_MISSING"",""PAU_MODALITY_UNDECLARED"",""SOLUTION_REVIEW_REQUIRED""]"
"cand-41f2d886-c4c1-579d-8a9f-631b76479ecf","ex-c04b251f-4712-59f6-bd69-733546a18db3","3","3","[""ANSWER_MISSING"",""CHOICES_REQUIRED"",""SOLUTION_MISSING"",""PAU_DETAIL_INCOMPLETE"",""PAU_MODALITY_UNDECLARED"",""SOLUTION_REVIEW_REQUIRED""]"
"cand-d97dbf71-c5da-502b-9db0-4efe480f975b","ex-cdccf5b2-54f1-54f5-9a3e-b3b6cd62362b","3","3","[""ANSWER_MISSING"",""CHOICES_REQUIRED"",""SOLUTION_MISSING"",""PAU_DETAIL_INCOMPLETE"",""PAU_MODALITY_UNDECLARED"",""SOLUTION_REVIEW_REQUIRED""]"
"cand-8ff4c443-a194-5fb9-b74b-258d191576b1","ex-8c4c329e-6366-5d04-a898-c742f95cc80f","3","2","[""ANSWER_MISSING"",""CHOICES_REQUIRED"",""SOLUTION_MISSING"",""PAU_MODALITY_UNDECLARED"",""SOLUTION_REVIEW_REQUIRED""]"
"cand-e62200ec-f111-5e20-8b57-c0b5e15062e0","ex-ab39d470-8851-57ee-ba26-d7d7b2077146","3","2","[""ANSWER_MISSING"",""CHOICES_REQUIRED"",""SOLUTION_MISSING"",""PAU_MODALITY_UNDECLARED"",""SOLUTION_REVIEW_REQUIRED""]"
"cand-b38bf379-fa69-5ad5-911d-ee4732547e03","ex-2d53387a-a9a9-5f79-b909-78c9568f266d","3","2","[""ANSWER_MISSING"",""CHOICES_REQUIRED"",""SOLUTION_MISSING"",""PAU_MODALITY_UNDECLARED"",""SOLUTION_REVIEW_REQUIRED""]"
"cand-f1b33b0e-c3f6-5156-94d4-0f20687a653c","ex-414d21cc-ce22-5994-9918-8af1ba4cd607","3","2","[""ANSWER_MISSING"",""CHOICES_REQUIRED"",""SOLUTION_MISSING"",""PAU_MODALITY_UNDECLARED"",""SOLUTION_REVIEW_REQUIRED""]"
"cand-9824f93d-bfbd-5531-a406-d700bd417857","ex-73912b4d-6cfa-5a63-bc5f-a7baed278059","3","3","[""ANSWER_MISSING"",""CHOICES_REQUIRED"",""SOLUTION_MISSING"",""PAU_DETAIL_INCOMPLETE"",""PAU_MODALITY_UNDECLARED"",""SOLUTION_REVIEW_REQUIRED""]"
"cand-edbd3596-4b40-560a-9376-ce40162d670b","ex-cd0dce87-5abb-5ff2-befc-7c8ffa11f62c","3","3","[""ANSWER_MISSING"",""CHOICES_REQUIRED"",""SOLUTION_MISSING"",""PAU_DETAIL_INCOMPLETE"",""PAU_MODALITY_UNDECLARED"",""SOLUTION_REVIEW_REQUIRED""]"
"cand-addd7b14-1330-5c6d-a5fb-02016309420f","ex-5c4aef81-0db8-5d0e-b8a8-7abe24ef453c","3","2","[""ANSWER_MISSING"",""CHOICES_REQUIRED"",""SOLUTION_MISSING"",""PAU_MODALITY_UNDECLARED"",""SOLUTION_REVIEW_REQUIRED""]"
"cand-bcdadad7-ca89-5040-a70d-69dbbc59812f","ex-6096599c-d69a-5600-952b-717ab8aaf71c","3","3","[""ANSWER_MISSING"",""CHOICES_REQUIRED"",""SOLUTION_MISSING"",""MATH_REPRESENTATION_UNDECLARED"",""PAU_MODALITY_UNDECLARED"",""SOLUTION_REVIEW_REQUIRED""]"
"cand-43bc87e9-1de9-5d20-8198-0998f89b5911","ex-0358b47b-ab75-586a-946a-ae83d5a245c2","3","2","[""ANSWER_MISSING"",""CHOICES_REQUIRED"",""SOLUTION_MISSING"",""PAU_MODALITY_UNDECLARED"",""SOLUTION_REVIEW_REQUIRED""]"
"cand-aa0524f1-7aaf-5fec-a1fa-368f549881f0","ex-4574f819-bc6e-5853-a89a-3e2284384bf3","3","2","[""ANSWER_MISSING"",""CHOICES_REQUIRED"",""SOLUTION_MISSING"",""PAU_MODALITY_UNDECLARED"",""SOLUTION_REVIEW_REQUIRED""]"
"cand-e27d39a5-f70a-540c-b831-d905357a7a8d","ex-f257c01a-4e54-514f-ad75-6eff96d6ea45","3","3","[""ANSWER_MISSING"",""CHOICES_REQUIRED"",""SOLUTION_MISSING"",""PAU_DETAIL_INCOMPLETE"",""PAU_MODALITY_UNDECLARED"",""SOLUTION_REVIEW_REQUIRED""]"
"cand-a7673d48-a9f9-5eb0-b5c7-69d4aab8fe00","ex-8611094f-7736-5806-93a2-f7f006997aff","3","3","[""ANSWER_MISSING"",""CHOICES_REQUIRED"",""SOLUTION_MISSING"",""PAU_DETAIL_INCOMPLETE"",""PAU_MODALITY_UNDECLARED"",""SOLUTION_REVIEW_REQUIRED""]"
"cand-8fb407d9-e967-5ca5-b1be-a4ba0bfb2d8b","ex-aaf2742d-28c0-5e80-ad1d-a6983850ebcb","3","3","[""ANSWER_MISSING"",""CHOICES_REQUIRED"",""SOLUTION_MISSING"",""MATH_REPRESENTATION_UNDECLARED"",""PAU_MODALITY_UNDECLARED"",""SOLUTION_REVIEW_REQUIRED""]"
"cand-a68d5edc-8f39-5a4b-ab4b-039e8ccf0709","ex-40086d33-1012-5e0b-a326-ba540e30c4f5","3","2","[""ANSWER_MISSING"",""CHOICES_REQUIRED"",""SOLUTION_MISSING"",""PAU_MODALITY_UNDECLARED"",""SOLUTION_REVIEW_REQUIRED""]"
"cand-76c502ed-ac4b-5c43-a2e5-8bb9925bbe63","ex-8fde93ae-b036-587a-99e1-a67d20166b09","3","2","[""ANSWER_MISSING"",""CHOICES_REQUIRED"",""SOLUTION_MISSING"",""PAU_MODALITY_UNDECLARED"",""SOLUTION_REVIEW_REQUIRED""]"
"cand-0cf77318-1e20-5aea-9df0-4faef40f2f57","ex-ba8efc18-fb2a-5991-b665-6deaf6cade85","3","2","[""ANSWER_MISSING"",""CHOICES_REQUIRED"",""SOLUTION_MISSING"",""PAU_MODALITY_UNDECLARED"",""SOLUTION_REVIEW_REQUIRED""]"
"cand-d033243a-0ec9-5339-9977-b544ad6705ed","ex-91927cec-992f-5a94-976d-feaade3ac9cf","3","4","[""ANSWER_MISSING"",""CHOICES_REQUIRED"",""SOLUTION_MISSING"",""MATH_REPRESENTATION_UNDECLARED"",""PAU_DETAIL_INCOMPLETE"",""PAU_MODALITY_UNDECLARED"",""SOLUTION_REVIEW_REQUIRED""]"
"cand-1bfeabcd-3d62-5791-ae59-49243192562d","ex-42632af1-8dca-5df2-900c-7f217ee0250d","3","2","[""ANSWER_MISSING"",""CHOICES_REQUIRED"",""SOLUTION_MISSING"",""PAU_MODALITY_UNDECLARED"",""SOLUTION_REVIEW_REQUIRED""]"
"cand-72950582-3461-5c09-b86f-ee3d62365fcd","ex-f0741f54-e70f-58e0-b401-f783632b23ed","3","2","[""ANSWER_MISSING"",""CHOICES_REQUIRED"",""SOLUTION_MISSING"",""PAU_MODALITY_UNDECLARED"",""SOLUTION_REVIEW_REQUIRED""]"
"cand-7ffbc92d-f477-50c9-a827-ce1b1b2c87dc","ex-12b56bbb-4e6e-52e6-a9d8-80d5b8b2e5a2","3","3","[""ANSWER_MISSING"",""CHOICES_REQUIRED"",""SOLUTION_MISSING"",""MATH_REPRESENTATION_UNDECLARED"",""PAU_MODALITY_UNDECLARED"",""SOLUTION_REVIEW_REQUIRED""]"
"cand-c900dd93-714c-524c-8cc3-d27e262b6cf8","ex-3c773025-78c1-5260-a6aa-c8074852e149","3","4","[""ANSWER_MISSING"",""CHOICES_REQUIRED"",""SOLUTION_MISSING"",""MATH_REPRESENTATION_UNDECLARED"",""PAU_DETAIL_INCOMPLETE"",""PAU_MODALITY_UNDECLARED"",""SOLUTION_REVIEW_REQUIRED""]"
"cand-cca24c62-4605-5f28-83a3-7e01eceee8bf","ex-d56da6f4-89eb-5e95-b0f4-44962600c5f5","3","3","[""ANSWER_MISSING"",""CHOICES_REQUIRED"",""SOLUTION_MISSING"",""PAU_DETAIL_INCOMPLETE"",""PAU_MODALITY_UNDECLARED"",""SOLUTION_REVIEW_REQUIRED""]"
"cand-f1bf20dc-c0be-55b3-80ed-a57b5d4c8a63","ex-1940098e-b74a-5055-bd35-53ac00808941","3","2","[""ANSWER_MISSING"",""CHOICES_REQUIRED"",""SOLUTION_MISSING"",""PAU_MODALITY_UNDECLARED"",""SOLUTION_REVIEW_REQUIRED""]"
"cand-2c315f30-07c1-5a84-90f8-ccf071f91e30","ex-884ebd31-a6dc-5f14-8ad3-586a1b7ad3be","3","2","[""ANSWER_MISSING"",""CHOICES_REQUIRED"",""SOLUTION_MISSING"",""PAU_MODALITY_UNDECLARED"",""SOLUTION_REVIEW_REQUIRED""]"
"cand-0a6e6a0d-aadf-57cc-a7c4-f17d40b2e833","ex-42b31e7a-8982-5cbc-82c7-4ceec37e1456","3","2","[""ANSWER_MISSING"",""CHOICES_REQUIRED"",""SOLUTION_MISSING"",""PAU_MODALITY_UNDECLARED"",""SOLUTION_REVIEW_REQUIRED""]"
"cand-da09d7d5-e813-59e8-bcd4-93a7ea2134e9","ex-f492e720-80a7-5f9f-8e44-843619b2a8eb","3","2","[""ANSWER_MISSING"",""CHOICES_REQUIRED"",""SOLUTION_MISSING"",""PAU_MODALITY_UNDECLARED"",""SOLUTION_REVIEW_REQUIRED""]"
"cand-04ea8e3f-4a6b-534c-a430-a73b3187d03c","ex-b1b984b7-e223-5ba7-9104-9b6e9b6327b2","3","2","[""ANSWER_MISSING"",""CHOICES_REQUIRED"",""SOLUTION_MISSING"",""PAU_MODALITY_UNDECLARED"",""SOLUTION_REVIEW_REQUIRED""]"
"cand-9c1f3e58-2067-54eb-bf75-35a1f9ba4ce6","ex-4cf56f94-4729-5206-8a9c-765b77615907","3","2","[""ANSWER_MISSING"",""CHOICES_REQUIRED"",""SOLUTION_MISSING"",""PAU_MODALITY_UNDECLARED"",""SOLUTION_REVIEW_REQUIRED""]"
"cand-c6c2aa81-fe0f-534c-be80-fdda73c0e857","ex-54d76a4e-8af7-5153-88e7-475959c39930","3","3","[""ANSWER_MISSING"",""CHOICES_REQUIRED"",""SOLUTION_MISSING"",""PAU_DETAIL_INCOMPLETE"",""PAU_MODALITY_UNDECLARED"",""SOLUTION_REVIEW_REQUIRED""]"
"cand-15b41392-691a-51bc-ba92-195317e511e1","ex-feb61a66-3b04-50a8-9d14-8ef5c1546ff4","3","3","[""ANSWER_MISSING"",""CHOICES_REQUIRED"",""SOLUTION_MISSING"",""PAU_DETAIL_INCOMPLETE"",""PAU_MODALITY_UNDECLARED"",""SOLUTION_REVIEW_REQUIRED""]"
"cand-48a80411-f166-549c-b92f-e32be1c790d0","ex-d5dd3d74-50d7-577d-b3f6-69437a55bb55","3","2","[""ANSWER_MISSING"",""CHOICES_REQUIRED"",""SOLUTION_MISSING"",""PAU_MODALITY_UNDECLARED"",""SOLUTION_REVIEW_REQUIRED""]"
"cand-4b5800e9-b268-5668-9d09-e926acb3befd","ex-c63ac3c5-0ff7-53e2-ba36-3cb03237e2a9","3","3","[""ANSWER_MISSING"",""CHOICES_REQUIRED"",""SOLUTION_MISSING"",""MATH_REPRESENTATION_UNDECLARED"",""PAU_MODALITY_UNDECLARED"",""SOLUTION_REVIEW_REQUIRED""]"
"cand-d64c4942-1cd0-5a04-8adb-b1cc1b19127a","ex-890cc8e9-53f3-5d11-8ec6-5391d15b5f98","3","2","[""ANSWER_MISSING"",""CHOICES_REQUIRED"",""SOLUTION_MISSING"",""PAU_MODALITY_UNDECLARED"",""SOLUTION_REVIEW_REQUIRED""]"
"cand-35081c83-ef1f-5004-aea5-dc6059d396c0","ex-70e35bee-3790-5836-962a-e0ebacb9b680","3","2","[""ANSWER_MISSING"",""CHOICES_REQUIRED"",""SOLUTION_MISSING"",""PAU_MODALITY_UNDECLARED"",""SOLUTION_REVIEW_REQUIRED""]"
"cand-6974e0bf-bb63-5afe-82e1-c4af5ed0e72d","ex-a24cf8dd-db8f-5d83-b2d9-430dfd9fc5a9","3","2","[""ANSWER_MISSING"",""CHOICES_REQUIRED"",""SOLUTION_MISSING"",""PAU_MODALITY_UNDECLARED"",""SOLUTION_REVIEW_REQUIRED""]"
"cand-e72f96d8-783a-5130-8b3c-a517e1abccd4","ex-929af674-47c0-53cd-8fdd-8d5620b0cca0","3","3","[""ANSWER_MISSING"",""CHOICES_REQUIRED"",""SOLUTION_MISSING"",""MATH_REPRESENTATION_UNDECLARED"",""PAU_MODALITY_UNDECLARED"",""SOLUTION_REVIEW_REQUIRED""]"
"cand-cf1b9c38-a06f-54f9-aeb0-476f17e84cc5","ex-b14de7da-9058-5288-9abb-6f3f0055a513","3","3","[""ANSWER_MISSING"",""CHOICES_REQUIRED"",""SOLUTION_MISSING"",""PAU_DETAIL_INCOMPLETE"",""PAU_MODALITY_UNDECLARED"",""SOLUTION_REVIEW_REQUIRED""]"
"cand-67c278f0-8701-5c65-87c0-93429707e86e","ex-633f7901-0c60-5fe2-ac4e-54109a3b3a51","3","2","[""ANSWER_MISSING"",""CHOICES_REQUIRED"",""SOLUTION_MISSING"",""PAU_MODALITY_UNDECLARED"",""SOLUTION_REVIEW_REQUIRED""]"
"cand-2d9ea501-ada5-5405-9085-b24f4d6fabd9","ex-0290d97d-6f97-5bd4-9997-5ff48afda18c","3","4","[""ANSWER_MISSING"",""CHOICES_REQUIRED"",""SOLUTION_MISSING"",""MATH_REPRESENTATION_UNDECLARED"",""PAU_DETAIL_INCOMPLETE"",""PAU_MODALITY_UNDECLARED"",""SOLUTION_REVIEW_REQUIRED""]"
"cand-493bffe9-8ff6-5fd6-95fc-530a77912926","ex-0897b051-36c9-55b9-98db-2d606742257e","3","2","[""ANSWER_MISSING"",""CHOICES_REQUIRED"",""SOLUTION_MISSING"",""PAU_MODALITY_UNDECLARED"",""SOLUTION_REVIEW_REQUIRED""]"
"cand-5f751afb-b328-59c1-8678-363a1ddaf8dc","ex-65202dc7-df49-50c2-8e82-5b9923b1aa8f","3","2","[""ANSWER_MISSING"",""CHOICES_REQUIRED"",""SOLUTION_MISSING"",""PAU_MODALITY_UNDECLARED"",""SOLUTION_REVIEW_REQUIRED""]"
"cand-4c50df13-b96f-579e-8e9b-6aca5acc0d80","ex-59c66ea2-30c2-58a4-969e-16d9cd54556f","3","2","[""ANSWER_MISSING"",""CHOICES_REQUIRED"",""SOLUTION_MISSING"",""PAU_MODALITY_UNDECLARED"",""SOLUTION_REVIEW_REQUIRED""]"
"cand-b950f26e-bfca-5fdf-a75b-67f249f755ae","ex-1a3a7afa-f55d-585a-b964-e8c6d6ed305f","3","2","[""ANSWER_MISSING"",""CHOICES_REQUIRED"",""SOLUTION_MISSING"",""PAU_MODALITY_UNDECLARED"",""SOLUTION_REVIEW_REQUIRED""]"
"cand-08d4e27f-c6bc-5a55-bc8e-baa92533240d","ex-0f5dc6ff-e786-5a67-adca-33c057c12e0d","3","2","[""ANSWER_MISSING"",""CHOICES_REQUIRED"",""SOLUTION_MISSING"",""PAU_MODALITY_UNDECLARED"",""SOLUTION_REVIEW_REQUIRED""]"
"cand-ba543b8e-2921-5137-a878-5ad7919d55b5","ex-fb25c5a8-1050-590c-9dc1-863c8fdd2430","3","2","[""ANSWER_MISSING"",""CHOICES_REQUIRED"",""SOLUTION_MISSING"",""PAU_MODALITY_UNDECLARED"",""SOLUTION_REVIEW_REQUIRED""]"
"cand-76fc1269-18a9-5102-8a25-ae1c656a19a7","ex-8980b342-d782-5867-baae-5edf4c60fdfd","3","3","[""ANSWER_MISSING"",""CHOICES_REQUIRED"",""SOLUTION_MISSING"",""MATH_REPRESENTATION_UNDECLARED"",""PAU_MODALITY_UNDECLARED"",""SOLUTION_REVIEW_REQUIRED""]"
"cand-9762444e-047c-5a18-a631-802c5c96ead8","ex-29a04f98-a2ec-5974-a450-60fab6cbdbd5","3","4","[""ANSWER_MISSING"",""CHOICES_REQUIRED"",""SOLUTION_MISSING"",""MATH_REPRESENTATION_UNDECLARED"",""PAU_DETAIL_INCOMPLETE"",""PAU_MODALITY_UNDECLARED"",""SOLUTION_REVIEW_REQUIRED""]"
"cand-50a85e6e-ba00-52c9-b65e-6f7b74893196","ex-3edadf29-6128-58b4-8a95-e151d19558da","3","2","[""ANSWER_MISSING"",""CHOICES_REQUIRED"",""SOLUTION_MISSING"",""PAU_MODALITY_UNDECLARED"",""SOLUTION_REVIEW_REQUIRED""]"
"cand-3a0e4afc-966d-5e55-9095-7e102fe7c624","ex-f8f4183f-14c4-589c-8576-9c981df7e2b4","3","3","[""ANSWER_MISSING"",""CHOICES_REQUIRED"",""SOLUTION_MISSING"",""PAU_DETAIL_INCOMPLETE"",""PAU_MODALITY_UNDECLARED"",""SOLUTION_REVIEW_REQUIRED""]"
"cand-eec26eaf-099f-5dba-9d1c-28201ac23889","ex-f3b0e235-9acf-5dd1-895d-59ae5823d621","3","3","[""ANSWER_MISSING"",""CHOICES_REQUIRED"",""SOLUTION_MISSING"",""MATH_REPRESENTATION_UNDECLARED"",""PAU_MODALITY_UNDECLARED"",""SOLUTION_REVIEW_REQUIRED""]"
"cand-50788f1e-0d61-589f-bf03-ed29d319ed4d","ex-65aaad1b-d20c-58ae-998a-19e13b3ca509","3","2","[""ANSWER_MISSING"",""CHOICES_REQUIRED"",""SOLUTION_MISSING"",""PAU_MODALITY_UNDECLARED"",""SOLUTION_REVIEW_REQUIRED""]"
"cand-37d23a57-c69b-586a-a313-994fdd3a76a7","ex-f9751490-4dd6-5726-ac68-fa54541deede","3","2","[""ANSWER_MISSING"",""CHOICES_REQUIRED"",""SOLUTION_MISSING"",""PAU_MODALITY_UNDECLARED"",""SOLUTION_REVIEW_REQUIRED""]"
"cand-86467658-1905-52d1-bc43-f0b742cbc02c","ex-6bf4746c-3221-5e58-8909-71156263ae14","3","2","[""ANSWER_MISSING"",""CHOICES_REQUIRED"",""SOLUTION_MISSING"",""PAU_MODALITY_UNDECLARED"",""SOLUTION_REVIEW_REQUIRED""]"
"cand-a3ed16c4-6b08-5cfd-a74e-1a8f49d86c1a","ex-06f732db-90d1-549d-8176-49558216a63c","3","2","[""ANSWER_MISSING"",""CHOICES_REQUIRED"",""SOLUTION_MISSING"",""PAU_MODALITY_UNDECLARED"",""SOLUTION_REVIEW_REQUIRED""]"
"cand-f71acc74-1e7b-5742-a95b-88ec98359155","ex-3f58e1f9-ffd1-542b-bb84-cd91d08cdc41","3","2","[""ANSWER_MISSING"",""CHOICES_REQUIRED"",""SOLUTION_MISSING"",""PAU_MODALITY_UNDECLARED"",""SOLUTION_REVIEW_REQUIRED""]"
"cand-fc8fdb6c-93ef-5c55-822f-d10f7035ebfe","ex-febef02f-04ca-540c-acb5-64e0ba2b04e5","3","3","[""ANSWER_MISSING"",""CHOICES_REQUIRED"",""SOLUTION_MISSING"",""MATH_REPRESENTATION_UNDECLARED"",""PAU_MODALITY_UNDECLARED"",""SOLUTION_REVIEW_REQUIRED""]"
"cand-8008514b-b9f7-5581-8363-6521d48c4a91","ex-e35de612-6bf3-5a14-9ac2-e600a0292e45","3","4","[""ANSWER_MISSING"",""CHOICES_REQUIRED"",""SOLUTION_MISSING"",""MATH_REPRESENTATION_UNDECLARED"",""PAU_DETAIL_INCOMPLETE"",""PAU_MODALITY_UNDECLARED"",""SOLUTION_REVIEW_REQUIRED""]"
"cand-8ed1d04e-5bfb-5eb4-a86f-bb246e73804b","ex-f5ad6e1c-7477-5e5e-8c61-8150af06722c","3","2","[""ANSWER_MISSING"",""CHOICES_REQUIRED"",""SOLUTION_MISSING"",""PAU_MODALITY_UNDECLARED"",""SOLUTION_REVIEW_REQUIRED""]"
"cand-f5de4990-4675-5882-b3da-ce7363247ae4","ex-4aaa9cc4-831e-52ba-bd56-8f05bb62bc00","3","3","[""ANSWER_MISSING"",""CHOICES_REQUIRED"",""SOLUTION_MISSING"",""PAU_DETAIL_INCOMPLETE"",""PAU_MODALITY_UNDECLARED"",""SOLUTION_REVIEW_REQUIRED""]"
"cand-1eb4a5a8-7c77-5859-956f-956190320583","ex-8aec6602-379a-5506-a9f6-22c67e5b967b","3","2","[""ANSWER_MISSING"",""CHOICES_REQUIRED"",""SOLUTION_MISSING"",""PAU_MODALITY_UNDECLARED"",""SOLUTION_REVIEW_REQUIRED""]"
"cand-388aaeea-61be-5046-8f96-5b5c831d60b6","ex-0a8f1eeb-e6e8-5325-8f9c-d6ebc8a06675","3","3","[""ANSWER_MISSING"",""CHOICES_REQUIRED"",""SOLUTION_MISSING"",""MATH_REPRESENTATION_UNDECLARED"",""PAU_MODALITY_UNDECLARED"",""SOLUTION_REVIEW_REQUIRED""]"
"cand-5c040d02-08ff-5b58-9520-43c7c18cd238","ex-ad1e9c84-c12a-5f19-bd92-5750735779ff","3","2","[""ANSWER_MISSING"",""CHOICES_REQUIRED"",""SOLUTION_MISSING"",""PAU_MODALITY_UNDECLARED"",""SOLUTION_REVIEW_REQUIRED""]"
"cand-c5256de1-e964-57ea-a7b6-19fdbea29084","ex-e039ba87-6e0b-5754-bc88-538dc2380985","3","3","[""ANSWER_MISSING"",""CHOICES_REQUIRED"",""SOLUTION_MISSING"",""MATH_REPRESENTATION_UNDECLARED"",""PAU_MODALITY_UNDECLARED"",""SOLUTION_REVIEW_REQUIRED""]"
"cand-6940824b-5fe3-5161-9ac5-014864177e37","ex-b93dc864-8816-588b-99c8-31ec17cf3388","3","3","[""ANSWER_MISSING"",""CHOICES_REQUIRED"",""SOLUTION_MISSING"",""MATH_REPRESENTATION_UNDECLARED"",""PAU_MODALITY_UNDECLARED"",""SOLUTION_REVIEW_REQUIRED""]"
"cand-ab046b5f-3344-50fb-9708-feb35fb93c91","ex-3fb7eac2-8e41-5ec0-9b8b-8da977a1b754","3","2","[""ANSWER_MISSING"",""CHOICES_REQUIRED"",""SOLUTION_MISSING"",""PAU_MODALITY_UNDECLARED"",""SOLUTION_REVIEW_REQUIRED""]"
"cand-d7d2f38c-e4d5-54f7-b7e3-4e781df165c9","ex-a06e5d4c-7262-58a6-b4e9-5dee99422f5b","3","2","[""ANSWER_MISSING"",""CHOICES_REQUIRED"",""SOLUTION_MISSING"",""PAU_MODALITY_UNDECLARED"",""SOLUTION_REVIEW_REQUIRED""]"
"cand-439d7bf1-67a7-53a6-ab41-be52605dccd7","ex-55599f48-9ac4-5ea4-8128-f757eaafce97","3","3","[""ANSWER_MISSING"",""CHOICES_REQUIRED"",""SOLUTION_MISSING"",""PAU_DETAIL_INCOMPLETE"",""PAU_MODALITY_UNDECLARED"",""SOLUTION_REVIEW_REQUIRED""]"
"cand-600823f1-db7a-587a-a1e5-398a06b602b2","ex-dea0b644-7eba-5328-8683-ee5978ed5e42","3","3","[""ANSWER_MISSING"",""CHOICES_REQUIRED"",""SOLUTION_MISSING"",""PAU_DETAIL_INCOMPLETE"",""PAU_MODALITY_UNDECLARED"",""SOLUTION_REVIEW_REQUIRED""]"
"cand-85c4d207-8b6a-50a0-bde7-423d8aa0cd2d","ex-2165e801-2291-5482-9188-9a03174af1ca","3","2","[""ANSWER_MISSING"",""CHOICES_REQUIRED"",""SOLUTION_MISSING"",""PAU_MODALITY_UNDECLARED"",""SOLUTION_REVIEW_REQUIRED""]"
"cand-426c13f1-9c7c-5422-b0a5-bd1da4176678","ex-f819a0cd-6b3d-579d-9309-caf178bdd5a6","3","2","[""ANSWER_MISSING"",""CHOICES_REQUIRED"",""SOLUTION_MISSING"",""PAU_MODALITY_UNDECLARED"",""SOLUTION_REVIEW_REQUIRED""]"
"cand-01e5e4fa-1021-52e5-a8ca-cce387a7c747","ex-767c3441-9029-5cdb-9aeb-13f585c57d7a","3","3","[""ANSWER_MISSING"",""CHOICES_REQUIRED"",""SOLUTION_MISSING"",""MATH_REPRESENTATION_UNDECLARED"",""PAU_MODALITY_UNDECLARED"",""SOLUTION_REVIEW_REQUIRED""]"
"cand-f8bdde53-6f84-5fe3-a013-d52f0f268d69","ex-9aa83588-a6b2-5bd0-8a21-7eb04c61b128","3","2","[""ANSWER_MISSING"",""CHOICES_REQUIRED"",""SOLUTION_MISSING"",""PAU_MODALITY_UNDECLARED"",""SOLUTION_REVIEW_REQUIRED""]"
"cand-0dbdffd8-035a-541d-a7a1-1d598254fc1b","ex-037295dc-b513-52ea-8fd0-cab882866d1c","3","3","[""ANSWER_MISSING"",""CHOICES_REQUIRED"",""SOLUTION_MISSING"",""MATH_REPRESENTATION_UNDECLARED"",""PAU_MODALITY_UNDECLARED"",""SOLUTION_REVIEW_REQUIRED""]"
"cand-d366ea80-672b-553c-b58f-2ef551ee89bd","ex-7d7176b4-81a9-5653-9fc9-36f88d11c10e","3","2","[""ANSWER_MISSING"",""CHOICES_REQUIRED"",""SOLUTION_MISSING"",""PAU_MODALITY_UNDECLARED"",""SOLUTION_REVIEW_REQUIRED""]"
"cand-dd988e7f-e8fa-51fa-a0b2-2aa242e2661d","ex-abd77386-c8b8-58b4-9b68-c81672744a86","3","2","[""ANSWER_MISSING"",""CHOICES_REQUIRED"",""SOLUTION_MISSING"",""PAU_MODALITY_UNDECLARED"",""SOLUTION_REVIEW_REQUIRED""]"
"cand-8c2dedad-8205-5d65-9a35-0c2ede807fb8","ex-b21ff88c-deac-5e1b-ba25-afca29afd45e","3","2","[""ANSWER_MISSING"",""CHOICES_REQUIRED"",""SOLUTION_MISSING"",""PAU_MODALITY_UNDECLARED"",""SOLUTION_REVIEW_REQUIRED""]"
"cand-f2954da0-31d7-546b-9476-1bcfc3f63e9f","ex-e79ccafc-d327-5c12-bde6-25c0ba0f950a","3","2","[""ANSWER_MISSING"",""CHOICES_REQUIRED"",""SOLUTION_MISSING"",""PAU_MODALITY_UNDECLARED"",""SOLUTION_REVIEW_REQUIRED""]"
"cand-e9024ca9-a444-5c01-9f3a-58a9e2bd53fe","ex-a408df07-a3f0-5234-a9ff-06b75764f91c","3","2","[""ANSWER_MISSING"",""CHOICES_REQUIRED"",""SOLUTION_MISSING"",""PAU_MODALITY_UNDECLARED"",""SOLUTION_REVIEW_REQUIRED""]"
"cand-80546bee-ec7c-56a8-815b-177d61aac1ba","ex-084415f2-72b1-5be9-b35b-b78fbeb55696","3","2","[""ANSWER_MISSING"",""CHOICES_REQUIRED"",""SOLUTION_MISSING"",""PAU_MODALITY_UNDECLARED"",""SOLUTION_REVIEW_REQUIRED""]"
"cand-d4770146-0329-526a-a002-b460dbd9eac1","ex-099a612b-c47b-5ae5-b179-9e665272e779","3","2","[""ANSWER_MISSING"",""CHOICES_REQUIRED"",""SOLUTION_MISSING"",""PAU_MODALITY_UNDECLARED"",""SOLUTION_REVIEW_REQUIRED""]"
"cand-d9b13c9c-8283-53da-b6dc-b2cc25f45b17","ex-cb6f1dbe-a909-58d7-9e0c-9ea93a5ba817","3","2","[""ANSWER_MISSING"",""CHOICES_REQUIRED"",""SOLUTION_MISSING"",""PAU_MODALITY_UNDECLARED"",""SOLUTION_REVIEW_REQUIRED""]"
"cand-ee4871b2-1344-521f-b62d-81b39157c40c","ex-c171f31b-74bb-5a18-88f3-cdf2eade1d14","3","3","[""ANSWER_MISSING"",""CHOICES_REQUIRED"",""SOLUTION_MISSING"",""MATH_REPRESENTATION_UNDECLARED"",""PAU_MODALITY_UNDECLARED"",""SOLUTION_REVIEW_REQUIRED""]"
"cand-9385a83d-633b-5ccd-9147-d467f3794417","ex-4bd3daed-dfe3-5f24-8629-4aa6815d65c1","3","4","[""ANSWER_MISSING"",""CHOICES_REQUIRED"",""SOLUTION_MISSING"",""MATH_REPRESENTATION_UNDECLARED"",""PAU_DETAIL_INCOMPLETE"",""PAU_MODALITY_UNDECLARED"",""SOLUTION_REVIEW_REQUIRED""]"
"cand-a205b05a-9a63-5ccd-adc2-c3357ad57d78","ex-ec3f30dd-88b0-543c-90b8-5a2fbb47b346","3","4","[""ANSWER_MISSING"",""CHOICES_REQUIRED"",""SOLUTION_MISSING"",""MATH_REPRESENTATION_UNDECLARED"",""PAU_DETAIL_INCOMPLETE"",""PAU_MODALITY_UNDECLARED"",""SOLUTION_REVIEW_REQUIRED""]"
"cand-abf683f3-ff89-5122-8c32-daeb35a40e41","ex-645179b6-cfed-598e-8502-d8c53e669e6e","3","2","[""ANSWER_MISSING"",""CHOICES_REQUIRED"",""SOLUTION_MISSING"",""PAU_MODALITY_UNDECLARED"",""SOLUTION_REVIEW_REQUIRED""]"
"cand-cea6f978-28aa-5fbd-88d4-a86510695b9b","ex-ecc914d9-359b-5026-baa9-1eb36b5fe80e","3","2","[""ANSWER_MISSING"",""CHOICES_REQUIRED"",""SOLUTION_MISSING"",""PAU_MODALITY_UNDECLARED"",""SOLUTION_REVIEW_REQUIRED""]"
"cand-ed2c873b-f5b7-526b-9b5e-74f480cdb072","ex-b78e47d4-2756-5117-82a4-e35546bc650e","3","3","[""ANSWER_MISSING"",""CHOICES_REQUIRED"",""SOLUTION_MISSING"",""MATH_REPRESENTATION_UNDECLARED"",""PAU_MODALITY_UNDECLARED"",""SOLUTION_REVIEW_REQUIRED""]"
"cand-55bb19b6-d801-5778-96df-46c6114a4a66","ex-3774d37c-633b-5b34-8d24-c0f86f9c056f","3","2","[""ANSWER_MISSING"",""CHOICES_REQUIRED"",""SOLUTION_MISSING"",""PAU_MODALITY_UNDECLARED"",""SOLUTION_REVIEW_REQUIRED""]"
"cand-a00d75fb-5b5e-53a4-b8bc-7dbd1e88f0ba","ex-f9cdf654-c37b-5cae-87ad-0ad0269e212f","3","3","[""ANSWER_MISSING"",""CHOICES_REQUIRED"",""SOLUTION_MISSING"",""PAU_DETAIL_INCOMPLETE"",""PAU_MODALITY_UNDECLARED"",""SOLUTION_REVIEW_REQUIRED""]"
"cand-dcef2649-494c-59dd-a8a3-f4b1f9fedd08","ex-5766a6f0-5fa5-585e-b86e-c428aa2fa2cd","3","4","[""ANSWER_MISSING"",""CHOICES_REQUIRED"",""SOLUTION_MISSING"",""MATH_REPRESENTATION_UNDECLARED"",""PAU_DETAIL_INCOMPLETE"",""PAU_MODALITY_UNDECLARED"",""SOLUTION_REVIEW_REQUIRED""]"
"cand-823def4e-c965-5817-92f5-4e39d9039551","ex-c4b8cbba-1836-5a37-81f9-17f2b1e882f4","3","3","[""ANSWER_MISSING"",""CHOICES_REQUIRED"",""SOLUTION_MISSING"",""PAU_DETAIL_INCOMPLETE"",""PAU_MODALITY_UNDECLARED"",""SOLUTION_REVIEW_REQUIRED""]"
"cand-e1b95c1d-52b6-5cc0-8a80-8cef6e9cb132","ex-43e252d2-a2d6-5f32-87db-816199ec25a1","3","3","[""ANSWER_MISSING"",""CHOICES_REQUIRED"",""SOLUTION_MISSING"",""PAU_DETAIL_INCOMPLETE"",""PAU_MODALITY_UNDECLARED"",""SOLUTION_REVIEW_REQUIRED""]"
"cand-d989c191-d300-5f67-a213-d30a4b232ad9","ex-82687cfc-acff-5eec-b5cd-0b69269f9598","3","3","[""ANSWER_MISSING"",""CHOICES_REQUIRED"",""SOLUTION_MISSING"",""PAU_DETAIL_INCOMPLETE"",""PAU_MODALITY_UNDECLARED"",""SOLUTION_REVIEW_REQUIRED""]"
"cand-97f07296-f2e6-5b83-aa13-607674d64848","ex-1b56b299-72a1-5319-a2e9-71197418292b","3","2","[""ANSWER_MISSING"",""CHOICES_REQUIRED"",""SOLUTION_MISSING"",""PAU_MODALITY_UNDECLARED"",""SOLUTION_REVIEW_REQUIRED""]"
"cand-b57ed235-ae69-5a48-bbf7-38d95ca7352e","ex-62e6eb10-b950-527c-9c6a-b1bde47aa167","3","2","[""ANSWER_MISSING"",""CHOICES_REQUIRED"",""SOLUTION_MISSING"",""PAU_MODALITY_UNDECLARED"",""SOLUTION_REVIEW_REQUIRED""]"
"cand-6208a1a0-adc8-58b8-9a7f-9e133ad1e8be","ex-3fd355df-6dea-50cb-865a-bf123721585b","3","2","[""ANSWER_MISSING"",""CHOICES_REQUIRED"",""SOLUTION_MISSING"",""PAU_MODALITY_UNDECLARED"",""SOLUTION_REVIEW_REQUIRED""]"
"cand-92e84423-7169-5087-8bf2-45f08701d971","ex-67841f66-530b-5d33-9bdb-d3e5ba8e3874","3","3","[""ANSWER_MISSING"",""CHOICES_REQUIRED"",""SOLUTION_MISSING"",""PAU_DETAIL_INCOMPLETE"",""PAU_MODALITY_UNDECLARED"",""SOLUTION_REVIEW_REQUIRED""]"
"cand-e8c11bfd-65ad-5a86-a262-49dcbb95185b","ex-02d1ac0a-47ef-5932-b1e0-dc788a3d36fa","3","3","[""ANSWER_MISSING"",""CHOICES_REQUIRED"",""SOLUTION_MISSING"",""PAU_DETAIL_INCOMPLETE"",""PAU_MODALITY_UNDECLARED"",""SOLUTION_REVIEW_REQUIRED""]"
"cand-c16aa781-7379-5728-a458-10d9c0b03afd","ex-6517c70b-933d-59b3-9fc3-8acae986934b","3","3","[""ANSWER_MISSING"",""CHOICES_REQUIRED"",""SOLUTION_MISSING"",""PAU_DETAIL_INCOMPLETE"",""PAU_MODALITY_UNDECLARED"",""SOLUTION_REVIEW_REQUIRED""]"
"cand-04b417a0-b158-5679-afd5-a346b8ca1c4d","ex-65241385-076d-5040-9820-7955bb06f49e","3","3","[""ANSWER_MISSING"",""CHOICES_REQUIRED"",""SOLUTION_MISSING"",""MATH_REPRESENTATION_UNDECLARED"",""PAU_MODALITY_UNDECLARED"",""SOLUTION_REVIEW_REQUIRED""]"
"cand-ab36e17a-85af-5eed-b24f-824933f0f930","ex-fc433fa1-773f-5e43-a479-6cdab6fe357c","3","2","[""ANSWER_MISSING"",""CHOICES_REQUIRED"",""SOLUTION_MISSING"",""PAU_MODALITY_UNDECLARED"",""SOLUTION_REVIEW_REQUIRED""]"
"cand-0beee57d-03ee-5d1e-a996-ec56838fc92e","ex-43d31094-75cd-5fb9-aed4-21e721bd679c","3","2","[""ANSWER_MISSING"",""CHOICES_REQUIRED"",""SOLUTION_MISSING"",""PAU_MODALITY_UNDECLARED"",""SOLUTION_REVIEW_REQUIRED""]"
"cand-28ed0ad9-839a-5901-8b67-0ddfa3bb4617","ex-455767a7-e001-508b-810e-e470ca47581a","3","3","[""ANSWER_MISSING"",""CHOICES_REQUIRED"",""SOLUTION_MISSING"",""MATH_REPRESENTATION_UNDECLARED"",""PAU_MODALITY_UNDECLARED"",""SOLUTION_REVIEW_REQUIRED""]"
"cand-44b7cd5e-97e7-5061-896e-e629266b39ec","ex-ac626759-7dba-5496-8c64-de4edc49cfcb","3","3","[""ANSWER_MISSING"",""CHOICES_REQUIRED"",""SOLUTION_MISSING"",""PAU_DETAIL_INCOMPLETE"",""PAU_MODALITY_UNDECLARED"",""SOLUTION_REVIEW_REQUIRED""]"
"cand-ad109cc2-ab8d-52fc-a47d-674090a271db","ex-c11d32d9-023e-571d-80f3-73ed74a4fa7b","3","4","[""ANSWER_MISSING"",""CHOICES_REQUIRED"",""SOLUTION_MISSING"",""MATH_REPRESENTATION_UNDECLARED"",""PAU_DETAIL_INCOMPLETE"",""PAU_MODALITY_UNDECLARED"",""SOLUTION_REVIEW_REQUIRED""]"
"cand-2718d923-8d72-577f-847d-64b0a6426432","ex-54a8030d-ec98-5b3e-9174-607ee030307e","3","3","[""ANSWER_MISSING"",""CHOICES_REQUIRED"",""SOLUTION_MISSING"",""PAU_DETAIL_INCOMPLETE"",""PAU_MODALITY_UNDECLARED"",""SOLUTION_REVIEW_REQUIRED""]"
"cand-8a22e4aa-0581-5c54-a820-131b2b463a30","ex-27282a74-cc40-5c99-b586-dc18e73c1ca9","3","3","[""ANSWER_MISSING"",""CHOICES_REQUIRED"",""SOLUTION_MISSING"",""PAU_DETAIL_INCOMPLETE"",""PAU_MODALITY_UNDECLARED"",""SOLUTION_REVIEW_REQUIRED""]"
"cand-ee369d3f-af91-5adc-9dd3-5f599c8e6044","ex-3089ef6d-73f9-5d34-b964-91d4d69b0226","3","3","[""ANSWER_MISSING"",""CHOICES_REQUIRED"",""SOLUTION_MISSING"",""PAU_DETAIL_INCOMPLETE"",""PAU_MODALITY_UNDECLARED"",""SOLUTION_REVIEW_REQUIRED""]"
"cand-3abccae4-b677-5933-b39d-289fe769f8a9","ex-dc1162cb-0d95-593d-8e0f-fc39f0ab27e9","3","2","[""ANSWER_MISSING"",""CHOICES_REQUIRED"",""SOLUTION_MISSING"",""PAU_MODALITY_UNDECLARED"",""SOLUTION_REVIEW_REQUIRED""]"
"cand-e128ac27-4471-5984-b7d4-fc27c712b222","ex-a4ca0132-bb3b-5e3b-b8dc-f3dfaa8750d7","3","2","[""ANSWER_MISSING"",""CHOICES_REQUIRED"",""SOLUTION_MISSING"",""PAU_MODALITY_UNDECLARED"",""SOLUTION_REVIEW_REQUIRED""]"
"cand-4d1524b6-dce2-5223-97db-8204f7bb4782","ex-67a6642d-f5e0-5ad9-9eba-1df67aa6a2b2","3","2","[""ANSWER_MISSING"",""CHOICES_REQUIRED"",""SOLUTION_MISSING"",""PAU_MODALITY_UNDECLARED"",""SOLUTION_REVIEW_REQUIRED""]"
"cand-e552c82a-08f2-5f1c-9650-513d1968456d","ex-558cebee-e268-5e34-9ba5-8363b4af762b","3","2","[""ANSWER_MISSING"",""CHOICES_REQUIRED"",""SOLUTION_MISSING"",""PAU_MODALITY_UNDECLARED"",""SOLUTION_REVIEW_REQUIRED""]"
"cand-3703beb2-2ce7-5bb5-93de-9b42cf730c7d","ex-8b74dd20-c529-592a-a208-91c4b1435d56","3","3","[""ANSWER_MISSING"",""CHOICES_REQUIRED"",""SOLUTION_MISSING"",""MATH_REPRESENTATION_UNDECLARED"",""PAU_MODALITY_UNDECLARED"",""SOLUTION_REVIEW_REQUIRED""]"
"cand-4abc868f-de99-5a77-a4a2-3b3921381419","ex-c90f2bf5-e32d-5adf-8382-38c0ba9193f8","3","2","[""ANSWER_MISSING"",""CHOICES_REQUIRED"",""SOLUTION_MISSING"",""PAU_MODALITY_UNDECLARED"",""SOLUTION_REVIEW_REQUIRED""]"
"cand-b14979b1-c4e5-5ae0-9af7-ac17b825a5ba","ex-63e6d27c-1e81-5bb0-a7c5-13ea58b3397f","3","3","[""ANSWER_MISSING"",""CHOICES_REQUIRED"",""SOLUTION_MISSING"",""PAU_DETAIL_INCOMPLETE"",""PAU_MODALITY_UNDECLARED"",""SOLUTION_REVIEW_REQUIRED""]"
"cand-de1465ae-ae88-550e-a004-a7c0c0a68ef8","ex-8d20e80b-1274-5172-85d8-3580b2f5eb08","3","3","[""ANSWER_MISSING"",""CHOICES_REQUIRED"",""SOLUTION_MISSING"",""MATH_REPRESENTATION_UNDECLARED"",""PAU_MODALITY_UNDECLARED"",""SOLUTION_REVIEW_REQUIRED""]"
"cand-55f51d06-b81a-5d84-b004-b9a7c5cf33cd","ex-0faaee20-4bee-5217-bd2d-0ce67b56d7f5","3","2","[""ANSWER_MISSING"",""CHOICES_REQUIRED"",""SOLUTION_MISSING"",""PAU_MODALITY_UNDECLARED"",""SOLUTION_REVIEW_REQUIRED""]"
"cand-0816e80f-5ac4-5877-8551-7735a28bc70b","ex-f7db0ec6-c1c9-5d61-85d1-6421213b2974","3","3","[""ANSWER_MISSING"",""CHOICES_REQUIRED"",""SOLUTION_MISSING"",""MATH_REPRESENTATION_UNDECLARED"",""PAU_MODALITY_UNDECLARED"",""SOLUTION_REVIEW_REQUIRED""]"
"cand-f2216d04-d52e-59b6-98e7-712a0e4310cc","ex-54cb82ab-99de-586d-a8d6-86ad75f0814d","3","2","[""ANSWER_MISSING"",""CHOICES_REQUIRED"",""SOLUTION_MISSING"",""PAU_MODALITY_UNDECLARED"",""SOLUTION_REVIEW_REQUIRED""]"
"cand-32750fa4-7bc2-58a9-8602-0ade95b1225c","ex-31088324-af73-5b20-99be-858eecc2b72c","3","3","[""ANSWER_MISSING"",""CHOICES_REQUIRED"",""SOLUTION_MISSING"",""MATH_REPRESENTATION_UNDECLARED"",""PAU_MODALITY_UNDECLARED"",""SOLUTION_REVIEW_REQUIRED""]"
"cand-d3b24ffb-8bdc-54fa-adf0-d5c0eaf52eb1","ex-94d1fb6e-6a64-50ee-a11f-18f9df93c47a","3","3","[""ANSWER_MISSING"",""CHOICES_REQUIRED"",""SOLUTION_MISSING"",""MATH_REPRESENTATION_UNDECLARED"",""PAU_MODALITY_UNDECLARED"",""SOLUTION_REVIEW_REQUIRED""]"
"cand-32cea868-5e97-5a65-8147-acb154c0a808","ex-8ee375d7-4742-52a7-beac-049f1f9b1b38","3","2","[""ANSWER_MISSING"",""CHOICES_REQUIRED"",""SOLUTION_MISSING"",""PAU_MODALITY_UNDECLARED"",""SOLUTION_REVIEW_REQUIRED""]"
"cand-6ef43aef-a009-5455-8252-02f0bc1830e6","ex-a232a438-b746-58e0-9042-c700e2e1b673","3","3","[""ANSWER_MISSING"",""CHOICES_REQUIRED"",""SOLUTION_MISSING"",""PAU_DETAIL_INCOMPLETE"",""PAU_MODALITY_UNDECLARED"",""SOLUTION_REVIEW_REQUIRED""]"
"cand-b8cc1c98-9360-5a25-9505-406ae2af0ac2","ex-6b63d4c2-edd2-5559-9431-9c02f4643ad1","3","2","[""ANSWER_MISSING"",""CHOICES_REQUIRED"",""SOLUTION_MISSING"",""PAU_MODALITY_UNDECLARED"",""SOLUTION_REVIEW_REQUIRED""]"
"cand-e617e8a5-c1a7-5a9b-840a-c18c7b515ecd","ex-03086bb4-6fa6-5b9e-8338-67776fe58c6d","3","3","[""ANSWER_MISSING"",""CHOICES_REQUIRED"",""SOLUTION_MISSING"",""MATH_REPRESENTATION_UNDECLARED"",""PAU_MODALITY_UNDECLARED"",""SOLUTION_REVIEW_REQUIRED""]"
"cand-e0e18007-c12a-5f74-b08d-b30e6a826205","ex-6d4104fa-fef1-57b8-beaa-4e705a90589e","3","2","[""ANSWER_MISSING"",""CHOICES_REQUIRED"",""SOLUTION_MISSING"",""PAU_MODALITY_UNDECLARED"",""SOLUTION_REVIEW_REQUIRED""]"
"cand-da63abb9-a391-5483-93ad-94adbf7bb30f","ex-60608f14-1fb6-585d-a4f4-6f14873549e4","3","3","[""ANSWER_MISSING"",""CHOICES_REQUIRED"",""SOLUTION_MISSING"",""MATH_REPRESENTATION_UNDECLARED"",""PAU_MODALITY_UNDECLARED"",""SOLUTION_REVIEW_REQUIRED""]"
"cand-03df1f73-0825-5403-a790-18a5474987d1","ex-49decc1f-b79f-57e6-839e-f31b607fb16b","3","2","[""ANSWER_MISSING"",""CHOICES_REQUIRED"",""SOLUTION_MISSING"",""PAU_MODALITY_UNDECLARED"",""SOLUTION_REVIEW_REQUIRED""]"
"cand-c273c1bd-a91e-5f9a-8853-5cb2c254306d","ex-1d2b92a0-e791-57c7-8806-20dac446ac67","3","3","[""ANSWER_MISSING"",""CHOICES_REQUIRED"",""SOLUTION_MISSING"",""MATH_REPRESENTATION_UNDECLARED"",""PAU_MODALITY_UNDECLARED"",""SOLUTION_REVIEW_REQUIRED""]"
"cand-941197ae-613e-5843-9f59-1a298c9db813","ex-97cdda5e-e59f-53c5-9ab1-8272cb8cb859","3","2","[""ANSWER_MISSING"",""CHOICES_REQUIRED"",""SOLUTION_MISSING"",""PAU_MODALITY_UNDECLARED"",""SOLUTION_REVIEW_REQUIRED""]"
"cand-d434879f-4277-5da1-b99c-63db123b53d7","ex-cf73094e-d68b-592d-a3c0-fe6a04307420","3","3","[""ANSWER_MISSING"",""CHOICES_REQUIRED"",""SOLUTION_MISSING"",""MATH_REPRESENTATION_UNDECLARED"",""PAU_MODALITY_UNDECLARED"",""SOLUTION_REVIEW_REQUIRED""]"
"cand-d5aae1bb-2ad6-5950-bd68-5953573e5f1a","ex-a64ee5b2-b951-5f1b-828b-9deeee511ed1","3","4","[""ANSWER_MISSING"",""CHOICES_REQUIRED"",""SOLUTION_MISSING"",""MATH_REPRESENTATION_UNDECLARED"",""PAU_DETAIL_INCOMPLETE"",""PAU_MODALITY_UNDECLARED"",""SOLUTION_REVIEW_REQUIRED""]"
"cand-7beece74-9136-55f3-8d68-09dceba959f6","ex-2c9bd898-3cf3-5b91-a73f-2b0bb29a7495","3","2","[""ANSWER_MISSING"",""CHOICES_REQUIRED"",""SOLUTION_MISSING"",""PAU_MODALITY_UNDECLARED"",""SOLUTION_REVIEW_REQUIRED""]"
"cand-efc32b33-7592-585e-a249-0fb7808c45ac","ex-f2dd0596-eb27-53bd-a797-526c571714f8","3","3","[""ANSWER_MISSING"",""CHOICES_REQUIRED"",""SOLUTION_MISSING"",""PAU_DETAIL_INCOMPLETE"",""PAU_MODALITY_UNDECLARED"",""SOLUTION_REVIEW_REQUIRED""]"
"cand-43a3d68f-ec75-5816-871c-0da7aa3abe3c","ex-798f75b5-b90c-5113-9c92-db1827c8e798","3","3","[""ANSWER_MISSING"",""CHOICES_REQUIRED"",""SOLUTION_MISSING"",""MATH_REPRESENTATION_UNDECLARED"",""PAU_MODALITY_UNDECLARED"",""SOLUTION_REVIEW_REQUIRED""]"
"cand-5ad79069-a183-57c7-b450-2241ad82f196","ex-255ec4d1-85f2-5328-913c-db74d7501a0b","3","2","[""ANSWER_MISSING"",""CHOICES_REQUIRED"",""SOLUTION_MISSING"",""PAU_MODALITY_UNDECLARED"",""SOLUTION_REVIEW_REQUIRED""]"
"cand-a7b86521-7953-53df-afe6-8e610ac96a56","ex-8cc42604-a8a0-5e50-ab69-31995e419a6b","3","2","[""ANSWER_MISSING"",""CHOICES_REQUIRED"",""SOLUTION_MISSING"",""PAU_MODALITY_UNDECLARED"",""SOLUTION_REVIEW_REQUIRED""]"
"cand-6b4f98cf-21e7-5d00-a394-916ad9803ee0","ex-f6587a01-cfe6-51fb-bbd5-b5bd6908164e","3","2","[""ANSWER_MISSING"",""CHOICES_REQUIRED"",""SOLUTION_MISSING"",""PAU_MODALITY_UNDECLARED"",""SOLUTION_REVIEW_REQUIRED""]"
"cand-35fad23f-cb57-56be-9241-429b49f17e36","ex-193103fc-0b22-583e-860d-9c290f9fbdd6","3","2","[""ANSWER_MISSING"",""CHOICES_REQUIRED"",""SOLUTION_MISSING"",""PAU_MODALITY_UNDECLARED"",""SOLUTION_REVIEW_REQUIRED""]"
"cand-832e8354-66b2-55ac-b58c-cbc9f45c89da","ex-461cac3a-ecf7-53b1-9d7f-d1789198fe0a","3","2","[""ANSWER_MISSING"",""CHOICES_REQUIRED"",""SOLUTION_MISSING"",""PAU_MODALITY_UNDECLARED"",""SOLUTION_REVIEW_REQUIRED""]"
"cand-b4cde009-c84b-5104-8208-10992a66d4ff","ex-a4cf6715-5eef-57d0-9d1f-7bf28d8de66e","3","3","[""ANSWER_MISSING"",""CHOICES_REQUIRED"",""SOLUTION_MISSING"",""MATH_REPRESENTATION_UNDECLARED"",""PAU_MODALITY_UNDECLARED"",""SOLUTION_REVIEW_REQUIRED""]"
"cand-c7d40e2f-b6ae-5273-b901-faf79180d361","ex-c81d1fdc-7fed-598d-99cc-c6f0f4240b58","3","3","[""ANSWER_MISSING"",""CHOICES_REQUIRED"",""SOLUTION_MISSING"",""PAU_DETAIL_INCOMPLETE"",""PAU_MODALITY_UNDECLARED"",""SOLUTION_REVIEW_REQUIRED""]"
"cand-236b7440-0531-54e2-8656-1ea53100a8a5","ex-b0b5250a-c01a-5f69-ba2b-5d0dd80f9c3a","3","2","[""ANSWER_MISSING"",""CHOICES_REQUIRED"",""SOLUTION_MISSING"",""PAU_MODALITY_UNDECLARED"",""SOLUTION_REVIEW_REQUIRED""]"
"cand-e0639386-0ff6-5a5a-b6d9-9f694bdb230f","ex-aad8850a-efc4-5779-8c2f-b42e34ccfb92","3","3","[""ANSWER_MISSING"",""CHOICES_REQUIRED"",""SOLUTION_MISSING"",""PAU_DETAIL_INCOMPLETE"",""PAU_MODALITY_UNDECLARED"",""SOLUTION_REVIEW_REQUIRED""]"
"cand-1a5327e6-797c-5f05-b836-9cd24d0a55fe","ex-92956b54-0784-523b-a007-07e00fea61cc","3","2","[""ANSWER_MISSING"",""CHOICES_REQUIRED"",""SOLUTION_MISSING"",""PAU_MODALITY_UNDECLARED"",""SOLUTION_REVIEW_REQUIRED""]"
"cand-2528e91e-1fe0-5168-b437-ea8cff85b04c","ex-1c70b661-5c22-5da7-bda6-d900097d18d8","3","2","[""ANSWER_MISSING"",""CHOICES_REQUIRED"",""SOLUTION_MISSING"",""PAU_MODALITY_UNDECLARED"",""SOLUTION_REVIEW_REQUIRED""]"
"cand-5b8d9a75-d5cc-545e-af6b-cc23d83f3907","ex-fbd57eed-bfaa-5872-ac16-2261dc140c6c","3","3","[""ANSWER_MISSING"",""CHOICES_REQUIRED"",""SOLUTION_MISSING"",""MATH_REPRESENTATION_UNDECLARED"",""PAU_MODALITY_UNDECLARED"",""SOLUTION_REVIEW_REQUIRED""]"
"cand-c0e6de96-e34c-5358-a687-71357d000263","ex-d413194d-70ae-5754-bbcb-d3b6e3e598a8","3","2","[""ANSWER_MISSING"",""CHOICES_REQUIRED"",""SOLUTION_MISSING"",""PAU_MODALITY_UNDECLARED"",""SOLUTION_REVIEW_REQUIRED""]"
"cand-aec894e4-93af-5f42-bd01-1e721c87ed7e","ex-d63a9d0c-0558-5724-b79a-dc2dfa2bcdc1","3","2","[""ANSWER_MISSING"",""CHOICES_REQUIRED"",""SOLUTION_MISSING"",""PAU_MODALITY_UNDECLARED"",""SOLUTION_REVIEW_REQUIRED""]"
"cand-f92e2726-4f71-5e8f-a166-f81e651d01e3","ex-3a56cdff-78b0-5dd4-8cde-58fce7a49d1c","3","2","[""ANSWER_MISSING"",""CHOICES_REQUIRED"",""SOLUTION_MISSING"",""PAU_MODALITY_UNDECLARED"",""SOLUTION_REVIEW_REQUIRED""]"
"cand-ab3f089b-e5af-5995-a73b-aae60323781e","ex-78e476ac-062f-5e81-9fda-3e46f6284313","3","2","[""ANSWER_MISSING"",""CHOICES_REQUIRED"",""SOLUTION_MISSING"",""PAU_MODALITY_UNDECLARED"",""SOLUTION_REVIEW_REQUIRED""]"
"cand-5ac102e2-6ee3-5d4a-a50d-bbc488364507","ex-f1466736-3bd6-504f-a1f3-9e27d9cd6cff","3","2","[""ANSWER_MISSING"",""CHOICES_REQUIRED"",""SOLUTION_MISSING"",""PAU_MODALITY_UNDECLARED"",""SOLUTION_REVIEW_REQUIRED""]"
"cand-dbd282ce-a896-5b2e-9f0a-4276e5b78a01","ex-d3e138f9-1f5f-5759-8133-5c24b5ccd86a","3","2","[""ANSWER_MISSING"",""CHOICES_REQUIRED"",""SOLUTION_MISSING"",""PAU_MODALITY_UNDECLARED"",""SOLUTION_REVIEW_REQUIRED""]"
"cand-83bc570d-55bf-500b-8f8b-8eff23b480e5","ex-50b29404-c7ac-5bcf-9e2a-2c2fd6ddcdee","3","3","[""ANSWER_MISSING"",""CHOICES_REQUIRED"",""SOLUTION_MISSING"",""PAU_DETAIL_INCOMPLETE"",""PAU_MODALITY_UNDECLARED"",""SOLUTION_REVIEW_REQUIRED""]"
"cand-0b1947dd-ed38-5f36-984a-7cc50be2de81","ex-0fe0d5a5-2b2d-5a17-9299-c4a7681e1aba","3","3","[""ANSWER_MISSING"",""CHOICES_REQUIRED"",""SOLUTION_MISSING"",""PAU_DETAIL_INCOMPLETE"",""PAU_MODALITY_UNDECLARED"",""SOLUTION_REVIEW_REQUIRED""]"
"cand-b5ce8cf3-a169-5962-826e-d9306f00dc38","ex-e2fade95-9e0b-5aa3-a71f-3ed376dca468","3","2","[""ANSWER_MISSING"",""CHOICES_REQUIRED"",""SOLUTION_MISSING"",""PAU_MODALITY_UNDECLARED"",""SOLUTION_REVIEW_REQUIRED""]"
"cand-c052d43f-57f0-5984-9753-9334341376f7","ex-1e56f8e9-7bcc-5023-be7d-aa5797769d4a","3","2","[""ANSWER_MISSING"",""CHOICES_REQUIRED"",""SOLUTION_MISSING"",""PAU_MODALITY_UNDECLARED"",""SOLUTION_REVIEW_REQUIRED""]"
"cand-ea883a7c-fe93-5110-bd5e-2c90326dde48","ex-cf9fe69c-2c66-5381-8492-05598f4771b1","3","2","[""ANSWER_MISSING"",""CHOICES_REQUIRED"",""SOLUTION_MISSING"",""PAU_MODALITY_UNDECLARED"",""SOLUTION_REVIEW_REQUIRED""]"
"cand-7d17c0fa-9611-54f4-a5d3-66293a7c1bc4","ex-112377be-355a-5dd7-94e4-40423c8c69d8","3","2","[""ANSWER_MISSING"",""CHOICES_REQUIRED"",""SOLUTION_MISSING"",""PAU_MODALITY_UNDECLARED"",""SOLUTION_REVIEW_REQUIRED""]"
"cand-14318aaa-7d19-5f75-b8af-0d4f66550afd","ex-5ed167c0-ed56-5d0e-a0f4-f6cb9c007a25","3","2","[""ANSWER_MISSING"",""CHOICES_REQUIRED"",""SOLUTION_MISSING"",""PAU_MODALITY_UNDECLARED"",""SOLUTION_REVIEW_REQUIRED""]"
"cand-3f136f86-4e59-5512-8410-ff86126dac17","ex-96dbf25d-50dc-5d45-9c83-9b9e6f8f5f5c","3","2","[""ANSWER_MISSING"",""CHOICES_REQUIRED"",""SOLUTION_MISSING"",""PAU_MODALITY_UNDECLARED"",""SOLUTION_REVIEW_REQUIRED""]"
"cand-c27f6a4e-1a20-586b-b37e-10edac5de9b9","ex-bded21ec-47a2-50c5-9b12-07f70d54da50","3","2","[""ANSWER_MISSING"",""CHOICES_REQUIRED"",""SOLUTION_MISSING"",""PAU_MODALITY_UNDECLARED"",""SOLUTION_REVIEW_REQUIRED""]"
"cand-04dba222-7a1c-56f5-abaa-0d0199fd97f1","ex-56a341e4-7ba0-5910-bfc5-f3872e07bd7c","3","2","[""ANSWER_MISSING"",""CHOICES_REQUIRED"",""SOLUTION_MISSING"",""PAU_MODALITY_UNDECLARED"",""SOLUTION_REVIEW_REQUIRED""]"
"cand-3493f5fc-3776-5035-9cf4-45e744dea2a0","ex-75d14064-8607-5204-bd2e-9f6da8e49fd9","3","3","[""ANSWER_MISSING"",""CHOICES_REQUIRED"",""SOLUTION_MISSING"",""PAU_DETAIL_INCOMPLETE"",""PAU_MODALITY_UNDECLARED"",""SOLUTION_REVIEW_REQUIRED""]"
"cand-844e8b38-bcfe-56a5-a793-b8bcece72583","ex-5ff6d280-fedd-530a-8120-87cf5c773c69","3","4","[""ANSWER_MISSING"",""CHOICES_REQUIRED"",""SOLUTION_MISSING"",""MATH_REPRESENTATION_UNDECLARED"",""PAU_DETAIL_INCOMPLETE"",""PAU_MODALITY_UNDECLARED"",""SOLUTION_REVIEW_REQUIRED""]"
"cand-e1d19499-c930-5e94-aa29-5f354db6aef2","ex-f84deaac-0af2-5186-b384-9ef108686b2c","3","2","[""ANSWER_MISSING"",""CHOICES_REQUIRED"",""SOLUTION_MISSING"",""PAU_MODALITY_UNDECLARED"",""SOLUTION_REVIEW_REQUIRED""]"
"cand-f01582d0-d5de-5bf7-a3e7-e10f723386dc","ex-0ea1e216-6c33-5043-b11d-b0ebc327ea97","3","2","[""ANSWER_MISSING"",""CHOICES_REQUIRED"",""SOLUTION_MISSING"",""PAU_MODALITY_UNDECLARED"",""SOLUTION_REVIEW_REQUIRED""]"
"cand-9c21fb09-7681-55fe-b5fe-ba90bf1e3e8b","ex-8a37aa99-e886-5765-8c57-80ed2f932ed0","3","2","[""ANSWER_MISSING"",""CHOICES_REQUIRED"",""SOLUTION_MISSING"",""PAU_MODALITY_UNDECLARED"",""SOLUTION_REVIEW_REQUIRED""]"
"cand-ab73a4d1-8cd2-5f69-8731-686d439f6f9b","ex-4e6f75e8-0caa-5915-8af3-bc188cb6c888","3","2","[""ANSWER_MISSING"",""CHOICES_REQUIRED"",""SOLUTION_MISSING"",""PAU_MODALITY_UNDECLARED"",""SOLUTION_REVIEW_REQUIRED""]"
"cand-5a54538c-fe61-5ad5-9d3e-90393a001753","ex-88062d62-3770-513d-8c27-3d92cd4f7a3c","3","3","[""ANSWER_MISSING"",""CHOICES_REQUIRED"",""SOLUTION_MISSING"",""PAU_DETAIL_INCOMPLETE"",""PAU_MODALITY_UNDECLARED"",""SOLUTION_REVIEW_REQUIRED""]"
"cand-05e29d73-0066-5d0a-9f7f-d9ec1a244d31","ex-4318382c-0272-58f1-b58a-06241379f235","3","3","[""ANSWER_MISSING"",""CHOICES_REQUIRED"",""SOLUTION_MISSING"",""PAU_DETAIL_INCOMPLETE"",""PAU_MODALITY_UNDECLARED"",""SOLUTION_REVIEW_REQUIRED""]"
"cand-e13257c5-91b9-5765-a1fa-4038e19b8857","ex-939e696f-77bf-5874-945c-3ac5cdee673d","3","2","[""ANSWER_MISSING"",""CHOICES_REQUIRED"",""SOLUTION_MISSING"",""PAU_MODALITY_UNDECLARED"",""SOLUTION_REVIEW_REQUIRED""]"
"cand-879c593b-51b0-5786-a190-80b014587d97","ex-73e9563c-05b2-5bac-ad98-615d00cd2356","3","2","[""ANSWER_MISSING"",""CHOICES_REQUIRED"",""SOLUTION_MISSING"",""PAU_MODALITY_UNDECLARED"",""SOLUTION_REVIEW_REQUIRED""]"
"cand-8cef5621-f992-5402-8437-5bb134d85cba","ex-ea9d0450-7261-5cec-8963-0770db4ee87c","3","2","[""ANSWER_MISSING"",""CHOICES_REQUIRED"",""SOLUTION_MISSING"",""PAU_MODALITY_UNDECLARED"",""SOLUTION_REVIEW_REQUIRED""]"
"cand-dac54ae2-e3fc-5c39-945e-dad1efe2507b","ex-ec475064-b47b-5082-a92c-66c9d86854b6","3","3","[""ANSWER_MISSING"",""CHOICES_REQUIRED"",""SOLUTION_MISSING"",""MATH_REPRESENTATION_UNDECLARED"",""PAU_MODALITY_UNDECLARED"",""SOLUTION_REVIEW_REQUIRED""]"
"cand-20f73462-6c5a-5f6e-8c61-333c5f00dba5","ex-6497a19a-b3b8-5ad7-9f18-2a9dfc9e9cbf","3","4","[""ANSWER_MISSING"",""CHOICES_REQUIRED"",""SOLUTION_MISSING"",""MATH_REPRESENTATION_UNDECLARED"",""PAU_DETAIL_INCOMPLETE"",""PAU_MODALITY_UNDECLARED"",""SOLUTION_REVIEW_REQUIRED""]"
"cand-98332635-7cb0-5310-a725-8a0cec1b2fbb","ex-fae627c9-ff78-58f2-bd8a-776540c175b4","3","3","[""ANSWER_MISSING"",""CHOICES_REQUIRED"",""SOLUTION_MISSING"",""PAU_DETAIL_INCOMPLETE"",""PAU_MODALITY_UNDECLARED"",""SOLUTION_REVIEW_REQUIRED""]"
"cand-5d47a644-2086-52aa-b4a0-a99531f161fb","ex-bbfb173d-0f1c-56de-aa6a-5363ffab6ca9","3","2","[""ANSWER_MISSING"",""CHOICES_REQUIRED"",""SOLUTION_MISSING"",""PAU_MODALITY_UNDECLARED"",""SOLUTION_REVIEW_REQUIRED""]"
"cand-4e304053-fb3b-59de-91fa-5ab8420e2a2e","ex-15e28ab8-e1a7-5d8c-ac6a-5071911d453a","3","2","[""ANSWER_MISSING"",""CHOICES_REQUIRED"",""SOLUTION_MISSING"",""PAU_MODALITY_UNDECLARED"",""SOLUTION_REVIEW_REQUIRED""]"
"cand-46cb8db6-ae1f-5849-bacc-89c4b6e2abfc","ex-d50e7ec1-5875-5a7c-9357-fbed4fff008e","3","2","[""ANSWER_MISSING"",""CHOICES_REQUIRED"",""SOLUTION_MISSING"",""PAU_MODALITY_UNDECLARED"",""SOLUTION_REVIEW_REQUIRED""]"
"cand-23177f27-1dc9-5aa0-9446-146cd83ea3cf","ex-efe466a2-4a56-527f-aff3-53a185d6120c","3","2","[""ANSWER_MISSING"",""CHOICES_REQUIRED"",""SOLUTION_MISSING"",""PAU_MODALITY_UNDECLARED"",""SOLUTION_REVIEW_REQUIRED""]"
"cand-ef14b54c-2d5a-5735-a78e-8707d9c598bc","ex-e0a2baf7-f92d-5b87-bca1-c7365fc05ed3","3","2","[""ANSWER_MISSING"",""CHOICES_REQUIRED"",""SOLUTION_MISSING"",""PAU_MODALITY_UNDECLARED"",""SOLUTION_REVIEW_REQUIRED""]"
"cand-6cafd3e7-9581-5eeb-8596-fe2eabe68fde","ex-3912975a-c147-5e21-a4b9-00ace85c21d8","3","2","[""ANSWER_MISSING"",""CHOICES_REQUIRED"",""SOLUTION_MISSING"",""PAU_MODALITY_UNDECLARED"",""SOLUTION_REVIEW_REQUIRED""]"
"cand-29265465-cf40-593c-b310-0d9ffbc4ddb4","ex-2a1a2a20-ac2b-526d-957e-2de872a3a1dd","3","2","[""ANSWER_MISSING"",""CHOICES_REQUIRED"",""SOLUTION_MISSING"",""PAU_MODALITY_UNDECLARED"",""SOLUTION_REVIEW_REQUIRED""]"
"cand-0e5c0972-e527-5317-9ff7-afbe68420cca","ex-c4548439-b978-5b6e-b5ae-3621d862a94f","3","3","[""ANSWER_MISSING"",""CHOICES_REQUIRED"",""SOLUTION_MISSING"",""MATH_REPRESENTATION_UNDECLARED"",""PAU_MODALITY_UNDECLARED"",""SOLUTION_REVIEW_REQUIRED""]"
"cand-674d4965-c4cf-5c89-90d2-3525e31bb18d","ex-ace84d37-98ab-5ae7-96e9-a0f771b3a207","3","3","[""ANSWER_MISSING"",""CHOICES_REQUIRED"",""SOLUTION_MISSING"",""PAU_DETAIL_INCOMPLETE"",""PAU_MODALITY_UNDECLARED"",""SOLUTION_REVIEW_REQUIRED""]"
"cand-8ca60369-d7c1-5513-88df-8ddffb9c6f79","ex-cf18d8e7-2964-546c-b2d7-e99203d03725","3","3","[""ANSWER_MISSING"",""CHOICES_REQUIRED"",""SOLUTION_MISSING"",""PAU_DETAIL_INCOMPLETE"",""PAU_MODALITY_UNDECLARED"",""SOLUTION_REVIEW_REQUIRED""]"
"cand-8db45823-a312-5294-b9cc-380914ee9c1b","ex-4a58016b-714d-5db1-9b87-1e751bf74be6","3","2","[""ANSWER_MISSING"",""CHOICES_REQUIRED"",""SOLUTION_MISSING"",""PAU_MODALITY_UNDECLARED"",""SOLUTION_REVIEW_REQUIRED""]"
"cand-66f2af84-856a-51ca-b6e9-5be1a7734cac","ex-15df5655-a299-54ae-8978-e4bc81c09355","3","3","[""ANSWER_MISSING"",""CHOICES_REQUIRED"",""SOLUTION_MISSING"",""MATH_REPRESENTATION_UNDECLARED"",""PAU_MODALITY_UNDECLARED"",""SOLUTION_REVIEW_REQUIRED""]"
"cand-1ba6d496-e317-55be-a698-2ee19e50b125","ex-691c91f6-707b-5e8d-9675-ea3fec02a7f5","3","2","[""ANSWER_MISSING"",""CHOICES_REQUIRED"",""SOLUTION_MISSING"",""PAU_MODALITY_UNDECLARED"",""SOLUTION_REVIEW_REQUIRED""]"
"cand-ff6f47c1-9a02-5927-9cb5-f2d32d46e713","ex-94f51db5-06fa-5816-b9a5-c5bd0468db4c","3","2","[""ANSWER_MISSING"",""CHOICES_REQUIRED"",""SOLUTION_MISSING"",""PAU_MODALITY_UNDECLARED"",""SOLUTION_REVIEW_REQUIRED""]"
"cand-48f82f77-76a4-518d-8f37-feeb1990974e","ex-bf591072-66a6-57d0-be6e-56eb97ff6942","3","3","[""ANSWER_MISSING"",""CHOICES_REQUIRED"",""SOLUTION_MISSING"",""PAU_DETAIL_INCOMPLETE"",""PAU_MODALITY_UNDECLARED"",""SOLUTION_REVIEW_REQUIRED""]"
"cand-b1e392ca-69c8-5dd8-a654-46aebe004077","ex-58970c57-fef6-57e5-9845-8d332480bf4b","3","3","[""ANSWER_MISSING"",""CHOICES_REQUIRED"",""SOLUTION_MISSING"",""PAU_DETAIL_INCOMPLETE"",""PAU_MODALITY_UNDECLARED"",""SOLUTION_REVIEW_REQUIRED""]"
"cand-50cb85d4-76ca-5deb-b5ca-b9fd01f96c6a","ex-5c1c1462-730e-5b46-ade3-0068e38bbb59","3","2","[""ANSWER_MISSING"",""CHOICES_REQUIRED"",""SOLUTION_MISSING"",""PAU_MODALITY_UNDECLARED"",""SOLUTION_REVIEW_REQUIRED""]"
"cand-82699137-2e16-5db6-a877-452bdc111065","ex-4317aa79-4707-5cd0-bf38-32847c095759","3","2","[""ANSWER_MISSING"",""CHOICES_REQUIRED"",""SOLUTION_MISSING"",""PAU_MODALITY_UNDECLARED"",""SOLUTION_REVIEW_REQUIRED""]"
"cand-86712d9c-7f7f-52ee-a765-aefa1213a3b8","ex-f0820b6b-bfcf-5c64-bc94-46a1b89a9aac","3","2","[""ANSWER_MISSING"",""CHOICES_REQUIRED"",""SOLUTION_MISSING"",""PAU_MODALITY_UNDECLARED"",""SOLUTION_REVIEW_REQUIRED""]"
"cand-543aa8d2-fd0a-5d78-9fb9-25f178b683e9","ex-298fdf63-f5e5-5819-8b84-ed6e7eb76a50","3","2","[""ANSWER_MISSING"",""CHOICES_REQUIRED"",""SOLUTION_MISSING"",""PAU_MODALITY_UNDECLARED"",""SOLUTION_REVIEW_REQUIRED""]"
"cand-ca3c725e-bc14-5edb-bd85-21b7f142cf98","ex-697261e4-459c-5dd4-841a-6ccc740c7f63","3","3","[""ANSWER_MISSING"",""CHOICES_REQUIRED"",""SOLUTION_MISSING"",""PAU_DETAIL_INCOMPLETE"",""PAU_MODALITY_UNDECLARED"",""SOLUTION_REVIEW_REQUIRED""]"
"cand-f542137d-25eb-5e01-a659-7a0fc7cda276","ex-02f8fca6-beae-5d67-9656-eecbf47fc537","3","3","[""ANSWER_MISSING"",""CHOICES_REQUIRED"",""SOLUTION_MISSING"",""PAU_DETAIL_INCOMPLETE"",""PAU_MODALITY_UNDECLARED"",""SOLUTION_REVIEW_REQUIRED""]"
"cand-b63423ab-3733-5797-b268-b78f12fbd02e","ex-d959f2f7-5237-56f5-9eeb-790c342e70a5","3","2","[""ANSWER_MISSING"",""CHOICES_REQUIRED"",""SOLUTION_MISSING"",""PAU_MODALITY_UNDECLARED"",""SOLUTION_REVIEW_REQUIRED""]"
"cand-e471814e-1368-508e-a921-cc0bee63b24a","ex-f26f87db-64e6-5666-8cf9-d9f176f1a5a3","3","2","[""ANSWER_MISSING"",""CHOICES_REQUIRED"",""SOLUTION_MISSING"",""PAU_MODALITY_UNDECLARED"",""SOLUTION_REVIEW_REQUIRED""]"
"cand-70597772-85bd-5d3f-84fe-4556b774b160","ex-46e6dbe4-bdc5-5a7f-9622-750f9910eb83","3","2","[""ANSWER_MISSING"",""CHOICES_REQUIRED"",""SOLUTION_MISSING"",""PAU_MODALITY_UNDECLARED"",""SOLUTION_REVIEW_REQUIRED""]"
"cand-315a551b-38a2-52aa-aef4-c18dbcd3456e","ex-9faef0ad-1801-5ab5-8c83-db3b0a4d4728","3","2","[""ANSWER_MISSING"",""CHOICES_REQUIRED"",""SOLUTION_MISSING"",""PAU_MODALITY_UNDECLARED"",""SOLUTION_REVIEW_REQUIRED""]"
"cand-d1d5ea05-aad1-543c-8f01-fc285e796583","ex-522ca7a6-11cd-5a75-b8d6-aaa180720d02","3","3","[""ANSWER_MISSING"",""CHOICES_REQUIRED"",""SOLUTION_MISSING"",""PAU_DETAIL_INCOMPLETE"",""PAU_MODALITY_UNDECLARED"",""SOLUTION_REVIEW_REQUIRED""]"
"cand-34d74869-39f8-51c4-83a8-9840891cda00","ex-eae27043-f723-574d-aaba-3bd1075312b8","3","3","[""ANSWER_MISSING"",""CHOICES_REQUIRED"",""SOLUTION_MISSING"",""PAU_DETAIL_INCOMPLETE"",""PAU_MODALITY_UNDECLARED"",""SOLUTION_REVIEW_REQUIRED""]"
"cand-fa206f01-8c94-5eaa-8f2c-8d1524785515","ex-b84e4543-24ea-54e7-b6f6-8bcaf03bc68e","3","3","[""ANSWER_MISSING"",""CHOICES_REQUIRED"",""SOLUTION_MISSING"",""PAU_DETAIL_INCOMPLETE"",""PAU_MODALITY_UNDECLARED"",""SOLUTION_REVIEW_REQUIRED""]"
"cand-527dc987-4fe3-50a1-bd5c-f5de386ed84b","ex-7e8ae66e-e9f6-56e4-8085-c915e1ca04ad","3","2","[""ANSWER_MISSING"",""CHOICES_REQUIRED"",""SOLUTION_MISSING"",""PAU_MODALITY_UNDECLARED"",""SOLUTION_REVIEW_REQUIRED""]"
"cand-5a502566-ba40-5ab5-b6ed-af8cb50c96e9","ex-2f28366e-e560-5de0-97e3-9c3ac0632fe2","3","2","[""ANSWER_MISSING"",""CHOICES_REQUIRED"",""SOLUTION_MISSING"",""PAU_MODALITY_UNDECLARED"",""SOLUTION_REVIEW_REQUIRED""]"
"cand-0a3d40e0-f25a-5c17-9aaa-196d3f6445a3","ex-e84efb9d-74b5-5156-8e0a-440f4fee5c5c","3","2","[""ANSWER_MISSING"",""CHOICES_REQUIRED"",""SOLUTION_MISSING"",""PAU_MODALITY_UNDECLARED"",""SOLUTION_REVIEW_REQUIRED""]"
"cand-9f9f8de7-a2a4-5e31-abd3-27d64c672706","ex-0561c8c2-f1ba-52ba-8187-ddd857c16766","3","3","[""ANSWER_MISSING"",""CHOICES_REQUIRED"",""SOLUTION_MISSING"",""PAU_DETAIL_INCOMPLETE"",""PAU_MODALITY_UNDECLARED"",""SOLUTION_REVIEW_REQUIRED""]"
"cand-2e1d836f-6216-5256-979d-b619d919b98e","ex-2a34ed5f-f580-534e-81e3-f28e8ef742af","3","3","[""ANSWER_MISSING"",""CHOICES_REQUIRED"",""SOLUTION_MISSING"",""PAU_DETAIL_INCOMPLETE"",""PAU_MODALITY_UNDECLARED"",""SOLUTION_REVIEW_REQUIRED""]"
"cand-ff4fba28-29a5-5aaf-bf79-04b7d006a8b0","ex-cf46e68f-1877-54c8-907b-c33cb2fc3cba","3","2","[""ANSWER_MISSING"",""CHOICES_REQUIRED"",""SOLUTION_MISSING"",""PAU_MODALITY_UNDECLARED"",""SOLUTION_REVIEW_REQUIRED""]"
"cand-cd48e8b1-3110-517d-8527-f30f6a076a96","ex-0d0cc5fd-aa5b-5ee5-bdb4-ffb9e39ee099","3","2","[""ANSWER_MISSING"",""CHOICES_REQUIRED"",""SOLUTION_MISSING"",""PAU_MODALITY_UNDECLARED"",""SOLUTION_REVIEW_REQUIRED""]"
"cand-70f3047c-bdff-5907-993d-294edf0fe3fd","ex-524578cb-372d-5867-ba07-a8dd7de7a1f8","3","2","[""ANSWER_MISSING"",""CHOICES_REQUIRED"",""SOLUTION_MISSING"",""PAU_MODALITY_UNDECLARED"",""SOLUTION_REVIEW_REQUIRED""]"
"cand-fe0be5ba-9415-5ab5-8453-2e1d913f31dc","ex-bbfd27b3-4173-5bd5-819e-5c69b619a575","3","2","[""ANSWER_MISSING"",""CHOICES_REQUIRED"",""SOLUTION_MISSING"",""PAU_MODALITY_UNDECLARED"",""SOLUTION_REVIEW_REQUIRED""]"
"cand-9d13d4bb-b6e9-515e-9853-27b2f40f0d1e","ex-b9c5673d-3b8d-55d0-9909-8207c8b813e6","3","2","[""ANSWER_MISSING"",""CHOICES_REQUIRED"",""SOLUTION_MISSING"",""PAU_MODALITY_UNDECLARED"",""SOLUTION_REVIEW_REQUIRED""]"
"cand-49adf75f-eab5-50c7-a6ba-012301b75160","ex-35bacd27-0bcb-587e-8121-56b4da757d84","3","2","[""ANSWER_MISSING"",""CHOICES_REQUIRED"",""SOLUTION_MISSING"",""PAU_MODALITY_UNDECLARED"",""SOLUTION_REVIEW_REQUIRED""]"
"cand-7c2b3c3e-409e-5ea6-9f2c-b987cb66a37b","ex-111b3c42-7aac-5c86-9010-6457bcfc61e7","3","3","[""ANSWER_MISSING"",""CHOICES_REQUIRED"",""SOLUTION_MISSING"",""PAU_DETAIL_INCOMPLETE"",""PAU_MODALITY_UNDECLARED"",""SOLUTION_REVIEW_REQUIRED""]"
"cand-a6655c56-0511-5b04-ab4c-45967bcc8676","ex-434003d0-70b3-59bb-baf1-4851c1833851","3","3","[""ANSWER_MISSING"",""CHOICES_REQUIRED"",""SOLUTION_MISSING"",""PAU_DETAIL_INCOMPLETE"",""PAU_MODALITY_UNDECLARED"",""SOLUTION_REVIEW_REQUIRED""]"
"cand-718921a5-a9ed-5de5-868b-b84d1194f253","ex-6a54de2b-31cf-59e8-baf0-53ed1346b218","3","2","[""ANSWER_MISSING"",""CHOICES_REQUIRED"",""SOLUTION_MISSING"",""PAU_MODALITY_UNDECLARED"",""SOLUTION_REVIEW_REQUIRED""]"
"cand-6615f89b-f31a-56f7-95f3-bd5ead2025ea","ex-24859b1e-deac-5c8d-b52a-7d5e6d0b1df4","3","2","[""ANSWER_MISSING"",""CHOICES_REQUIRED"",""SOLUTION_MISSING"",""PAU_MODALITY_UNDECLARED"",""SOLUTION_REVIEW_REQUIRED""]"
"cand-c5fb3fdf-32cd-5c1d-8129-56b68c681cf6","ex-3498e201-219d-5063-a423-de769845427a","3","2","[""ANSWER_MISSING"",""CHOICES_REQUIRED"",""SOLUTION_MISSING"",""PAU_MODALITY_UNDECLARED"",""SOLUTION_REVIEW_REQUIRED""]"
"cand-174b48b1-e638-5218-84d1-b9e48991225d","ex-a4ceff93-fdd7-5b92-a55e-f2a061ff133b","3","2","[""ANSWER_MISSING"",""CHOICES_REQUIRED"",""SOLUTION_MISSING"",""PAU_MODALITY_UNDECLARED"",""SOLUTION_REVIEW_REQUIRED""]"
"cand-57bde0b4-b09e-5ad2-afce-70f0b8dc1eff","ex-1fcbb477-98ff-55f8-bf43-a2460fd93767","3","2","[""ANSWER_MISSING"",""CHOICES_REQUIRED"",""SOLUTION_MISSING"",""PAU_MODALITY_UNDECLARED"",""SOLUTION_REVIEW_REQUIRED""]"
"cand-3f69515a-c4b9-54a1-8389-a98f05dfceb1","ex-67c69cb0-59a6-56e4-9e8d-3fb2adddbca9","3","2","[""ANSWER_MISSING"",""CHOICES_REQUIRED"",""SOLUTION_MISSING"",""PAU_MODALITY_UNDECLARED"",""SOLUTION_REVIEW_REQUIRED""]"
"cand-f41791f8-7c82-5309-9f2d-535c743b719e","ex-4bc07b01-2f98-5f20-a9ee-67108862adc2","3","3","[""ANSWER_MISSING"",""CHOICES_REQUIRED"",""SOLUTION_MISSING"",""PAU_DETAIL_INCOMPLETE"",""PAU_MODALITY_UNDECLARED"",""SOLUTION_REVIEW_REQUIRED""]"
"cand-846c7169-8316-5e75-a232-4a437d588dd0","ex-db100260-dcb7-54a5-b24e-48ba7cf528fb","3","2","[""ANSWER_MISSING"",""CHOICES_REQUIRED"",""SOLUTION_MISSING"",""PAU_MODALITY_UNDECLARED"",""SOLUTION_REVIEW_REQUIRED""]"
"cand-c569e43c-84fe-534d-af97-79a2288954d5","ex-f8d861f6-8942-5d53-a10d-67cd0fb359d2","3","3","[""ANSWER_MISSING"",""CHOICES_REQUIRED"",""SOLUTION_MISSING"",""PAU_DETAIL_INCOMPLETE"",""PAU_MODALITY_UNDECLARED"",""SOLUTION_REVIEW_REQUIRED""]"
"cand-b08bd717-e41e-5ae2-89a9-ead9b1ae48fc","ex-96dc568a-479e-523b-bb80-7ce31bad310a","3","2","[""ANSWER_MISSING"",""CHOICES_REQUIRED"",""SOLUTION_MISSING"",""PAU_MODALITY_UNDECLARED"",""SOLUTION_REVIEW_REQUIRED""]"
"cand-716ae585-68cc-51fd-a97b-a933950c8952","ex-23233a78-91b0-5665-92e6-3e747924989e","3","3","[""ANSWER_MISSING"",""CHOICES_REQUIRED"",""SOLUTION_MISSING"",""PAU_DETAIL_INCOMPLETE"",""PAU_MODALITY_UNDECLARED"",""SOLUTION_REVIEW_REQUIRED""]"
"cand-7ed49f2e-602d-51b5-a206-169973df700b","ex-f5e73e17-2871-5701-b152-e55fa201034d","3","2","[""ANSWER_MISSING"",""CHOICES_REQUIRED"",""SOLUTION_MISSING"",""PAU_MODALITY_UNDECLARED"",""SOLUTION_REVIEW_REQUIRED""]"
"cand-40ae4f3c-3cec-5466-99c3-2d2a22367edb","ex-7b0b3681-068f-55d0-84c1-8c85760ed8bd","3","2","[""ANSWER_MISSING"",""CHOICES_REQUIRED"",""SOLUTION_MISSING"",""PAU_MODALITY_UNDECLARED"",""SOLUTION_REVIEW_REQUIRED""]"
"cand-615cf398-d32f-5307-96d7-53b5b709cb85","ex-6dc880e9-6909-5ebc-8421-b7d96ddfadb2","3","2","[""ANSWER_MISSING"",""CHOICES_REQUIRED"",""SOLUTION_MISSING"",""PAU_MODALITY_UNDECLARED"",""SOLUTION_REVIEW_REQUIRED""]"
"cand-323460a0-e0d5-5f92-8228-3aad938be059","ex-914ec024-19e7-5466-a0fe-57b56c021cac","3","2","[""ANSWER_MISSING"",""CHOICES_REQUIRED"",""SOLUTION_MISSING"",""PAU_MODALITY_UNDECLARED"",""SOLUTION_REVIEW_REQUIRED""]"
"cand-116f95cb-f976-59a7-a085-08c2d102134c","ex-7d13570e-c519-565c-bb2a-836371fe0889","3","2","[""ANSWER_MISSING"",""CHOICES_REQUIRED"",""SOLUTION_MISSING"",""PAU_MODALITY_UNDECLARED"",""SOLUTION_REVIEW_REQUIRED""]"
"cand-5720dcc0-4996-5e37-8080-ee02bd3d5ea9","ex-2ef0fa2f-8b87-5d64-b051-e7a513afae64","3","3","[""ANSWER_MISSING"",""CHOICES_REQUIRED"",""SOLUTION_MISSING"",""PAU_DETAIL_INCOMPLETE"",""PAU_MODALITY_UNDECLARED"",""SOLUTION_REVIEW_REQUIRED""]"
"cand-52e97781-744c-5ecb-9e70-b99b3d370085","ex-e205aa87-ebca-5ced-9e26-1ed828f435d5","3","2","[""ANSWER_MISSING"",""CHOICES_REQUIRED"",""SOLUTION_MISSING"",""PAU_MODALITY_UNDECLARED"",""SOLUTION_REVIEW_REQUIRED""]"
"cand-96daa04f-9077-5ebd-a7c5-b3913002885c","ex-b0ecbe7a-81ba-507f-b379-d82136301b8f","3","3","[""ANSWER_MISSING"",""CHOICES_REQUIRED"",""SOLUTION_MISSING"",""PAU_DETAIL_INCOMPLETE"",""PAU_MODALITY_UNDECLARED"",""SOLUTION_REVIEW_REQUIRED""]"
"cand-89957d7f-b59f-5ed4-9178-7c22405c01f0","ex-7cc02c3d-3bb2-5876-ba89-7b90c325ab94","3","2","[""ANSWER_MISSING"",""CHOICES_REQUIRED"",""SOLUTION_MISSING"",""PAU_MODALITY_UNDECLARED"",""SOLUTION_REVIEW_REQUIRED""]"
"cand-33218be5-9441-58da-96c6-a233e05bc78c","ex-906e59c7-bf95-5b84-915e-f7c5b4e30dfa","3","2","[""ANSWER_MISSING"",""CHOICES_REQUIRED"",""SOLUTION_MISSING"",""PAU_MODALITY_UNDECLARED"",""SOLUTION_REVIEW_REQUIRED""]"
"cand-04bc9e9c-c10b-5c18-923e-f404a9e19a77","ex-b57c4ba2-b02f-57aa-925b-4ec45b61883d","3","2","[""ANSWER_MISSING"",""CHOICES_REQUIRED"",""SOLUTION_MISSING"",""PAU_MODALITY_UNDECLARED"",""SOLUTION_REVIEW_REQUIRED""]"
"cand-d675e998-c714-5823-825d-8f1a83f38f02","ex-18346a62-66ea-51f4-9848-5437d94cca2d","3","2","[""ANSWER_MISSING"",""CHOICES_REQUIRED"",""SOLUTION_MISSING"",""PAU_MODALITY_UNDECLARED"",""SOLUTION_REVIEW_REQUIRED""]"
"cand-5cfbcfae-bee6-5ca4-b721-da77b314727a","ex-54dc65ed-df98-5a87-bdab-faf81a542503","3","2","[""ANSWER_MISSING"",""CHOICES_REQUIRED"",""SOLUTION_MISSING"",""PAU_MODALITY_UNDECLARED"",""SOLUTION_REVIEW_REQUIRED""]"
"cand-888fa86c-48d4-5462-ae1f-32c72a11e3a8","ex-c03b8b0f-0e9c-5164-8c4a-7e5f1d28ea42","3","3","[""ANSWER_MISSING"",""CHOICES_REQUIRED"",""SOLUTION_MISSING"",""MATH_REPRESENTATION_UNDECLARED"",""PAU_MODALITY_UNDECLARED"",""SOLUTION_REVIEW_REQUIRED""]"
"cand-5e982f62-b1fb-5b7a-9d8c-ec199a125373","ex-ec431d0e-935d-55d8-9177-7975167f88bc","3","2","[""ANSWER_MISSING"",""CHOICES_REQUIRED"",""SOLUTION_MISSING"",""PAU_MODALITY_UNDECLARED"",""SOLUTION_REVIEW_REQUIRED""]"
"cand-aa6ea3ee-2d04-5b72-8e33-847d4da5e464","ex-ab881eff-f929-5b49-bf68-013bd6edb450","3","3","[""ANSWER_MISSING"",""CHOICES_REQUIRED"",""SOLUTION_MISSING"",""PAU_DETAIL_INCOMPLETE"",""PAU_MODALITY_UNDECLARED"",""SOLUTION_REVIEW_REQUIRED""]"
"cand-ee318c1c-02fb-589f-9ab4-73e83bc5999d","ex-eb353238-3977-50f2-90b4-2d37eceda729","3","2","[""ANSWER_MISSING"",""CHOICES_REQUIRED"",""SOLUTION_MISSING"",""PAU_MODALITY_UNDECLARED"",""SOLUTION_REVIEW_REQUIRED""]"
"cand-49f3500e-2578-56f2-a07d-904a28587fe5","ex-4a91ba86-84d6-5708-868e-41744ddcaff9","3","3","[""ANSWER_MISSING"",""CHOICES_REQUIRED"",""SOLUTION_MISSING"",""PAU_DETAIL_INCOMPLETE"",""PAU_MODALITY_UNDECLARED"",""SOLUTION_REVIEW_REQUIRED""]"
"cand-c2a8ee9e-f828-58a1-8ee3-7c81ae3b54c8","ex-7e314815-809c-51b6-ba37-17c06e642b1c","3","2","[""ANSWER_MISSING"",""CHOICES_REQUIRED"",""SOLUTION_MISSING"",""PAU_MODALITY_UNDECLARED"",""SOLUTION_REVIEW_REQUIRED""]"
"cand-6ffb0b34-5e09-58a5-a5d1-9fe066f592fb","ex-ec28789d-3054-5c9f-b018-07fba39b035c","3","2","[""ANSWER_MISSING"",""CHOICES_REQUIRED"",""SOLUTION_MISSING"",""PAU_MODALITY_UNDECLARED"",""SOLUTION_REVIEW_REQUIRED""]"
"cand-3d8ad617-37e0-5846-94e5-57fa64d0fbd0","ex-289be2ba-5a73-50ca-898d-9bc6d283eb50","3","2","[""ANSWER_MISSING"",""CHOICES_REQUIRED"",""SOLUTION_MISSING"",""PAU_MODALITY_UNDECLARED"",""SOLUTION_REVIEW_REQUIRED""]"
"cand-ec7e8566-e5ed-57bb-a6a2-896c62bf0c2a","ex-4b661c0e-d849-52fc-8f8e-e79ad44f81a6","3","2","[""ANSWER_MISSING"",""CHOICES_REQUIRED"",""SOLUTION_MISSING"",""PAU_MODALITY_UNDECLARED"",""SOLUTION_REVIEW_REQUIRED""]"
"cand-874d0f73-67fe-5400-a3d8-02ec0d925d09","ex-81fc0cf8-5ae4-5873-a001-6cbb6a51719e","3","2","[""ANSWER_MISSING"",""CHOICES_REQUIRED"",""SOLUTION_MISSING"",""PAU_MODALITY_UNDECLARED"",""SOLUTION_REVIEW_REQUIRED""]"
"cand-2c2504fc-f8cc-509b-8851-d3e8ef3a5843","ex-c5c7c3f2-47d0-5ccf-930f-ded35063b9ad","3","2","[""ANSWER_MISSING"",""CHOICES_REQUIRED"",""SOLUTION_MISSING"",""PAU_MODALITY_UNDECLARED"",""SOLUTION_REVIEW_REQUIRED""]"
"cand-0a9c9a7b-531f-5dea-b6ef-8b521388cfb9","ex-2bbed93b-bf9e-522a-95ba-7e47853c68d7","3","2","[""ANSWER_MISSING"",""CHOICES_REQUIRED"",""SOLUTION_MISSING"",""PAU_MODALITY_UNDECLARED"",""SOLUTION_REVIEW_REQUIRED""]"
"cand-4a59f139-be9f-5ee2-8f3f-243d2d87eba1","ex-da5d2b5d-6636-5069-9868-9d43c8d714d4","3","3","[""ANSWER_MISSING"",""CHOICES_REQUIRED"",""SOLUTION_MISSING"",""PAU_DETAIL_INCOMPLETE"",""PAU_MODALITY_UNDECLARED"",""SOLUTION_REVIEW_REQUIRED""]"
"cand-adb6d35f-3628-5a61-b46a-17f8d189a35e","ex-233cec43-110f-52f6-9590-fd846ea30062","3","3","[""ANSWER_MISSING"",""CHOICES_REQUIRED"",""SOLUTION_MISSING"",""PAU_DETAIL_INCOMPLETE"",""PAU_MODALITY_UNDECLARED"",""SOLUTION_REVIEW_REQUIRED""]"
"cand-938a0111-7655-5e9b-8f6f-c0a55d463394","ex-33c7531b-81c4-5086-9429-033afc0e3ae0","3","2","[""ANSWER_MISSING"",""CHOICES_REQUIRED"",""SOLUTION_MISSING"",""PAU_MODALITY_UNDECLARED"",""SOLUTION_REVIEW_REQUIRED""]"
"cand-47045af1-6e42-5edd-9ec9-48de0a0d2cd3","ex-bf7c5ec9-f895-563e-a177-8e95777d7f2b","3","2","[""ANSWER_MISSING"",""CHOICES_REQUIRED"",""SOLUTION_MISSING"",""PAU_MODALITY_UNDECLARED"",""SOLUTION_REVIEW_REQUIRED""]"
"cand-1c7f375d-49b0-5d01-b6cc-ae21d6c9e608","ex-8fa3a5ac-c2aa-5695-a962-313e467626b1","3","3","[""ANSWER_MISSING"",""CHOICES_REQUIRED"",""SOLUTION_MISSING"",""PAU_DETAIL_INCOMPLETE"",""PAU_MODALITY_UNDECLARED"",""SOLUTION_REVIEW_REQUIRED""]"
"cand-9e02dbdb-5c3a-57c1-bbdc-2fea63c155d5","ex-55290085-d452-5943-a71e-20b6b3d406ec","3","2","[""ANSWER_MISSING"",""CHOICES_REQUIRED"",""SOLUTION_MISSING"",""PAU_MODALITY_UNDECLARED"",""SOLUTION_REVIEW_REQUIRED""]"
"cand-77001df3-1432-5a68-b46f-c660b1091b34","ex-0caf0250-16b3-560c-9615-2430fc2d6df0","3","2","[""ANSWER_MISSING"",""CHOICES_REQUIRED"",""SOLUTION_MISSING"",""PAU_MODALITY_UNDECLARED"",""SOLUTION_REVIEW_REQUIRED""]"
"cand-32a34ea7-aea6-5b2b-9b77-9f808a8ba421","ex-1d342213-37bd-5547-bae5-f0a9f3a41778","3","2","[""ANSWER_MISSING"",""CHOICES_REQUIRED"",""SOLUTION_MISSING"",""PAU_MODALITY_UNDECLARED"",""SOLUTION_REVIEW_REQUIRED""]"
"cand-c8c6d597-b335-50d5-aaa1-311e1e2651d0","ex-827cf3f4-7e12-5b2d-a247-8a7dac78a382","3","2","[""ANSWER_MISSING"",""CHOICES_REQUIRED"",""SOLUTION_MISSING"",""PAU_MODALITY_UNDECLARED"",""SOLUTION_REVIEW_REQUIRED""]"
"cand-40d118fe-38d4-5aaf-934d-5275bb7ed0c1","ex-7e4f469f-23f8-593e-9234-645467892877","3","2","[""ANSWER_MISSING"",""CHOICES_REQUIRED"",""SOLUTION_MISSING"",""PAU_MODALITY_UNDECLARED"",""SOLUTION_REVIEW_REQUIRED""]"
"cand-3f2de036-7fa1-5c34-8390-a0e6c8fa5198","ex-881e09fe-5dea-5c43-a537-202ae9f12c5e","3","2","[""ANSWER_MISSING"",""CHOICES_REQUIRED"",""SOLUTION_MISSING"",""PAU_MODALITY_UNDECLARED"",""SOLUTION_REVIEW_REQUIRED""]"
"cand-30be88a3-f453-5553-91f4-2d4a5d3afc55","ex-6b6eebf5-bfc9-5f72-ab62-19b82756932a","3","2","[""ANSWER_MISSING"",""CHOICES_REQUIRED"",""SOLUTION_MISSING"",""PAU_MODALITY_UNDECLARED"",""SOLUTION_REVIEW_REQUIRED""]"
"cand-7db736c9-ee7b-59cf-9b16-6a0e65501d5a","ex-7c19fb8b-7a1c-5b5f-95fb-359d946affd8","3","2","[""ANSWER_MISSING"",""CHOICES_REQUIRED"",""SOLUTION_MISSING"",""PAU_MODALITY_UNDECLARED"",""SOLUTION_REVIEW_REQUIRED""]"
"cand-8a777d0c-04b8-5d91-885b-f308885bf686","ex-9af1b898-a51b-5643-a2c1-02d4ae027272","3","2","[""ANSWER_MISSING"",""CHOICES_REQUIRED"",""SOLUTION_MISSING"",""PAU_MODALITY_UNDECLARED"",""SOLUTION_REVIEW_REQUIRED""]"
"cand-cff119dd-3e22-5d0e-ae57-76f73e840b45","ex-d359c924-afaf-5277-874f-3b37ce389d29","3","2","[""ANSWER_MISSING"",""CHOICES_REQUIRED"",""SOLUTION_MISSING"",""PAU_MODALITY_UNDECLARED"",""SOLUTION_REVIEW_REQUIRED""]"
"cand-d0b71fd8-a759-5193-b90d-7bd3e5490746","ex-4e3ffa94-c367-53ac-becc-b83ae12cf095","3","2","[""ANSWER_MISSING"",""CHOICES_REQUIRED"",""SOLUTION_MISSING"",""PAU_MODALITY_UNDECLARED"",""SOLUTION_REVIEW_REQUIRED""]"
"cand-a14fb3b9-d1bc-5d58-8d6a-f702347cffb3","ex-43de1b72-7229-5c41-9749-757d18ccdccb","3","3","[""ANSWER_MISSING"",""CHOICES_REQUIRED"",""SOLUTION_MISSING"",""PAU_DETAIL_INCOMPLETE"",""PAU_MODALITY_UNDECLARED"",""SOLUTION_REVIEW_REQUIRED""]"
"cand-aac539ee-6936-52f6-90e2-313306b23172","ex-096f2734-67f1-5ce1-ab2f-16127ff3d826","3","3","[""ANSWER_MISSING"",""CHOICES_REQUIRED"",""SOLUTION_MISSING"",""PAU_DETAIL_INCOMPLETE"",""PAU_MODALITY_UNDECLARED"",""SOLUTION_REVIEW_REQUIRED""]"
"cand-5fe382e4-f3dd-55f8-9e29-e5964600112a","ex-72d89378-2f39-519a-981b-d483a17b788a","3","2","[""ANSWER_MISSING"",""CHOICES_REQUIRED"",""SOLUTION_MISSING"",""PAU_MODALITY_UNDECLARED"",""SOLUTION_REVIEW_REQUIRED""]"
"cand-65f06205-facd-5c0b-a45a-1e0484f9b067","ex-b3413e57-162e-5d96-b3fe-8eb1254e9c32","3","2","[""ANSWER_MISSING"",""CHOICES_REQUIRED"",""SOLUTION_MISSING"",""PAU_MODALITY_UNDECLARED"",""SOLUTION_REVIEW_REQUIRED""]"
"cand-83fb911e-783f-50e4-b9ea-6896bc0770b9","ex-7de6ff4f-38ca-50d3-b6a4-2642bdd748af","3","2","[""ANSWER_MISSING"",""CHOICES_REQUIRED"",""SOLUTION_MISSING"",""PAU_MODALITY_UNDECLARED"",""SOLUTION_REVIEW_REQUIRED""]"
"cand-524eab47-fe02-5e75-aa9e-4dbe8a8a9e70","ex-4ebbfa66-d871-5f4a-9f19-b16baaf40f37","3","2","[""ANSWER_MISSING"",""CHOICES_REQUIRED"",""SOLUTION_MISSING"",""PAU_MODALITY_UNDECLARED"",""SOLUTION_REVIEW_REQUIRED""]"
"cand-34a75cd5-a9df-509f-9804-ce2eb7c65a19","ex-522a6f3a-3193-538b-add7-6f45fa2dbbaa","3","3","[""ANSWER_MISSING"",""CHOICES_REQUIRED"",""SOLUTION_MISSING"",""PAU_DETAIL_INCOMPLETE"",""PAU_MODALITY_UNDECLARED"",""SOLUTION_REVIEW_REQUIRED""]"
"cand-17f48521-ccce-5df4-bfff-34ee719b76be","ex-0a2798aa-aed0-511b-a599-8647973e7551","3","3","[""ANSWER_MISSING"",""CHOICES_REQUIRED"",""SOLUTION_MISSING"",""PAU_DETAIL_INCOMPLETE"",""PAU_MODALITY_UNDECLARED"",""SOLUTION_REVIEW_REQUIRED""]"
"cand-6e1ff0ae-144e-57b1-a0dd-abb26ffde24c","ex-6c7c10c8-e421-5b89-9de3-5f29b15388ad","3","3","[""ANSWER_MISSING"",""CHOICES_REQUIRED"",""SOLUTION_MISSING"",""PAU_DETAIL_INCOMPLETE"",""PAU_MODALITY_UNDECLARED"",""SOLUTION_REVIEW_REQUIRED""]"
"cand-0c7501a9-9d19-56ec-af1f-590519892d0d","ex-43f9a1b2-deb8-57a0-ae97-500eacc35ddf","3","3","[""ANSWER_MISSING"",""CHOICES_REQUIRED"",""SOLUTION_MISSING"",""PAU_DETAIL_INCOMPLETE"",""PAU_MODALITY_UNDECLARED"",""SOLUTION_REVIEW_REQUIRED""]"
"cand-31405207-1857-5ad6-a302-932e54064399","ex-3fe4a009-df46-56a2-a78f-b83ccb705394","3","3","[""ANSWER_MISSING"",""CHOICES_REQUIRED"",""SOLUTION_MISSING"",""PAU_DETAIL_INCOMPLETE"",""PAU_MODALITY_UNDECLARED"",""SOLUTION_REVIEW_REQUIRED""]"
"cand-a08c16a8-93d3-590b-92d1-6a7dcc3bad3d","ex-fb0bcbc6-15c2-5ede-996f-b122c9ff2f54","3","2","[""ANSWER_MISSING"",""CHOICES_REQUIRED"",""SOLUTION_MISSING"",""PAU_MODALITY_UNDECLARED"",""SOLUTION_REVIEW_REQUIRED""]"
"cand-dcda104a-99b8-5d4a-af31-8f31964158a9","ex-ada22e29-24c1-5225-bdcb-434e25bd8299","3","2","[""ANSWER_MISSING"",""CHOICES_REQUIRED"",""SOLUTION_MISSING"",""PAU_MODALITY_UNDECLARED"",""SOLUTION_REVIEW_REQUIRED""]"
"cand-4702ba35-7717-5d11-a2e0-0c15b2bd8bc9","ex-643bfbf0-23b7-59a3-ac2b-0830fb0d3733","3","2","[""ANSWER_MISSING"",""CHOICES_REQUIRED"",""SOLUTION_MISSING"",""PAU_MODALITY_UNDECLARED"",""SOLUTION_REVIEW_REQUIRED""]"
"cand-6e1e7ee3-fc55-5894-8860-0b0d3446a4fe","ex-88440420-b5f0-5511-b849-2a3b12996a88","3","3","[""ANSWER_MISSING"",""CHOICES_REQUIRED"",""SOLUTION_MISSING"",""PAU_DETAIL_INCOMPLETE"",""PAU_MODALITY_UNDECLARED"",""SOLUTION_REVIEW_REQUIRED""]"
"cand-d11b6679-813c-5949-9047-7a5d666d342c","ex-a321148d-4f45-5754-97ec-9cf234d25c8f","3","3","[""ANSWER_MISSING"",""CHOICES_REQUIRED"",""SOLUTION_MISSING"",""PAU_DETAIL_INCOMPLETE"",""PAU_MODALITY_UNDECLARED"",""SOLUTION_REVIEW_REQUIRED""]"
"cand-14740fdc-719d-5f1f-8016-9bc9e6a65d36","ex-dd9c3b71-59fe-5e8e-a405-ac36755e4a90","3","3","[""ANSWER_MISSING"",""CHOICES_REQUIRED"",""SOLUTION_MISSING"",""PAU_DETAIL_INCOMPLETE"",""PAU_MODALITY_UNDECLARED"",""SOLUTION_REVIEW_REQUIRED""]"
"cand-e6e1bc69-2db7-5cc1-8c40-21fd57390cda","ex-5e96c670-5521-5312-8f46-57db1252cd8e","3","2","[""ANSWER_MISSING"",""CHOICES_REQUIRED"",""SOLUTION_MISSING"",""PAU_MODALITY_UNDECLARED"",""SOLUTION_REVIEW_REQUIRED""]"
"cand-77edf592-6b26-5b9b-98fd-465258a031d5","ex-68c8cc4c-c433-563b-b486-ce14ae4f076a","3","2","[""ANSWER_MISSING"",""CHOICES_REQUIRED"",""SOLUTION_MISSING"",""PAU_MODALITY_UNDECLARED"",""SOLUTION_REVIEW_REQUIRED""]"
"cand-b82576e2-8718-534b-851e-077c5da98979","ex-61b8dbe5-2067-59a5-a6f0-13de85e24dc6","3","2","[""ANSWER_MISSING"",""CHOICES_REQUIRED"",""SOLUTION_MISSING"",""PAU_MODALITY_UNDECLARED"",""SOLUTION_REVIEW_REQUIRED""]"
"cand-62f7f3d9-ce3c-5bc6-8bce-b02bcc845930","ex-586e7612-b36c-5506-9442-0890f0d82551","3","2","[""ANSWER_MISSING"",""CHOICES_REQUIRED"",""SOLUTION_MISSING"",""PAU_MODALITY_UNDECLARED"",""SOLUTION_REVIEW_REQUIRED""]"
"cand-60c73099-62ab-5228-919d-36a5dfa313f0","ex-3dbf18b9-58ba-5c4e-be30-eb737c4987a3","3","3","[""ANSWER_MISSING"",""CHOICES_REQUIRED"",""SOLUTION_MISSING"",""PAU_DETAIL_INCOMPLETE"",""PAU_MODALITY_UNDECLARED"",""SOLUTION_REVIEW_REQUIRED""]"
"cand-63ed5e2c-0e22-51eb-93f7-fd4671d0e6fe","ex-e47f6896-96d3-5cb9-b432-ce045eb3a09e","3","3","[""ANSWER_MISSING"",""CHOICES_REQUIRED"",""SOLUTION_MISSING"",""PAU_DETAIL_INCOMPLETE"",""PAU_MODALITY_UNDECLARED"",""SOLUTION_REVIEW_REQUIRED""]"
"cand-14bc58f3-99e4-5a48-a6bb-ec48b698231e","ex-d833ccda-7338-5901-bed4-87e29a62d642","3","3","[""ANSWER_MISSING"",""CHOICES_REQUIRED"",""SOLUTION_MISSING"",""PAU_DETAIL_INCOMPLETE"",""PAU_MODALITY_UNDECLARED"",""SOLUTION_REVIEW_REQUIRED""]"
"cand-35718356-768c-509a-b41e-dc8069e029e1","ex-f941bb71-3ac7-5671-8fb5-801e7b33276e","3","3","[""ANSWER_MISSING"",""CHOICES_REQUIRED"",""SOLUTION_MISSING"",""PAU_DETAIL_INCOMPLETE"",""PAU_MODALITY_UNDECLARED"",""SOLUTION_REVIEW_REQUIRED""]"
"cand-4642a154-2aff-56f3-b2f7-09f09a3e272b","ex-9cd7edbb-867a-5eba-a6d6-59b3f7c7ffea","3","3","[""ANSWER_MISSING"",""CHOICES_REQUIRED"",""SOLUTION_MISSING"",""PAU_DETAIL_INCOMPLETE"",""PAU_MODALITY_UNDECLARED"",""SOLUTION_REVIEW_REQUIRED""]"
"cand-91e41b02-a0c6-582f-864f-6e98de0df2db","ex-f21553c8-f376-5109-ac9a-4ba7d528f38f","3","2","[""ANSWER_MISSING"",""CHOICES_REQUIRED"",""SOLUTION_MISSING"",""PAU_MODALITY_UNDECLARED"",""SOLUTION_REVIEW_REQUIRED""]"
"cand-c4b4c7ec-a47d-53bb-8e59-f3e82d66e3fa","ex-f1ec2153-e13b-5bb0-97af-60234c81e052","3","2","[""ANSWER_MISSING"",""CHOICES_REQUIRED"",""SOLUTION_MISSING"",""PAU_MODALITY_UNDECLARED"",""SOLUTION_REVIEW_REQUIRED""]"
"cand-206436c0-9d7e-567b-9158-3c984849e3f2","ex-967e92e5-006e-510e-9341-194eb5277fee","3","3","[""ANSWER_MISSING"",""CHOICES_REQUIRED"",""SOLUTION_MISSING"",""PAU_DETAIL_INCOMPLETE"",""PAU_MODALITY_UNDECLARED"",""SOLUTION_REVIEW_REQUIRED""]"
"cand-b5e509ab-37cb-5e0c-a055-5aa722852eed","ex-9f6dcf3b-5f5d-5571-9cf4-61ff0a5f88d6","3","2","[""ANSWER_MISSING"",""CHOICES_REQUIRED"",""SOLUTION_MISSING"",""PAU_MODALITY_UNDECLARED"",""SOLUTION_REVIEW_REQUIRED""]"
"cand-8bfacf2c-115d-5948-a161-8067fdc0ffda","ex-ccda8b5a-00d2-58dc-8688-9dab5ccff55a","3","2","[""ANSWER_MISSING"",""CHOICES_REQUIRED"",""SOLUTION_MISSING"",""PAU_MODALITY_UNDECLARED"",""SOLUTION_REVIEW_REQUIRED""]"
"cand-058a8c28-7d91-58db-8d7f-2d3a1f3de0e1","ex-5f8172d0-acda-5175-9247-e0e5fb4cbd08","3","2","[""ANSWER_MISSING"",""CHOICES_REQUIRED"",""SOLUTION_MISSING"",""PAU_MODALITY_UNDECLARED"",""SOLUTION_REVIEW_REQUIRED""]"
"cand-0bee54b0-c3c2-58d7-9618-1fb07d5be602","ex-d96555b2-d160-5314-8c06-f52a80752ecb","3","3","[""ANSWER_MISSING"",""CHOICES_REQUIRED"",""SOLUTION_MISSING"",""PAU_DETAIL_INCOMPLETE"",""PAU_MODALITY_UNDECLARED"",""SOLUTION_REVIEW_REQUIRED""]"
"cand-d83da00e-097a-5376-8184-c23ec9650984","ex-cfc9c935-f42d-50f2-a435-296c55f094a6","3","3","[""ANSWER_MISSING"",""CHOICES_REQUIRED"",""SOLUTION_MISSING"",""PAU_DETAIL_INCOMPLETE"",""PAU_MODALITY_UNDECLARED"",""SOLUTION_REVIEW_REQUIRED""]"
"cand-87f90b47-8231-5ce8-94f5-b521b8734348","ex-3e16338e-57e3-5aaa-9507-fddf16a0018a","3","2","[""ANSWER_MISSING"",""CHOICES_REQUIRED"",""SOLUTION_MISSING"",""PAU_MODALITY_UNDECLARED"",""SOLUTION_REVIEW_REQUIRED""]"
"cand-17cdec6a-947e-5c6e-8f9d-9c7c33473fc0","ex-53f2a038-4e8a-5e26-a753-3be78bb1a390","3","2","[""ANSWER_MISSING"",""CHOICES_REQUIRED"",""SOLUTION_MISSING"",""PAU_MODALITY_UNDECLARED"",""SOLUTION_REVIEW_REQUIRED""]"
"cand-dddf733f-3f6c-5f1b-a93f-f04be06ac0b3","ex-795e5291-6b48-5292-b56f-9d8c8c0fa3ad","3","2","[""ANSWER_MISSING"",""CHOICES_REQUIRED"",""SOLUTION_MISSING"",""PAU_MODALITY_UNDECLARED"",""SOLUTION_REVIEW_REQUIRED""]"
"cand-1aa21c69-8fa1-5e3d-a004-445766ad0131","ex-ace5b01a-0658-59a5-89c7-394316581216","3","2","[""ANSWER_MISSING"",""CHOICES_REQUIRED"",""SOLUTION_MISSING"",""PAU_MODALITY_UNDECLARED"",""SOLUTION_REVIEW_REQUIRED""]"
"cand-46a3c542-7bc6-57aa-8a94-46a9146a53ee","ex-742249d2-ea19-5482-b71f-4c01f5f892b4","3","2","[""ANSWER_MISSING"",""CHOICES_REQUIRED"",""SOLUTION_MISSING"",""PAU_MODALITY_UNDECLARED"",""SOLUTION_REVIEW_REQUIRED""]"
"cand-92dcd68f-e8f1-5d5f-be40-780c0d22d604","ex-4837c377-4083-51ae-9b78-07af7e35f811","3","2","[""ANSWER_MISSING"",""CHOICES_REQUIRED"",""SOLUTION_MISSING"",""PAU_MODALITY_UNDECLARED"",""SOLUTION_REVIEW_REQUIRED""]"
"cand-8007a016-64f1-5c57-bba1-aa2f90e1e868","ex-a2b5900f-1ec7-5e4f-9d17-95ed41420833","3","3","[""ANSWER_MISSING"",""CHOICES_REQUIRED"",""SOLUTION_MISSING"",""PAU_DETAIL_INCOMPLETE"",""PAU_MODALITY_UNDECLARED"",""SOLUTION_REVIEW_REQUIRED""]"
"cand-c96c9e85-3dd7-55de-bb7e-2f4ed3bcf3e8","ex-d9c125ae-895d-5526-a5a9-6093cc9dfa1f","3","2","[""ANSWER_MISSING"",""CHOICES_REQUIRED"",""SOLUTION_MISSING"",""PAU_MODALITY_UNDECLARED"",""SOLUTION_REVIEW_REQUIRED""]"
"cand-5e482abc-f09c-50d0-a605-f16dae4c7fe0","ex-bd710f0a-ed24-5d43-9acd-2e8b23acbc3b","3","3","[""ANSWER_MISSING"",""CHOICES_REQUIRED"",""SOLUTION_MISSING"",""PAU_DETAIL_INCOMPLETE"",""PAU_MODALITY_UNDECLARED"",""SOLUTION_REVIEW_REQUIRED""]"
"cand-8a1cbce6-e052-5e74-bebe-8701b5e34171","ex-6c33a279-423c-5a6b-a3c4-1ddca0d624ae","3","2","[""ANSWER_MISSING"",""CHOICES_REQUIRED"",""SOLUTION_MISSING"",""PAU_MODALITY_UNDECLARED"",""SOLUTION_REVIEW_REQUIRED""]"
"cand-fbcd03aa-016d-5f6b-8c43-8d8d7629a36c","ex-5a85623d-f5a1-5078-9d6f-3707598107ea","3","2","[""ANSWER_MISSING"",""CHOICES_REQUIRED"",""SOLUTION_MISSING"",""PAU_MODALITY_UNDECLARED"",""SOLUTION_REVIEW_REQUIRED""]"
"cand-f861c8ee-3b38-55ac-9e7e-888e24e8bdc5","ex-7ab26b2a-196d-5f2f-b6f9-7d6708c0e7b0","3","2","[""ANSWER_MISSING"",""CHOICES_REQUIRED"",""SOLUTION_MISSING"",""PAU_MODALITY_UNDECLARED"",""SOLUTION_REVIEW_REQUIRED""]"
"cand-a48ef720-0a4f-5382-b8b0-1fc7a5c500fe","ex-8c868920-d9e0-5989-bf42-b63e2cacfd2a","3","2","[""ANSWER_MISSING"",""CHOICES_REQUIRED"",""SOLUTION_MISSING"",""PAU_MODALITY_UNDECLARED"",""SOLUTION_REVIEW_REQUIRED""]"
"cand-64aae9ba-b75a-56fa-a776-c6024d6bf52d","ex-56824821-f435-5938-a618-5f0a641b3e13","3","2","[""ANSWER_MISSING"",""CHOICES_REQUIRED"",""SOLUTION_MISSING"",""PAU_MODALITY_UNDECLARED"",""SOLUTION_REVIEW_REQUIRED""]"
"cand-105832ec-6b80-5f69-9169-9fa421a43768","ex-4e5ed11c-f54b-54a9-a59f-57db1c8bae27","3","2","[""ANSWER_MISSING"",""CHOICES_REQUIRED"",""SOLUTION_MISSING"",""PAU_MODALITY_UNDECLARED"",""SOLUTION_REVIEW_REQUIRED""]"
"cand-0927b968-fcac-5141-bcfa-ede45c23160f","ex-b37793af-e1cc-518e-ba17-cea6b957f326","3","2","[""ANSWER_MISSING"",""CHOICES_REQUIRED"",""SOLUTION_MISSING"",""PAU_MODALITY_UNDECLARED"",""SOLUTION_REVIEW_REQUIRED""]"
"cand-365e8451-e237-52f1-98fd-5db30c24fa13","ex-2a935f57-3966-5e5c-8c75-4199ed96e3b4","3","3","[""ANSWER_MISSING"",""CHOICES_REQUIRED"",""SOLUTION_MISSING"",""PAU_DETAIL_INCOMPLETE"",""PAU_MODALITY_UNDECLARED"",""SOLUTION_REVIEW_REQUIRED""]"
"cand-4377ccaa-3973-5a32-81be-600f5834b277","ex-8c7eaf68-1026-55fa-a9aa-a44b7acbbd7e","3","2","[""ANSWER_MISSING"",""CHOICES_REQUIRED"",""SOLUTION_MISSING"",""PAU_MODALITY_UNDECLARED"",""SOLUTION_REVIEW_REQUIRED""]"
"cand-b254dcb7-d58c-57d8-8b70-89144154867b","ex-a02863d6-0e1c-5d69-9faa-3fc7c6881626","3","3","[""ANSWER_MISSING"",""CHOICES_REQUIRED"",""SOLUTION_MISSING"",""PAU_DETAIL_INCOMPLETE"",""PAU_MODALITY_UNDECLARED"",""SOLUTION_REVIEW_REQUIRED""]"
"cand-3f0cce28-3fd9-5f6b-9e6c-d8a6626909a4","ex-67a47b8b-7c93-5b89-b190-4e117baf549f","3","2","[""ANSWER_MISSING"",""CHOICES_REQUIRED"",""SOLUTION_MISSING"",""PAU_MODALITY_UNDECLARED"",""SOLUTION_REVIEW_REQUIRED""]"
"cand-e2f62f4f-370f-5166-9e69-00f906af39f7","ex-7ab1b5da-fc3c-5bb0-8a5b-6994d1511024","3","2","[""ANSWER_MISSING"",""CHOICES_REQUIRED"",""SOLUTION_MISSING"",""PAU_MODALITY_UNDECLARED"",""SOLUTION_REVIEW_REQUIRED""]"
"cand-6eb18c51-f2ea-5ecb-a27e-87fc6822452c","ex-5ab77f89-d9bf-5f9f-bdb4-fe798eba1d28","3","3","[""ANSWER_MISSING"",""CHOICES_REQUIRED"",""SOLUTION_MISSING"",""PAU_DETAIL_INCOMPLETE"",""PAU_MODALITY_UNDECLARED"",""SOLUTION_REVIEW_REQUIRED""]"
"cand-734dd90e-83e8-517f-b9d5-4d0b2169e8cb","ex-38f99d91-b908-59d5-bfc9-78cec4adafc7","3","2","[""ANSWER_MISSING"",""CHOICES_REQUIRED"",""SOLUTION_MISSING"",""PAU_MODALITY_UNDECLARED"",""SOLUTION_REVIEW_REQUIRED""]"
"cand-d907601a-bb3e-59b0-bc4f-e362e99bdfea","ex-982659c4-59ad-5e00-a631-c9a2b3a7b4f4","3","2","[""ANSWER_MISSING"",""CHOICES_REQUIRED"",""SOLUTION_MISSING"",""PAU_MODALITY_UNDECLARED"",""SOLUTION_REVIEW_REQUIRED""]"
"cand-c6dfeb15-5ffc-550c-86e8-19ab5eea64ad","ex-b6ba1281-6d2a-550b-974c-148aa304f93a","3","2","[""ANSWER_MISSING"",""CHOICES_REQUIRED"",""SOLUTION_MISSING"",""PAU_MODALITY_UNDECLARED"",""SOLUTION_REVIEW_REQUIRED""]"
"cand-cfaf8b0a-54e3-55a6-88e3-dca906413a22","ex-5a01f4ff-7b11-52f2-8b23-a1068d198fce","3","2","[""ANSWER_MISSING"",""CHOICES_REQUIRED"",""SOLUTION_MISSING"",""PAU_MODALITY_UNDECLARED"",""SOLUTION_REVIEW_REQUIRED""]"
"cand-13991b14-3185-56a4-8bb8-e939825f0565","ex-723bd6a2-2ab5-539e-b068-1092ac0af91a","3","4","[""ANSWER_MISSING"",""CHOICES_REQUIRED"",""SOLUTION_MISSING"",""MATH_REPRESENTATION_UNDECLARED"",""PAU_DETAIL_INCOMPLETE"",""PAU_MODALITY_UNDECLARED"",""SOLUTION_REVIEW_REQUIRED""]"
"cand-fca6154b-c16d-51cc-b78f-4c9d4b22114a","ex-48eebe41-b5b2-5fb8-87c6-e8fba011ddf8","3","2","[""ANSWER_MISSING"",""CHOICES_REQUIRED"",""SOLUTION_MISSING"",""PAU_MODALITY_UNDECLARED"",""SOLUTION_REVIEW_REQUIRED""]"
"cand-fb6abdc5-4072-5604-8e7e-abc4035a0f94","ex-7a5f4eb8-77f9-5ac2-8f10-6dc710d785d0","3","2","[""ANSWER_MISSING"",""CHOICES_REQUIRED"",""SOLUTION_MISSING"",""PAU_MODALITY_UNDECLARED"",""SOLUTION_REVIEW_REQUIRED""]"
"cand-3481324c-af73-5f46-a422-62d2ed18c713","ex-f501d136-5c67-53b2-ab8d-b1513ea84d32","3","2","[""ANSWER_MISSING"",""CHOICES_REQUIRED"",""SOLUTION_MISSING"",""PAU_MODALITY_UNDECLARED"",""SOLUTION_REVIEW_REQUIRED""]"
"cand-ef2a961b-06d2-5583-a154-0e0a776881d6","ex-a4fb538a-91ca-5cea-9524-4df83e6e0d6f","3","2","[""ANSWER_MISSING"",""CHOICES_REQUIRED"",""SOLUTION_MISSING"",""PAU_MODALITY_UNDECLARED"",""SOLUTION_REVIEW_REQUIRED""]"
"cand-4c832333-9ba5-598d-babf-e75961c5a8f4","ex-3b324fac-1531-5877-aebb-330766ffb9dc","3","3","[""ANSWER_MISSING"",""CHOICES_REQUIRED"",""SOLUTION_MISSING"",""PAU_DETAIL_INCOMPLETE"",""PAU_MODALITY_UNDECLARED"",""SOLUTION_REVIEW_REQUIRED""]"
"cand-9e8eba91-f754-580a-8604-ddb1c91f8dcc","ex-fbc6440e-7ed4-5e31-93f0-03fdad8a0297","3","2","[""ANSWER_MISSING"",""CHOICES_REQUIRED"",""SOLUTION_MISSING"",""PAU_MODALITY_UNDECLARED"",""SOLUTION_REVIEW_REQUIRED""]"
"cand-86c34517-30d9-55f1-b843-c14af79ca543","ex-843c5a37-e2d1-5433-a79f-29de6ed214c4","3","2","[""ANSWER_MISSING"",""CHOICES_REQUIRED"",""SOLUTION_MISSING"",""PAU_MODALITY_UNDECLARED"",""SOLUTION_REVIEW_REQUIRED""]"
"cand-5e05fe16-e505-5061-8747-dd0e7a50c879","ex-fae66cef-256c-55f8-9460-dd8429a6a85a","3","2","[""ANSWER_MISSING"",""CHOICES_REQUIRED"",""SOLUTION_MISSING"",""PAU_MODALITY_UNDECLARED"",""SOLUTION_REVIEW_REQUIRED""]"
"cand-ae03615d-7dfd-5aa9-aa07-e117fa5324e7","ex-9b5e6711-7cc2-5a94-91f1-da35c88cec28","3","2","[""ANSWER_MISSING"",""CHOICES_REQUIRED"",""SOLUTION_MISSING"",""PAU_MODALITY_UNDECLARED"",""SOLUTION_REVIEW_REQUIRED""]"
"cand-d0e6bb9b-a3db-5645-a131-e87d100d682b","ex-1d925b37-af66-5aff-aa24-5e723c74d7ab","3","3","[""ANSWER_MISSING"",""CHOICES_REQUIRED"",""SOLUTION_MISSING"",""PAU_DETAIL_INCOMPLETE"",""PAU_MODALITY_UNDECLARED"",""SOLUTION_REVIEW_REQUIRED""]"
"cand-7e1bf00d-bf33-51d6-8e0a-960c17b30c7e","ex-5a70e9ab-4aa6-51ec-8746-93d38ee55d69","3","2","[""ANSWER_MISSING"",""CHOICES_REQUIRED"",""SOLUTION_MISSING"",""PAU_MODALITY_UNDECLARED"",""SOLUTION_REVIEW_REQUIRED""]"
"cand-c7e75dd5-654e-53fd-ae36-927f40e7d238","ex-23a3f45c-ab64-5767-8530-11ac95673ca6","3","2","[""ANSWER_MISSING"",""CHOICES_REQUIRED"",""SOLUTION_MISSING"",""PAU_MODALITY_UNDECLARED"",""SOLUTION_REVIEW_REQUIRED""]"
"cand-07e6e48a-1f89-58b5-a8af-f7fea8b1dbdc","ex-e81e26e5-600c-51d5-aa36-a19f409d4a90","3","2","[""ANSWER_MISSING"",""CHOICES_REQUIRED"",""SOLUTION_MISSING"",""PAU_MODALITY_UNDECLARED"",""SOLUTION_REVIEW_REQUIRED""]"
"cand-aec8e623-6d1d-50c1-b82c-2c9003837bac","ex-d9a7b96f-f4d2-57bb-bee4-a31ebf79ac74","3","2","[""ANSWER_MISSING"",""CHOICES_REQUIRED"",""SOLUTION_MISSING"",""PAU_MODALITY_UNDECLARED"",""SOLUTION_REVIEW_REQUIRED""]"
"cand-8d514c96-6ac7-55a2-a45d-7ccb1436d65c","ex-0173deb0-a2d2-53e4-9a4d-67c3c972012b","3","3","[""ANSWER_MISSING"",""CHOICES_REQUIRED"",""SOLUTION_MISSING"",""PAU_DETAIL_INCOMPLETE"",""PAU_MODALITY_UNDECLARED"",""SOLUTION_REVIEW_REQUIRED""]"
"cand-505555f9-d4d9-5466-9a87-db1db3b33bac","ex-4c7679ae-3f33-571d-a38b-af1005000a5c","3","3","[""ANSWER_MISSING"",""CHOICES_REQUIRED"",""SOLUTION_MISSING"",""PAU_DETAIL_INCOMPLETE"",""PAU_MODALITY_UNDECLARED"",""SOLUTION_REVIEW_REQUIRED""]"
"cand-eb220f7f-9321-5409-86ee-cffccbd6799d","ex-9b4edefe-9aba-5f75-9077-73d293882751","3","2","[""ANSWER_MISSING"",""CHOICES_REQUIRED"",""SOLUTION_MISSING"",""PAU_MODALITY_UNDECLARED"",""SOLUTION_REVIEW_REQUIRED""]"
"cand-4198fca0-0c11-50ec-9253-107812869e9d","ex-d3a1806d-5c38-5020-b066-e034693ec484","3","2","[""ANSWER_MISSING"",""CHOICES_REQUIRED"",""SOLUTION_MISSING"",""PAU_MODALITY_UNDECLARED"",""SOLUTION_REVIEW_REQUIRED""]"
"cand-6bcf0062-11b7-5976-b3cb-619437364cb0","ex-a48e59a7-3560-5f9b-bff5-4f5d2caa15e7","3","2","[""ANSWER_MISSING"",""CHOICES_REQUIRED"",""SOLUTION_MISSING"",""PAU_MODALITY_UNDECLARED"",""SOLUTION_REVIEW_REQUIRED""]"
"cand-b2a05166-8021-5ff7-be1c-54da98a0d514","ex-136df061-9013-53b0-8918-2dbe31a34962","3","2","[""ANSWER_MISSING"",""CHOICES_REQUIRED"",""SOLUTION_MISSING"",""PAU_MODALITY_UNDECLARED"",""SOLUTION_REVIEW_REQUIRED""]"
"cand-881f5276-e5a5-5488-8f8c-78d71208f392","ex-2778677a-5e14-5093-98c2-fe6725e32575","3","2","[""ANSWER_MISSING"",""CHOICES_REQUIRED"",""SOLUTION_MISSING"",""PAU_MODALITY_UNDECLARED"",""SOLUTION_REVIEW_REQUIRED""]"
"cand-8db98504-a102-5421-b367-33bc950f560e","ex-c00c2c01-d724-5314-a2da-5a607fa4eb3d","3","2","[""ANSWER_MISSING"",""CHOICES_REQUIRED"",""SOLUTION_MISSING"",""PAU_MODALITY_UNDECLARED"",""SOLUTION_REVIEW_REQUIRED""]"
"cand-62cbaa26-4d2a-5cff-a558-2c38903af5ac","ex-0ec8a020-c272-5d19-a3ae-89e9c4143313","3","2","[""ANSWER_MISSING"",""CHOICES_REQUIRED"",""SOLUTION_MISSING"",""PAU_MODALITY_UNDECLARED"",""SOLUTION_REVIEW_REQUIRED""]"
"cand-77b00368-f17f-5f7d-bc11-c236cbc624c8","ex-53c3211c-07f4-5a3c-abd7-0f99faba039e","3","2","[""ANSWER_MISSING"",""CHOICES_REQUIRED"",""SOLUTION_MISSING"",""PAU_MODALITY_UNDECLARED"",""SOLUTION_REVIEW_REQUIRED""]"
"cand-550d696b-ae62-5623-a700-3638f2058322","ex-08e16c63-a7d6-5327-9e35-3bba2af61810","3","3","[""ANSWER_MISSING"",""CHOICES_REQUIRED"",""SOLUTION_MISSING"",""PAU_DETAIL_INCOMPLETE"",""PAU_MODALITY_UNDECLARED"",""SOLUTION_REVIEW_REQUIRED""]"
"cand-f9554c03-cc3c-58cb-b70d-309b0a5f8eb0","ex-d691c3a1-384e-52fe-90f2-8805be4c4345","3","3","[""ANSWER_MISSING"",""CHOICES_REQUIRED"",""SOLUTION_MISSING"",""PAU_DETAIL_INCOMPLETE"",""PAU_MODALITY_UNDECLARED"",""SOLUTION_REVIEW_REQUIRED""]"
"cand-d09f2b9a-67e5-5b66-a45f-cf12d6432643","ex-452e7506-15f5-5359-96a0-d45dfd7eb4fb","3","2","[""ANSWER_MISSING"",""CHOICES_REQUIRED"",""SOLUTION_MISSING"",""PAU_MODALITY_UNDECLARED"",""SOLUTION_REVIEW_REQUIRED""]"
"cand-8fe00a00-2ab9-5aab-b66c-d41a77330de3","ex-6a17f3a7-faba-58f3-9230-388eb882bc9e","3","2","[""ANSWER_MISSING"",""CHOICES_REQUIRED"",""SOLUTION_MISSING"",""PAU_MODALITY_UNDECLARED"",""SOLUTION_REVIEW_REQUIRED""]"
"cand-95d464c9-5543-5949-a79f-71b110ebc89d","ex-d76ef3ba-b420-5807-b3e9-cd0a95db2d0f","3","2","[""ANSWER_MISSING"",""CHOICES_REQUIRED"",""SOLUTION_MISSING"",""PAU_MODALITY_UNDECLARED"",""SOLUTION_REVIEW_REQUIRED""]"
"cand-efc17d3f-7ce4-5fba-b83c-9782a6953a18","ex-3ee92484-9598-517a-9170-bd11f66967b9","3","2","[""ANSWER_MISSING"",""CHOICES_REQUIRED"",""SOLUTION_MISSING"",""PAU_MODALITY_UNDECLARED"",""SOLUTION_REVIEW_REQUIRED""]"
"cand-a51db1de-7dc7-59c6-b225-6dca0d94366e","ex-580a04a9-44d3-5df8-81e1-20e935f65e9e","3","3","[""ANSWER_MISSING"",""CHOICES_REQUIRED"",""SOLUTION_MISSING"",""PAU_DETAIL_INCOMPLETE"",""PAU_MODALITY_UNDECLARED"",""SOLUTION_REVIEW_REQUIRED""]"
"cand-40cf28ea-9c38-5944-86cf-e4110580d090","ex-b12bd505-4d3a-5a29-8b12-1a63fe9a9ff2","3","3","[""ANSWER_MISSING"",""CHOICES_REQUIRED"",""SOLUTION_MISSING"",""PAU_DETAIL_INCOMPLETE"",""PAU_MODALITY_UNDECLARED"",""SOLUTION_REVIEW_REQUIRED""]"
"cand-cd279ffc-5f8c-595f-b0b0-de4e72b2ae05","ex-e9653705-e719-5989-9070-9622ee32c82d","3","2","[""ANSWER_MISSING"",""CHOICES_REQUIRED"",""SOLUTION_MISSING"",""PAU_MODALITY_UNDECLARED"",""SOLUTION_REVIEW_REQUIRED""]"
"cand-1e541155-45f0-5e3a-9353-c9edf46a72d4","ex-bb704f39-424f-50b3-a133-a10d31b678f8","3","2","[""ANSWER_MISSING"",""CHOICES_REQUIRED"",""SOLUTION_MISSING"",""PAU_MODALITY_UNDECLARED"",""SOLUTION_REVIEW_REQUIRED""]"
"cand-2ad55324-a224-5065-a8f8-f3a7de7a9df5","ex-b40cd9e2-618b-5721-ba02-f378241b1a4b","3","2","[""ANSWER_MISSING"",""CHOICES_REQUIRED"",""SOLUTION_MISSING"",""PAU_MODALITY_UNDECLARED"",""SOLUTION_REVIEW_REQUIRED""]"
"cand-21e8a7c5-9889-5bc4-b109-57cc29009a7f","ex-bcb07b11-f32b-5cb8-9230-f73f7d2f2ef6","3","2","[""ANSWER_MISSING"",""CHOICES_REQUIRED"",""SOLUTION_MISSING"",""PAU_MODALITY_UNDECLARED"",""SOLUTION_REVIEW_REQUIRED""]"
"cand-3724f366-8009-5bf0-9a62-c002fdb17b50","ex-5314599a-cb3c-551b-9d18-5dbc60ef69dd","3","3","[""ANSWER_MISSING"",""CHOICES_REQUIRED"",""SOLUTION_MISSING"",""PAU_DETAIL_INCOMPLETE"",""PAU_MODALITY_UNDECLARED"",""SOLUTION_REVIEW_REQUIRED""]"
"cand-c357f3dd-5dc8-5e5e-89da-da0f20709a27","ex-5310873c-4e04-5711-bd21-7329c8ecce81","3","3","[""ANSWER_MISSING"",""CHOICES_REQUIRED"",""SOLUTION_MISSING"",""PAU_DETAIL_INCOMPLETE"",""PAU_MODALITY_UNDECLARED"",""SOLUTION_REVIEW_REQUIRED""]"
"cand-f9f55753-54b1-5f28-affd-17a1c7dd2506","ex-5903eea4-96ef-58a2-acaa-9a92c8526099","3","2","[""ANSWER_MISSING"",""CHOICES_REQUIRED"",""SOLUTION_MISSING"",""PAU_MODALITY_UNDECLARED"",""SOLUTION_REVIEW_REQUIRED""]"
"cand-2f1e6f67-721e-5a33-9863-e30115fae413","ex-e6302d2a-1cdd-58f6-bd6d-93c396a215e2","3","2","[""ANSWER_MISSING"",""CHOICES_REQUIRED"",""SOLUTION_MISSING"",""PAU_MODALITY_UNDECLARED"",""SOLUTION_REVIEW_REQUIRED""]"
"cand-ee31fc35-6805-52a8-98ee-6b7c7ebd8826","ex-70b33df0-b1ee-531c-b0c6-8cb1fc2668b9","3","2","[""ANSWER_MISSING"",""CHOICES_REQUIRED"",""SOLUTION_MISSING"",""PAU_MODALITY_UNDECLARED"",""SOLUTION_REVIEW_REQUIRED""]"
"cand-da9c7d67-525e-5600-ac43-b5da7f6f7523","ex-5cb71f19-877d-51c1-a34e-df81ff052a22","3","2","[""ANSWER_MISSING"",""CHOICES_REQUIRED"",""SOLUTION_MISSING"",""PAU_MODALITY_UNDECLARED"",""SOLUTION_REVIEW_REQUIRED""]"
"cand-3d54abdc-6a11-5ccc-be38-c1ccccc3c813","ex-89c56872-57bc-52d1-9fea-851ee0592e62","3","2","[""ANSWER_MISSING"",""CHOICES_REQUIRED"",""SOLUTION_MISSING"",""PAU_MODALITY_UNDECLARED"",""SOLUTION_REVIEW_REQUIRED""]"
"cand-8550282d-9963-54d2-af23-48724989e4c3","ex-566cd7ef-0328-58b8-a0d6-b96e9417fecf","3","2","[""ANSWER_MISSING"",""CHOICES_REQUIRED"",""SOLUTION_MISSING"",""PAU_MODALITY_UNDECLARED"",""SOLUTION_REVIEW_REQUIRED""]"
"cand-98c4794a-0936-5cea-8ea0-44161842e240","ex-3d0fc192-86dc-560a-9ddc-d93d935c1cfb","3","2","[""ANSWER_MISSING"",""CHOICES_REQUIRED"",""SOLUTION_MISSING"",""PAU_MODALITY_UNDECLARED"",""SOLUTION_REVIEW_REQUIRED""]"
"cand-2fcb31cb-7c8c-5368-bc7a-c480e4d93edb","ex-1a61730f-6b38-5dfb-903d-7cfb3791e80e","3","2","[""ANSWER_MISSING"",""CHOICES_REQUIRED"",""SOLUTION_MISSING"",""PAU_MODALITY_UNDECLARED"",""SOLUTION_REVIEW_REQUIRED""]"
"cand-158842c1-7699-5444-9773-b7addab35d6b","ex-449d93f3-1763-5401-af4f-9418c8ab85ae","3","3","[""ANSWER_MISSING"",""CHOICES_REQUIRED"",""SOLUTION_MISSING"",""PAU_DETAIL_INCOMPLETE"",""PAU_MODALITY_UNDECLARED"",""SOLUTION_REVIEW_REQUIRED""]"
"cand-e5eae9ae-be2c-50df-8f07-c1c5935f8744","ex-6e2cfa84-323e-5d6b-96b9-f7fb7e8a2e88","3","3","[""ANSWER_MISSING"",""CHOICES_REQUIRED"",""SOLUTION_MISSING"",""PAU_DETAIL_INCOMPLETE"",""PAU_MODALITY_UNDECLARED"",""SOLUTION_REVIEW_REQUIRED""]"
"cand-ef7792f8-ee71-5a29-a76b-61923926926c","ex-9a317ec6-b5e5-5547-b94f-d43c84d27124","3","2","[""ANSWER_MISSING"",""CHOICES_REQUIRED"",""SOLUTION_MISSING"",""PAU_MODALITY_UNDECLARED"",""SOLUTION_REVIEW_REQUIRED""]"
"cand-d751ab11-433e-5daf-b69c-c077aba1f4da","ex-d94d56aa-1c69-5190-8586-f35011ab86f3","3","2","[""ANSWER_MISSING"",""CHOICES_REQUIRED"",""SOLUTION_MISSING"",""PAU_MODALITY_UNDECLARED"",""SOLUTION_REVIEW_REQUIRED""]"
"cand-e642862b-1bbe-569a-b37d-9ae07a5ffb75","ex-a8840c6d-8fcc-581f-8a22-71d9b9d17620","3","2","[""ANSWER_MISSING"",""CHOICES_REQUIRED"",""SOLUTION_MISSING"",""PAU_MODALITY_UNDECLARED"",""SOLUTION_REVIEW_REQUIRED""]"
"cand-605a9efb-3fbe-5848-a747-60e1c4d5a1e9","ex-3602465f-48d0-5257-87c6-b04bcfd42d27","3","2","[""ANSWER_MISSING"",""CHOICES_REQUIRED"",""SOLUTION_MISSING"",""PAU_MODALITY_UNDECLARED"",""SOLUTION_REVIEW_REQUIRED""]"
"cand-5db151f0-429e-50ed-b7c1-d25ff119470f","ex-423bfff7-9cd7-50aa-81c2-39221a1db8fe","3","4","[""ANSWER_MISSING"",""CHOICES_REQUIRED"",""SOLUTION_MISSING"",""MATH_REPRESENTATION_UNDECLARED"",""PAU_DETAIL_INCOMPLETE"",""PAU_MODALITY_UNDECLARED"",""SOLUTION_REVIEW_REQUIRED""]"
"cand-d756793c-c249-5dc7-8864-7ef6520f64da","ex-68b58fbc-6023-5093-adb2-c14ab3c02251","3","4","[""ANSWER_MISSING"",""CHOICES_REQUIRED"",""SOLUTION_MISSING"",""MATH_REPRESENTATION_UNDECLARED"",""PAU_DETAIL_INCOMPLETE"",""PAU_MODALITY_UNDECLARED"",""SOLUTION_REVIEW_REQUIRED""]"
"cand-871b4cbf-cc13-5bac-8244-7f6dfaa902d4","ex-aa9e11d4-2e9a-537f-9ce4-f601606df6ee","3","2","[""ANSWER_MISSING"",""CHOICES_REQUIRED"",""SOLUTION_MISSING"",""PAU_MODALITY_UNDECLARED"",""SOLUTION_REVIEW_REQUIRED""]"
"cand-0fa16310-bd79-56bd-a4ab-be12506f636c","ex-d77dc7f7-435c-59a5-b81d-6576a96ebd15","3","2","[""ANSWER_MISSING"",""CHOICES_REQUIRED"",""SOLUTION_MISSING"",""PAU_MODALITY_UNDECLARED"",""SOLUTION_REVIEW_REQUIRED""]"
"cand-f34d7c74-3f79-53f7-b60c-9f7c923ef251","ex-4033b7f0-884f-56cf-a7b0-1af0699eb55e","3","3","[""ANSWER_MISSING"",""CHOICES_REQUIRED"",""SOLUTION_MISSING"",""MATH_REPRESENTATION_UNDECLARED"",""PAU_MODALITY_UNDECLARED"",""SOLUTION_REVIEW_REQUIRED""]"
"cand-cdcb14f0-2922-5c16-8ecd-268f354161fc","ex-cbc249f1-5d01-5439-9915-8a613436ab25","3","2","[""ANSWER_MISSING"",""CHOICES_REQUIRED"",""SOLUTION_MISSING"",""PAU_MODALITY_UNDECLARED"",""SOLUTION_REVIEW_REQUIRED""]"
"cand-e1e4bef8-d348-5429-aaac-7e2d403e4bcb","ex-e1976c9e-5717-5d04-a6d2-7274edd6a719","3","4","[""ANSWER_MISSING"",""CHOICES_REQUIRED"",""SOLUTION_MISSING"",""MATH_REPRESENTATION_UNDECLARED"",""PAU_DETAIL_INCOMPLETE"",""PAU_MODALITY_UNDECLARED"",""SOLUTION_REVIEW_REQUIRED""]"
"cand-deafff5f-8abc-582e-935b-4b79c9fdc75c","ex-584de2fc-f237-554f-821e-3bd52b64c9e3","3","2","[""ANSWER_MISSING"",""CHOICES_REQUIRED"",""SOLUTION_MISSING"",""PAU_MODALITY_UNDECLARED"",""SOLUTION_REVIEW_REQUIRED""]"
"cand-b5e7e2da-5a45-54b1-a6f3-72645a95aaf3","ex-61bbc2b5-fc08-5396-a0c6-bc98fc2f6edc","3","3","[""ANSWER_MISSING"",""CHOICES_REQUIRED"",""SOLUTION_MISSING"",""MATH_REPRESENTATION_UNDECLARED"",""PAU_MODALITY_UNDECLARED"",""SOLUTION_REVIEW_REQUIRED""]"
"cand-f51af173-50a0-5d99-beac-2715a03bf148","ex-c299c9ef-bb06-5bf9-b2fd-a4c302cfb904","3","2","[""ANSWER_MISSING"",""CHOICES_REQUIRED"",""SOLUTION_MISSING"",""PAU_MODALITY_UNDECLARED"",""SOLUTION_REVIEW_REQUIRED""]"
"cand-08474e28-4540-5510-a01f-0d31fd5a14d8","ex-1016fbc9-b2cf-510c-9aa4-154429d121a1","3","3","[""ANSWER_MISSING"",""CHOICES_REQUIRED"",""SOLUTION_MISSING"",""PAU_DETAIL_INCOMPLETE"",""PAU_MODALITY_UNDECLARED"",""SOLUTION_REVIEW_REQUIRED""]"
"cand-99862d59-d75c-5012-8cb9-32273ce7a553","ex-8b07d239-3938-5b56-b929-71cae2b0c349","3","3","[""ANSWER_MISSING"",""CHOICES_REQUIRED"",""SOLUTION_MISSING"",""PAU_DETAIL_INCOMPLETE"",""PAU_MODALITY_UNDECLARED"",""SOLUTION_REVIEW_REQUIRED""]"
"cand-143efc09-ef05-5627-b251-39cc12e5d5a6","ex-0a8bd988-dce2-5e0b-88b9-632c04e8d9cf","3","3","[""ANSWER_MISSING"",""CHOICES_REQUIRED"",""SOLUTION_MISSING"",""MATH_REPRESENTATION_UNDECLARED"",""PAU_MODALITY_UNDECLARED"",""SOLUTION_REVIEW_REQUIRED""]"
"cand-eb294616-11e2-5c69-9226-1e055533a693","ex-04f0b823-c668-50ab-ad41-ebbaccb8ef93","3","3","[""ANSWER_MISSING"",""CHOICES_REQUIRED"",""SOLUTION_MISSING"",""MATH_REPRESENTATION_UNDECLARED"",""PAU_MODALITY_UNDECLARED"",""SOLUTION_REVIEW_REQUIRED""]"
"cand-6de1a0ca-73b0-55bb-85d1-396370694352","ex-d4cdebb5-972a-5408-9f74-90da04e689a7","3","2","[""ANSWER_MISSING"",""CHOICES_REQUIRED"",""SOLUTION_MISSING"",""PAU_MODALITY_UNDECLARED"",""SOLUTION_REVIEW_REQUIRED""]"
"cand-060b6caa-b713-5af4-a17b-402855e73d45","ex-db5b9e64-6964-50b3-af5e-39209dd2e4d8","3","3","[""ANSWER_MISSING"",""CHOICES_REQUIRED"",""SOLUTION_MISSING"",""PAU_DETAIL_INCOMPLETE"",""PAU_MODALITY_UNDECLARED"",""SOLUTION_REVIEW_REQUIRED""]"
"cand-833ff9dc-65df-5620-98b2-60383c0435ce","ex-f9546d58-89a6-551f-8404-bfa390c28967","3","3","[""ANSWER_MISSING"",""CHOICES_REQUIRED"",""SOLUTION_MISSING"",""MATH_REPRESENTATION_UNDECLARED"",""PAU_MODALITY_UNDECLARED"",""SOLUTION_REVIEW_REQUIRED""]"
"cand-d2b8fa58-2348-5ace-a853-098ffa5feed7","ex-7488da53-2087-51f7-8918-0530a4a9e9e8","3","4","[""ANSWER_MISSING"",""CHOICES_REQUIRED"",""SOLUTION_MISSING"",""MATH_REPRESENTATION_UNDECLARED"",""PAU_DETAIL_INCOMPLETE"",""PAU_MODALITY_UNDECLARED"",""SOLUTION_REVIEW_REQUIRED""]"
"cand-5e3a6638-f757-5ed7-91ac-0b3a19eb73a7","ex-f051920c-c582-5f9c-8f6a-83e5950917e2","3","4","[""ANSWER_MISSING"",""CHOICES_REQUIRED"",""SOLUTION_MISSING"",""MATH_REPRESENTATION_UNDECLARED"",""PAU_DETAIL_INCOMPLETE"",""PAU_MODALITY_UNDECLARED"",""SOLUTION_REVIEW_REQUIRED""]"
"cand-ed24c681-d8fc-5a83-a7ba-ed730b98190f","ex-0b5d7eec-442d-5cfa-995d-4b54efca33a9","3","2","[""ANSWER_MISSING"",""CHOICES_REQUIRED"",""SOLUTION_MISSING"",""PAU_MODALITY_UNDECLARED"",""SOLUTION_REVIEW_REQUIRED""]"
"cand-b46d13de-5fef-55dd-928a-e821e655215e","ex-7ff427ac-b796-5261-8be3-f30a769acde3","3","3","[""ANSWER_MISSING"",""CHOICES_REQUIRED"",""SOLUTION_MISSING"",""MATH_REPRESENTATION_UNDECLARED"",""PAU_MODALITY_UNDECLARED"",""SOLUTION_REVIEW_REQUIRED""]"
"cand-11174f5a-2bc4-5b5d-823a-e15133c148ab","ex-306f4694-219a-5a14-8ff6-b5d68b18ac0d","3","2","[""ANSWER_MISSING"",""CHOICES_REQUIRED"",""SOLUTION_MISSING"",""PAU_MODALITY_UNDECLARED"",""SOLUTION_REVIEW_REQUIRED""]"
"cand-a177b6d5-0d71-57c4-903e-b55473233d55","ex-d9e3fa2f-9a0f-5b28-87d5-4373fd9f2753","3","3","[""ANSWER_MISSING"",""CHOICES_REQUIRED"",""SOLUTION_MISSING"",""MATH_REPRESENTATION_UNDECLARED"",""PAU_MODALITY_UNDECLARED"",""SOLUTION_REVIEW_REQUIRED""]"
"cand-14a45b29-0a7e-5134-b098-af8fb855f43f","ex-b69b4d6e-d592-5361-b7d9-f12a0299b23b","3","2","[""ANSWER_MISSING"",""CHOICES_REQUIRED"",""SOLUTION_MISSING"",""PAU_MODALITY_UNDECLARED"",""SOLUTION_REVIEW_REQUIRED""]"
"cand-a0a84d96-9d1c-59ed-b1f4-474348b00173","ex-94dc5902-0140-5a79-9cc9-373f0603147b","3","4","[""ANSWER_MISSING"",""CHOICES_REQUIRED"",""SOLUTION_MISSING"",""MATH_REPRESENTATION_UNDECLARED"",""PAU_DETAIL_INCOMPLETE"",""PAU_MODALITY_UNDECLARED"",""SOLUTION_REVIEW_REQUIRED""]"
"cand-c4d40b5d-5116-5f04-a9c1-0b6c7c4c1352","ex-af97f401-749d-5527-964b-4f6fb7965f57","3","4","[""ANSWER_MISSING"",""CHOICES_REQUIRED"",""SOLUTION_MISSING"",""MATH_REPRESENTATION_UNDECLARED"",""PAU_DETAIL_INCOMPLETE"",""PAU_MODALITY_UNDECLARED"",""SOLUTION_REVIEW_REQUIRED""]"
"cand-c04681e1-54f2-5269-9d6c-08e03560430c","ex-6a926912-7c6b-54fc-8db2-75c4c8a54448","3","3","[""ANSWER_MISSING"",""CHOICES_REQUIRED"",""SOLUTION_MISSING"",""MATH_REPRESENTATION_UNDECLARED"",""PAU_MODALITY_UNDECLARED"",""SOLUTION_REVIEW_REQUIRED""]"
"cand-80928fca-2f93-5826-bc9e-6e6ebc003836","ex-a7b38729-66fc-59bf-b3a9-d6bcb56757ca","3","3","[""ANSWER_MISSING"",""CHOICES_REQUIRED"",""SOLUTION_MISSING"",""MATH_REPRESENTATION_UNDECLARED"",""PAU_MODALITY_UNDECLARED"",""SOLUTION_REVIEW_REQUIRED""]"
"cand-f61eabba-b5a3-5372-9168-f530f87e0a2b","ex-ab1895d3-4150-54a2-8897-4c9cfa69e2e9","3","3","[""ANSWER_MISSING"",""CHOICES_REQUIRED"",""SOLUTION_MISSING"",""MATH_REPRESENTATION_UNDECLARED"",""PAU_MODALITY_UNDECLARED"",""SOLUTION_REVIEW_REQUIRED""]"
"cand-17bf5bea-1817-5446-bc80-a58151d313fb","ex-17a68f15-af26-5990-bd0a-8a66e38255a3","3","2","[""ANSWER_MISSING"",""CHOICES_REQUIRED"",""SOLUTION_MISSING"",""PAU_MODALITY_UNDECLARED"",""SOLUTION_REVIEW_REQUIRED""]"
"cand-934b2fcc-80ff-5ac6-80cb-a008adf0fc4a","ex-728fd6ee-d477-53c9-9043-181b3f7804e7","3","3","[""ANSWER_MISSING"",""CHOICES_REQUIRED"",""SOLUTION_MISSING"",""MATH_REPRESENTATION_UNDECLARED"",""PAU_MODALITY_UNDECLARED"",""SOLUTION_REVIEW_REQUIRED""]"
"cand-43769870-bf9b-56dc-aeb6-38377d5f9777","ex-c61b1db7-37dd-5fbd-9da2-a384f0e1a96f","3","2","[""ANSWER_MISSING"",""CHOICES_REQUIRED"",""SOLUTION_MISSING"",""PAU_MODALITY_UNDECLARED"",""SOLUTION_REVIEW_REQUIRED""]"
"cand-5d5412c9-27aa-5adf-a229-be8540706860","ex-369424b0-6c8a-5f81-8fd4-3b7c2b008e54","3","4","[""ANSWER_MISSING"",""CHOICES_REQUIRED"",""SOLUTION_MISSING"",""MATH_REPRESENTATION_UNDECLARED"",""PAU_DETAIL_INCOMPLETE"",""PAU_MODALITY_UNDECLARED"",""SOLUTION_REVIEW_REQUIRED""]"
"cand-df9c3e07-7d1f-5f21-9707-8151ac07ff3c","ex-6e84e1da-b625-5d1c-a29e-027d82b7b898","3","4","[""ANSWER_MISSING"",""CHOICES_REQUIRED"",""SOLUTION_MISSING"",""MATH_REPRESENTATION_UNDECLARED"",""PAU_DETAIL_INCOMPLETE"",""PAU_MODALITY_UNDECLARED"",""SOLUTION_REVIEW_REQUIRED""]"
"cand-955104cb-8eb1-5bcd-964b-4c45b4288d2e","ex-74bf6567-483d-5cec-b10a-db6fcf272055","3","3","[""ANSWER_MISSING"",""CHOICES_REQUIRED"",""SOLUTION_MISSING"",""PAU_DETAIL_INCOMPLETE"",""PAU_MODALITY_UNDECLARED"",""SOLUTION_REVIEW_REQUIRED""]"
"cand-2a39c7b2-06c3-5c6e-864d-869e46a6882d","ex-a596fff5-f328-564e-83ed-862ef6b17837","3","4","[""ANSWER_MISSING"",""CHOICES_REQUIRED"",""SOLUTION_MISSING"",""MATH_REPRESENTATION_UNDECLARED"",""PAU_DETAIL_INCOMPLETE"",""PAU_MODALITY_UNDECLARED"",""SOLUTION_REVIEW_REQUIRED""]"
"cand-21404774-c6a4-54b8-ae7a-67f124cf389d","ex-2c61c32b-9ab2-50f1-af5d-2a5efa3e0ad8","3","3","[""ANSWER_MISSING"",""CHOICES_REQUIRED"",""SOLUTION_MISSING"",""PAU_DETAIL_INCOMPLETE"",""PAU_MODALITY_UNDECLARED"",""SOLUTION_REVIEW_REQUIRED""]"
"cand-534b1236-fea5-5886-97f5-27784e975f87","ex-b81ef228-d1bd-57e6-be9a-676e836478e6","3","3","[""ANSWER_MISSING"",""CHOICES_REQUIRED"",""SOLUTION_MISSING"",""MATH_REPRESENTATION_UNDECLARED"",""PAU_MODALITY_UNDECLARED"",""SOLUTION_REVIEW_REQUIRED""]"
"cand-09d93205-0eb4-5186-b536-3bcf834ec5d0","ex-83be3ebd-f4dc-586e-a52f-d51d14b695fb","3","2","[""ANSWER_MISSING"",""CHOICES_REQUIRED"",""SOLUTION_MISSING"",""PAU_MODALITY_UNDECLARED"",""SOLUTION_REVIEW_REQUIRED""]"
"cand-b81c15be-7cd6-53da-8cc3-a03f45566d92","ex-c3a32e33-eb14-5422-8a03-e7dfd6a8cd61","3","4","[""ANSWER_MISSING"",""CHOICES_REQUIRED"",""SOLUTION_MISSING"",""MATH_REPRESENTATION_UNDECLARED"",""PAU_DETAIL_INCOMPLETE"",""PAU_MODALITY_UNDECLARED"",""SOLUTION_REVIEW_REQUIRED""]"
"cand-609bf465-5e4b-52a3-84a4-74d28da3aa8e","ex-dd751213-7b47-56dc-88c7-37e3b510dda0","3","4","[""ANSWER_MISSING"",""CHOICES_REQUIRED"",""SOLUTION_MISSING"",""MATH_REPRESENTATION_UNDECLARED"",""PAU_DETAIL_INCOMPLETE"",""PAU_MODALITY_UNDECLARED"",""SOLUTION_REVIEW_REQUIRED""]"
"cand-460c453a-946a-5a7c-ac21-6d1e01279eb8","ex-eae63697-13dd-5902-94d2-b828c162e356","3","2","[""ANSWER_MISSING"",""CHOICES_REQUIRED"",""SOLUTION_MISSING"",""PAU_MODALITY_UNDECLARED"",""SOLUTION_REVIEW_REQUIRED""]"
"cand-2d4b14bf-cf38-5a37-81cb-3d7f5567c9f8","ex-1af65dae-b068-55b6-adb5-a1f3d5292c79","3","3","[""ANSWER_MISSING"",""CHOICES_REQUIRED"",""SOLUTION_MISSING"",""MATH_REPRESENTATION_UNDECLARED"",""PAU_MODALITY_UNDECLARED"",""SOLUTION_REVIEW_REQUIRED""]"
"cand-2daa711c-a8c4-5b27-8f4a-8f097d8ecfbd","ex-41f275c4-b653-5f73-87d6-a6def249636d","3","3","[""ANSWER_MISSING"",""CHOICES_REQUIRED"",""SOLUTION_MISSING"",""MATH_REPRESENTATION_UNDECLARED"",""PAU_MODALITY_UNDECLARED"",""SOLUTION_REVIEW_REQUIRED""]"
"cand-b0f3e8d6-7a44-53bb-b56d-93a2d11cf1d2","ex-d5253a07-7007-55cb-b526-2d3f84a4368c","3","3","[""ANSWER_MISSING"",""CHOICES_REQUIRED"",""SOLUTION_MISSING"",""MATH_REPRESENTATION_UNDECLARED"",""PAU_MODALITY_UNDECLARED"",""SOLUTION_REVIEW_REQUIRED""]"
"cand-74a11c1b-b644-5581-b7c7-b762f90e6436","ex-b13524fb-0914-5af6-a8df-24e32f14ca0a","3","3","[""ANSWER_MISSING"",""CHOICES_REQUIRED"",""SOLUTION_MISSING"",""MATH_REPRESENTATION_UNDECLARED"",""PAU_MODALITY_UNDECLARED"",""SOLUTION_REVIEW_REQUIRED""]"
"cand-390e1e72-c279-5b65-bf90-d8d9874be121","ex-af1c79fb-61ea-5689-b1de-cc85517d8ccb","3","3","[""ANSWER_MISSING"",""CHOICES_REQUIRED"",""SOLUTION_MISSING"",""MATH_REPRESENTATION_UNDECLARED"",""PAU_MODALITY_UNDECLARED"",""SOLUTION_REVIEW_REQUIRED""]"
"cand-2da524b2-20fb-5b96-a078-e0e17c10a8bd","ex-1c93fe95-1616-5fe1-9619-5d712330e2ab","3","3","[""ANSWER_MISSING"",""CHOICES_REQUIRED"",""SOLUTION_MISSING"",""MATH_REPRESENTATION_UNDECLARED"",""PAU_MODALITY_UNDECLARED"",""SOLUTION_REVIEW_REQUIRED""]"
"cand-003a2456-4be8-5cae-83c5-69a841fac80f","ex-9ee0403d-553f-53b1-9c26-d3ced81f47bf","3","3","[""ANSWER_MISSING"",""CHOICES_REQUIRED"",""SOLUTION_MISSING"",""PAU_DETAIL_INCOMPLETE"",""PAU_MODALITY_UNDECLARED"",""SOLUTION_REVIEW_REQUIRED""]"
"cand-f0fc563c-2648-5432-8d38-1a7c813dbdb1","ex-c9e869ec-bbf0-5b94-8ba3-d09f6fcd3d52","3","3","[""ANSWER_MISSING"",""CHOICES_REQUIRED"",""SOLUTION_MISSING"",""MATH_REPRESENTATION_UNDECLARED"",""PAU_MODALITY_UNDECLARED"",""SOLUTION_REVIEW_REQUIRED""]"
"cand-8e4e9570-8b59-5d13-8bbf-55632e6ee9a0","ex-a9b1379a-7142-526e-bb8a-58a8c27bac17","3","3","[""ANSWER_MISSING"",""CHOICES_REQUIRED"",""SOLUTION_MISSING"",""MATH_REPRESENTATION_UNDECLARED"",""PAU_MODALITY_UNDECLARED"",""SOLUTION_REVIEW_REQUIRED""]"
"cand-b5d3b55f-fae9-56ff-bf81-50877af74136","ex-f9eab175-df84-5f43-bfec-a832a7377641","3","2","[""ANSWER_MISSING"",""CHOICES_REQUIRED"",""SOLUTION_MISSING"",""PAU_MODALITY_UNDECLARED"",""SOLUTION_REVIEW_REQUIRED""]"
"cand-a526d90a-fec7-5753-b79a-bd6b107af131","ex-c9f72416-4455-55b2-869b-123244d707cb","3","3","[""ANSWER_MISSING"",""CHOICES_REQUIRED"",""SOLUTION_MISSING"",""MATH_REPRESENTATION_UNDECLARED"",""PAU_MODALITY_UNDECLARED"",""SOLUTION_REVIEW_REQUIRED""]"
"cand-4b716fb0-aa5d-5126-958e-b99210cd7cf3","ex-d92fc809-1e2e-5854-b8e2-cd721d7ee314","3","4","[""ANSWER_MISSING"",""CHOICES_REQUIRED"",""SOLUTION_MISSING"",""MATH_REPRESENTATION_UNDECLARED"",""PAU_DETAIL_INCOMPLETE"",""PAU_MODALITY_UNDECLARED"",""SOLUTION_REVIEW_REQUIRED""]"
"cand-e8d00f8d-4f63-512b-9ab0-78f7dde452bb","ex-6ab9490a-4569-5bd7-9532-47ca59490854","3","3","[""ANSWER_MISSING"",""CHOICES_REQUIRED"",""SOLUTION_MISSING"",""PAU_DETAIL_INCOMPLETE"",""PAU_MODALITY_UNDECLARED"",""SOLUTION_REVIEW_REQUIRED""]"
"cand-c9b3471b-d332-54e6-99db-9637ecac931b","ex-52e84bdd-0cad-5241-b484-b2b7beb1c41b","3","3","[""ANSWER_MISSING"",""CHOICES_REQUIRED"",""SOLUTION_MISSING"",""MATH_REPRESENTATION_UNDECLARED"",""PAU_MODALITY_UNDECLARED"",""SOLUTION_REVIEW_REQUIRED""]"
"cand-e54d2a20-4f95-5cff-a252-e176f81b6a8b","ex-538fc2b9-041f-5a19-863c-326885c88e66","3","3","[""ANSWER_MISSING"",""CHOICES_REQUIRED"",""SOLUTION_MISSING"",""MATH_REPRESENTATION_UNDECLARED"",""PAU_MODALITY_UNDECLARED"",""SOLUTION_REVIEW_REQUIRED""]"
"cand-392fee5a-97ba-5812-885b-5c2fff2aa4f9","ex-161db0a5-feb3-513a-82cb-d3fa65d44c92","3","3","[""ANSWER_MISSING"",""CHOICES_REQUIRED"",""SOLUTION_MISSING"",""MATH_REPRESENTATION_UNDECLARED"",""PAU_MODALITY_UNDECLARED"",""SOLUTION_REVIEW_REQUIRED""]"
"cand-ac248d1e-e087-5741-aa9b-529b56c3a595","ex-9f95dc4c-c032-5670-bb31-4af62fcfdd80","3","2","[""ANSWER_MISSING"",""CHOICES_REQUIRED"",""SOLUTION_MISSING"",""PAU_MODALITY_UNDECLARED"",""SOLUTION_REVIEW_REQUIRED""]"
"cand-daf5a8da-6ebe-52a1-be27-9bacbef4e0e2","ex-e9ebb12f-384e-5918-a7db-73a9e79680c4","3","3","[""ANSWER_MISSING"",""CHOICES_REQUIRED"",""SOLUTION_MISSING"",""MATH_REPRESENTATION_UNDECLARED"",""PAU_MODALITY_UNDECLARED"",""SOLUTION_REVIEW_REQUIRED""]"
"cand-acf5721c-b163-53ab-b334-eccad5c2af1c","ex-3e6382cb-f194-50fb-8a8e-0019f59ea6c2","3","3","[""ANSWER_MISSING"",""CHOICES_REQUIRED"",""SOLUTION_MISSING"",""MATH_REPRESENTATION_UNDECLARED"",""PAU_MODALITY_UNDECLARED"",""SOLUTION_REVIEW_REQUIRED""]"
"cand-6c764378-a532-503a-9c98-c8974c08fc1d","ex-48c7f0a3-c336-5d0d-a9a4-716f0d9b7ac5","3","4","[""ANSWER_MISSING"",""CHOICES_REQUIRED"",""SOLUTION_MISSING"",""MATH_REPRESENTATION_UNDECLARED"",""PAU_DETAIL_INCOMPLETE"",""PAU_MODALITY_UNDECLARED"",""SOLUTION_REVIEW_REQUIRED""]"
"cand-6121b10a-4009-5b7b-b688-4dc1f16bf448","ex-58089797-2459-58ed-afb1-51b454abca6d","3","3","[""ANSWER_MISSING"",""CHOICES_REQUIRED"",""SOLUTION_MISSING"",""MATH_REPRESENTATION_UNDECLARED"",""PAU_MODALITY_UNDECLARED"",""SOLUTION_REVIEW_REQUIRED""]"
"cand-0476b00d-44df-5aa0-84f7-3681b95df4f3","ex-40461a81-de42-550b-8b77-6974aedd886c","3","3","[""ANSWER_MISSING"",""CHOICES_REQUIRED"",""SOLUTION_MISSING"",""MATH_REPRESENTATION_UNDECLARED"",""PAU_MODALITY_UNDECLARED"",""SOLUTION_REVIEW_REQUIRED""]"
"cand-73b5fafb-6de8-51e0-8a88-9b7b087919ee","ex-1314e395-711a-524a-8bc7-8efb963e103d","3","4","[""ANSWER_MISSING"",""CHOICES_REQUIRED"",""SOLUTION_MISSING"",""MATH_REPRESENTATION_UNDECLARED"",""PAU_DETAIL_INCOMPLETE"",""PAU_MODALITY_UNDECLARED"",""SOLUTION_REVIEW_REQUIRED""]"
"cand-fc13820d-cf69-5781-ad9a-aa7c5293b2b3","ex-038cd8bf-12f6-529d-b6d7-75832e6cb82f","3","4","[""ANSWER_MISSING"",""CHOICES_REQUIRED"",""SOLUTION_MISSING"",""MATH_REPRESENTATION_UNDECLARED"",""PAU_DETAIL_INCOMPLETE"",""PAU_MODALITY_UNDECLARED"",""SOLUTION_REVIEW_REQUIRED""]"
"cand-3f0f5f64-49ea-50cf-9ee2-736458b724e7","ex-f1678930-fc4e-5a2e-bab5-bd05e58c7f8e","3","3","[""ANSWER_MISSING"",""CHOICES_REQUIRED"",""SOLUTION_MISSING"",""MATH_REPRESENTATION_UNDECLARED"",""PAU_MODALITY_UNDECLARED"",""SOLUTION_REVIEW_REQUIRED""]"
"cand-99ef6019-22a0-5ad5-bf4c-bfa57c47edb9","ex-b6fd09d1-f1d8-5d66-b4c0-aa564fed43af","3","3","[""ANSWER_MISSING"",""CHOICES_REQUIRED"",""SOLUTION_MISSING"",""MATH_REPRESENTATION_UNDECLARED"",""PAU_MODALITY_UNDECLARED"",""SOLUTION_REVIEW_REQUIRED""]"
"cand-c922864a-8b80-55b5-a702-bf0ec3d099ea","ex-5920d0d6-b119-5071-a129-ae70b0c47648","3","2","[""ANSWER_MISSING"",""CHOICES_REQUIRED"",""SOLUTION_MISSING"",""PAU_MODALITY_UNDECLARED"",""SOLUTION_REVIEW_REQUIRED""]"
"cand-1bc90bee-b448-5476-b8f5-562e5ab1e693","ex-af11ec4d-70db-5830-9fa0-b07d48a68ba7","3","3","[""ANSWER_MISSING"",""CHOICES_REQUIRED"",""SOLUTION_MISSING"",""PAU_DETAIL_INCOMPLETE"",""PAU_MODALITY_UNDECLARED"",""SOLUTION_REVIEW_REQUIRED""]"
"cand-15b2648e-a82d-5b60-8cb7-85e696412127","ex-d14da9fc-36bf-51c1-9160-281e74f8227b","3","3","[""ANSWER_MISSING"",""CHOICES_REQUIRED"",""SOLUTION_MISSING"",""MATH_REPRESENTATION_UNDECLARED"",""PAU_MODALITY_UNDECLARED"",""SOLUTION_REVIEW_REQUIRED""]"
"cand-a3b7736f-6f48-5947-be7a-de0792275250","ex-93b3bf5b-8efd-5bcf-9213-4fd6d4edbdd9","3","3","[""ANSWER_MISSING"",""CHOICES_REQUIRED"",""SOLUTION_MISSING"",""MATH_REPRESENTATION_UNDECLARED"",""PAU_MODALITY_UNDECLARED"",""SOLUTION_REVIEW_REQUIRED""]"
"cand-86c95979-0113-549a-bf58-456fed7ef481","ex-ac59b209-e0bc-542f-af1a-ce349d48d046","3","3","[""ANSWER_MISSING"",""CHOICES_REQUIRED"",""SOLUTION_MISSING"",""MATH_REPRESENTATION_UNDECLARED"",""PAU_MODALITY_UNDECLARED"",""SOLUTION_REVIEW_REQUIRED""]"
"cand-de53ce4b-c358-5c9c-a5fd-697892c8738b","ex-3bdc67d9-b611-5ab6-a715-856b61e8ec05","3","3","[""ANSWER_MISSING"",""CHOICES_REQUIRED"",""SOLUTION_MISSING"",""MATH_REPRESENTATION_UNDECLARED"",""PAU_MODALITY_UNDECLARED"",""SOLUTION_REVIEW_REQUIRED""]"
"cand-05135dbf-22e0-5d2d-8417-71e9c2606822","ex-489afb4f-0312-5a22-9147-04d14fae3c59","3","3","[""ANSWER_MISSING"",""CHOICES_REQUIRED"",""SOLUTION_MISSING"",""MATH_REPRESENTATION_UNDECLARED"",""PAU_MODALITY_UNDECLARED"",""SOLUTION_REVIEW_REQUIRED""]"
"cand-9ddc79ed-2105-5574-bb0f-5bcf43169e6f","ex-121097cc-ed67-5a1d-883e-3d1cc33a5cd5","3","3","[""ANSWER_MISSING"",""CHOICES_REQUIRED"",""SOLUTION_MISSING"",""MATH_REPRESENTATION_UNDECLARED"",""PAU_MODALITY_UNDECLARED"",""SOLUTION_REVIEW_REQUIRED""]"
"cand-8a13e1d4-e2aa-59e0-8a29-f433511a94a8","ex-05bc90c5-2ada-524e-b5fd-f51f24c7cd51","3","3","[""ANSWER_MISSING"",""CHOICES_REQUIRED"",""SOLUTION_MISSING"",""MATH_REPRESENTATION_UNDECLARED"",""PAU_MODALITY_UNDECLARED"",""SOLUTION_REVIEW_REQUIRED""]"
"cand-810153b3-e9c5-566f-af16-0db14e843f77","ex-91a219d1-c5a7-5786-aef1-9a01e72e1944","3","3","[""ANSWER_MISSING"",""CHOICES_REQUIRED"",""SOLUTION_MISSING"",""MATH_REPRESENTATION_UNDECLARED"",""PAU_MODALITY_UNDECLARED"",""SOLUTION_REVIEW_REQUIRED""]"
"cand-0f1a702f-e6ff-5a56-8467-1fc02be3d2de","ex-df264264-2d51-59ea-b75a-6ac81cedba10","3","4","[""ANSWER_MISSING"",""CHOICES_REQUIRED"",""SOLUTION_MISSING"",""MATH_REPRESENTATION_UNDECLARED"",""PAU_DETAIL_INCOMPLETE"",""PAU_MODALITY_UNDECLARED"",""SOLUTION_REVIEW_REQUIRED""]"
"cand-2f69faa8-0974-5758-a739-75e11f173660","ex-c3d073c6-1813-5f93-ba28-1bf1bf7ae1bf","3","4","[""ANSWER_MISSING"",""CHOICES_REQUIRED"",""SOLUTION_MISSING"",""MATH_REPRESENTATION_UNDECLARED"",""PAU_DETAIL_INCOMPLETE"",""PAU_MODALITY_UNDECLARED"",""SOLUTION_REVIEW_REQUIRED""]"
"cand-09a5e10b-8b9c-5822-af67-231357158702","ex-1f5c52f7-7c77-5b32-903e-e704f2554028","3","3","[""ANSWER_MISSING"",""CHOICES_REQUIRED"",""SOLUTION_MISSING"",""MATH_REPRESENTATION_UNDECLARED"",""PAU_MODALITY_UNDECLARED"",""SOLUTION_REVIEW_REQUIRED""]"
"cand-c0fe66be-1e6f-5da6-8994-30e2a857b889","ex-1b104890-c9f8-520d-92f3-e98cf5c30bc1","3","3","[""ANSWER_MISSING"",""CHOICES_REQUIRED"",""SOLUTION_MISSING"",""MATH_REPRESENTATION_UNDECLARED"",""PAU_MODALITY_UNDECLARED"",""SOLUTION_REVIEW_REQUIRED""]"
"cand-bcdad0cc-ce9d-5f5e-a7f3-1ebfedbdd0cb","ex-fad8ccc6-eb29-5bca-b58b-430370996f46","3","3","[""ANSWER_MISSING"",""CHOICES_REQUIRED"",""SOLUTION_MISSING"",""MATH_REPRESENTATION_UNDECLARED"",""PAU_MODALITY_UNDECLARED"",""SOLUTION_REVIEW_REQUIRED""]"
"cand-7f53739d-b84f-55fd-b6dc-c88b0ac141bf","ex-f34b0124-15ce-500f-ad83-9111db749ceb","3","3","[""ANSWER_MISSING"",""CHOICES_REQUIRED"",""SOLUTION_MISSING"",""MATH_REPRESENTATION_UNDECLARED"",""PAU_MODALITY_UNDECLARED"",""SOLUTION_REVIEW_REQUIRED""]"
"cand-5331b6a3-1a49-5b0f-a687-7fdc464cf44b","ex-753e53fc-cf4a-5b1d-9fdb-7daa2a5a8576","3","3","[""ANSWER_MISSING"",""CHOICES_REQUIRED"",""SOLUTION_MISSING"",""MATH_REPRESENTATION_UNDECLARED"",""PAU_MODALITY_UNDECLARED"",""SOLUTION_REVIEW_REQUIRED""]"
"cand-6da3ac38-30b0-514f-a76a-bb3d15967a32","ex-f6dd9bd1-b3ba-5d83-bf40-243c9338be20","3","2","[""ANSWER_MISSING"",""CHOICES_REQUIRED"",""SOLUTION_MISSING"",""PAU_MODALITY_UNDECLARED"",""SOLUTION_REVIEW_REQUIRED""]"
"cand-bb2ee965-7ee3-566e-90a6-98fdc05e423c","ex-eddabb87-e3c6-5d1b-9ca8-52a125a4eae3","3","4","[""ANSWER_MISSING"",""CHOICES_REQUIRED"",""SOLUTION_MISSING"",""MATH_REPRESENTATION_UNDECLARED"",""PAU_DETAIL_INCOMPLETE"",""PAU_MODALITY_UNDECLARED"",""SOLUTION_REVIEW_REQUIRED""]"
"cand-e456deb6-1f53-5a23-974d-eb640d601732","ex-1f6f6407-fc0d-51b7-b730-8de7c0ae488f","3","2","[""ANSWER_MISSING"",""CHOICES_REQUIRED"",""SOLUTION_MISSING"",""PAU_MODALITY_UNDECLARED"",""SOLUTION_REVIEW_REQUIRED""]"
"cand-b0b33a79-3a05-5fe3-b38a-e02f1aa08117","ex-85d14e7f-5c8f-5f13-88a4-6cea162a6fd6","3","3","[""ANSWER_MISSING"",""CHOICES_REQUIRED"",""SOLUTION_MISSING"",""PAU_DETAIL_INCOMPLETE"",""PAU_MODALITY_UNDECLARED"",""SOLUTION_REVIEW_REQUIRED""]"
"cand-0885cf9d-bb7f-5c9d-8a25-5e9cdaf6c914","ex-92dc064c-86fa-5378-8711-7f9e305d8a7e","3","3","[""ANSWER_MISSING"",""CHOICES_REQUIRED"",""SOLUTION_MISSING"",""PAU_DETAIL_INCOMPLETE"",""PAU_MODALITY_UNDECLARED"",""SOLUTION_REVIEW_REQUIRED""]"
"cand-7b234d20-fd4c-57fe-8f16-5f2c83872ce9","ex-baea41ac-02c0-5b34-998f-bd16581276c0","3","2","[""ANSWER_MISSING"",""CHOICES_REQUIRED"",""SOLUTION_MISSING"",""PAU_MODALITY_UNDECLARED"",""SOLUTION_REVIEW_REQUIRED""]"
"cand-30ce2a89-0766-572b-a19e-aa59a2af83d4","ex-668ef0f0-ac39-5b4d-baf0-0f72b2b78d42","3","2","[""ANSWER_MISSING"",""CHOICES_REQUIRED"",""SOLUTION_MISSING"",""PAU_MODALITY_UNDECLARED"",""SOLUTION_REVIEW_REQUIRED""]"
"cand-06ab4de2-8df5-50ad-911f-d8d49bf96818","ex-faa23188-a251-501b-8f75-f7149dab3d92","3","2","[""ANSWER_MISSING"",""CHOICES_REQUIRED"",""SOLUTION_MISSING"",""PAU_MODALITY_UNDECLARED"",""SOLUTION_REVIEW_REQUIRED""]"
"cand-80c56e4a-d087-5db6-ae56-32c878738a01","ex-583e4b5f-0d8b-5b3e-92d5-d65b64eb056b","3","2","[""ANSWER_MISSING"",""CHOICES_REQUIRED"",""SOLUTION_MISSING"",""PAU_MODALITY_UNDECLARED"",""SOLUTION_REVIEW_REQUIRED""]"
"cand-5a3a82db-2bfd-5ca8-abc5-e4d86eb84e05","ex-5c607293-2433-59aa-a3c0-2963d66ec4b1","3","2","[""ANSWER_MISSING"",""CHOICES_REQUIRED"",""SOLUTION_MISSING"",""PAU_MODALITY_UNDECLARED"",""SOLUTION_REVIEW_REQUIRED""]"
"cand-7dbf7e45-d06a-52c6-96dc-b94c34892d99","ex-375834eb-a95e-5af1-b5bf-d48b38ef67a1","3","3","[""ANSWER_MISSING"",""CHOICES_REQUIRED"",""SOLUTION_MISSING"",""PAU_DETAIL_INCOMPLETE"",""PAU_MODALITY_UNDECLARED"",""SOLUTION_REVIEW_REQUIRED""]"
"cand-8743696e-2399-58b2-b538-5dc07d3d9ada","ex-30136350-c9ec-56ef-ba6d-525813dbcdd9","3","3","[""ANSWER_MISSING"",""CHOICES_REQUIRED"",""SOLUTION_MISSING"",""PAU_DETAIL_INCOMPLETE"",""PAU_MODALITY_UNDECLARED"",""SOLUTION_REVIEW_REQUIRED""]"
"cand-8e8ecbe0-f1fa-5675-8e27-de8b33515cae","ex-f1e44600-3cc1-5b0a-8110-5c4f3c595690","3","2","[""ANSWER_MISSING"",""CHOICES_REQUIRED"",""SOLUTION_MISSING"",""PAU_MODALITY_UNDECLARED"",""SOLUTION_REVIEW_REQUIRED""]"
"cand-6ac1279a-47d1-53bf-a033-07c94b196c00","ex-1d36c150-74a3-5915-9056-e99865c082f1","3","2","[""ANSWER_MISSING"",""CHOICES_REQUIRED"",""SOLUTION_MISSING"",""PAU_MODALITY_UNDECLARED"",""SOLUTION_REVIEW_REQUIRED""]"
"cand-83e61151-f0ba-547c-91c4-98103e6b87bb","ex-32e85229-5dda-5dda-9d70-475a5f4a7bb6","3","3","[""ANSWER_MISSING"",""CHOICES_REQUIRED"",""SOLUTION_MISSING"",""PAU_DETAIL_INCOMPLETE"",""PAU_MODALITY_UNDECLARED"",""SOLUTION_REVIEW_REQUIRED""]"
"cand-a06d294b-78a4-576b-93b8-df8aaf84c965","ex-716688fc-60f0-57a8-9ec1-6a5ccdbd0722","3","2","[""ANSWER_MISSING"",""CHOICES_REQUIRED"",""SOLUTION_MISSING"",""PAU_MODALITY_UNDECLARED"",""SOLUTION_REVIEW_REQUIRED""]"
"cand-5ac5b912-89f5-56ce-99f0-dfe0550d4be1","ex-4a14408d-0d5f-5350-9f42-cbfeed0d0d24","3","2","[""ANSWER_MISSING"",""CHOICES_REQUIRED"",""SOLUTION_MISSING"",""PAU_MODALITY_UNDECLARED"",""SOLUTION_REVIEW_REQUIRED""]"
"cand-a7a40e6d-2fa7-5c0a-857d-23e6df4d0aa6","ex-9298d188-4c82-564c-be99-054796212a30","3","2","[""ANSWER_MISSING"",""CHOICES_REQUIRED"",""SOLUTION_MISSING"",""PAU_MODALITY_UNDECLARED"",""SOLUTION_REVIEW_REQUIRED""]"
"cand-a0282fa1-1db6-583b-aeaa-8476a2650037","ex-f54abdcf-3f06-50b2-9976-388d4cbaaf21","3","2","[""ANSWER_MISSING"",""CHOICES_REQUIRED"",""SOLUTION_MISSING"",""PAU_MODALITY_UNDECLARED"",""SOLUTION_REVIEW_REQUIRED""]"
"cand-5f856350-6f3e-5277-86ec-73255cc4b464","ex-9e60d7c8-ae29-50a8-9695-d88c7b5de1d0","3","2","[""ANSWER_MISSING"",""CHOICES_REQUIRED"",""SOLUTION_MISSING"",""PAU_MODALITY_UNDECLARED"",""SOLUTION_REVIEW_REQUIRED""]"
"cand-ade84c0d-421a-5cd1-a4cf-98097af70526","ex-756aa56f-6efd-5963-9077-59455fae59f7","3","2","[""ANSWER_MISSING"",""CHOICES_REQUIRED"",""SOLUTION_MISSING"",""PAU_MODALITY_UNDECLARED"",""SOLUTION_REVIEW_REQUIRED""]"
"cand-c28a26bc-6492-5cbe-892a-c44732ea3bc7","ex-3271b300-0884-54db-b6f3-5d44d9aeb124","3","2","[""ANSWER_MISSING"",""CHOICES_REQUIRED"",""SOLUTION_MISSING"",""PAU_MODALITY_UNDECLARED"",""SOLUTION_REVIEW_REQUIRED""]"
"cand-e1f3983c-94a4-54aa-89a1-52ec51d1368c","ex-02a12de5-6807-5abc-8281-2dff7cd4cf8f","3","3","[""ANSWER_MISSING"",""CHOICES_REQUIRED"",""SOLUTION_MISSING"",""PAU_DETAIL_INCOMPLETE"",""PAU_MODALITY_UNDECLARED"",""SOLUTION_REVIEW_REQUIRED""]"
"cand-ee116d31-55cd-5625-aacd-d75fb14b5150","ex-f07ec9f7-ea7e-52c9-a597-2264f4c883bb","3","2","[""ANSWER_MISSING"",""CHOICES_REQUIRED"",""SOLUTION_MISSING"",""PAU_MODALITY_UNDECLARED"",""SOLUTION_REVIEW_REQUIRED""]"
"cand-3c0e855f-8b62-54e8-b92b-afd3c1ae2949","ex-e4424b72-bcdc-5700-a76b-cb2a0cea6aea","3","2","[""ANSWER_MISSING"",""CHOICES_REQUIRED"",""SOLUTION_MISSING"",""PAU_MODALITY_UNDECLARED"",""SOLUTION_REVIEW_REQUIRED""]"
"cand-ec2ff4b4-58ea-5f20-82ae-28d84a3cdd49","ex-f33091ea-f2cf-5d7e-b8d1-0c9da8631083","3","2","[""ANSWER_MISSING"",""CHOICES_REQUIRED"",""SOLUTION_MISSING"",""PAU_MODALITY_UNDECLARED"",""SOLUTION_REVIEW_REQUIRED""]"
"cand-97397b3b-361a-5258-b304-bb35acfe7bae","ex-52c53942-e880-5afe-a577-205e6da30209","3","2","[""ANSWER_MISSING"",""CHOICES_REQUIRED"",""SOLUTION_MISSING"",""PAU_MODALITY_UNDECLARED"",""SOLUTION_REVIEW_REQUIRED""]"
"cand-4b146cb2-3ce4-5c58-a700-46034e6e627b","ex-39e00459-37e3-59b0-931f-915900d8c137","3","3","[""ANSWER_MISSING"",""CHOICES_REQUIRED"",""SOLUTION_MISSING"",""PAU_DETAIL_INCOMPLETE"",""PAU_MODALITY_UNDECLARED"",""SOLUTION_REVIEW_REQUIRED""]"
"cand-2eef12b2-0d17-5f9d-b75d-8ec0eb5228ac","ex-2b1a867b-a87a-587a-850a-8d50743adb5b","3","3","[""ANSWER_MISSING"",""CHOICES_REQUIRED"",""SOLUTION_MISSING"",""PAU_DETAIL_INCOMPLETE"",""PAU_MODALITY_UNDECLARED"",""SOLUTION_REVIEW_REQUIRED""]"
"cand-2aaaedf6-df62-5c30-b8ec-6d6c2c936062","ex-29419318-a7e1-549d-85bd-c2facb40b2ee","3","2","[""ANSWER_MISSING"",""CHOICES_REQUIRED"",""SOLUTION_MISSING"",""PAU_MODALITY_UNDECLARED"",""SOLUTION_REVIEW_REQUIRED""]"
"cand-7570f6ee-f0bd-5dba-a7de-345e9eae50a5","ex-94f28e3f-92ff-5753-8fb2-47d60bc8ab0e","3","4","[""ANSWER_MISSING"",""CHOICES_REQUIRED"",""SOLUTION_MISSING"",""MATH_REPRESENTATION_UNDECLARED"",""PAU_DETAIL_INCOMPLETE"",""PAU_MODALITY_UNDECLARED"",""SOLUTION_REVIEW_REQUIRED""]"
"cand-98c02799-eb25-5735-afd9-e0a50231cc29","ex-0a648d24-0771-503d-90ac-a02af7f35f5f","3","3","[""ANSWER_MISSING"",""CHOICES_REQUIRED"",""SOLUTION_MISSING"",""MATH_REPRESENTATION_UNDECLARED"",""PAU_MODALITY_UNDECLARED"",""SOLUTION_REVIEW_REQUIRED""]"
"cand-f1e71674-6690-5657-be9e-d0f7c0ddf4ef","ex-805c3852-3dfc-5e81-bd94-15b72f63bc5d","3","2","[""ANSWER_MISSING"",""CHOICES_REQUIRED"",""SOLUTION_MISSING"",""PAU_MODALITY_UNDECLARED"",""SOLUTION_REVIEW_REQUIRED""]"
"cand-64f74ffe-0622-56a2-8640-442460148e36","ex-ed6c0ae6-eca5-5279-99b5-4bf4b7e395bd","3","3","[""ANSWER_MISSING"",""CHOICES_REQUIRED"",""SOLUTION_MISSING"",""MATH_REPRESENTATION_UNDECLARED"",""PAU_MODALITY_UNDECLARED"",""SOLUTION_REVIEW_REQUIRED""]"
"cand-b325996b-856a-5a62-a069-4e9a27a63681","ex-6f67eb05-b020-530a-a640-2552a7d30f59","3","3","[""ANSWER_MISSING"",""CHOICES_REQUIRED"",""SOLUTION_MISSING"",""MATH_REPRESENTATION_UNDECLARED"",""PAU_MODALITY_UNDECLARED"",""SOLUTION_REVIEW_REQUIRED""]"
"cand-cb990c0d-66d9-594d-8f2f-eed20b939cab","ex-1e4f6f6d-be6f-5a0a-ad08-299ee7397d58","3","2","[""ANSWER_MISSING"",""CHOICES_REQUIRED"",""SOLUTION_MISSING"",""PAU_MODALITY_UNDECLARED"",""SOLUTION_REVIEW_REQUIRED""]"
"cand-fa9f3cae-06ec-55ca-be66-16a1e8a1c44c","ex-b9a9649c-d3da-5619-ac4c-d3693e0db5ad","3","3","[""ANSWER_MISSING"",""CHOICES_REQUIRED"",""SOLUTION_MISSING"",""PAU_DETAIL_INCOMPLETE"",""PAU_MODALITY_UNDECLARED"",""SOLUTION_REVIEW_REQUIRED""]"
"cand-1439d221-eb61-5262-a132-eff120082626","ex-ddc2b577-6808-51f7-9ace-90fcfcada595","3","3","[""ANSWER_MISSING"",""CHOICES_REQUIRED"",""SOLUTION_MISSING"",""PAU_DETAIL_INCOMPLETE"",""PAU_MODALITY_UNDECLARED"",""SOLUTION_REVIEW_REQUIRED""]"
"cand-6b65406d-dce6-5b90-b986-006cdb1b1d90","ex-425320de-def8-5e09-8345-84156ac4441f","3","3","[""ANSWER_MISSING"",""CHOICES_REQUIRED"",""SOLUTION_MISSING"",""PAU_DETAIL_INCOMPLETE"",""PAU_MODALITY_UNDECLARED"",""SOLUTION_REVIEW_REQUIRED""]"
"cand-97788858-a02a-5c44-86a9-df7f373e979b","ex-eb18c077-ccc7-5fd4-9499-260ec3f8b3aa","3","2","[""ANSWER_MISSING"",""CHOICES_REQUIRED"",""SOLUTION_MISSING"",""PAU_MODALITY_UNDECLARED"",""SOLUTION_REVIEW_REQUIRED""]"
"cand-224ad6f3-5d57-5d50-9a2d-3156b97794c2","ex-c34d077b-8969-5af9-9d21-52a7ca3f78d0","3","2","[""ANSWER_MISSING"",""CHOICES_REQUIRED"",""SOLUTION_MISSING"",""PAU_MODALITY_UNDECLARED"",""SOLUTION_REVIEW_REQUIRED""]"
"cand-ef14f5ef-93d7-50b6-9d53-6d1225d8a14d","ex-d4a34c79-834f-5ce9-b65c-ccfbd43feef6","3","2","[""ANSWER_MISSING"",""CHOICES_REQUIRED"",""SOLUTION_MISSING"",""PAU_MODALITY_UNDECLARED"",""SOLUTION_REVIEW_REQUIRED""]"
"cand-60c88e48-f034-5f32-b411-8a7ef090675b","ex-7001ffe0-55e2-5a44-9323-291a411026e5","3","2","[""ANSWER_MISSING"",""CHOICES_REQUIRED"",""SOLUTION_MISSING"",""PAU_MODALITY_UNDECLARED"",""SOLUTION_REVIEW_REQUIRED""]"
"cand-b86e6c96-4006-59bf-a504-833d7931a6e0","ex-16c7eef0-2251-5977-a457-cba5a8c15402","3","3","[""ANSWER_MISSING"",""CHOICES_REQUIRED"",""SOLUTION_MISSING"",""PAU_DETAIL_INCOMPLETE"",""PAU_MODALITY_UNDECLARED"",""SOLUTION_REVIEW_REQUIRED""]"
"cand-99445257-5a29-5952-830e-a43a052831f6","ex-6891a4d7-2fec-55ea-a0ca-775350d3b09c","3","3","[""ANSWER_MISSING"",""CHOICES_REQUIRED"",""SOLUTION_MISSING"",""PAU_DETAIL_INCOMPLETE"",""PAU_MODALITY_UNDECLARED"",""SOLUTION_REVIEW_REQUIRED""]"
"cand-a4bdc506-1f39-5167-b078-cdcba989ee74","ex-2e16b3ee-e22d-5526-a54a-e2a28123ef2f","3","3","[""ANSWER_MISSING"",""CHOICES_REQUIRED"",""SOLUTION_MISSING"",""PAU_DETAIL_INCOMPLETE"",""PAU_MODALITY_UNDECLARED"",""SOLUTION_REVIEW_REQUIRED""]"
"cand-4b59d906-10d4-51a5-8b7b-f54ac9cf2e6c","ex-61c83b4c-0e41-5da6-8383-2ed805ccf99d","3","2","[""ANSWER_MISSING"",""CHOICES_REQUIRED"",""SOLUTION_MISSING"",""PAU_MODALITY_UNDECLARED"",""SOLUTION_REVIEW_REQUIRED""]"
"cand-f1c1d2f5-4ea9-56ff-9871-a23a1158ae3f","ex-91481811-d4f1-5415-98a1-ab40a5f13c16","3","3","[""ANSWER_MISSING"",""CHOICES_REQUIRED"",""SOLUTION_MISSING"",""PAU_DETAIL_INCOMPLETE"",""PAU_MODALITY_UNDECLARED"",""SOLUTION_REVIEW_REQUIRED""]"
"cand-df2fd51c-c53e-5db2-a9a2-f521221c0d07","ex-1de95bfa-f566-518d-ad07-da90f8537c4c","3","2","[""ANSWER_MISSING"",""CHOICES_REQUIRED"",""SOLUTION_MISSING"",""PAU_MODALITY_UNDECLARED"",""SOLUTION_REVIEW_REQUIRED""]"
"cand-c7f1646a-562f-5acf-a99c-0f1039638f40","ex-6d924560-0ffb-54a5-92a4-1db4d175ab31","3","2","[""ANSWER_MISSING"",""CHOICES_REQUIRED"",""SOLUTION_MISSING"",""PAU_MODALITY_UNDECLARED"",""SOLUTION_REVIEW_REQUIRED""]"
"cand-41f32ce2-5556-5119-8fd8-262af7e6670b","ex-fbd5a4db-15d7-51c1-bb37-e8aac29f13ce","3","2","[""ANSWER_MISSING"",""CHOICES_REQUIRED"",""SOLUTION_MISSING"",""PAU_MODALITY_UNDECLARED"",""SOLUTION_REVIEW_REQUIRED""]"
"cand-8088e703-4311-57b9-85a2-97c56f2bd94a","ex-e41e4896-4edf-5bec-a2c8-3fa6d7be34f2","3","2","[""ANSWER_MISSING"",""CHOICES_REQUIRED"",""SOLUTION_MISSING"",""PAU_MODALITY_UNDECLARED"",""SOLUTION_REVIEW_REQUIRED""]"
"cand-16ec65cb-80de-5538-9adf-ab4b00e1b9e1","ex-e66a3a08-ffdb-5a0c-8de5-3aeb180aec45","3","4","[""ANSWER_MISSING"",""CHOICES_REQUIRED"",""SOLUTION_MISSING"",""MATH_REPRESENTATION_UNDECLARED"",""PAU_DETAIL_INCOMPLETE"",""PAU_MODALITY_UNDECLARED"",""SOLUTION_REVIEW_REQUIRED""]"
"cand-2416e706-1414-5d1d-ba93-6db19e57ec86","ex-e27057a3-9fd2-5609-9a35-facb8cc24cf3","3","4","[""ANSWER_MISSING"",""CHOICES_REQUIRED"",""SOLUTION_MISSING"",""MATH_REPRESENTATION_UNDECLARED"",""PAU_DETAIL_INCOMPLETE"",""PAU_MODALITY_UNDECLARED"",""SOLUTION_REVIEW_REQUIRED""]"
"cand-2e3ad231-5c15-5c29-bab0-25c3c8ed4888","ex-709921b8-5b0d-5d3c-9338-9e6f1a2bb303","3","2","[""ANSWER_MISSING"",""CHOICES_REQUIRED"",""SOLUTION_MISSING"",""PAU_MODALITY_UNDECLARED"",""SOLUTION_REVIEW_REQUIRED""]"
"cand-66081e25-4aec-5aec-97ad-2a9b10dbd71f","ex-f465d98c-b8b6-57f4-a223-f8c40ab7fb49","3","3","[""ANSWER_MISSING"",""CHOICES_REQUIRED"",""SOLUTION_MISSING"",""MATH_REPRESENTATION_UNDECLARED"",""PAU_MODALITY_UNDECLARED"",""SOLUTION_REVIEW_REQUIRED""]"
"cand-406bb89d-6b35-518d-88e9-ac6d2273d334","ex-b3a0a0b2-a8ed-52d8-bb73-4a4d4d352a16","3","3","[""ANSWER_MISSING"",""CHOICES_REQUIRED"",""SOLUTION_MISSING"",""MATH_REPRESENTATION_UNDECLARED"",""PAU_MODALITY_UNDECLARED"",""SOLUTION_REVIEW_REQUIRED""]"
"cand-4234750d-8478-5d55-9ab6-2a8d211591d9","ex-77d3c799-4990-5773-9b56-f9d2c9b48c3e","3","2","[""ANSWER_MISSING"",""CHOICES_REQUIRED"",""SOLUTION_MISSING"",""PAU_MODALITY_UNDECLARED"",""SOLUTION_REVIEW_REQUIRED""]"
"cand-cb77af94-77be-5299-a926-a7a83e9145bc","ex-73f2b78b-af11-5727-acaf-45e811a67ea5","3","2","[""ANSWER_MISSING"",""CHOICES_REQUIRED"",""SOLUTION_MISSING"",""PAU_MODALITY_UNDECLARED"",""SOLUTION_REVIEW_REQUIRED""]"
"cand-80059454-e678-507e-a59d-4068c200af92","ex-5198d799-81a0-5f19-84d5-d09070b9cc27","3","2","[""ANSWER_MISSING"",""CHOICES_REQUIRED"",""SOLUTION_MISSING"",""PAU_MODALITY_UNDECLARED"",""SOLUTION_REVIEW_REQUIRED""]"
"cand-71f04961-79aa-50a0-beaf-6f519acd9b07","ex-273620b9-db8f-53f3-8f54-9c96e4f21a22","3","3","[""ANSWER_MISSING"",""CHOICES_REQUIRED"",""SOLUTION_MISSING"",""PAU_DETAIL_INCOMPLETE"",""PAU_MODALITY_UNDECLARED"",""SOLUTION_REVIEW_REQUIRED""]"
"cand-2df58b6c-24bb-5155-b505-4a865e8f7738","ex-37f0e4de-76f8-5965-8f61-d4caf9373e9e","3","2","[""ANSWER_MISSING"",""CHOICES_REQUIRED"",""SOLUTION_MISSING"",""PAU_MODALITY_UNDECLARED"",""SOLUTION_REVIEW_REQUIRED""]"
"cand-f46d268a-ea4f-5d81-a5aa-b1fb96ff8f2b","ex-061efe5a-bd50-5fb5-9140-fb4133de7953","3","4","[""ANSWER_MISSING"",""CHOICES_REQUIRED"",""SOLUTION_MISSING"",""MATH_REPRESENTATION_UNDECLARED"",""PAU_DETAIL_INCOMPLETE"",""PAU_MODALITY_UNDECLARED"",""SOLUTION_REVIEW_REQUIRED""]"
"cand-684e06ee-d7fa-57f1-8394-40f64ab37a0a","ex-cf1ddfda-5706-5a45-9408-101a80a4d3a4","3","3","[""ANSWER_MISSING"",""CHOICES_REQUIRED"",""SOLUTION_MISSING"",""MATH_REPRESENTATION_UNDECLARED"",""PAU_MODALITY_UNDECLARED"",""SOLUTION_REVIEW_REQUIRED""]"
"cand-6ebb8951-a3b5-567d-ad29-b00455ca9134","ex-3b6f7eb3-1ce2-56ec-b173-cf43a8ce27bd","3","2","[""ANSWER_MISSING"",""CHOICES_REQUIRED"",""SOLUTION_MISSING"",""PAU_MODALITY_UNDECLARED"",""SOLUTION_REVIEW_REQUIRED""]"
"cand-d8dfd578-3ffc-5b94-afa5-807501aca0c4","ex-5315c8ba-80f4-5ca0-b5e3-fd40a014285d","3","3","[""ANSWER_MISSING"",""CHOICES_REQUIRED"",""SOLUTION_MISSING"",""MATH_REPRESENTATION_UNDECLARED"",""PAU_MODALITY_UNDECLARED"",""SOLUTION_REVIEW_REQUIRED""]"
"cand-7c9f1b45-df75-5fcc-944f-1637336a7e89","ex-cba56802-5b6a-5452-b32a-2bd529af4c17","3","3","[""ANSWER_MISSING"",""CHOICES_REQUIRED"",""SOLUTION_MISSING"",""MATH_REPRESENTATION_UNDECLARED"",""PAU_MODALITY_UNDECLARED"",""SOLUTION_REVIEW_REQUIRED""]"
"cand-0140b995-816f-58b2-a987-90e1fc917441","ex-31b6f579-23e0-53ae-befb-47406b97cdba","3","2","[""ANSWER_MISSING"",""CHOICES_REQUIRED"",""SOLUTION_MISSING"",""PAU_MODALITY_UNDECLARED"",""SOLUTION_REVIEW_REQUIRED""]"
"cand-7e572699-abdb-5609-b090-8b03d957aba2","ex-1047f7b7-ed23-5ea5-a1bd-6b200ea4d319","3","3","[""ANSWER_MISSING"",""CHOICES_REQUIRED"",""SOLUTION_MISSING"",""MATH_REPRESENTATION_UNDECLARED"",""PAU_MODALITY_UNDECLARED"",""SOLUTION_REVIEW_REQUIRED""]"
"cand-ddfe9be9-3745-56ac-b535-5a3f34392c37","ex-f870111b-598d-5a6b-81d2-97215c8a6529","3","3","[""ANSWER_MISSING"",""CHOICES_REQUIRED"",""SOLUTION_MISSING"",""MATH_REPRESENTATION_UNDECLARED"",""PAU_MODALITY_UNDECLARED"",""SOLUTION_REVIEW_REQUIRED""]"
"cand-e4f36c94-0ae3-5512-b7cd-8bef845cb666","ex-3ca5261b-856c-59e8-8d86-04b8eb61ed07","3","3","[""ANSWER_MISSING"",""CHOICES_REQUIRED"",""SOLUTION_MISSING"",""PAU_DETAIL_INCOMPLETE"",""PAU_MODALITY_UNDECLARED"",""SOLUTION_REVIEW_REQUIRED""]"
"cand-588ead34-12d7-5c05-88f7-1a5ab6a4c8af","ex-3a26b4be-77d8-51e4-847d-78ca590f2d6c","3","3","[""ANSWER_MISSING"",""CHOICES_REQUIRED"",""SOLUTION_MISSING"",""PAU_DETAIL_INCOMPLETE"",""PAU_MODALITY_UNDECLARED"",""SOLUTION_REVIEW_REQUIRED""]"
"cand-b84c0259-8f24-5653-9d97-6a884c43989f","ex-e34a0d2f-434f-5de7-946d-4f39bc189cfc","3","4","[""ANSWER_MISSING"",""CHOICES_REQUIRED"",""SOLUTION_MISSING"",""MATH_REPRESENTATION_UNDECLARED"",""PAU_DETAIL_INCOMPLETE"",""PAU_MODALITY_UNDECLARED"",""SOLUTION_REVIEW_REQUIRED""]"
"cand-8ebf9308-122a-53ce-9c28-19084d0c17db","ex-50bd62db-3982-5693-9830-30036000230d","3","2","[""ANSWER_MISSING"",""CHOICES_REQUIRED"",""SOLUTION_MISSING"",""PAU_MODALITY_UNDECLARED"",""SOLUTION_REVIEW_REQUIRED""]"
"cand-59227e63-88aa-5976-a63b-237929ebd796","ex-e9d528f1-e0c8-581c-a395-ef7ed345389d","3","3","[""ANSWER_MISSING"",""CHOICES_REQUIRED"",""SOLUTION_MISSING"",""MATH_REPRESENTATION_UNDECLARED"",""PAU_MODALITY_UNDECLARED"",""SOLUTION_REVIEW_REQUIRED""]"
"cand-4467c59e-a93e-596a-ace7-41df8be7e782","ex-dfc1b683-0d8b-5907-aec0-d5521c5e2774","3","3","[""ANSWER_MISSING"",""CHOICES_REQUIRED"",""SOLUTION_MISSING"",""MATH_REPRESENTATION_UNDECLARED"",""PAU_MODALITY_UNDECLARED"",""SOLUTION_REVIEW_REQUIRED""]"
"cand-f947064f-ac3b-508a-903d-b3158d1e9b26","ex-ce80bce7-f2c1-503b-ba27-a6cf40092acc","3","2","[""ANSWER_MISSING"",""CHOICES_REQUIRED"",""SOLUTION_MISSING"",""PAU_MODALITY_UNDECLARED"",""SOLUTION_REVIEW_REQUIRED""]"
"cand-cb383732-6dda-5e3d-a927-08685969828a","ex-bdafebf9-3c12-51db-8fa2-5fa2d2595610","3","3","[""ANSWER_MISSING"",""CHOICES_REQUIRED"",""SOLUTION_MISSING"",""MATH_REPRESENTATION_UNDECLARED"",""PAU_MODALITY_UNDECLARED"",""SOLUTION_REVIEW_REQUIRED""]"
"cand-08148adc-68e9-567f-9e26-32c0a7e73a32","ex-51246c12-79d5-5bb1-8298-83b9df4c28a9","3","3","[""ANSWER_MISSING"",""CHOICES_REQUIRED"",""SOLUTION_MISSING"",""MATH_REPRESENTATION_UNDECLARED"",""PAU_MODALITY_UNDECLARED"",""SOLUTION_REVIEW_REQUIRED""]"
"cand-7f78755c-6646-5b2a-85c4-239f34f17321","ex-c751b40b-8667-5c1c-b7f3-04735aa50165","3","2","[""ANSWER_MISSING"",""CHOICES_REQUIRED"",""SOLUTION_MISSING"",""PAU_MODALITY_UNDECLARED"",""SOLUTION_REVIEW_REQUIRED""]"
"cand-b01bf985-20c9-55e6-82c3-66c212051a0c","ex-4b353462-e392-585a-ac9c-5fd95622f199","3","3","[""ANSWER_MISSING"",""CHOICES_REQUIRED"",""SOLUTION_MISSING"",""PAU_DETAIL_INCOMPLETE"",""PAU_MODALITY_UNDECLARED"",""SOLUTION_REVIEW_REQUIRED""]"
"cand-e266fdf0-a89f-5ed9-bc27-db7a8323857f","ex-2ddfe0e3-148f-5e63-ba73-a866760ebdfd","3","2","[""ANSWER_MISSING"",""CHOICES_REQUIRED"",""SOLUTION_MISSING"",""PAU_MODALITY_UNDECLARED"",""SOLUTION_REVIEW_REQUIRED""]"
"cand-3a31a79c-65f4-5731-b96c-9b9360257697","ex-6165a897-f613-5d08-9ed7-f02b5adf2925","3","4","[""ANSWER_MISSING"",""CHOICES_REQUIRED"",""SOLUTION_MISSING"",""MATH_REPRESENTATION_UNDECLARED"",""PAU_DETAIL_INCOMPLETE"",""PAU_MODALITY_UNDECLARED"",""SOLUTION_REVIEW_REQUIRED""]"
"cand-30534b20-1ac1-57ea-b68c-02c87444aff1","ex-421cb232-64ab-5d2a-addc-9c00eb6378f4","3","2","[""ANSWER_MISSING"",""CHOICES_REQUIRED"",""SOLUTION_MISSING"",""PAU_MODALITY_UNDECLARED"",""SOLUTION_REVIEW_REQUIRED""]"
"cand-a697e684-13ec-59f7-8799-2c083175f80f","ex-7afd60f0-2a52-5235-9fc6-8584f63dc0b2","3","3","[""ANSWER_MISSING"",""CHOICES_REQUIRED"",""SOLUTION_MISSING"",""MATH_REPRESENTATION_UNDECLARED"",""PAU_MODALITY_UNDECLARED"",""SOLUTION_REVIEW_REQUIRED""]"
"cand-5bcba762-bc42-5da2-94d1-b7be0e197ded","ex-1f37c137-cc31-5db5-8920-ece722879a57","3","2","[""ANSWER_MISSING"",""CHOICES_REQUIRED"",""SOLUTION_MISSING"",""PAU_MODALITY_UNDECLARED"",""SOLUTION_REVIEW_REQUIRED""]"
"cand-79773cc5-5c3a-529c-94b7-bbdce63f51d5","ex-93c7102e-487c-566b-b3d4-0fa23e175ca5","3","3","[""ANSWER_MISSING"",""CHOICES_REQUIRED"",""SOLUTION_MISSING"",""MATH_REPRESENTATION_UNDECLARED"",""PAU_MODALITY_UNDECLARED"",""SOLUTION_REVIEW_REQUIRED""]"
"cand-44b8d4d9-d134-59f9-9454-9d6baf720450","ex-8f7fa2ab-87e0-56da-82e8-8c5cc8d50ef2","3","3","[""ANSWER_MISSING"",""CHOICES_REQUIRED"",""SOLUTION_MISSING"",""MATH_REPRESENTATION_UNDECLARED"",""PAU_MODALITY_UNDECLARED"",""SOLUTION_REVIEW_REQUIRED""]"
"cand-5df3c3c2-c2a9-58f6-bd58-89561c44adcc","ex-3e961942-db65-5404-8535-1e3b4ecc4518","3","3","[""ANSWER_MISSING"",""CHOICES_REQUIRED"",""SOLUTION_MISSING"",""MATH_REPRESENTATION_UNDECLARED"",""PAU_MODALITY_UNDECLARED"",""SOLUTION_REVIEW_REQUIRED""]"
"cand-4c700b23-5447-5217-bb57-bb88b2f254b2","ex-7a8325bf-e16d-52a0-9777-ce25aba5af4b","3","3","[""ANSWER_MISSING"",""CHOICES_REQUIRED"",""SOLUTION_MISSING"",""MATH_REPRESENTATION_UNDECLARED"",""PAU_MODALITY_UNDECLARED"",""SOLUTION_REVIEW_REQUIRED""]"
"cand-eca7590e-64c0-595d-a48b-45527c2fcde3","ex-d3491097-0a95-5ac8-bb89-1d1833dc8767","3","4","[""ANSWER_MISSING"",""CHOICES_REQUIRED"",""SOLUTION_MISSING"",""MATH_REPRESENTATION_UNDECLARED"",""PAU_DETAIL_INCOMPLETE"",""PAU_MODALITY_UNDECLARED"",""SOLUTION_REVIEW_REQUIRED""]"
"cand-42fb99b0-c1de-5572-8139-602da9282ec5","ex-2ad6be6b-bf4f-580b-a31a-e3a0dae1d215","3","3","[""ANSWER_MISSING"",""CHOICES_REQUIRED"",""SOLUTION_MISSING"",""PAU_DETAIL_INCOMPLETE"",""PAU_MODALITY_UNDECLARED"",""SOLUTION_REVIEW_REQUIRED""]"
"cand-f13b860a-a2f9-5c9d-89f0-214befdecda9","ex-c8055bb1-7586-5107-9556-7979421ae20e","3","2","[""ANSWER_MISSING"",""CHOICES_REQUIRED"",""SOLUTION_MISSING"",""PAU_MODALITY_UNDECLARED"",""SOLUTION_REVIEW_REQUIRED""]"
"cand-8a668125-7066-548f-891b-74e0782cb5a0","ex-a4beaf50-aaa7-560a-b8a2-870b15ee3624","3","3","[""ANSWER_MISSING"",""CHOICES_REQUIRED"",""SOLUTION_MISSING"",""MATH_REPRESENTATION_UNDECLARED"",""PAU_MODALITY_UNDECLARED"",""SOLUTION_REVIEW_REQUIRED""]"
"cand-9535b96c-1f83-51fa-9262-d93c9006a800","ex-a1af4837-4cfc-541a-93d4-8ccc978c40bb","3","3","[""ANSWER_MISSING"",""CHOICES_REQUIRED"",""SOLUTION_MISSING"",""MATH_REPRESENTATION_UNDECLARED"",""PAU_MODALITY_UNDECLARED"",""SOLUTION_REVIEW_REQUIRED""]"
"cand-487f9861-09c6-511e-9b6e-1171b63c277e","ex-20e9a04a-9822-582e-b49e-36a54a606261","3","3","[""ANSWER_MISSING"",""CHOICES_REQUIRED"",""SOLUTION_MISSING"",""MATH_REPRESENTATION_UNDECLARED"",""PAU_MODALITY_UNDECLARED"",""SOLUTION_REVIEW_REQUIRED""]"
"cand-3c375d26-3e43-52ef-8f77-9bc77fd63806","ex-305efc71-9380-56a1-a48c-a2ea8e4888fa","3","3","[""ANSWER_MISSING"",""CHOICES_REQUIRED"",""SOLUTION_MISSING"",""MATH_REPRESENTATION_UNDECLARED"",""PAU_MODALITY_UNDECLARED"",""SOLUTION_REVIEW_REQUIRED""]"
"cand-97c42333-f5c4-5cfa-928a-ef3bf2ee6037","ex-57a20e70-c660-5ff6-aea9-fa3e4f6d6623","3","3","[""ANSWER_MISSING"",""CHOICES_REQUIRED"",""SOLUTION_MISSING"",""MATH_REPRESENTATION_UNDECLARED"",""PAU_MODALITY_UNDECLARED"",""SOLUTION_REVIEW_REQUIRED""]"
"cand-f4750e3b-6e26-5a26-94c1-332e72ba40be","ex-02971184-dfc2-5bd6-99cb-b47cc0df8dcf","3","4","[""ANSWER_MISSING"",""CHOICES_REQUIRED"",""SOLUTION_MISSING"",""MATH_REPRESENTATION_UNDECLARED"",""PAU_DETAIL_INCOMPLETE"",""PAU_MODALITY_UNDECLARED"",""SOLUTION_REVIEW_REQUIRED""]"
"cand-96a226c8-6118-545f-8f46-be1758cba866","ex-4ab7ced3-5305-56b1-be7b-140668766012","3","3","[""ANSWER_MISSING"",""CHOICES_REQUIRED"",""SOLUTION_MISSING"",""MATH_REPRESENTATION_UNDECLARED"",""PAU_MODALITY_UNDECLARED"",""SOLUTION_REVIEW_REQUIRED""]"
"cand-93d9d9b9-1382-5297-941e-0004d1b2219c","ex-6b4b17fd-7956-5117-a083-0bbb438e01df","3","2","[""ANSWER_MISSING"",""CHOICES_REQUIRED"",""SOLUTION_MISSING"",""PAU_MODALITY_UNDECLARED"",""SOLUTION_REVIEW_REQUIRED""]"
"cand-94baa079-f836-566c-b27e-62acb1cf1dea","ex-24a98b13-a528-5d38-837d-354fb8da7615","3","3","[""ANSWER_MISSING"",""CHOICES_REQUIRED"",""SOLUTION_MISSING"",""MATH_REPRESENTATION_UNDECLARED"",""PAU_MODALITY_UNDECLARED"",""SOLUTION_REVIEW_REQUIRED""]"
"cand-643c000e-6e7c-57de-beb5-f6b8665a7c9e","ex-d1d6a9c4-3a96-5a81-8282-df8c4691442e","3","2","[""ANSWER_MISSING"",""CHOICES_REQUIRED"",""SOLUTION_MISSING"",""PAU_MODALITY_UNDECLARED"",""SOLUTION_REVIEW_REQUIRED""]"
"cand-7da3c343-16f7-5d73-8fcc-16262748e4d7","ex-fa205409-6580-5f7a-b5f5-9d3a29621200","3","3","[""ANSWER_MISSING"",""CHOICES_REQUIRED"",""SOLUTION_MISSING"",""PAU_DETAIL_INCOMPLETE"",""PAU_MODALITY_UNDECLARED"",""SOLUTION_REVIEW_REQUIRED""]"
"cand-16f935b2-94ed-5d39-83a2-a7327a278186","ex-793daf62-7a49-580c-a9db-c0d1fbe7b420","3","3","[""ANSWER_MISSING"",""CHOICES_REQUIRED"",""SOLUTION_MISSING"",""PAU_DETAIL_INCOMPLETE"",""PAU_MODALITY_UNDECLARED"",""SOLUTION_REVIEW_REQUIRED""]"
"cand-44c35e04-3ab9-5cc8-a9a1-02aa0d2b6695","ex-ebc3f605-a657-5169-8a3f-2b4538910d5c","3","4","[""ANSWER_MISSING"",""CHOICES_REQUIRED"",""SOLUTION_MISSING"",""MATH_REPRESENTATION_UNDECLARED"",""PAU_DETAIL_INCOMPLETE"",""PAU_MODALITY_UNDECLARED"",""SOLUTION_REVIEW_REQUIRED""]"
"cand-a5eaf0f7-40d0-57ea-bed8-52d195354cc9","ex-d2468cf8-e22b-527c-b903-690ed01ed357","3","3","[""ANSWER_MISSING"",""CHOICES_REQUIRED"",""SOLUTION_MISSING"",""PAU_DETAIL_INCOMPLETE"",""PAU_MODALITY_UNDECLARED"",""SOLUTION_REVIEW_REQUIRED""]"
"cand-a70c0eda-ada6-5bfb-8578-e0995b11f893","ex-1271d5db-bfeb-5427-868a-d806bcba08b6","3","3","[""ANSWER_MISSING"",""CHOICES_REQUIRED"",""SOLUTION_MISSING"",""PAU_DETAIL_INCOMPLETE"",""PAU_MODALITY_UNDECLARED"",""SOLUTION_REVIEW_REQUIRED""]"
"cand-ad002af0-a5bc-59cc-af13-6b6e9b9c62d0","ex-7b60f6d8-5182-5330-92dd-cf475c4eb136","3","3","[""ANSWER_MISSING"",""CHOICES_REQUIRED"",""SOLUTION_MISSING"",""MATH_REPRESENTATION_UNDECLARED"",""PAU_MODALITY_UNDECLARED"",""SOLUTION_REVIEW_REQUIRED""]"
"cand-c082b86d-e1be-5a53-8efb-5cbe80071866","ex-48ce2090-902b-53f3-9ad7-fcf600b78450","3","2","[""ANSWER_MISSING"",""CHOICES_REQUIRED"",""SOLUTION_MISSING"",""PAU_MODALITY_UNDECLARED"",""SOLUTION_REVIEW_REQUIRED""]"
"cand-a6b69fbd-4220-59a2-ac5f-fff952ba8526","ex-b8c437ee-6331-55e0-a703-b1aee37eb28b","3","2","[""ANSWER_MISSING"",""CHOICES_REQUIRED"",""SOLUTION_MISSING"",""PAU_MODALITY_UNDECLARED"",""SOLUTION_REVIEW_REQUIRED""]"
"cand-59e93030-a654-5f5b-8b05-1000311723f0","ex-02280dea-0b2e-5a34-8a44-8e312115339b","3","3","[""ANSWER_MISSING"",""CHOICES_REQUIRED"",""SOLUTION_MISSING"",""PAU_DETAIL_INCOMPLETE"",""PAU_MODALITY_UNDECLARED"",""SOLUTION_REVIEW_REQUIRED""]"
"cand-cccb4beb-d3ed-5cce-b2fb-9ba059c84722","ex-39d507e0-0cf8-54d3-9f02-f29201e300a2","3","4","[""ANSWER_MISSING"",""CHOICES_REQUIRED"",""SOLUTION_MISSING"",""MATH_REPRESENTATION_UNDECLARED"",""PAU_DETAIL_INCOMPLETE"",""PAU_MODALITY_UNDECLARED"",""SOLUTION_REVIEW_REQUIRED""]"
"cand-3e60930f-7a59-5601-970d-b6f8761c3135","ex-e4904ed7-d4ae-50bd-ba60-c8faba93fbd3","3","3","[""ANSWER_MISSING"",""CHOICES_REQUIRED"",""SOLUTION_MISSING"",""PAU_DETAIL_INCOMPLETE"",""PAU_MODALITY_UNDECLARED"",""SOLUTION_REVIEW_REQUIRED""]"
"cand-120f1c81-090b-5d00-9052-d9af0a118f47","ex-9f1c6b7d-0fb5-5719-9571-53f3ff3dd937","3","4","[""ANSWER_MISSING"",""CHOICES_REQUIRED"",""SOLUTION_MISSING"",""MATH_REPRESENTATION_UNDECLARED"",""PAU_DETAIL_INCOMPLETE"",""PAU_MODALITY_UNDECLARED"",""SOLUTION_REVIEW_REQUIRED""]"
"cand-3af4446c-4c17-555c-8618-1976d1550b56","ex-c7857dba-beb4-510b-aa47-1136083a5752","3","2","[""ANSWER_MISSING"",""CHOICES_REQUIRED"",""SOLUTION_MISSING"",""PAU_MODALITY_UNDECLARED"",""SOLUTION_REVIEW_REQUIRED""]"
"cand-28348d98-8136-5ca8-a34c-e492838ac43d","ex-d301270a-7ff0-57e7-b72e-57d63771ae70","3","2","[""ANSWER_MISSING"",""CHOICES_REQUIRED"",""SOLUTION_MISSING"",""PAU_MODALITY_UNDECLARED"",""SOLUTION_REVIEW_REQUIRED""]"
"cand-3c0aa846-de93-5af0-a40d-743076e843fc","ex-f5ec2785-9538-5f1f-aff2-ad4e190f6026","3","3","[""ANSWER_MISSING"",""CHOICES_REQUIRED"",""SOLUTION_MISSING"",""MATH_REPRESENTATION_UNDECLARED"",""PAU_MODALITY_UNDECLARED"",""SOLUTION_REVIEW_REQUIRED""]"
"cand-a4422841-c0da-561f-bb55-30e183fcfa38","ex-fd21428e-f09b-5463-90ce-20dba3302706","3","2","[""ANSWER_MISSING"",""CHOICES_REQUIRED"",""SOLUTION_MISSING"",""PAU_MODALITY_UNDECLARED"",""SOLUTION_REVIEW_REQUIRED""]"
"cand-fda3d567-97da-5c50-9e46-1c320838eb29","ex-b7d99449-d540-5776-8b03-53e6235a7dae","3","3","[""ANSWER_MISSING"",""CHOICES_REQUIRED"",""SOLUTION_MISSING"",""MATH_REPRESENTATION_UNDECLARED"",""PAU_MODALITY_UNDECLARED"",""SOLUTION_REVIEW_REQUIRED""]"
"cand-9549b4f3-33d3-5c35-9c67-d417cd0c5260","ex-cfe43574-0b1f-538a-8b31-ea77b814640b","3","4","[""ANSWER_MISSING"",""CHOICES_REQUIRED"",""SOLUTION_MISSING"",""MATH_REPRESENTATION_UNDECLARED"",""PAU_DETAIL_INCOMPLETE"",""PAU_MODALITY_UNDECLARED"",""SOLUTION_REVIEW_REQUIRED""]"
"cand-a92c5190-db59-5a62-91de-7f88cbb635f1","ex-c7fb34e0-f660-5730-b7e0-e505831a0eb1","3","4","[""ANSWER_MISSING"",""CHOICES_REQUIRED"",""SOLUTION_MISSING"",""MATH_REPRESENTATION_UNDECLARED"",""PAU_DETAIL_INCOMPLETE"",""PAU_MODALITY_UNDECLARED"",""SOLUTION_REVIEW_REQUIRED""]"
"cand-47a117ab-9f57-559a-8883-43a7811cd534","ex-73a163ec-f5c6-50fe-9200-fcbc52a6f5b3","3","3","[""ANSWER_MISSING"",""CHOICES_REQUIRED"",""SOLUTION_MISSING"",""MATH_REPRESENTATION_UNDECLARED"",""PAU_MODALITY_UNDECLARED"",""SOLUTION_REVIEW_REQUIRED""]"
"cand-557cac8c-7179-5efe-b80b-0fa48e657c46","ex-282593e0-7f89-5cbd-84d3-bb0e1efd9674","3","3","[""ANSWER_MISSING"",""CHOICES_REQUIRED"",""SOLUTION_MISSING"",""MATH_REPRESENTATION_UNDECLARED"",""PAU_MODALITY_UNDECLARED"",""SOLUTION_REVIEW_REQUIRED""]"
"cand-d45058f0-9a2b-5442-8d55-50bca6783db6","ex-4148f91a-1aee-570e-9482-2a0cbdde539e","3","2","[""ANSWER_MISSING"",""CHOICES_REQUIRED"",""SOLUTION_MISSING"",""PAU_MODALITY_UNDECLARED"",""SOLUTION_REVIEW_REQUIRED""]"
"cand-3a748fe6-cdd8-5f39-be14-ac10c88dac84","ex-36ff07be-f26c-59d9-b6c8-1e5482e816c6","3","3","[""ANSWER_MISSING"",""CHOICES_REQUIRED"",""SOLUTION_MISSING"",""MATH_REPRESENTATION_UNDECLARED"",""PAU_MODALITY_UNDECLARED"",""SOLUTION_REVIEW_REQUIRED""]"
"cand-f183880d-66e3-5d48-8a13-d2f9991ea8c1","ex-07bd3eb1-5837-54c1-863a-1f60a1febf32","3","2","[""ANSWER_MISSING"",""CHOICES_REQUIRED"",""SOLUTION_MISSING"",""PAU_MODALITY_UNDECLARED"",""SOLUTION_REVIEW_REQUIRED""]"
"cand-389d47e8-e9bd-5a9d-9786-a00e2cd96510","ex-1763a78b-8f58-5fd0-9a8f-f14bb0b0943d","3","3","[""ANSWER_MISSING"",""CHOICES_REQUIRED"",""SOLUTION_MISSING"",""MATH_REPRESENTATION_UNDECLARED"",""PAU_MODALITY_UNDECLARED"",""SOLUTION_REVIEW_REQUIRED""]"
"cand-21740248-2d3c-5dd6-a19e-44a02a3cb30b","ex-f73833af-8a6f-52c2-8431-4ddfad87fe58","3","4","[""ANSWER_MISSING"",""CHOICES_REQUIRED"",""SOLUTION_MISSING"",""MATH_REPRESENTATION_UNDECLARED"",""PAU_DETAIL_INCOMPLETE"",""PAU_MODALITY_UNDECLARED"",""SOLUTION_REVIEW_REQUIRED""]"
"cand-c45a76c4-8d4e-5ce2-bb8c-62ef774fab15","ex-e70a1c91-58b4-5ab8-b0ab-61a984dfc502","3","4","[""ANSWER_MISSING"",""CHOICES_REQUIRED"",""SOLUTION_MISSING"",""MATH_REPRESENTATION_UNDECLARED"",""PAU_DETAIL_INCOMPLETE"",""PAU_MODALITY_UNDECLARED"",""SOLUTION_REVIEW_REQUIRED""]"
"cand-2cf89759-b363-5631-86d8-dd96e441564b","ex-67d6272f-0143-5249-ab99-90b5b297969f","3","4","[""ANSWER_MISSING"",""CHOICES_REQUIRED"",""SOLUTION_MISSING"",""MATH_REPRESENTATION_UNDECLARED"",""PAU_DETAIL_INCOMPLETE"",""PAU_MODALITY_UNDECLARED"",""SOLUTION_REVIEW_REQUIRED""]"
"cand-ee976e76-afdc-5fc2-a750-7bb9c164fab2","ex-7db30b82-c70c-5461-9e34-0d0e58c93b51","3","3","[""ANSWER_MISSING"",""CHOICES_REQUIRED"",""SOLUTION_MISSING"",""MATH_REPRESENTATION_UNDECLARED"",""PAU_MODALITY_UNDECLARED"",""SOLUTION_REVIEW_REQUIRED""]"
"cand-08f37400-4f0b-544b-8265-d83d307bdf00","ex-6df5ca1e-b5df-52f6-8372-f75540212ea6","3","3","[""ANSWER_MISSING"",""CHOICES_REQUIRED"",""SOLUTION_MISSING"",""MATH_REPRESENTATION_UNDECLARED"",""PAU_MODALITY_UNDECLARED"",""SOLUTION_REVIEW_REQUIRED""]"
"cand-83972eed-503e-5cd3-888e-d641e5643ade","ex-0ee3a47a-0b2b-5249-9006-bc5986ebc9bd","3","3","[""ANSWER_MISSING"",""CHOICES_REQUIRED"",""SOLUTION_MISSING"",""MATH_REPRESENTATION_UNDECLARED"",""PAU_MODALITY_UNDECLARED"",""SOLUTION_REVIEW_REQUIRED""]"
"cand-bf2608a0-0327-5995-bf4c-5a45a16d61a0","ex-9f9727fa-5176-5397-922c-39e818bcfea6","3","3","[""ANSWER_MISSING"",""CHOICES_REQUIRED"",""SOLUTION_MISSING"",""MATH_REPRESENTATION_UNDECLARED"",""PAU_MODALITY_UNDECLARED"",""SOLUTION_REVIEW_REQUIRED""]"
"cand-e1b00fef-399b-5a6f-862c-06da33e854d1","ex-a32148f7-8e86-5a75-afb2-9ba0cdd54b60","3","3","[""ANSWER_MISSING"",""CHOICES_REQUIRED"",""SOLUTION_MISSING"",""MATH_REPRESENTATION_UNDECLARED"",""PAU_MODALITY_UNDECLARED"",""SOLUTION_REVIEW_REQUIRED""]"
"cand-81cf638f-8222-5522-9550-1357abdf41b7","ex-870ce609-eb99-531d-a32f-adcafbc05b99","3","4","[""ANSWER_MISSING"",""CHOICES_REQUIRED"",""SOLUTION_MISSING"",""MATH_REPRESENTATION_UNDECLARED"",""PAU_DETAIL_INCOMPLETE"",""PAU_MODALITY_UNDECLARED"",""SOLUTION_REVIEW_REQUIRED""]"
"cand-620ea8f5-3bc6-5da1-81f9-3b9504352029","ex-48f27cc4-1661-5039-a108-a64241f513f4","3","4","[""ANSWER_MISSING"",""CHOICES_REQUIRED"",""SOLUTION_MISSING"",""MATH_REPRESENTATION_UNDECLARED"",""PAU_DETAIL_INCOMPLETE"",""PAU_MODALITY_UNDECLARED"",""SOLUTION_REVIEW_REQUIRED""]"
"cand-90869218-88c3-5d87-8b50-1c2f790241b3","ex-d8a4e0f3-ac20-53c5-b1b5-bd524c70f946","3","4","[""ANSWER_MISSING"",""CHOICES_REQUIRED"",""SOLUTION_MISSING"",""MATH_REPRESENTATION_UNDECLARED"",""PAU_DETAIL_INCOMPLETE"",""PAU_MODALITY_UNDECLARED"",""SOLUTION_REVIEW_REQUIRED""]"
"cand-a762c321-2c60-57b8-881f-a7c64b644e8b","ex-73ed7500-1c61-5be0-be84-3bb870b9ded3","3","3","[""ANSWER_MISSING"",""CHOICES_REQUIRED"",""SOLUTION_MISSING"",""MATH_REPRESENTATION_UNDECLARED"",""PAU_MODALITY_UNDECLARED"",""SOLUTION_REVIEW_REQUIRED""]"
"cand-cbdc0386-87b3-5ac8-9ae0-41daa2fd121a","ex-45fc22cd-c16a-5d95-986a-c5082655f607","3","3","[""ANSWER_MISSING"",""CHOICES_REQUIRED"",""SOLUTION_MISSING"",""MATH_REPRESENTATION_UNDECLARED"",""PAU_MODALITY_UNDECLARED"",""SOLUTION_REVIEW_REQUIRED""]"
"cand-0451dd62-0666-5a23-bb5c-3b4d88efe922","ex-223ceb7c-36c1-57c1-960d-737457597b72","3","3","[""ANSWER_MISSING"",""CHOICES_REQUIRED"",""SOLUTION_MISSING"",""MATH_REPRESENTATION_UNDECLARED"",""PAU_MODALITY_UNDECLARED"",""SOLUTION_REVIEW_REQUIRED""]"
"cand-ab63fe5a-8499-5d64-8c62-996a00c3c29c","ex-19ddd71e-c000-523d-80c0-eca3036ad79c","3","3","[""ANSWER_MISSING"",""CHOICES_REQUIRED"",""SOLUTION_MISSING"",""MATH_REPRESENTATION_UNDECLARED"",""PAU_MODALITY_UNDECLARED"",""SOLUTION_REVIEW_REQUIRED""]"
"cand-17a874ea-25c3-54ef-8b98-e41bce845411","ex-787db5ef-2a56-5fd6-93dc-403544d3d3d0","3","2","[""ANSWER_MISSING"",""CHOICES_REQUIRED"",""SOLUTION_MISSING"",""PAU_MODALITY_UNDECLARED"",""SOLUTION_REVIEW_REQUIRED""]"
"cand-6238eee7-0cea-52c8-949a-ef3971a45e0b","ex-54bd8c37-540e-56cc-90e7-8f8a1a46443d","3","3","[""ANSWER_MISSING"",""CHOICES_REQUIRED"",""SOLUTION_MISSING"",""PAU_DETAIL_INCOMPLETE"",""PAU_MODALITY_UNDECLARED"",""SOLUTION_REVIEW_REQUIRED""]"
"cand-7d3e3ac5-20fb-5a51-aaf2-f66abe09e033","ex-9ab5089f-6530-589a-8da0-ced93b24f956","3","4","[""ANSWER_MISSING"",""CHOICES_REQUIRED"",""SOLUTION_MISSING"",""MATH_REPRESENTATION_UNDECLARED"",""PAU_DETAIL_INCOMPLETE"",""PAU_MODALITY_UNDECLARED"",""SOLUTION_REVIEW_REQUIRED""]"
"cand-0a97b6ec-54b6-5e38-877e-71f52afe90c8","ex-aae9a176-2d07-5367-bd96-4576f90f93a1","3","3","[""ANSWER_MISSING"",""CHOICES_REQUIRED"",""SOLUTION_MISSING"",""MATH_REPRESENTATION_UNDECLARED"",""PAU_MODALITY_UNDECLARED"",""SOLUTION_REVIEW_REQUIRED""]"
"cand-8bfa983e-4c55-580d-92a6-6dc99fd6e970","ex-3454ce90-3b9f-5348-a36f-31c07bcd0e61","3","3","[""ANSWER_MISSING"",""CHOICES_REQUIRED"",""SOLUTION_MISSING"",""MATH_REPRESENTATION_UNDECLARED"",""PAU_MODALITY_UNDECLARED"",""SOLUTION_REVIEW_REQUIRED""]"
"cand-1644cd8c-2b8b-55b8-93cd-4ca36c750d14","ex-991bfe96-b5c2-5ba6-ad2d-19afbdbb2a73","3","3","[""ANSWER_MISSING"",""CHOICES_REQUIRED"",""SOLUTION_MISSING"",""MATH_REPRESENTATION_UNDECLARED"",""PAU_MODALITY_UNDECLARED"",""SOLUTION_REVIEW_REQUIRED""]"
"cand-ad5ff466-dfbe-55d3-92dd-144901dbd546","ex-809f3f8b-424d-5e28-b224-d7717d7b508e","3","3","[""ANSWER_MISSING"",""CHOICES_REQUIRED"",""SOLUTION_MISSING"",""MATH_REPRESENTATION_UNDECLARED"",""PAU_MODALITY_UNDECLARED"",""SOLUTION_REVIEW_REQUIRED""]"
"cand-727a25ae-3a68-5385-a5f6-bc9a978705f4","ex-771ba434-b0ae-5a8c-b2a9-66bf04e8298e","3","3","[""ANSWER_MISSING"",""CHOICES_REQUIRED"",""SOLUTION_MISSING"",""MATH_REPRESENTATION_UNDECLARED"",""PAU_MODALITY_UNDECLARED"",""SOLUTION_REVIEW_REQUIRED""]"
"cand-d37ab7dc-1202-5bb5-9971-a3cd9d673b39","ex-08543646-475d-5f67-968b-eedc5a2e9daa","3","3","[""ANSWER_MISSING"",""CHOICES_REQUIRED"",""SOLUTION_MISSING"",""MATH_REPRESENTATION_UNDECLARED"",""PAU_MODALITY_UNDECLARED"",""SOLUTION_REVIEW_REQUIRED""]"
"cand-d14d087e-92f4-5c0c-b225-3474b203feb5","ex-43b19e6b-0028-549d-89f0-6edd6486098b","3","4","[""ANSWER_MISSING"",""CHOICES_REQUIRED"",""SOLUTION_MISSING"",""MATH_REPRESENTATION_UNDECLARED"",""PAU_DETAIL_INCOMPLETE"",""PAU_MODALITY_UNDECLARED"",""SOLUTION_REVIEW_REQUIRED""]"
"cand-a3c65187-7210-5c25-9773-f02bba99abde","ex-129e0cdb-4e6d-5f4c-b196-f9cc35eb1372","3","4","[""ANSWER_MISSING"",""CHOICES_REQUIRED"",""SOLUTION_MISSING"",""MATH_REPRESENTATION_UNDECLARED"",""PAU_DETAIL_INCOMPLETE"",""PAU_MODALITY_UNDECLARED"",""SOLUTION_REVIEW_REQUIRED""]"
"cand-1c4c6a10-cdd1-5a14-9620-7f9fb24615da","ex-e5ad1a6f-84f1-5ac9-9a2b-1f5de909b3a6","3","3","[""ANSWER_MISSING"",""CHOICES_REQUIRED"",""SOLUTION_MISSING"",""MATH_REPRESENTATION_UNDECLARED"",""PAU_MODALITY_UNDECLARED"",""SOLUTION_REVIEW_REQUIRED""]"
"cand-8e7495cf-cc04-5832-aedf-2a170e642c88","ex-d69880b6-a8bd-5dbe-b19f-e4ea8e2cac0f","3","2","[""ANSWER_MISSING"",""CHOICES_REQUIRED"",""SOLUTION_MISSING"",""PAU_MODALITY_UNDECLARED"",""SOLUTION_REVIEW_REQUIRED""]"
"cand-5c24ac1a-dae2-50d9-9458-9471361e0297","ex-0310420b-8f32-55a2-9a7d-bc2224f9a939","3","3","[""ANSWER_MISSING"",""CHOICES_REQUIRED"",""SOLUTION_MISSING"",""MATH_REPRESENTATION_UNDECLARED"",""PAU_MODALITY_UNDECLARED"",""SOLUTION_REVIEW_REQUIRED""]"
"cand-14799668-bb8c-5118-ab47-762bf033b76f","ex-babb8edf-4a42-5c75-8487-d709285c3449","3","3","[""ANSWER_MISSING"",""CHOICES_REQUIRED"",""SOLUTION_MISSING"",""MATH_REPRESENTATION_UNDECLARED"",""PAU_MODALITY_UNDECLARED"",""SOLUTION_REVIEW_REQUIRED""]"
"cand-b36c35ba-bdac-5848-a529-41a88ec52e92","ex-cc225157-3477-5521-ac7d-abdad6022057","3","2","[""ANSWER_MISSING"",""CHOICES_REQUIRED"",""SOLUTION_MISSING"",""PAU_MODALITY_UNDECLARED"",""SOLUTION_REVIEW_REQUIRED""]"
"cand-668f22de-2524-57c3-b9fb-9e144fc2beb5","ex-a1dc6b2a-25c4-5588-b824-d0aff16f731e","3","4","[""ANSWER_MISSING"",""CHOICES_REQUIRED"",""SOLUTION_MISSING"",""MATH_REPRESENTATION_UNDECLARED"",""PAU_DETAIL_INCOMPLETE"",""PAU_MODALITY_UNDECLARED"",""SOLUTION_REVIEW_REQUIRED""]"
"cand-7796e620-f593-5d5e-b997-f3c97b0ec42c","ex-d717ef04-c63b-5c16-803c-ab1398fc4e30","3","4","[""ANSWER_MISSING"",""CHOICES_REQUIRED"",""SOLUTION_MISSING"",""MATH_REPRESENTATION_UNDECLARED"",""PAU_DETAIL_INCOMPLETE"",""PAU_MODALITY_UNDECLARED"",""SOLUTION_REVIEW_REQUIRED""]"
"cand-705f0bd7-74dc-5d96-b0a2-ca40eb12ff0d","ex-9f99c409-2e4d-50e6-94e1-5f28edbb61b7","3","3","[""ANSWER_MISSING"",""CHOICES_REQUIRED"",""SOLUTION_MISSING"",""PAU_DETAIL_INCOMPLETE"",""PAU_MODALITY_UNDECLARED"",""SOLUTION_REVIEW_REQUIRED""]"
"cand-d081205d-3085-59c0-a554-62c320887b7f","ex-69fa4f45-12e2-5824-958c-e82ce36dd2cb","3","3","[""ANSWER_MISSING"",""CHOICES_REQUIRED"",""SOLUTION_MISSING"",""PAU_DETAIL_INCOMPLETE"",""PAU_MODALITY_UNDECLARED"",""SOLUTION_REVIEW_REQUIRED""]"
"cand-88625dd6-3849-540f-ad95-a53daef56dec","ex-cd4e9430-0617-52c7-9e79-5b4055b12aed","3","2","[""ANSWER_MISSING"",""CHOICES_REQUIRED"",""SOLUTION_MISSING"",""PAU_MODALITY_UNDECLARED"",""SOLUTION_REVIEW_REQUIRED""]"
"cand-3d592468-d054-5306-b02d-3118ae0e8d50","ex-57f1793b-20a3-5fed-a34e-c468338a1950","3","2","[""ANSWER_MISSING"",""CHOICES_REQUIRED"",""SOLUTION_MISSING"",""PAU_MODALITY_UNDECLARED"",""SOLUTION_REVIEW_REQUIRED""]"
"cand-2ad43300-6b66-5883-a355-b3a717b7710c","ex-e33f3aea-45e6-5049-929b-02d44620a1f3","3","2","[""ANSWER_MISSING"",""CHOICES_REQUIRED"",""SOLUTION_MISSING"",""PAU_MODALITY_UNDECLARED"",""SOLUTION_REVIEW_REQUIRED""]"
"cand-f20872c7-b701-5efe-9d81-6225535ef4ae","ex-4961c2a0-594d-5323-bd26-9c12d0893078","3","2","[""ANSWER_MISSING"",""CHOICES_REQUIRED"",""SOLUTION_MISSING"",""PAU_MODALITY_UNDECLARED"",""SOLUTION_REVIEW_REQUIRED""]"
"cand-fc40a581-9d8b-5dbd-8643-9a6e59e94451","ex-c22c08a5-576d-5914-be7f-688aab991ce1","3","2","[""ANSWER_MISSING"",""CHOICES_REQUIRED"",""SOLUTION_MISSING"",""PAU_MODALITY_UNDECLARED"",""SOLUTION_REVIEW_REQUIRED""]"
"cand-b92f5553-1939-5f23-aa1a-4d8f836049e1","ex-5314d86c-cea3-55a2-986f-374a0c2fbaf2","3","3","[""ANSWER_MISSING"",""CHOICES_REQUIRED"",""SOLUTION_MISSING"",""PAU_DETAIL_INCOMPLETE"",""PAU_MODALITY_UNDECLARED"",""SOLUTION_REVIEW_REQUIRED""]"
"cand-ff32c0a3-4332-5313-8e6d-68ddbd6bc1e3","ex-387b4377-0a3d-5ee1-932c-381ab927439b","3","3","[""ANSWER_MISSING"",""CHOICES_REQUIRED"",""SOLUTION_MISSING"",""PAU_DETAIL_INCOMPLETE"",""PAU_MODALITY_UNDECLARED"",""SOLUTION_REVIEW_REQUIRED""]"
"cand-eea82509-9757-55ab-a46d-62bb50f9c037","ex-f764ca5c-8fd5-5896-8a75-f98a7efaf350","3","2","[""ANSWER_MISSING"",""CHOICES_REQUIRED"",""SOLUTION_MISSING"",""PAU_MODALITY_UNDECLARED"",""SOLUTION_REVIEW_REQUIRED""]"
"cand-13120b2c-dca1-5e07-b0a5-628b620f2d57","ex-9b1bccd5-b3e2-5dab-85cd-8d6146bac453","3","3","[""ANSWER_MISSING"",""CHOICES_REQUIRED"",""SOLUTION_MISSING"",""MATH_REPRESENTATION_UNDECLARED"",""PAU_MODALITY_UNDECLARED"",""SOLUTION_REVIEW_REQUIRED""]"
"cand-588136a1-5762-5b11-ab06-31258f45fc9d","ex-cc86326e-d780-5821-903f-af591d048f98","3","3","[""ANSWER_MISSING"",""CHOICES_REQUIRED"",""SOLUTION_MISSING"",""MATH_REPRESENTATION_UNDECLARED"",""PAU_MODALITY_UNDECLARED"",""SOLUTION_REVIEW_REQUIRED""]"
"cand-b016db26-081f-5102-bd64-8690fd55c245","ex-bbd2cb4a-8e45-52c8-8679-37a75f36dd9d","3","2","[""ANSWER_MISSING"",""CHOICES_REQUIRED"",""SOLUTION_MISSING"",""PAU_MODALITY_UNDECLARED"",""SOLUTION_REVIEW_REQUIRED""]"
"cand-b233c73d-85da-50d6-99c3-1e8d0133673a","ex-d807ec09-9ef6-5f7a-b342-61d38a0d0391","3","2","[""ANSWER_MISSING"",""CHOICES_REQUIRED"",""SOLUTION_MISSING"",""PAU_MODALITY_UNDECLARED"",""SOLUTION_REVIEW_REQUIRED""]"
"cand-2b34c8f4-23e1-5b13-8c7e-519e18091299","ex-ad0ada22-ab7e-5d93-87da-002c1378b8e1","3","3","[""ANSWER_MISSING"",""CHOICES_REQUIRED"",""SOLUTION_MISSING"",""MATH_REPRESENTATION_UNDECLARED"",""PAU_MODALITY_UNDECLARED"",""SOLUTION_REVIEW_REQUIRED""]"
"cand-109dccd2-e138-5cdd-a1e3-4a0a9c6421ff","ex-8d2377be-b522-55c6-8293-993a2bfc8751","3","2","[""ANSWER_MISSING"",""CHOICES_REQUIRED"",""SOLUTION_MISSING"",""PAU_MODALITY_UNDECLARED"",""SOLUTION_REVIEW_REQUIRED""]"
"cand-7ead9a48-fe3c-5298-9ced-5c36d1d7a8e8","ex-881bc7b7-1f53-5cdb-8c13-36cb9ef22148","3","4","[""ANSWER_MISSING"",""CHOICES_REQUIRED"",""SOLUTION_MISSING"",""MATH_REPRESENTATION_UNDECLARED"",""PAU_DETAIL_INCOMPLETE"",""PAU_MODALITY_UNDECLARED"",""SOLUTION_REVIEW_REQUIRED""]"
"cand-a928d021-faa4-59ca-beb3-14f30406bdb7","ex-940c4a09-2b61-5682-995d-c54fa003b052","3","2","[""ANSWER_MISSING"",""CHOICES_REQUIRED"",""SOLUTION_MISSING"",""PAU_MODALITY_UNDECLARED"",""SOLUTION_REVIEW_REQUIRED""]"
"cand-88cb77cc-09a9-57d2-92f4-030aaa50be9b","ex-0f75ade8-b181-5a8b-8bee-2a2e1992b0a8","3","3","[""ANSWER_MISSING"",""CHOICES_REQUIRED"",""SOLUTION_MISSING"",""MATH_REPRESENTATION_UNDECLARED"",""PAU_MODALITY_UNDECLARED"",""SOLUTION_REVIEW_REQUIRED""]"
"cand-35fb7d05-0f4c-50c2-a71d-7554c7712148","ex-939e1497-063d-5ccb-a2ce-bcbecea6a5a1","3","3","[""ANSWER_MISSING"",""CHOICES_REQUIRED"",""SOLUTION_MISSING"",""MATH_REPRESENTATION_UNDECLARED"",""PAU_MODALITY_UNDECLARED"",""SOLUTION_REVIEW_REQUIRED""]"
"cand-f427dea8-5057-5c12-9788-e4eeb0456989","ex-7c5e9c33-5063-593a-be6e-509314539ec2","3","2","[""ANSWER_MISSING"",""CHOICES_REQUIRED"",""SOLUTION_MISSING"",""PAU_MODALITY_UNDECLARED"",""SOLUTION_REVIEW_REQUIRED""]"
"cand-9c69ef75-b0e5-586b-8884-c471c33d2eba","ex-4d2ccf1a-367a-5c98-96ec-928f9e624e42","3","4","[""ANSWER_MISSING"",""CHOICES_REQUIRED"",""SOLUTION_MISSING"",""MATH_REPRESENTATION_UNDECLARED"",""PAU_DETAIL_INCOMPLETE"",""PAU_MODALITY_UNDECLARED"",""SOLUTION_REVIEW_REQUIRED""]"
"cand-4eb802c2-2a72-5860-ac34-6518c0f42f49","ex-2c7876d1-8836-5f62-93f5-15d73fa6215e","3","3","[""ANSWER_MISSING"",""CHOICES_REQUIRED"",""SOLUTION_MISSING"",""PAU_DETAIL_INCOMPLETE"",""PAU_MODALITY_UNDECLARED"",""SOLUTION_REVIEW_REQUIRED""]"
"cand-b4a90ee6-d268-532b-a6cf-dbc556692757","ex-6266d776-c3cb-5771-9b05-655fae351c33","3","3","[""ANSWER_MISSING"",""CHOICES_REQUIRED"",""SOLUTION_MISSING"",""MATH_REPRESENTATION_UNDECLARED"",""PAU_MODALITY_UNDECLARED"",""SOLUTION_REVIEW_REQUIRED""]"
"cand-8d5aa76d-fe20-59d8-80d9-f2f35e1585e6","ex-064cc8f1-49a7-5e5a-a69a-73b0a3ebe11b","3","3","[""ANSWER_MISSING"",""CHOICES_REQUIRED"",""SOLUTION_MISSING"",""MATH_REPRESENTATION_UNDECLARED"",""PAU_MODALITY_UNDECLARED"",""SOLUTION_REVIEW_REQUIRED""]"
"cand-bdb767ea-1807-5443-8430-41641165dd30","ex-ae97a88c-50e9-5a83-bdb3-c1c0422e794c","3","3","[""ANSWER_MISSING"",""CHOICES_REQUIRED"",""SOLUTION_MISSING"",""MATH_REPRESENTATION_UNDECLARED"",""PAU_MODALITY_UNDECLARED"",""SOLUTION_REVIEW_REQUIRED""]"
"cand-fa58a823-cd8a-598d-a1c4-ce298645995c","ex-bd6aef73-0f8e-529a-b8f2-99dfa78062dc","3","3","[""ANSWER_MISSING"",""CHOICES_REQUIRED"",""SOLUTION_MISSING"",""MATH_REPRESENTATION_UNDECLARED"",""PAU_MODALITY_UNDECLARED"",""SOLUTION_REVIEW_REQUIRED""]"
"cand-b2309373-ad6f-5279-a20c-2f50de3fed14","ex-89d6db22-180b-5fa5-9a0a-d3e717066a0e","3","2","[""ANSWER_MISSING"",""CHOICES_REQUIRED"",""SOLUTION_MISSING"",""PAU_MODALITY_UNDECLARED"",""SOLUTION_REVIEW_REQUIRED""]"
"cand-c26a9fca-9eca-5dff-b58d-4588962bc0aa","ex-d05659fa-65b0-5af1-8244-ea991dae6a57","3","2","[""ANSWER_MISSING"",""CHOICES_REQUIRED"",""SOLUTION_MISSING"",""PAU_MODALITY_UNDECLARED"",""SOLUTION_REVIEW_REQUIRED""]"
"cand-11f62340-8a7a-5772-a143-fc61cfdb6c3a","ex-fb2c6a40-e8ae-5ff1-be4f-5c12ca14ed56","3","4","[""ANSWER_MISSING"",""CHOICES_REQUIRED"",""SOLUTION_MISSING"",""MATH_REPRESENTATION_UNDECLARED"",""PAU_DETAIL_INCOMPLETE"",""PAU_MODALITY_UNDECLARED"",""SOLUTION_REVIEW_REQUIRED""]"
"cand-26effc75-7b60-5634-946b-f4c3a22f04e4","ex-10d9ed4b-e973-5d9b-8f68-c07b1138cfa4","3","4","[""ANSWER_MISSING"",""CHOICES_REQUIRED"",""SOLUTION_MISSING"",""MATH_REPRESENTATION_UNDECLARED"",""PAU_DETAIL_INCOMPLETE"",""PAU_MODALITY_UNDECLARED"",""SOLUTION_REVIEW_REQUIRED""]"
"cand-67494ed2-c8f6-56d9-9119-92ec3fad00d1","ex-8a9c02c8-a950-58c9-852e-ec55c71cf9f1","3","4","[""ANSWER_MISSING"",""CHOICES_REQUIRED"",""SOLUTION_MISSING"",""MATH_REPRESENTATION_UNDECLARED"",""PAU_DETAIL_INCOMPLETE"",""PAU_MODALITY_UNDECLARED"",""SOLUTION_REVIEW_REQUIRED""]"
"cand-c26e6708-7c06-553a-97cd-eb145baeb0b3","ex-7be39abe-e0e8-5ff3-a952-cb73dd982083","3","3","[""ANSWER_MISSING"",""CHOICES_REQUIRED"",""SOLUTION_MISSING"",""PAU_DETAIL_INCOMPLETE"",""PAU_MODALITY_UNDECLARED"",""SOLUTION_REVIEW_REQUIRED""]"
"cand-5a7e219e-fa52-55a8-a847-138eae2ea942","ex-d713966a-ba39-564b-8604-2cc7c0806bcf","3","2","[""ANSWER_MISSING"",""CHOICES_REQUIRED"",""SOLUTION_MISSING"",""PAU_MODALITY_UNDECLARED"",""SOLUTION_REVIEW_REQUIRED""]"
"cand-0984b2e7-6c1b-5354-ba16-506f9ca4382d","ex-02661691-b618-5341-a615-aa367b32ba6b","3","3","[""ANSWER_MISSING"",""CHOICES_REQUIRED"",""SOLUTION_MISSING"",""MATH_REPRESENTATION_UNDECLARED"",""PAU_MODALITY_UNDECLARED"",""SOLUTION_REVIEW_REQUIRED""]"
"cand-0c7df37a-da08-5413-8167-fc17953f76ea","ex-6aa47b13-7002-578b-8df2-3f746e1d1166","3","2","[""ANSWER_MISSING"",""CHOICES_REQUIRED"",""SOLUTION_MISSING"",""PAU_MODALITY_UNDECLARED"",""SOLUTION_REVIEW_REQUIRED""]"
"cand-b6097edf-9a3a-5461-b1d5-c879afcccdc3","ex-4822461f-081f-58b8-9e45-9315e73bc906","3","3","[""ANSWER_MISSING"",""CHOICES_REQUIRED"",""SOLUTION_MISSING"",""MATH_REPRESENTATION_UNDECLARED"",""PAU_MODALITY_UNDECLARED"",""SOLUTION_REVIEW_REQUIRED""]"
"cand-deedc75a-3a7c-537f-981e-b006ae70d639","ex-16f1778f-7b81-546f-8fe4-f68f5bd7afa9","3","3","[""ANSWER_MISSING"",""CHOICES_REQUIRED"",""SOLUTION_MISSING"",""PAU_DETAIL_INCOMPLETE"",""PAU_MODALITY_UNDECLARED"",""SOLUTION_REVIEW_REQUIRED""]"
"cand-435ce0c3-9a21-5c81-856a-3082216e53ac","ex-18e53f61-a249-5834-940f-7e21a84fbd11","3","3","[""ANSWER_MISSING"",""CHOICES_REQUIRED"",""SOLUTION_MISSING"",""MATH_REPRESENTATION_UNDECLARED"",""PAU_MODALITY_UNDECLARED"",""SOLUTION_REVIEW_REQUIRED""]"
"cand-219e546c-e4e1-577c-8ccb-18fe4197f6f2","ex-19e9bffb-a04d-5232-a744-8411acfbe0ef","3","3","[""ANSWER_MISSING"",""CHOICES_REQUIRED"",""SOLUTION_MISSING"",""MATH_REPRESENTATION_UNDECLARED"",""PAU_MODALITY_UNDECLARED"",""SOLUTION_REVIEW_REQUIRED""]"
"cand-5a4a1de2-c052-5e5a-856e-939e72007c9d","ex-6ea99cc4-9b1a-5b8b-ac5f-1bc3d1c37a19","3","3","[""ANSWER_MISSING"",""CHOICES_REQUIRED"",""SOLUTION_MISSING"",""PAU_DETAIL_INCOMPLETE"",""PAU_MODALITY_UNDECLARED"",""SOLUTION_REVIEW_REQUIRED""]"
"cand-83c281a8-2276-5824-aabd-64771bc20e70","ex-df21c5c6-50ed-5e11-b313-6b2478116991","3","4","[""ANSWER_MISSING"",""CHOICES_REQUIRED"",""SOLUTION_MISSING"",""MATH_REPRESENTATION_UNDECLARED"",""PAU_DETAIL_INCOMPLETE"",""PAU_MODALITY_UNDECLARED"",""SOLUTION_REVIEW_REQUIRED""]"
"cand-789205a0-fa20-537c-81a3-fab6954a1e49","ex-320f875e-7b70-5679-aae0-57f01c10be68","3","2","[""ANSWER_MISSING"",""CHOICES_REQUIRED"",""SOLUTION_MISSING"",""PAU_MODALITY_UNDECLARED"",""SOLUTION_REVIEW_REQUIRED""]"
"cand-915d37d8-dda5-5af4-ac83-7f3c393b4df0","ex-b57a7f35-6751-51d9-a502-199cde12fdb7","3","2","[""ANSWER_MISSING"",""CHOICES_REQUIRED"",""SOLUTION_MISSING"",""PAU_MODALITY_UNDECLARED"",""SOLUTION_REVIEW_REQUIRED""]"
"cand-850e25e7-4caf-59b4-85d8-54270d1974cb","ex-f9d74a9d-ffa7-5f84-83cc-0c30b98113eb","3","3","[""ANSWER_MISSING"",""CHOICES_REQUIRED"",""SOLUTION_MISSING"",""MATH_REPRESENTATION_UNDECLARED"",""PAU_MODALITY_UNDECLARED"",""SOLUTION_REVIEW_REQUIRED""]"
"cand-f04fb507-5101-5f19-bc91-d238bdde86ec","ex-4968ed03-0add-5fb8-a073-19fd6f27d536","3","3","[""ANSWER_MISSING"",""CHOICES_REQUIRED"",""SOLUTION_MISSING"",""MATH_REPRESENTATION_UNDECLARED"",""PAU_MODALITY_UNDECLARED"",""SOLUTION_REVIEW_REQUIRED""]"
"cand-efa422ca-5c0d-55b5-aec7-3979bf3942d0","ex-78bd3ec9-1b32-545d-818e-30fc122e7d6f","3","2","[""ANSWER_MISSING"",""CHOICES_REQUIRED"",""SOLUTION_MISSING"",""PAU_MODALITY_UNDECLARED"",""SOLUTION_REVIEW_REQUIRED""]"
"cand-b9991e3e-a460-5496-894a-bd70686800e3","ex-5d256e1c-40e8-5a13-b6b6-a37a2aefc98c","3","3","[""ANSWER_MISSING"",""CHOICES_REQUIRED"",""SOLUTION_MISSING"",""PAU_DETAIL_INCOMPLETE"",""PAU_MODALITY_UNDECLARED"",""SOLUTION_REVIEW_REQUIRED""]"
"cand-0f894bd9-5361-5528-9dcc-cd8b3af6b942","ex-f725a65d-a85d-59fe-8c4a-9f914f3bf16a","3","3","[""ANSWER_MISSING"",""CHOICES_REQUIRED"",""SOLUTION_MISSING"",""MATH_REPRESENTATION_UNDECLARED"",""PAU_MODALITY_UNDECLARED"",""SOLUTION_REVIEW_REQUIRED""]"
"cand-c6c17037-481b-548b-b591-717d073e196b","ex-2d0d89ca-1b76-5fba-a885-6e98b0aeb7a0","3","2","[""ANSWER_MISSING"",""CHOICES_REQUIRED"",""SOLUTION_MISSING"",""PAU_MODALITY_UNDECLARED"",""SOLUTION_REVIEW_REQUIRED""]"
"cand-89d8d8bb-5660-571f-8dc8-e9124957deed","ex-0a6176bb-5a8a-50ee-a83b-21a8cd99e5c2","3","2","[""ANSWER_MISSING"",""CHOICES_REQUIRED"",""SOLUTION_MISSING"",""PAU_MODALITY_UNDECLARED"",""SOLUTION_REVIEW_REQUIRED""]"
"cand-dd6f6dfe-b7ed-5428-8ddd-3176b6297b2c","ex-c96eff20-1b61-5c8f-bf2e-83b8a1562e9f","3","3","[""ANSWER_MISSING"",""CHOICES_REQUIRED"",""SOLUTION_MISSING"",""PAU_DETAIL_INCOMPLETE"",""PAU_MODALITY_UNDECLARED"",""SOLUTION_REVIEW_REQUIRED""]"
"cand-015a0ee0-022c-5bb9-b247-a3d9b2456cde","ex-8281be56-fff6-5ce1-9841-6a78f1bb16b6","3","3","[""ANSWER_MISSING"",""CHOICES_REQUIRED"",""SOLUTION_MISSING"",""PAU_DETAIL_INCOMPLETE"",""PAU_MODALITY_UNDECLARED"",""SOLUTION_REVIEW_REQUIRED""]"
"cand-505a9a33-5813-567c-94f3-618d5389cfdb","ex-59ee44c4-373d-5825-9949-964aca116637","3","3","[""ANSWER_MISSING"",""CHOICES_REQUIRED"",""SOLUTION_MISSING"",""MATH_REPRESENTATION_UNDECLARED"",""PAU_MODALITY_UNDECLARED"",""SOLUTION_REVIEW_REQUIRED""]"
"cand-8baa1e0c-38e6-5671-a0b1-cf501f8449d4","ex-b58e9fa7-9e8d-5300-b135-e4d05ff80c1d","3","2","[""ANSWER_MISSING"",""CHOICES_REQUIRED"",""SOLUTION_MISSING"",""PAU_MODALITY_UNDECLARED"",""SOLUTION_REVIEW_REQUIRED""]"
"cand-1c66c553-28fc-55d7-9403-b16c5bea2fbc","ex-8e317066-9129-5973-a135-5c84a68c1166","3","3","[""ANSWER_MISSING"",""CHOICES_REQUIRED"",""SOLUTION_MISSING"",""MATH_REPRESENTATION_UNDECLARED"",""PAU_MODALITY_UNDECLARED"",""SOLUTION_REVIEW_REQUIRED""]"
"cand-4b8c8e3d-4b94-5fa0-ba2a-fd3d90dd636e","ex-13a0ca4d-630d-5b60-8d28-7413f10cb2f6","3","3","[""ANSWER_MISSING"",""CHOICES_REQUIRED"",""SOLUTION_MISSING"",""MATH_REPRESENTATION_UNDECLARED"",""PAU_MODALITY_UNDECLARED"",""SOLUTION_REVIEW_REQUIRED""]"
"cand-2d437b36-9b6f-5f9b-8b4c-7fca5d71cb39","ex-d63eb1e9-e5c8-5718-9fce-0a9e16a25502","3","3","[""ANSWER_MISSING"",""CHOICES_REQUIRED"",""SOLUTION_MISSING"",""MATH_REPRESENTATION_UNDECLARED"",""PAU_MODALITY_UNDECLARED"",""SOLUTION_REVIEW_REQUIRED""]"
"cand-791444c1-da56-5091-99e8-c4b84dacc4cb","ex-2c8ab188-b7a1-53fa-b482-d7ae815031a7","3","2","[""ANSWER_MISSING"",""CHOICES_REQUIRED"",""SOLUTION_MISSING"",""PAU_MODALITY_UNDECLARED"",""SOLUTION_REVIEW_REQUIRED""]"
"cand-fcf2533a-8ac1-5018-a900-b2ea76a448b1","ex-7f2ba4d9-7922-54bb-9869-37f654231c06","3","3","[""ANSWER_MISSING"",""CHOICES_REQUIRED"",""SOLUTION_MISSING"",""PAU_DETAIL_INCOMPLETE"",""PAU_MODALITY_UNDECLARED"",""SOLUTION_REVIEW_REQUIRED""]"
"cand-f54abfef-147f-53bb-b36f-fd0e4f0fca60","ex-e84bf1ef-8f62-5ec4-a543-4190ad6afe06","3","2","[""ANSWER_MISSING"",""CHOICES_REQUIRED"",""SOLUTION_MISSING"",""PAU_MODALITY_UNDECLARED"",""SOLUTION_REVIEW_REQUIRED""]"
"cand-35094e03-1399-5195-a3fc-720af8a6d73f","ex-08e376fa-9ff6-588b-bd16-71c5355faf62","3","4","[""ANSWER_MISSING"",""CHOICES_REQUIRED"",""SOLUTION_MISSING"",""MATH_REPRESENTATION_UNDECLARED"",""PAU_DETAIL_INCOMPLETE"",""PAU_MODALITY_UNDECLARED"",""SOLUTION_REVIEW_REQUIRED""]"
"cand-4f129bb4-d5ac-50d0-8b96-bcf5a89452e7","ex-d685648f-afbc-5b9f-b445-331ec12c5f44","3","2","[""ANSWER_MISSING"",""CHOICES_REQUIRED"",""SOLUTION_MISSING"",""PAU_MODALITY_UNDECLARED"",""SOLUTION_REVIEW_REQUIRED""]"
"cand-ffa2cc70-0de7-5653-a4d9-9aa7c806877c","ex-f0aa06d1-46c6-5217-bbc4-a1221eb826b8","3","2","[""ANSWER_MISSING"",""CHOICES_REQUIRED"",""SOLUTION_MISSING"",""PAU_MODALITY_UNDECLARED"",""SOLUTION_REVIEW_REQUIRED""]"
"cand-cf87a227-e52f-57cc-b272-00b09015c702","ex-d58791ff-c866-5638-a003-399fbe76db1b","3","2","[""ANSWER_MISSING"",""CHOICES_REQUIRED"",""SOLUTION_MISSING"",""PAU_MODALITY_UNDECLARED"",""SOLUTION_REVIEW_REQUIRED""]"
"cand-f97e9634-990a-58b6-9135-97c8f8dd78a3","ex-0284f2a2-e557-5060-8471-bbf41feffe87","3","3","[""ANSWER_MISSING"",""CHOICES_REQUIRED"",""SOLUTION_MISSING"",""MATH_REPRESENTATION_UNDECLARED"",""PAU_MODALITY_UNDECLARED"",""SOLUTION_REVIEW_REQUIRED""]"
"cand-6b04651e-ca50-5e7c-a5f0-e0f9f737c565","ex-e126722c-f399-57ba-8d00-b844764ed7c4","3","2","[""ANSWER_MISSING"",""CHOICES_REQUIRED"",""SOLUTION_MISSING"",""PAU_MODALITY_UNDECLARED"",""SOLUTION_REVIEW_REQUIRED""]"
"cand-db12553d-cefa-5504-85e2-8ba87db12a76","ex-a3b70cd2-d16e-5792-b649-4d4cb2f5b03b","3","3","[""ANSWER_MISSING"",""CHOICES_REQUIRED"",""SOLUTION_MISSING"",""MATH_REPRESENTATION_UNDECLARED"",""PAU_MODALITY_UNDECLARED"",""SOLUTION_REVIEW_REQUIRED""]"
"cand-350195b2-c14b-5174-97f7-21d4620cec0e","ex-578be6e1-0555-5c1c-8e1f-53b4aed67208","3","2","[""ANSWER_MISSING"",""CHOICES_REQUIRED"",""SOLUTION_MISSING"",""PAU_MODALITY_UNDECLARED"",""SOLUTION_REVIEW_REQUIRED""]"
"cand-e13d1fa0-de42-526f-98b9-559941b2dfaf","ex-46eaa867-abe9-55f4-9ade-34fc160c6ade","3","4","[""ANSWER_MISSING"",""CHOICES_REQUIRED"",""SOLUTION_MISSING"",""MATH_REPRESENTATION_UNDECLARED"",""PAU_DETAIL_INCOMPLETE"",""PAU_MODALITY_UNDECLARED"",""SOLUTION_REVIEW_REQUIRED""]"
"cand-0034a1a7-8836-50d4-9744-c3c101584491","ex-840ce141-7246-5df0-b47e-42a5ba18d5c4","3","3","[""ANSWER_MISSING"",""CHOICES_REQUIRED"",""SOLUTION_MISSING"",""MATH_REPRESENTATION_UNDECLARED"",""PAU_MODALITY_UNDECLARED"",""SOLUTION_REVIEW_REQUIRED""]"
"cand-5e8fe5e0-420f-5155-9150-74281995fade","ex-709076d4-f8f3-54d2-9908-0b3815fc5398","3","2","[""ANSWER_MISSING"",""CHOICES_REQUIRED"",""SOLUTION_MISSING"",""PAU_MODALITY_UNDECLARED"",""SOLUTION_REVIEW_REQUIRED""]"
"cand-75d70eac-35ef-58fd-8ae5-a2625305507f","ex-3c014591-04f5-5fb8-b3e2-f527fbb56048","3","3","[""ANSWER_MISSING"",""CHOICES_REQUIRED"",""SOLUTION_MISSING"",""MATH_REPRESENTATION_UNDECLARED"",""PAU_MODALITY_UNDECLARED"",""SOLUTION_REVIEW_REQUIRED""]"
"cand-a46b3e93-b843-5097-8477-3500dd31c7b4","ex-f6bec585-5f3b-54a4-870d-513d7b91c1f3","3","2","[""ANSWER_MISSING"",""CHOICES_REQUIRED"",""SOLUTION_MISSING"",""PAU_MODALITY_UNDECLARED"",""SOLUTION_REVIEW_REQUIRED""]"
"cand-490e0458-2bee-5a8c-9d16-ff5547c7e40e","ex-a23d3e03-9e94-5b24-99f7-05581730f70c","3","3","[""ANSWER_MISSING"",""CHOICES_REQUIRED"",""SOLUTION_MISSING"",""MATH_REPRESENTATION_UNDECLARED"",""PAU_MODALITY_UNDECLARED"",""SOLUTION_REVIEW_REQUIRED""]"
"cand-0d31eae0-7c55-5993-a888-61009549149e","ex-3045f998-fc6b-5fac-abc3-950607d12b9f","3","3","[""ANSWER_MISSING"",""CHOICES_REQUIRED"",""SOLUTION_MISSING"",""PAU_DETAIL_INCOMPLETE"",""PAU_MODALITY_UNDECLARED"",""SOLUTION_REVIEW_REQUIRED""]"
"cand-7189fc9e-f561-5630-9761-83962f84048b","ex-dcc11f20-77a8-5bf5-b009-094350bf5349","3","4","[""ANSWER_MISSING"",""CHOICES_REQUIRED"",""SOLUTION_MISSING"",""MATH_REPRESENTATION_UNDECLARED"",""PAU_DETAIL_INCOMPLETE"",""PAU_MODALITY_UNDECLARED"",""SOLUTION_REVIEW_REQUIRED""]"
"cand-615b45e3-c951-5400-954f-4234026669e5","ex-e6fa5ebf-d24d-5b4f-8bf3-efb11a260312","3","3","[""ANSWER_MISSING"",""CHOICES_REQUIRED"",""SOLUTION_MISSING"",""MATH_REPRESENTATION_UNDECLARED"",""PAU_MODALITY_UNDECLARED"",""SOLUTION_REVIEW_REQUIRED""]"
"cand-49e93fb9-6219-59c2-be70-a947c010e382","ex-aa011ec3-13fa-5065-bb28-61845f7fe3ea","3","2","[""ANSWER_MISSING"",""CHOICES_REQUIRED"",""SOLUTION_MISSING"",""PAU_MODALITY_UNDECLARED"",""SOLUTION_REVIEW_REQUIRED""]"
"cand-9c1ed2ac-6d74-52c7-be58-3e2300e53def","ex-49f683fe-0acc-577c-8efb-86139f83a378","3","2","[""ANSWER_MISSING"",""CHOICES_REQUIRED"",""SOLUTION_MISSING"",""PAU_MODALITY_UNDECLARED"",""SOLUTION_REVIEW_REQUIRED""]"
"cand-5bfdbc6d-1f35-5ba8-8f8b-dec50f154597","ex-ec143e36-0acd-5cc8-949e-12736c67cbe3","3","3","[""ANSWER_MISSING"",""CHOICES_REQUIRED"",""SOLUTION_MISSING"",""MATH_REPRESENTATION_UNDECLARED"",""PAU_MODALITY_UNDECLARED"",""SOLUTION_REVIEW_REQUIRED""]"
"cand-d891d768-8e40-5dd9-ae52-5e6e0c91dbb6","ex-f88718df-5bc0-5067-b8a8-ec8190d0a213","3","2","[""ANSWER_MISSING"",""CHOICES_REQUIRED"",""SOLUTION_MISSING"",""PAU_MODALITY_UNDECLARED"",""SOLUTION_REVIEW_REQUIRED""]"
"cand-5f49573f-026c-5bf5-aef3-6ea78c109097","ex-d8162872-ca52-51af-98a0-70a05ffc40ed","3","3","[""ANSWER_MISSING"",""CHOICES_REQUIRED"",""SOLUTION_MISSING"",""PAU_DETAIL_INCOMPLETE"",""PAU_MODALITY_UNDECLARED"",""SOLUTION_REVIEW_REQUIRED""]"
"cand-25798547-720b-5944-8db3-0e7d0e79e78a","ex-6a228399-3b8b-5477-abf8-2d14944d42cc","3","3","[""ANSWER_MISSING"",""CHOICES_REQUIRED"",""SOLUTION_MISSING"",""MATH_REPRESENTATION_UNDECLARED"",""PAU_MODALITY_UNDECLARED"",""SOLUTION_REVIEW_REQUIRED""]"
"cand-3df9027c-76d6-5b78-9c3a-428a5d7a3e73","ex-b25c382c-2e7b-50db-a2c7-999be738a056","3","2","[""ANSWER_MISSING"",""CHOICES_REQUIRED"",""SOLUTION_MISSING"",""PAU_MODALITY_UNDECLARED"",""SOLUTION_REVIEW_REQUIRED""]"
"cand-27a4bddc-873b-5e74-b71e-451a4185229c","ex-f17d8c3a-9d00-5849-8962-f390ea6f6514","3","2","[""ANSWER_MISSING"",""CHOICES_REQUIRED"",""SOLUTION_MISSING"",""PAU_MODALITY_UNDECLARED"",""SOLUTION_REVIEW_REQUIRED""]"
"cand-1d80ae1d-994f-554c-9461-40c701fce8c2","ex-483af9bb-a960-5a85-ba65-30f611bc5379","3","3","[""ANSWER_MISSING"",""CHOICES_REQUIRED"",""SOLUTION_MISSING"",""PAU_DETAIL_INCOMPLETE"",""PAU_MODALITY_UNDECLARED"",""SOLUTION_REVIEW_REQUIRED""]"
"cand-f9920b4c-2436-55f9-bf68-9b140828384e","ex-e9b91eaf-7f6d-5a15-ba1b-67cc2d96aa40","3","3","[""ANSWER_MISSING"",""CHOICES_REQUIRED"",""SOLUTION_MISSING"",""PAU_DETAIL_INCOMPLETE"",""PAU_MODALITY_UNDECLARED"",""SOLUTION_REVIEW_REQUIRED""]"
"cand-b6785f09-d84f-5152-af1f-eb8f6ca73379","ex-49566621-2c70-56e1-a2bc-0a50fe2f455b","3","2","[""ANSWER_MISSING"",""CHOICES_REQUIRED"",""SOLUTION_MISSING"",""PAU_MODALITY_UNDECLARED"",""SOLUTION_REVIEW_REQUIRED""]"
"cand-ec95111b-ff67-596a-8dd4-4be0b753b5c6","ex-7666a4e5-6bc6-5756-9ada-338f171ff1a2","3","2","[""ANSWER_MISSING"",""CHOICES_REQUIRED"",""SOLUTION_MISSING"",""PAU_MODALITY_UNDECLARED"",""SOLUTION_REVIEW_REQUIRED""]"
"cand-2bc7ea98-f890-5622-97d9-223560578c31","ex-a6c4668a-3e5c-5a00-946d-3dedc569cb1a","3","2","[""ANSWER_MISSING"",""CHOICES_REQUIRED"",""SOLUTION_MISSING"",""PAU_MODALITY_UNDECLARED"",""SOLUTION_REVIEW_REQUIRED""]"
"cand-4cecc1d6-c364-5df7-950f-7d3cbd7b44a2","ex-638e6450-ddbf-5b48-9998-b6f4c6eb2ad2","3","2","[""ANSWER_MISSING"",""CHOICES_REQUIRED"",""SOLUTION_MISSING"",""PAU_MODALITY_UNDECLARED"",""SOLUTION_REVIEW_REQUIRED""]"
"cand-4ff6de97-61ef-53c0-ba70-437c550d0b2a","ex-f4d5cc4c-f682-5994-becf-170dcaa0f9ab","3","2","[""ANSWER_MISSING"",""CHOICES_REQUIRED"",""SOLUTION_MISSING"",""PAU_MODALITY_UNDECLARED"",""SOLUTION_REVIEW_REQUIRED""]"
"cand-f0b2f1ef-2a82-5315-9d2b-3822645996be","ex-5c1fdcf0-1b9d-5c42-a8cf-914e3f0f6b5a","3","3","[""ANSWER_MISSING"",""CHOICES_REQUIRED"",""SOLUTION_MISSING"",""MATH_REPRESENTATION_UNDECLARED"",""PAU_MODALITY_UNDECLARED"",""SOLUTION_REVIEW_REQUIRED""]"
"cand-892805d3-5bde-5e5d-b22f-b8d10a2f0a3e","ex-8dd0dfc6-5bea-5586-b9f8-bd6cab7c805b","3","4","[""ANSWER_MISSING"",""CHOICES_REQUIRED"",""SOLUTION_MISSING"",""MATH_REPRESENTATION_UNDECLARED"",""PAU_DETAIL_INCOMPLETE"",""PAU_MODALITY_UNDECLARED"",""SOLUTION_REVIEW_REQUIRED""]"
"cand-1d0e2b0f-83e7-5732-8f4f-2ffeb2b6131c","ex-ca0ea8d4-8e59-54aa-b9ae-95d8dda8b5b3","3","2","[""ANSWER_MISSING"",""CHOICES_REQUIRED"",""SOLUTION_MISSING"",""PAU_MODALITY_UNDECLARED"",""SOLUTION_REVIEW_REQUIRED""]"
"cand-2464635c-c928-5fd7-9153-30c7843523c3","ex-af3fda09-1ef6-5a20-953b-5c531192ded2","3","2","[""ANSWER_MISSING"",""CHOICES_REQUIRED"",""SOLUTION_MISSING"",""PAU_MODALITY_UNDECLARED"",""SOLUTION_REVIEW_REQUIRED""]"
"cand-182215c0-3530-525e-9e41-7ed6398cc50b","ex-c1f830fd-4d68-5b3d-b62d-69ae7505e5e5","3","3","[""ANSWER_MISSING"",""CHOICES_REQUIRED"",""SOLUTION_MISSING"",""PAU_DETAIL_INCOMPLETE"",""PAU_MODALITY_UNDECLARED"",""SOLUTION_REVIEW_REQUIRED""]"
"cand-1f9634d8-b590-5682-bc80-c7ae37224696","ex-13a54839-65eb-5709-b021-e72fc4443012","3","2","[""ANSWER_MISSING"",""CHOICES_REQUIRED"",""SOLUTION_MISSING"",""PAU_MODALITY_UNDECLARED"",""SOLUTION_REVIEW_REQUIRED""]"
"cand-a969469d-fb7c-55ef-bf53-fb34d0f534f0","ex-835e3a4e-84db-5654-9cd8-665024cfab50","3","2","[""ANSWER_MISSING"",""CHOICES_REQUIRED"",""SOLUTION_MISSING"",""PAU_MODALITY_UNDECLARED"",""SOLUTION_REVIEW_REQUIRED""]"
"cand-11e25da4-2394-598b-9d2a-654c3d038cd5","ex-d6cd7552-1b7a-5e6b-9f19-9c875600616d","3","3","[""ANSWER_MISSING"",""CHOICES_REQUIRED"",""SOLUTION_MISSING"",""MATH_REPRESENTATION_UNDECLARED"",""PAU_MODALITY_UNDECLARED"",""SOLUTION_REVIEW_REQUIRED""]"
"cand-65c5065e-b00f-5c50-a4de-dc1a46c0f66c","ex-baac0073-04d5-56fa-ae26-d8e56ea86322","3","2","[""ANSWER_MISSING"",""CHOICES_REQUIRED"",""SOLUTION_MISSING"",""PAU_MODALITY_UNDECLARED"",""SOLUTION_REVIEW_REQUIRED""]"
"cand-fedceb82-2ed9-5f39-9675-f8a90586fb6f","ex-100656cd-b4da-5600-9cf8-1d600687a59e","3","2","[""ANSWER_MISSING"",""CHOICES_REQUIRED"",""SOLUTION_MISSING"",""PAU_MODALITY_UNDECLARED"",""SOLUTION_REVIEW_REQUIRED""]"
"cand-3b3da8c8-baa1-5136-ac5f-48775941e53d","ex-e0c6d257-81a6-5f39-9f91-e0774b44196d","3","2","[""ANSWER_MISSING"",""CHOICES_REQUIRED"",""SOLUTION_MISSING"",""PAU_MODALITY_UNDECLARED"",""SOLUTION_REVIEW_REQUIRED""]"
"cand-fac5ba85-5430-54e3-a40c-fd5f2c9116c9","ex-cb7f5363-bcb6-535a-9640-1ca0453e1f5d","3","2","[""ANSWER_MISSING"",""CHOICES_REQUIRED"",""SOLUTION_MISSING"",""PAU_MODALITY_UNDECLARED"",""SOLUTION_REVIEW_REQUIRED""]"
"cand-219fe144-1e3e-5e66-8446-4f2c77429450","ex-a0a08d74-8c56-5a9b-9c49-c708be31fa8a","3","3","[""ANSWER_MISSING"",""CHOICES_REQUIRED"",""SOLUTION_MISSING"",""PAU_DETAIL_INCOMPLETE"",""PAU_MODALITY_UNDECLARED"",""SOLUTION_REVIEW_REQUIRED""]"
"cand-2e285bc8-81c1-5595-9803-a206aecff9c9","ex-4d31ba70-8551-5d4e-a8a0-77ac978d31a5","3","3","[""ANSWER_MISSING"",""CHOICES_REQUIRED"",""SOLUTION_MISSING"",""PAU_DETAIL_INCOMPLETE"",""PAU_MODALITY_UNDECLARED"",""SOLUTION_REVIEW_REQUIRED""]"
"cand-c14da796-6666-5dc7-9949-4852e47e9f69","ex-6b150912-4886-5237-a02c-47f8a0db40ef","3","2","[""ANSWER_MISSING"",""CHOICES_REQUIRED"",""SOLUTION_MISSING"",""PAU_MODALITY_UNDECLARED"",""SOLUTION_REVIEW_REQUIRED""]"
"cand-8f940237-9642-5fed-8616-711bbac63331","ex-4ea5944c-25cb-5fd4-a8f6-8483c8977ffa","3","3","[""ANSWER_MISSING"",""CHOICES_REQUIRED"",""SOLUTION_MISSING"",""MATH_REPRESENTATION_UNDECLARED"",""PAU_MODALITY_UNDECLARED"",""SOLUTION_REVIEW_REQUIRED""]"
"cand-37b88326-510f-5cb5-a951-aedeeb721d7f","ex-201a8f5f-0860-5149-bed5-d4a8147b7fb5","3","2","[""ANSWER_MISSING"",""CHOICES_REQUIRED"",""SOLUTION_MISSING"",""PAU_MODALITY_UNDECLARED"",""SOLUTION_REVIEW_REQUIRED""]"
"cand-c0f8b16f-209a-5234-b555-ad001c22f1b3","ex-ded6a2b6-46ef-550f-bf91-c2a44a606e73","3","3","[""ANSWER_MISSING"",""CHOICES_REQUIRED"",""SOLUTION_MISSING"",""MATH_REPRESENTATION_UNDECLARED"",""PAU_MODALITY_UNDECLARED"",""SOLUTION_REVIEW_REQUIRED""]"
"cand-c523053d-1167-51bb-b732-0b93ac870ae0","ex-4b48eeb3-1aa3-5dd6-bf06-d5599325d0b7","3","3","[""ANSWER_MISSING"",""CHOICES_REQUIRED"",""SOLUTION_MISSING"",""MATH_REPRESENTATION_UNDECLARED"",""PAU_MODALITY_UNDECLARED"",""SOLUTION_REVIEW_REQUIRED""]"
"cand-acf4d68a-6e28-56b3-9e4c-b1a0f6118ebd","ex-66d18639-de6d-5c92-9f7b-dd6c9248cd87","3","4","[""ANSWER_MISSING"",""CHOICES_REQUIRED"",""SOLUTION_MISSING"",""MATH_REPRESENTATION_UNDECLARED"",""PAU_DETAIL_INCOMPLETE"",""PAU_MODALITY_UNDECLARED"",""SOLUTION_REVIEW_REQUIRED""]"
"cand-8fbf0dab-b644-549b-876f-8e2e71682dc9","ex-548c4edb-1529-590b-a1d1-50fa041e919b","3","3","[""ANSWER_MISSING"",""CHOICES_REQUIRED"",""SOLUTION_MISSING"",""PAU_DETAIL_INCOMPLETE"",""PAU_MODALITY_UNDECLARED"",""SOLUTION_REVIEW_REQUIRED""]"
"cand-b07f9cdf-b7a1-5e8e-8e68-002e7938528a","ex-ab730561-a5b1-5d06-89d5-f910aad03032","3","3","[""ANSWER_MISSING"",""CHOICES_REQUIRED"",""SOLUTION_MISSING"",""PAU_DETAIL_INCOMPLETE"",""PAU_MODALITY_UNDECLARED"",""SOLUTION_REVIEW_REQUIRED""]"
"cand-ebb06c33-06fc-56f7-8e75-dcd40d4b9415","ex-e4a157a1-56c1-5e53-b243-b60b60fdc3bb","3","3","[""ANSWER_MISSING"",""CHOICES_REQUIRED"",""SOLUTION_MISSING"",""PAU_DETAIL_INCOMPLETE"",""PAU_MODALITY_UNDECLARED"",""SOLUTION_REVIEW_REQUIRED""]"
"cand-635e12b4-fbe0-5305-963f-8241e72d6123","ex-6da7a818-2ca2-503d-a2cc-f2eecedceb6b","3","2","[""ANSWER_MISSING"",""CHOICES_REQUIRED"",""SOLUTION_MISSING"",""PAU_MODALITY_UNDECLARED"",""SOLUTION_REVIEW_REQUIRED""]"
"cand-47d53683-e718-5ef4-9c8b-13a628cfc85f","ex-054f41e8-4424-551d-a175-62e377a2316d","3","3","[""ANSWER_MISSING"",""CHOICES_REQUIRED"",""SOLUTION_MISSING"",""MATH_REPRESENTATION_UNDECLARED"",""PAU_MODALITY_UNDECLARED"",""SOLUTION_REVIEW_REQUIRED""]"
"cand-b05c1b7b-772e-540d-99e0-57f5a5858319","ex-6d6767d8-1699-5754-a5fc-4aac81c9c63a","3","2","[""ANSWER_MISSING"",""CHOICES_REQUIRED"",""SOLUTION_MISSING"",""PAU_MODALITY_UNDECLARED"",""SOLUTION_REVIEW_REQUIRED""]"
"cand-b8e8fddb-4812-52fb-9e7a-3f737486685c","ex-949e3084-544f-549c-a075-f3b593ea5776","3","3","[""ANSWER_MISSING"",""CHOICES_REQUIRED"",""SOLUTION_MISSING"",""MATH_REPRESENTATION_UNDECLARED"",""PAU_MODALITY_UNDECLARED"",""SOLUTION_REVIEW_REQUIRED""]"
"cand-11972ee7-2422-5cc6-8173-2740ff084dfd","ex-bf0045ea-75c7-5be1-be96-41ffa7787ca0","3","2","[""ANSWER_MISSING"",""CHOICES_REQUIRED"",""SOLUTION_MISSING"",""PAU_MODALITY_UNDECLARED"",""SOLUTION_REVIEW_REQUIRED""]"
"cand-98d82dd6-931b-5d78-85d6-649c2da2d015","ex-4f509237-f6aa-58e6-90b1-9cd610cf5eec","3","3","[""ANSWER_MISSING"",""CHOICES_REQUIRED"",""SOLUTION_MISSING"",""PAU_DETAIL_INCOMPLETE"",""PAU_MODALITY_UNDECLARED"",""SOLUTION_REVIEW_REQUIRED""]"
"cand-eb292acd-98e4-5ad6-87f2-6e9ca25167cb","ex-c40eb408-e159-53c4-825d-a416fb5d5541","3","3","[""ANSWER_MISSING"",""CHOICES_REQUIRED"",""SOLUTION_MISSING"",""PAU_DETAIL_INCOMPLETE"",""PAU_MODALITY_UNDECLARED"",""SOLUTION_REVIEW_REQUIRED""]"
"cand-9b05e433-e7b7-5631-abbb-abe4deba85de","ex-b33edded-38f4-568c-bb78-0aa03fd55cef","3","4","[""ANSWER_MISSING"",""CHOICES_REQUIRED"",""SOLUTION_MISSING"",""MATH_REPRESENTATION_UNDECLARED"",""PAU_DETAIL_INCOMPLETE"",""PAU_MODALITY_UNDECLARED"",""SOLUTION_REVIEW_REQUIRED""]"
"cand-d049fc84-e9e5-53ca-ae35-2a4888553d14","ex-fc5f8416-1209-55a3-aca0-6af3183583f5","3","3","[""ANSWER_MISSING"",""CHOICES_REQUIRED"",""SOLUTION_MISSING"",""MATH_REPRESENTATION_UNDECLARED"",""PAU_MODALITY_UNDECLARED"",""SOLUTION_REVIEW_REQUIRED""]"
"cand-0b1b9c52-5d14-5712-9a3d-38b75c8a5023","ex-fe407954-90be-5cd4-acd1-6aa28fa6fbf4","3","2","[""ANSWER_MISSING"",""CHOICES_REQUIRED"",""SOLUTION_MISSING"",""PAU_MODALITY_UNDECLARED"",""SOLUTION_REVIEW_REQUIRED""]"
"cand-30acef04-951a-5656-a3cc-24db5936db01","ex-b60e1c0c-aa10-59a7-a45f-93f5bcb4747d","3","3","[""ANSWER_MISSING"",""CHOICES_REQUIRED"",""SOLUTION_MISSING"",""MATH_REPRESENTATION_UNDECLARED"",""PAU_MODALITY_UNDECLARED"",""SOLUTION_REVIEW_REQUIRED""]"
"cand-25461293-c9f6-5695-affe-c7878b64e435","ex-cf3e0f34-0b62-5cee-9102-713a0b9d30d6","3","3","[""ANSWER_MISSING"",""CHOICES_REQUIRED"",""SOLUTION_MISSING"",""MATH_REPRESENTATION_UNDECLARED"",""PAU_MODALITY_UNDECLARED"",""SOLUTION_REVIEW_REQUIRED""]"
"cand-7e7a3ee5-f3d1-5658-a373-c4855051c3fa","ex-1d9c1da0-380a-54b7-9e6c-ab806b612293","3","3","[""ANSWER_MISSING"",""CHOICES_REQUIRED"",""SOLUTION_MISSING"",""PAU_DETAIL_INCOMPLETE"",""PAU_MODALITY_UNDECLARED"",""SOLUTION_REVIEW_REQUIRED""]"
"cand-253f05e5-6690-5ba0-ac86-2cfe2725ab1c","ex-69286e1f-27bf-5930-a054-eb8abc8a5069","3","3","[""ANSWER_MISSING"",""CHOICES_REQUIRED"",""SOLUTION_MISSING"",""PAU_DETAIL_INCOMPLETE"",""PAU_MODALITY_UNDECLARED"",""SOLUTION_REVIEW_REQUIRED""]"
"cand-05d6532f-3a1a-5580-832b-1911c4f8dafa","ex-826b7090-1dd4-50a6-b4ab-13d7834f0e36","3","4","[""ANSWER_MISSING"",""CHOICES_REQUIRED"",""SOLUTION_MISSING"",""MATH_REPRESENTATION_UNDECLARED"",""PAU_DETAIL_INCOMPLETE"",""PAU_MODALITY_UNDECLARED"",""SOLUTION_REVIEW_REQUIRED""]"
"cand-1cd31499-3c6a-559c-80f8-8ba6c59fb0c3","ex-88eae9f9-d56c-52f0-abae-acd7d5a0054c","3","3","[""ANSWER_MISSING"",""CHOICES_REQUIRED"",""SOLUTION_MISSING"",""MATH_REPRESENTATION_UNDECLARED"",""PAU_MODALITY_UNDECLARED"",""SOLUTION_REVIEW_REQUIRED""]"
"cand-d2545fb2-912d-5847-9528-48377768c8a8","ex-db76be2a-b051-5a18-90c1-0aed84181037","3","2","[""ANSWER_MISSING"",""CHOICES_REQUIRED"",""SOLUTION_MISSING"",""PAU_MODALITY_UNDECLARED"",""SOLUTION_REVIEW_REQUIRED""]"
"cand-ea597e4e-766b-5e33-8c3a-c3e1e2466c2f","ex-68bba4e8-314f-5783-b9fe-4bbd2b801bbe","3","2","[""ANSWER_MISSING"",""CHOICES_REQUIRED"",""SOLUTION_MISSING"",""PAU_MODALITY_UNDECLARED"",""SOLUTION_REVIEW_REQUIRED""]"
"cand-1f813c6b-5738-5ac6-a94b-a75f45e2498e","ex-11f8b95b-c5c3-5edc-9886-ec6841966c29","3","3","[""ANSWER_MISSING"",""CHOICES_REQUIRED"",""SOLUTION_MISSING"",""MATH_REPRESENTATION_UNDECLARED"",""PAU_MODALITY_UNDECLARED"",""SOLUTION_REVIEW_REQUIRED""]"
"cand-84b94eed-7f0d-5fc1-a3ed-a5f3f31533dd","ex-e7e64c3f-1464-5b76-aa4a-7c5ed2a40af1","3","3","[""ANSWER_MISSING"",""CHOICES_REQUIRED"",""SOLUTION_MISSING"",""MATH_REPRESENTATION_UNDECLARED"",""PAU_MODALITY_UNDECLARED"",""SOLUTION_REVIEW_REQUIRED""]"
"cand-5ac1799a-91ee-55c1-82e7-1f41f85e5263","ex-2a8f066f-7e6b-58c3-ac78-993fe6a1e234","3","2","[""ANSWER_MISSING"",""CHOICES_REQUIRED"",""SOLUTION_MISSING"",""PAU_MODALITY_UNDECLARED"",""SOLUTION_REVIEW_REQUIRED""]"
"cand-5d0a2362-f655-58bb-b37c-d19582f46c54","ex-be12e208-5db8-5432-8bef-01bba5a1591c","3","4","[""ANSWER_MISSING"",""CHOICES_REQUIRED"",""SOLUTION_MISSING"",""MATH_REPRESENTATION_UNDECLARED"",""PAU_DETAIL_INCOMPLETE"",""PAU_MODALITY_UNDECLARED"",""SOLUTION_REVIEW_REQUIRED""]"
"cand-1750553b-61c8-5de4-b3a5-1e38b9f18b8b","ex-6def1c73-c763-5911-9637-6e4102a5edb7","3","4","[""ANSWER_MISSING"",""CHOICES_REQUIRED"",""SOLUTION_MISSING"",""MATH_REPRESENTATION_UNDECLARED"",""PAU_DETAIL_INCOMPLETE"",""PAU_MODALITY_UNDECLARED"",""SOLUTION_REVIEW_REQUIRED""]"
"cand-80f0eddd-c944-502b-b197-c6864d076ec1","ex-a1c9f94c-1a8f-50d6-a099-a389e7363956","3","2","[""ANSWER_MISSING"",""CHOICES_REQUIRED"",""SOLUTION_MISSING"",""PAU_MODALITY_UNDECLARED"",""SOLUTION_REVIEW_REQUIRED""]"
"cand-1b0330d2-df80-55e8-a26f-52ef8a139574","ex-f4d5dbe8-f57a-5108-9669-2a1f31c2c942","3","2","[""ANSWER_MISSING"",""CHOICES_REQUIRED"",""SOLUTION_MISSING"",""PAU_MODALITY_UNDECLARED"",""SOLUTION_REVIEW_REQUIRED""]"
"cand-d0f8fdde-431b-5a89-abc1-2fa178c76b4a","ex-8f6e35f3-5c8e-5a99-9951-58b9a6d5ab55","3","2","[""ANSWER_MISSING"",""CHOICES_REQUIRED"",""SOLUTION_MISSING"",""PAU_MODALITY_UNDECLARED"",""SOLUTION_REVIEW_REQUIRED""]"
"cand-2bd47747-7713-5a36-883a-c4b4795e0075","ex-09c28dfd-7cf0-5c23-9f04-83bbe8a5e86b","3","2","[""ANSWER_MISSING"",""CHOICES_REQUIRED"",""SOLUTION_MISSING"",""PAU_MODALITY_UNDECLARED"",""SOLUTION_REVIEW_REQUIRED""]"
"cand-9be5ceb6-28aa-5dd3-910e-9cbe80dfe38a","ex-20370d22-7351-5c91-9eb3-ca8360c39420","3","2","[""ANSWER_MISSING"",""CHOICES_REQUIRED"",""SOLUTION_MISSING"",""PAU_MODALITY_UNDECLARED"",""SOLUTION_REVIEW_REQUIRED""]"
"cand-ce1e413b-13f9-51c4-a48d-b6631be8e598","ex-dfb650ee-019d-560b-9204-b5db0a43c532","3","3","[""ANSWER_MISSING"",""CHOICES_REQUIRED"",""SOLUTION_MISSING"",""MATH_REPRESENTATION_UNDECLARED"",""PAU_MODALITY_UNDECLARED"",""SOLUTION_REVIEW_REQUIRED""]"
"cand-c6800e63-378c-5719-b80f-4f557b4919cb","ex-ec2e8598-974a-5206-98b6-e5a1860ec2b9","3","3","[""ANSWER_MISSING"",""CHOICES_REQUIRED"",""SOLUTION_MISSING"",""PAU_DETAIL_INCOMPLETE"",""PAU_MODALITY_UNDECLARED"",""SOLUTION_REVIEW_REQUIRED""]"
"cand-c5c2e59b-c387-5a08-8f8a-9f5869251d41","ex-71426b9c-5005-5c5c-aaff-8c4a9ad99b91","3","2","[""ANSWER_MISSING"",""CHOICES_REQUIRED"",""SOLUTION_MISSING"",""PAU_MODALITY_UNDECLARED"",""SOLUTION_REVIEW_REQUIRED""]"
"cand-d242cec1-7989-5db1-9ecf-f5b56e38663b","ex-e7741315-5578-5fc4-8c1f-24d7fc60e76c","3","3","[""ANSWER_MISSING"",""CHOICES_REQUIRED"",""SOLUTION_MISSING"",""PAU_DETAIL_INCOMPLETE"",""PAU_MODALITY_UNDECLARED"",""SOLUTION_REVIEW_REQUIRED""]"
"cand-a2f3fdd1-11c5-5762-8f94-8ef26b89ab84","ex-21454b41-378e-5fc0-9f04-508935b0ba7d","3","3","[""ANSWER_MISSING"",""CHOICES_REQUIRED"",""SOLUTION_MISSING"",""MATH_REPRESENTATION_UNDECLARED"",""PAU_MODALITY_UNDECLARED"",""SOLUTION_REVIEW_REQUIRED""]"
"cand-32a0fb72-4846-5db9-a986-1c44ca531383","ex-03d8250b-6ccf-5ead-94d9-f4dd1ab49694","3","2","[""ANSWER_MISSING"",""CHOICES_REQUIRED"",""SOLUTION_MISSING"",""PAU_MODALITY_UNDECLARED"",""SOLUTION_REVIEW_REQUIRED""]"
"cand-5292b90c-01c4-5475-ace4-1b44c3e86116","ex-5eaabffd-bb94-58ee-901e-45daeec30d12","3","3","[""ANSWER_MISSING"",""CHOICES_REQUIRED"",""SOLUTION_MISSING"",""MATH_REPRESENTATION_UNDECLARED"",""PAU_MODALITY_UNDECLARED"",""SOLUTION_REVIEW_REQUIRED""]"
"cand-b5bd92fd-3c4f-5780-a909-6218a4c4e37b","ex-ca827403-9f98-52f9-9fc2-85f9de066786","3","2","[""ANSWER_MISSING"",""CHOICES_REQUIRED"",""SOLUTION_MISSING"",""PAU_MODALITY_UNDECLARED"",""SOLUTION_REVIEW_REQUIRED""]"
"cand-ee1bae48-3a1a-56a8-b27c-5e0ff35689fa","ex-f6385703-1395-519c-9160-4b906d47ac62","3","2","[""ANSWER_MISSING"",""CHOICES_REQUIRED"",""SOLUTION_MISSING"",""PAU_MODALITY_UNDECLARED"",""SOLUTION_REVIEW_REQUIRED""]"
"cand-bf9108be-f907-5b5a-8f53-120f453bd9cb","ex-21e734d1-e669-5136-9c89-47adc9876d50","3","3","[""ANSWER_MISSING"",""CHOICES_REQUIRED"",""SOLUTION_MISSING"",""MATH_REPRESENTATION_UNDECLARED"",""PAU_MODALITY_UNDECLARED"",""SOLUTION_REVIEW_REQUIRED""]"
"cand-8c0c77f1-38f1-57f7-b439-12ba742507e4","ex-dbefffec-7bed-59e7-85c0-d925555b12c8","3","3","[""ANSWER_MISSING"",""CHOICES_REQUIRED"",""SOLUTION_MISSING"",""MATH_REPRESENTATION_UNDECLARED"",""PAU_MODALITY_UNDECLARED"",""SOLUTION_REVIEW_REQUIRED""]"
"cand-8adeed38-e197-542a-9e7a-95076a0b8ba1","ex-550e4968-893b-520c-99c3-43185a442707","3","4","[""ANSWER_MISSING"",""CHOICES_REQUIRED"",""SOLUTION_MISSING"",""MATH_REPRESENTATION_UNDECLARED"",""PAU_DETAIL_INCOMPLETE"",""PAU_MODALITY_UNDECLARED"",""SOLUTION_REVIEW_REQUIRED""]"
"cand-726f66a2-7c50-5779-b975-bc70202fb1ed","ex-68b8d3a4-3aa3-5404-8816-c8642cacfd58","3","3","[""ANSWER_MISSING"",""CHOICES_REQUIRED"",""SOLUTION_MISSING"",""MATH_REPRESENTATION_UNDECLARED"",""PAU_MODALITY_UNDECLARED"",""SOLUTION_REVIEW_REQUIRED""]"
"cand-bd85a2fa-0ad7-5dd9-a1e9-0b5c29804639","ex-a830165f-0905-513e-ab77-9fe59de2435f","3","4","[""ANSWER_MISSING"",""CHOICES_REQUIRED"",""SOLUTION_MISSING"",""MATH_REPRESENTATION_UNDECLARED"",""PAU_DETAIL_INCOMPLETE"",""PAU_MODALITY_UNDECLARED"",""SOLUTION_REVIEW_REQUIRED""]"
"cand-99977291-fb10-5f94-90db-c5740910b382","ex-be3f5288-c6b6-545c-aafe-27e850b284d0","3","2","[""ANSWER_MISSING"",""CHOICES_REQUIRED"",""SOLUTION_MISSING"",""PAU_MODALITY_UNDECLARED"",""SOLUTION_REVIEW_REQUIRED""]"
"cand-3f0fe119-2815-55bb-a3bf-338483a3b361","ex-23bb2f02-d25c-5ee6-9589-23d1073a94f9","3","2","[""ANSWER_MISSING"",""CHOICES_REQUIRED"",""SOLUTION_MISSING"",""PAU_MODALITY_UNDECLARED"",""SOLUTION_REVIEW_REQUIRED""]"
"cand-403c8460-e0e1-592a-a865-c4a223fc6c00","ex-121b89f8-c069-5906-ba7f-f232fb11930c","3","2","[""ANSWER_MISSING"",""CHOICES_REQUIRED"",""SOLUTION_MISSING"",""PAU_MODALITY_UNDECLARED"",""SOLUTION_REVIEW_REQUIRED""]"
"cand-1252e48e-172e-57a3-9a0e-3ac781717995","ex-43e7ca36-0674-58c8-a66b-0cd194a51e2e","3","2","[""ANSWER_MISSING"",""CHOICES_REQUIRED"",""SOLUTION_MISSING"",""PAU_MODALITY_UNDECLARED"",""SOLUTION_REVIEW_REQUIRED""]"
"cand-a4429487-619c-59e7-a10d-03cf21bbb4b3","ex-a6f06b5a-4426-5716-8547-0ea37f4a1d4c","3","2","[""ANSWER_MISSING"",""CHOICES_REQUIRED"",""SOLUTION_MISSING"",""PAU_MODALITY_UNDECLARED"",""SOLUTION_REVIEW_REQUIRED""]"
"cand-6a20d00f-ff89-5983-81b4-290fa99c7126","ex-61300551-64c1-5491-b617-0c526c0e507c","3","2","[""ANSWER_MISSING"",""CHOICES_REQUIRED"",""SOLUTION_MISSING"",""PAU_MODALITY_UNDECLARED"",""SOLUTION_REVIEW_REQUIRED""]"
"cand-c9cf051b-fd65-529c-91df-25c3d260bb8f","ex-a3545d62-94cc-5bb0-a2ef-f868fc16d7ae","3","3","[""ANSWER_MISSING"",""CHOICES_REQUIRED"",""SOLUTION_MISSING"",""MATH_REPRESENTATION_UNDECLARED"",""PAU_MODALITY_UNDECLARED"",""SOLUTION_REVIEW_REQUIRED""]"
"cand-dd091de4-2949-55ed-b3c1-7b706c7ccc2e","ex-c9df72a5-f829-55e0-8f67-1edf084e6a17","3","3","[""ANSWER_MISSING"",""CHOICES_REQUIRED"",""SOLUTION_MISSING"",""PAU_DETAIL_INCOMPLETE"",""PAU_MODALITY_UNDECLARED"",""SOLUTION_REVIEW_REQUIRED""]"
"cand-56ecec50-3152-5e93-9af1-1385f430d85b","ex-ccf3b48e-c709-5474-b065-69498b3f7022","3","3","[""ANSWER_MISSING"",""CHOICES_REQUIRED"",""SOLUTION_MISSING"",""MATH_REPRESENTATION_UNDECLARED"",""PAU_MODALITY_UNDECLARED"",""SOLUTION_REVIEW_REQUIRED""]"
"cand-ab819d36-7ec1-5beb-ad9a-740f02020f77","ex-7e5c48af-f7ad-5dc8-b3c8-c029a31721d0","3","4","[""ANSWER_MISSING"",""CHOICES_REQUIRED"",""SOLUTION_MISSING"",""MATH_REPRESENTATION_UNDECLARED"",""PAU_DETAIL_INCOMPLETE"",""PAU_MODALITY_UNDECLARED"",""SOLUTION_REVIEW_REQUIRED""]"
"cand-ddd38c52-8bb4-5e57-8edc-017db2783866","ex-7149a32c-3453-507a-83d6-4316df296909","3","3","[""ANSWER_MISSING"",""CHOICES_REQUIRED"",""SOLUTION_MISSING"",""MATH_REPRESENTATION_UNDECLARED"",""PAU_MODALITY_UNDECLARED"",""SOLUTION_REVIEW_REQUIRED""]"
"cand-43ab6ef5-4a6e-59de-9b3e-14377be187bb","ex-6b762310-677b-576f-9a14-4ace72131653","3","2","[""ANSWER_MISSING"",""CHOICES_REQUIRED"",""SOLUTION_MISSING"",""PAU_MODALITY_UNDECLARED"",""SOLUTION_REVIEW_REQUIRED""]"
"cand-149322d7-0913-5f17-a6f5-f6e00e850456","ex-3caff942-81fb-5599-ae76-9652cd0ad03e","3","2","[""ANSWER_MISSING"",""CHOICES_REQUIRED"",""SOLUTION_MISSING"",""PAU_MODALITY_UNDECLARED"",""SOLUTION_REVIEW_REQUIRED""]"
"cand-c02802bf-eb87-50d6-8602-5d6ae5d3863a","ex-8a3bed2d-d383-520a-88d3-d0a1d8dade48","3","2","[""ANSWER_MISSING"",""CHOICES_REQUIRED"",""SOLUTION_MISSING"",""PAU_MODALITY_UNDECLARED"",""SOLUTION_REVIEW_REQUIRED""]"
"cand-cf471678-a6a4-5dea-95b4-16a4c2273f1c","ex-83723730-b8fa-508e-9d07-f9e92a176a3b","3","3","[""ANSWER_MISSING"",""CHOICES_REQUIRED"",""SOLUTION_MISSING"",""MATH_REPRESENTATION_UNDECLARED"",""PAU_MODALITY_UNDECLARED"",""SOLUTION_REVIEW_REQUIRED""]"
"cand-76a5b0bd-db23-5183-a2ed-cbc4e05ccd8b","ex-1f94ae80-40ef-5494-b7f5-46618628092c","3","3","[""ANSWER_MISSING"",""CHOICES_REQUIRED"",""SOLUTION_MISSING"",""MATH_REPRESENTATION_UNDECLARED"",""PAU_MODALITY_UNDECLARED"",""SOLUTION_REVIEW_REQUIRED""]"
"cand-17f1929a-9c5d-5c27-b666-63856799ba66","ex-a0fa0b51-a438-5593-8bd5-16a0f4d9c010","3","4","[""ANSWER_MISSING"",""CHOICES_REQUIRED"",""SOLUTION_MISSING"",""MATH_REPRESENTATION_UNDECLARED"",""PAU_DETAIL_INCOMPLETE"",""PAU_MODALITY_UNDECLARED"",""SOLUTION_REVIEW_REQUIRED""]"
"cand-5381ce56-1e1b-5440-b89d-8b8d58c58390","ex-67e1e076-2aff-51aa-954d-c513ff843455","3","3","[""ANSWER_MISSING"",""CHOICES_REQUIRED"",""SOLUTION_MISSING"",""PAU_DETAIL_INCOMPLETE"",""PAU_MODALITY_UNDECLARED"",""SOLUTION_REVIEW_REQUIRED""]"
"cand-6b3b911b-84ca-52ac-a715-1b56f0ba060d","ex-7f8111b2-b6c3-553e-9ea4-3fb2502e45ab","3","2","[""ANSWER_MISSING"",""CHOICES_REQUIRED"",""SOLUTION_MISSING"",""PAU_MODALITY_UNDECLARED"",""SOLUTION_REVIEW_REQUIRED""]"
"cand-7cfdf6f9-4892-5c06-9796-aee2d62a289f","ex-91682d45-8cf9-577b-86e1-e44926cf020f","3","2","[""ANSWER_MISSING"",""CHOICES_REQUIRED"",""SOLUTION_MISSING"",""PAU_MODALITY_UNDECLARED"",""SOLUTION_REVIEW_REQUIRED""]"
"cand-cc09fcc9-9447-502d-897d-5fdc3e081107","ex-724afa15-12f6-5a46-b663-3ab0394716cc","3","2","[""ANSWER_MISSING"",""CHOICES_REQUIRED"",""SOLUTION_MISSING"",""PAU_MODALITY_UNDECLARED"",""SOLUTION_REVIEW_REQUIRED""]"
"cand-85b3b136-1d4f-5112-b5a6-2b83dbffd65e","ex-6c2527e7-cfbe-5dcc-8907-1d9304b99c07","3","2","[""ANSWER_MISSING"",""CHOICES_REQUIRED"",""SOLUTION_MISSING"",""PAU_MODALITY_UNDECLARED"",""SOLUTION_REVIEW_REQUIRED""]"
"cand-08ede8f7-2fc4-5413-aeaf-8e257c040640","ex-4af76607-f0c4-509d-a8dc-ee86984cbd07","3","3","[""ANSWER_MISSING"",""CHOICES_REQUIRED"",""SOLUTION_MISSING"",""PAU_DETAIL_INCOMPLETE"",""PAU_MODALITY_UNDECLARED"",""SOLUTION_REVIEW_REQUIRED""]"
"cand-c7021d65-3028-559d-8b7f-df6d2ccec7d9","ex-55d323da-6a7e-5772-b660-4dc68d27a24f","3","2","[""ANSWER_MISSING"",""CHOICES_REQUIRED"",""SOLUTION_MISSING"",""PAU_MODALITY_UNDECLARED"",""SOLUTION_REVIEW_REQUIRED""]"
"cand-b0e5ebee-3182-50a2-b50a-8b2d2358634a","ex-18e0b529-eb1e-50a7-bf04-8451e6e25357","3","3","[""ANSWER_MISSING"",""CHOICES_REQUIRED"",""SOLUTION_MISSING"",""MATH_REPRESENTATION_UNDECLARED"",""PAU_MODALITY_UNDECLARED"",""SOLUTION_REVIEW_REQUIRED""]"
"cand-350e4dcf-e39a-5882-ae9d-c78c4fc12962","ex-62436944-b683-5f10-8c11-d1088438741b","3","2","[""ANSWER_MISSING"",""CHOICES_REQUIRED"",""SOLUTION_MISSING"",""PAU_MODALITY_UNDECLARED"",""SOLUTION_REVIEW_REQUIRED""]"
"cand-3c72bd7c-dae2-5b6a-8515-d7b86de04114","ex-8f96c6f8-a090-56bc-af73-e8af45f78367","3","3","[""ANSWER_MISSING"",""CHOICES_REQUIRED"",""SOLUTION_MISSING"",""PAU_DETAIL_INCOMPLETE"",""PAU_MODALITY_UNDECLARED"",""SOLUTION_REVIEW_REQUIRED""]"
"cand-d00d6ef2-1f92-500e-8bcf-4231b2cf823b","ex-3be06b9d-f6a5-5761-9f25-fdd3eea9f916","3","3","[""ANSWER_MISSING"",""CHOICES_REQUIRED"",""SOLUTION_MISSING"",""MATH_REPRESENTATION_UNDECLARED"",""PAU_MODALITY_UNDECLARED"",""SOLUTION_REVIEW_REQUIRED""]"
"cand-14789bb8-b58a-5776-b857-c3c9f25c6b47","ex-457e6fd8-81ae-549a-906c-e449b707eabd","3","3","[""ANSWER_MISSING"",""CHOICES_REQUIRED"",""SOLUTION_MISSING"",""PAU_DETAIL_INCOMPLETE"",""PAU_MODALITY_UNDECLARED"",""SOLUTION_REVIEW_REQUIRED""]"
"cand-bcefff46-813a-5220-ad94-d482128e7911","ex-77dc7c24-15ae-56d1-a88c-4c436e312ce8","3","3","[""ANSWER_MISSING"",""CHOICES_REQUIRED"",""SOLUTION_MISSING"",""PAU_DETAIL_INCOMPLETE"",""PAU_MODALITY_UNDECLARED"",""SOLUTION_REVIEW_REQUIRED""]"
"cand-3ea269ee-0906-58c9-a65c-a3da0dd5c93b","ex-da7ed444-3784-5292-ba26-7d3022b99773","3","2","[""ANSWER_MISSING"",""CHOICES_REQUIRED"",""SOLUTION_MISSING"",""PAU_MODALITY_UNDECLARED"",""SOLUTION_REVIEW_REQUIRED""]"
"cand-7678bb7f-99d6-5eab-a52a-a5eef0eac177","ex-a53e20a5-2cac-5082-8d81-e1d0d0584337","3","2","[""ANSWER_MISSING"",""CHOICES_REQUIRED"",""SOLUTION_MISSING"",""PAU_MODALITY_UNDECLARED"",""SOLUTION_REVIEW_REQUIRED""]"
"cand-7eddf582-61a8-5025-9b6d-0dd905324fc1","ex-f679b2d0-73d2-5951-82c4-f08e8d5a519c","3","3","[""ANSWER_MISSING"",""CHOICES_REQUIRED"",""SOLUTION_MISSING"",""MATH_REPRESENTATION_UNDECLARED"",""PAU_MODALITY_UNDECLARED"",""SOLUTION_REVIEW_REQUIRED""]"
"cand-c4b1328f-6506-523f-883e-b027715c6a99","ex-1d4145ac-05a8-5516-9d8d-ed54cf12db0b","3","3","[""ANSWER_MISSING"",""CHOICES_REQUIRED"",""SOLUTION_MISSING"",""MATH_REPRESENTATION_UNDECLARED"",""PAU_MODALITY_UNDECLARED"",""SOLUTION_REVIEW_REQUIRED""]"
"cand-948c8eba-e981-53ce-b27f-c7510c8978ab","ex-7e1e08ea-d9da-5e61-8e95-b89700e26cf9","3","2","[""ANSWER_MISSING"",""CHOICES_REQUIRED"",""SOLUTION_MISSING"",""PAU_MODALITY_UNDECLARED"",""SOLUTION_REVIEW_REQUIRED""]"
"cand-96286007-3f30-5fe3-a746-605261ff9d7d","ex-86469e93-36a7-577a-8343-ce005caeac5b","3","3","[""ANSWER_MISSING"",""CHOICES_REQUIRED"",""SOLUTION_MISSING"",""PAU_DETAIL_INCOMPLETE"",""PAU_MODALITY_UNDECLARED"",""SOLUTION_REVIEW_REQUIRED""]"
"cand-8376a439-6848-5498-a9aa-04999494a98f","ex-5b3b78ca-c69a-5678-9360-00e1d4e5ce1a","3","4","[""ANSWER_MISSING"",""CHOICES_REQUIRED"",""SOLUTION_MISSING"",""MATH_REPRESENTATION_UNDECLARED"",""PAU_DETAIL_INCOMPLETE"",""PAU_MODALITY_UNDECLARED"",""SOLUTION_REVIEW_REQUIRED""]"
"cand-5ff52732-1ab0-56b4-81bb-ea3e7ec48838","ex-958d5c69-21f5-51a2-ae84-c51d493815e0","3","4","[""ANSWER_MISSING"",""CHOICES_REQUIRED"",""SOLUTION_MISSING"",""MATH_REPRESENTATION_UNDECLARED"",""PAU_DETAIL_INCOMPLETE"",""PAU_MODALITY_UNDECLARED"",""SOLUTION_REVIEW_REQUIRED""]"
"cand-29ca2008-38d0-5a08-97d6-0ab9afee3eb6","ex-85c27157-28dd-5f20-8517-09c726dde55c","3","2","[""ANSWER_MISSING"",""CHOICES_REQUIRED"",""SOLUTION_MISSING"",""PAU_MODALITY_UNDECLARED"",""SOLUTION_REVIEW_REQUIRED""]"
"cand-bd7bc8f5-aca5-540e-98b8-e8ccc697d009","ex-97844ca6-2c12-59c7-8d42-e3e54c1903e3","3","2","[""ANSWER_MISSING"",""CHOICES_REQUIRED"",""SOLUTION_MISSING"",""PAU_MODALITY_UNDECLARED"",""SOLUTION_REVIEW_REQUIRED""]"
"cand-33eb469c-9854-50b0-9fd9-3092edeec976","ex-07f46013-e038-5b7d-bd4e-64cea69b453e","3","3","[""ANSWER_MISSING"",""CHOICES_REQUIRED"",""SOLUTION_MISSING"",""MATH_REPRESENTATION_UNDECLARED"",""PAU_MODALITY_UNDECLARED"",""SOLUTION_REVIEW_REQUIRED""]"
"cand-e63ce8c7-26b2-55fe-820f-ba7af2b81e06","ex-257cf524-3125-5774-9b0a-aa78fa30c522","3","2","[""ANSWER_MISSING"",""CHOICES_REQUIRED"",""SOLUTION_MISSING"",""PAU_MODALITY_UNDECLARED"",""SOLUTION_REVIEW_REQUIRED""]"
"cand-27262f97-b253-541c-8d79-0a3d614cea8a","ex-c5028406-29e2-510e-a53f-2ef3688eacab","3","3","[""ANSWER_MISSING"",""CHOICES_REQUIRED"",""SOLUTION_MISSING"",""PAU_DETAIL_INCOMPLETE"",""PAU_MODALITY_UNDECLARED"",""SOLUTION_REVIEW_REQUIRED""]"
"cand-d772daaf-f306-57ba-b857-2f683443f6b4","ex-1b7012e6-ce4a-50c8-94df-26dfcf5389b1","3","4","[""ANSWER_MISSING"",""CHOICES_REQUIRED"",""SOLUTION_MISSING"",""MATH_REPRESENTATION_UNDECLARED"",""PAU_DETAIL_INCOMPLETE"",""PAU_MODALITY_UNDECLARED"",""SOLUTION_REVIEW_REQUIRED""]"
"cand-f06602d2-55c8-55b8-9e57-b64a3f9ee8fc","ex-133ba86a-dde4-5988-83a4-dc10f9a8e9f5","3","4","[""ANSWER_MISSING"",""CHOICES_REQUIRED"",""SOLUTION_MISSING"",""MATH_REPRESENTATION_UNDECLARED"",""PAU_DETAIL_INCOMPLETE"",""PAU_MODALITY_UNDECLARED"",""SOLUTION_REVIEW_REQUIRED""]"
"cand-d4a632f1-5e95-518f-b185-efa8343c374b","ex-5ca7eb0d-a5ea-52f8-aaf9-05c7e2b517f7","3","2","[""ANSWER_MISSING"",""CHOICES_REQUIRED"",""SOLUTION_MISSING"",""PAU_MODALITY_UNDECLARED"",""SOLUTION_REVIEW_REQUIRED""]"
"cand-bf1d9245-91ed-5bfd-bec2-57d9fbac3f61","ex-642b9fe5-43b3-5c37-a843-31463f502770","3","2","[""ANSWER_MISSING"",""CHOICES_REQUIRED"",""SOLUTION_MISSING"",""PAU_MODALITY_UNDECLARED"",""SOLUTION_REVIEW_REQUIRED""]"
"cand-b4b58441-2807-5dea-be36-d125f983acc1","ex-a9a8ab5a-0ccd-53d3-b8c9-0b318d5c6a89","3","2","[""ANSWER_MISSING"",""CHOICES_REQUIRED"",""SOLUTION_MISSING"",""PAU_MODALITY_UNDECLARED"",""SOLUTION_REVIEW_REQUIRED""]"
"cand-9b4a4d07-276b-5878-8e10-a53e456cbb20","ex-69553512-decc-575c-b403-4518ec302b63","3","2","[""ANSWER_MISSING"",""CHOICES_REQUIRED"",""SOLUTION_MISSING"",""PAU_MODALITY_UNDECLARED"",""SOLUTION_REVIEW_REQUIRED""]"
"cand-86b861fd-7b70-5353-bf33-16b4b3054653","ex-2ed7165b-0cc7-56c4-9222-b9b27b47b29c","3","2","[""ANSWER_MISSING"",""CHOICES_REQUIRED"",""SOLUTION_MISSING"",""PAU_MODALITY_UNDECLARED"",""SOLUTION_REVIEW_REQUIRED""]"
"cand-fa4debdc-8d8f-56d8-9a4d-2050b6cec0f3","ex-fc7bcce3-3240-520e-b06f-427caf40927c","3","4","[""ANSWER_MISSING"",""CHOICES_REQUIRED"",""SOLUTION_MISSING"",""MATH_REPRESENTATION_UNDECLARED"",""PAU_DETAIL_INCOMPLETE"",""PAU_MODALITY_UNDECLARED"",""SOLUTION_REVIEW_REQUIRED""]"
"cand-c81bf273-3aed-5aca-b546-ca4dcc2edde9","ex-dacb698e-6b57-5950-aff6-4e472ead9a7f","3","4","[""ANSWER_MISSING"",""CHOICES_REQUIRED"",""SOLUTION_MISSING"",""MATH_REPRESENTATION_UNDECLARED"",""PAU_DETAIL_INCOMPLETE"",""PAU_MODALITY_UNDECLARED"",""SOLUTION_REVIEW_REQUIRED""]"
"cand-69fff958-ca83-50fc-8521-2aebc5c2c1ba","ex-2dc2823a-107f-5c7d-988d-a8f27f202dad","3","3","[""ANSWER_MISSING"",""CHOICES_REQUIRED"",""SOLUTION_MISSING"",""MATH_REPRESENTATION_UNDECLARED"",""PAU_MODALITY_UNDECLARED"",""SOLUTION_REVIEW_REQUIRED""]"
"cand-6fbb7daa-55b3-5a46-b5cd-c3781d583d97","ex-c01be380-bfdb-5089-8dd6-bf225503ac48","3","3","[""ANSWER_MISSING"",""CHOICES_REQUIRED"",""SOLUTION_MISSING"",""MATH_REPRESENTATION_UNDECLARED"",""PAU_MODALITY_UNDECLARED"",""SOLUTION_REVIEW_REQUIRED""]"
"cand-6392b389-f552-557f-bae0-1c6579468714","ex-d3eeac96-d766-5da1-8a6b-74b892854530","3","2","[""ANSWER_MISSING"",""CHOICES_REQUIRED"",""SOLUTION_MISSING"",""PAU_MODALITY_UNDECLARED"",""SOLUTION_REVIEW_REQUIRED""]"
"cand-916ecd13-c7b8-5aae-96d9-fdbbe66945ba","ex-d221c986-278a-5494-9c35-10f6c303bb9f","3","3","[""ANSWER_MISSING"",""CHOICES_REQUIRED"",""SOLUTION_MISSING"",""MATH_REPRESENTATION_UNDECLARED"",""PAU_MODALITY_UNDECLARED"",""SOLUTION_REVIEW_REQUIRED""]"
"cand-070768d0-d9b4-5270-bc29-ee5b81e5b022","ex-42db5180-1b84-5f75-b688-5ba9dba8b41f","3","3","[""ANSWER_MISSING"",""CHOICES_REQUIRED"",""SOLUTION_MISSING"",""MATH_REPRESENTATION_UNDECLARED"",""PAU_MODALITY_UNDECLARED"",""SOLUTION_REVIEW_REQUIRED""]"
"cand-85579f60-89f3-53c3-a31a-c85812ef6115","ex-079416ff-4671-5093-822b-850febdb69c1","3","3","[""ANSWER_MISSING"",""CHOICES_REQUIRED"",""SOLUTION_MISSING"",""PAU_DETAIL_INCOMPLETE"",""PAU_MODALITY_UNDECLARED"",""SOLUTION_REVIEW_REQUIRED""]"
"cand-39d35d40-2532-543d-a0df-66bb135cf461","ex-5b7dc371-7ce2-59bc-b909-70e1520cd699","3","4","[""ANSWER_MISSING"",""CHOICES_REQUIRED"",""SOLUTION_MISSING"",""MATH_REPRESENTATION_UNDECLARED"",""PAU_DETAIL_INCOMPLETE"",""PAU_MODALITY_UNDECLARED"",""SOLUTION_REVIEW_REQUIRED""]"
"cand-f444d273-2fcc-5ae9-b060-20fdf68d64d1","ex-4da0d487-c515-5eb7-892b-b7ceb3b1f38e","3","4","[""ANSWER_MISSING"",""CHOICES_REQUIRED"",""SOLUTION_MISSING"",""MATH_REPRESENTATION_UNDECLARED"",""PAU_DETAIL_INCOMPLETE"",""PAU_MODALITY_UNDECLARED"",""SOLUTION_REVIEW_REQUIRED""]"
"cand-3b5e869b-a364-536b-9de8-6f067bdc5ad0","ex-638972b2-6d78-5f3b-9516-1272a07d4487","3","4","[""ANSWER_MISSING"",""CHOICES_REQUIRED"",""SOLUTION_MISSING"",""MATH_REPRESENTATION_UNDECLARED"",""PAU_DETAIL_INCOMPLETE"",""PAU_MODALITY_UNDECLARED"",""SOLUTION_REVIEW_REQUIRED""]"
"cand-73a6a24b-cd7a-55e0-b983-8869517aa025","ex-9830646a-9cfb-5b7c-93a1-588009d71edf","3","3","[""ANSWER_MISSING"",""CHOICES_REQUIRED"",""SOLUTION_MISSING"",""MATH_REPRESENTATION_UNDECLARED"",""PAU_MODALITY_UNDECLARED"",""SOLUTION_REVIEW_REQUIRED""]"
"cand-862f8e18-a0d3-5d3a-8645-120561961bc9","ex-2c868528-6081-5e5c-a18a-a6f9de725b6c","3","3","[""ANSWER_MISSING"",""CHOICES_REQUIRED"",""SOLUTION_MISSING"",""MATH_REPRESENTATION_UNDECLARED"",""PAU_MODALITY_UNDECLARED"",""SOLUTION_REVIEW_REQUIRED""]"
"cand-1116cd32-2c69-5135-ab19-afea4d8ef320","ex-e7989697-3694-5317-86e9-1721428b3ca8","3","3","[""ANSWER_MISSING"",""CHOICES_REQUIRED"",""SOLUTION_MISSING"",""MATH_REPRESENTATION_UNDECLARED"",""PAU_MODALITY_UNDECLARED"",""SOLUTION_REVIEW_REQUIRED""]"
"cand-40bac96a-a212-5227-beb6-0976f4c3db97","ex-ac2601a8-a560-50a8-8445-45ea14486698","3","4","[""ANSWER_MISSING"",""CHOICES_REQUIRED"",""SOLUTION_MISSING"",""MATH_REPRESENTATION_UNDECLARED"",""PAU_DETAIL_INCOMPLETE"",""PAU_MODALITY_UNDECLARED"",""SOLUTION_REVIEW_REQUIRED""]"
"cand-9a66a7d5-2263-52b3-9afe-50f9b7e727c6","ex-f32ae21d-a3e8-5990-bec9-a44352867bb7","3","3","[""ANSWER_MISSING"",""CHOICES_REQUIRED"",""SOLUTION_MISSING"",""PAU_DETAIL_INCOMPLETE"",""PAU_MODALITY_UNDECLARED"",""SOLUTION_REVIEW_REQUIRED""]"
"cand-fc45483e-c745-54fc-a9d0-c199c41df04e","ex-b31f9f4e-823e-5e88-a157-aee8c0c174b6","3","3","[""ANSWER_MISSING"",""CHOICES_REQUIRED"",""SOLUTION_MISSING"",""PAU_DETAIL_INCOMPLETE"",""PAU_MODALITY_UNDECLARED"",""SOLUTION_REVIEW_REQUIRED""]"
"cand-c1beb091-3a1d-534e-a5bb-9fa035212dbd","ex-9a2a2a35-4e88-5476-b4aa-7888828dcd4e","3","2","[""ANSWER_MISSING"",""CHOICES_REQUIRED"",""SOLUTION_MISSING"",""PAU_MODALITY_UNDECLARED"",""SOLUTION_REVIEW_REQUIRED""]"
"cand-4b20c711-1378-5c88-b37c-9ed00f902d15","ex-91c0dac9-11b8-5db4-9dc5-a45d0f9afbc7","3","3","[""ANSWER_MISSING"",""CHOICES_REQUIRED"",""SOLUTION_MISSING"",""MATH_REPRESENTATION_UNDECLARED"",""PAU_MODALITY_UNDECLARED"",""SOLUTION_REVIEW_REQUIRED""]"
"cand-fc94b508-236e-5604-81c1-b090b62c9218","ex-496fada9-c2ab-5dfb-bbef-0fdaa9b57056","3","2","[""ANSWER_MISSING"",""CHOICES_REQUIRED"",""SOLUTION_MISSING"",""PAU_MODALITY_UNDECLARED"",""SOLUTION_REVIEW_REQUIRED""]"
"cand-69141041-4c75-5d7d-9b34-0f4207e57991","ex-be9a1dee-b479-53a5-9511-bed0cfc2abac","3","3","[""ANSWER_MISSING"",""CHOICES_REQUIRED"",""SOLUTION_MISSING"",""MATH_REPRESENTATION_UNDECLARED"",""PAU_MODALITY_UNDECLARED"",""SOLUTION_REVIEW_REQUIRED""]"
"cand-a1388c62-04ff-58fb-b3da-2aa9fbf84337","ex-307f3efb-54e1-5aa4-b3c8-630c4d20c5a4","3","3","[""ANSWER_MISSING"",""CHOICES_REQUIRED"",""SOLUTION_MISSING"",""MATH_REPRESENTATION_UNDECLARED"",""PAU_MODALITY_UNDECLARED"",""SOLUTION_REVIEW_REQUIRED""]"
"cand-b58b24f8-8764-5dd7-90f0-22592cebac82","ex-0ba2d245-37e1-532c-9008-50705d216673","3","4","[""ANSWER_MISSING"",""CHOICES_REQUIRED"",""SOLUTION_MISSING"",""MATH_REPRESENTATION_UNDECLARED"",""PAU_DETAIL_INCOMPLETE"",""PAU_MODALITY_UNDECLARED"",""SOLUTION_REVIEW_REQUIRED""]"
"cand-3fcd11ee-6038-5a6d-b231-f5029b9b1588","ex-8a9e083b-ca2c-5484-8990-cb2ce1745c0d","3","3","[""ANSWER_MISSING"",""CHOICES_REQUIRED"",""SOLUTION_MISSING"",""PAU_DETAIL_INCOMPLETE"",""PAU_MODALITY_UNDECLARED"",""SOLUTION_REVIEW_REQUIRED""]"
"cand-c8a09352-46ba-5d09-afc7-e4285f95f405","ex-29a343dd-35a5-56ee-82c8-3327e7e97390","3","4","[""ANSWER_MISSING"",""CHOICES_REQUIRED"",""SOLUTION_MISSING"",""MATH_REPRESENTATION_UNDECLARED"",""PAU_DETAIL_INCOMPLETE"",""PAU_MODALITY_UNDECLARED"",""SOLUTION_REVIEW_REQUIRED""]"
"cand-1dbc4082-7734-5337-b87a-9b4a796e25c5","ex-7ee9314f-ea77-5411-bf8e-cf9bb08539c4","3","3","[""ANSWER_MISSING"",""CHOICES_REQUIRED"",""SOLUTION_MISSING"",""MATH_REPRESENTATION_UNDECLARED"",""PAU_MODALITY_UNDECLARED"",""SOLUTION_REVIEW_REQUIRED""]"
"cand-65f30473-3998-5a4e-9924-55d65cfbffd6","ex-2912e9f9-d777-534b-a1a6-795748fa1485","3","3","[""ANSWER_MISSING"",""CHOICES_REQUIRED"",""SOLUTION_MISSING"",""MATH_REPRESENTATION_UNDECLARED"",""PAU_MODALITY_UNDECLARED"",""SOLUTION_REVIEW_REQUIRED""]"
"cand-fa1ab59d-bbf6-5da0-991c-6f7f50adf672","ex-da8afd01-99e5-51d8-a94c-f9ecf16c82f0","3","2","[""ANSWER_MISSING"",""CHOICES_REQUIRED"",""SOLUTION_MISSING"",""PAU_MODALITY_UNDECLARED"",""SOLUTION_REVIEW_REQUIRED""]"
"cand-fdfb2f60-5590-5b84-a258-09a9eb423e2b","ex-4a69b6d6-0267-59ea-bdbd-cd7d6adf02f0","3","3","[""ANSWER_MISSING"",""CHOICES_REQUIRED"",""SOLUTION_MISSING"",""MATH_REPRESENTATION_UNDECLARED"",""PAU_MODALITY_UNDECLARED"",""SOLUTION_REVIEW_REQUIRED""]"
"cand-5a1c5122-24f8-59e9-b4fe-0584639ee82c","ex-cb57b13d-1923-50cf-855f-71da033109dc","3","3","[""ANSWER_MISSING"",""CHOICES_REQUIRED"",""SOLUTION_MISSING"",""MATH_REPRESENTATION_UNDECLARED"",""PAU_MODALITY_UNDECLARED"",""SOLUTION_REVIEW_REQUIRED""]"
"cand-6cd27931-19c7-5694-a6d3-5abdccc43564","ex-a90eb7a1-67da-5d80-9f48-ca177f66f69f","3","2","[""ANSWER_MISSING"",""CHOICES_REQUIRED"",""SOLUTION_MISSING"",""PAU_MODALITY_UNDECLARED"",""SOLUTION_REVIEW_REQUIRED""]"
"cand-298da6a3-a41a-5896-9a99-b6590209ea14","ex-e4eb6378-92f5-52af-8737-db2163ff36e1","3","3","[""ANSWER_MISSING"",""CHOICES_REQUIRED"",""SOLUTION_MISSING"",""PAU_DETAIL_INCOMPLETE"",""PAU_MODALITY_UNDECLARED"",""SOLUTION_REVIEW_REQUIRED""]"
"cand-0f78b51b-687d-5290-acfe-18bade8f8928","ex-76819658-6e0f-5795-b8ad-8c9939b6b06b","3","3","[""ANSWER_MISSING"",""CHOICES_REQUIRED"",""SOLUTION_MISSING"",""PAU_DETAIL_INCOMPLETE"",""PAU_MODALITY_UNDECLARED"",""SOLUTION_REVIEW_REQUIRED""]"
"cand-90cd0bfa-7b52-53c1-86f9-094ef8bfcc69","ex-ccc33d2d-cb49-527f-bbed-bff0d286c2eb","3","3","[""ANSWER_MISSING"",""CHOICES_REQUIRED"",""SOLUTION_MISSING"",""PAU_DETAIL_INCOMPLETE"",""PAU_MODALITY_UNDECLARED"",""SOLUTION_REVIEW_REQUIRED""]"
"cand-eca8481a-2195-50c5-8e38-cd100bd364d2","ex-f52f8c28-872e-5242-83d2-a538053c0789","3","2","[""ANSWER_MISSING"",""CHOICES_REQUIRED"",""SOLUTION_MISSING"",""PAU_MODALITY_UNDECLARED"",""SOLUTION_REVIEW_REQUIRED""]"
"cand-6a285fcb-fff1-5eb9-becd-857a5052235d","ex-be837724-5d55-5477-a988-0076fa8cbdd2","3","2","[""ANSWER_MISSING"",""CHOICES_REQUIRED"",""SOLUTION_MISSING"",""PAU_MODALITY_UNDECLARED"",""SOLUTION_REVIEW_REQUIRED""]"
"cand-b6f0f292-046b-5913-94d1-5efbdff890a7","ex-81172480-4653-50c0-9bbc-296d96a72113","3","2","[""ANSWER_MISSING"",""CHOICES_REQUIRED"",""SOLUTION_MISSING"",""PAU_MODALITY_UNDECLARED"",""SOLUTION_REVIEW_REQUIRED""]"
"cand-71b533ce-a149-5c09-9ec5-135254b08a55","ex-1cbb2f62-d0e7-533f-8cb2-d0365a9b940a","3","3","[""ANSWER_MISSING"",""CHOICES_REQUIRED"",""SOLUTION_MISSING"",""MATH_REPRESENTATION_UNDECLARED"",""PAU_MODALITY_UNDECLARED"",""SOLUTION_REVIEW_REQUIRED""]"
"cand-3e7fe562-b561-56a6-85a5-a2d32755aa78","ex-97ffc48a-3069-5cbd-aa8c-6a29a594ecfc","3","2","[""ANSWER_MISSING"",""CHOICES_REQUIRED"",""SOLUTION_MISSING"",""PAU_MODALITY_UNDECLARED"",""SOLUTION_REVIEW_REQUIRED""]"
"cand-30ae32a8-fbf7-57a9-b0ba-29c67e12cfbc","ex-e4dff116-fea8-5e7b-b970-2f735659268a","3","2","[""ANSWER_MISSING"",""CHOICES_REQUIRED"",""SOLUTION_MISSING"",""PAU_MODALITY_UNDECLARED"",""SOLUTION_REVIEW_REQUIRED""]"
"cand-2a26106e-b020-5044-9fbb-f04745f50352","ex-d2ccdb31-d80e-5e69-963a-bdae2ae490ad","3","3","[""ANSWER_MISSING"",""CHOICES_REQUIRED"",""SOLUTION_MISSING"",""PAU_DETAIL_INCOMPLETE"",""PAU_MODALITY_UNDECLARED"",""SOLUTION_REVIEW_REQUIRED""]"
"cand-099333ef-29ff-5105-9198-0dd37138d906","ex-91bbe207-a1ef-5bea-aaf2-0cc041aed20f","3","2","[""ANSWER_MISSING"",""CHOICES_REQUIRED"",""SOLUTION_MISSING"",""PAU_MODALITY_UNDECLARED"",""SOLUTION_REVIEW_REQUIRED""]"
"cand-5d405855-6990-53ac-8b32-cbc479488c97","ex-ac15d288-0949-5aae-aebf-6e6171da5a86","3","2","[""ANSWER_MISSING"",""CHOICES_REQUIRED"",""SOLUTION_MISSING"",""PAU_MODALITY_UNDECLARED"",""SOLUTION_REVIEW_REQUIRED""]"
"cand-1f831130-078e-5303-bb26-550433ad4384","ex-4485622b-e395-58bc-b436-248fcd98044b","3","2","[""ANSWER_MISSING"",""CHOICES_REQUIRED"",""SOLUTION_MISSING"",""PAU_MODALITY_UNDECLARED"",""SOLUTION_REVIEW_REQUIRED""]"
"cand-08ae850f-d403-59fb-b8d7-a34d442a2362","ex-37f9dd1e-cab1-559a-b079-1eb4fb101201","3","3","[""ANSWER_MISSING"",""CHOICES_REQUIRED"",""SOLUTION_MISSING"",""PAU_DETAIL_INCOMPLETE"",""PAU_MODALITY_UNDECLARED"",""SOLUTION_REVIEW_REQUIRED""]"
"cand-51c1ae31-e7e1-50a9-9546-789cf542cab6","ex-c55be8ef-aa93-595b-9411-b366d239b4d7","3","3","[""ANSWER_MISSING"",""CHOICES_REQUIRED"",""SOLUTION_MISSING"",""PAU_DETAIL_INCOMPLETE"",""PAU_MODALITY_UNDECLARED"",""SOLUTION_REVIEW_REQUIRED""]"
"cand-e9d55ce5-fb39-5a44-80c0-640dd183437c","ex-30516a15-3e4d-5751-a48b-feaed445d232","3","2","[""ANSWER_MISSING"",""CHOICES_REQUIRED"",""SOLUTION_MISSING"",""PAU_MODALITY_UNDECLARED"",""SOLUTION_REVIEW_REQUIRED""]"
"cand-3347985a-106f-593d-83c7-1fc413a52e7b","ex-d48e0cde-e727-5c81-8b23-6b0058e587ce","3","2","[""ANSWER_MISSING"",""CHOICES_REQUIRED"",""SOLUTION_MISSING"",""PAU_MODALITY_UNDECLARED"",""SOLUTION_REVIEW_REQUIRED""]"
"cand-62d47559-6be5-5bd2-a482-a96b120165c3","ex-4e896e06-bb11-5560-b226-0623c537b839","3","2","[""ANSWER_MISSING"",""CHOICES_REQUIRED"",""SOLUTION_MISSING"",""PAU_MODALITY_UNDECLARED"",""SOLUTION_REVIEW_REQUIRED""]"
"cand-153a383f-fcf5-506b-8c63-86353cfdbb4f","ex-2ac68898-0e5f-5964-9367-115a8a5d6a1e","3","2","[""ANSWER_MISSING"",""CHOICES_REQUIRED"",""SOLUTION_MISSING"",""PAU_MODALITY_UNDECLARED"",""SOLUTION_REVIEW_REQUIRED""]"
"cand-733b2784-2164-501e-8b64-59a929085a07","ex-8a7eb375-429f-58c4-a0c0-d5e48b9ac99b","3","3","[""ANSWER_MISSING"",""CHOICES_REQUIRED"",""SOLUTION_MISSING"",""MATH_REPRESENTATION_UNDECLARED"",""PAU_MODALITY_UNDECLARED"",""SOLUTION_REVIEW_REQUIRED""]"
"cand-f2a27bfb-d3a3-545f-8721-3fbaf68fd360","ex-6c5e9053-8371-550d-90b7-ffb162d0aec0","3","2","[""ANSWER_MISSING"",""CHOICES_REQUIRED"",""SOLUTION_MISSING"",""PAU_MODALITY_UNDECLARED"",""SOLUTION_REVIEW_REQUIRED""]"
"cand-2e91583e-238b-58bf-8983-54c40a57c3b4","ex-d875e240-47aa-56c3-bca3-f931a79aa552","3","4","[""ANSWER_MISSING"",""CHOICES_REQUIRED"",""SOLUTION_MISSING"",""MATH_REPRESENTATION_UNDECLARED"",""PAU_DETAIL_INCOMPLETE"",""PAU_MODALITY_UNDECLARED"",""SOLUTION_REVIEW_REQUIRED""]"
"cand-89c020ab-2e72-5160-b059-10474718460e","ex-4a971a4e-33f1-5bed-9759-83fcf1d29e18","3","2","[""ANSWER_MISSING"",""CHOICES_REQUIRED"",""SOLUTION_MISSING"",""PAU_MODALITY_UNDECLARED"",""SOLUTION_REVIEW_REQUIRED""]"
"cand-e2e0e92a-1d7f-5bd6-83b4-1ee6405543e8","ex-9558dc0b-32f7-5ab9-b824-72fea063be5a","3","2","[""ANSWER_MISSING"",""CHOICES_REQUIRED"",""SOLUTION_MISSING"",""PAU_MODALITY_UNDECLARED"",""SOLUTION_REVIEW_REQUIRED""]"
"cand-26202a0d-3a9c-5c9a-8bdf-b3171bb9c517","ex-1c3da248-f789-583c-bab9-ac7e2aee7e00","3","2","[""ANSWER_MISSING"",""CHOICES_REQUIRED"",""SOLUTION_MISSING"",""PAU_MODALITY_UNDECLARED"",""SOLUTION_REVIEW_REQUIRED""]"
"cand-7de4f7ed-fc64-51c7-9b17-e5f0764ee684","ex-b59febef-1c0a-5f27-b569-fb8abea8e3a9","3","3","[""ANSWER_MISSING"",""CHOICES_REQUIRED"",""SOLUTION_MISSING"",""PAU_DETAIL_INCOMPLETE"",""PAU_MODALITY_UNDECLARED"",""SOLUTION_REVIEW_REQUIRED""]"
"cand-3823ee8b-6054-5531-9b20-6104d16babe1","ex-df8ae352-09a0-587c-8ed8-fe53b9c9d28b","3","2","[""ANSWER_MISSING"",""CHOICES_REQUIRED"",""SOLUTION_MISSING"",""PAU_MODALITY_UNDECLARED"",""SOLUTION_REVIEW_REQUIRED""]"
"cand-ec9accb1-a7e2-5c6a-8882-a6fb1759f835","ex-486284eb-c1fe-5d44-ab21-b4995187a0a5","3","2","[""ANSWER_MISSING"",""CHOICES_REQUIRED"",""SOLUTION_MISSING"",""PAU_MODALITY_UNDECLARED"",""SOLUTION_REVIEW_REQUIRED""]"
"cand-e22627e7-32ca-5dbd-ba7c-0f0cf07404e3","ex-4cef0c92-7374-5118-b2d5-6429451cdd2a","3","2","[""ANSWER_MISSING"",""CHOICES_REQUIRED"",""SOLUTION_MISSING"",""PAU_MODALITY_UNDECLARED"",""SOLUTION_REVIEW_REQUIRED""]"
"cand-3697c04a-4b36-536a-a27e-6589fd5df617","ex-eaec4a0b-9d6b-5d09-a26a-a2009524cb3f","3","2","[""ANSWER_MISSING"",""CHOICES_REQUIRED"",""SOLUTION_MISSING"",""PAU_MODALITY_UNDECLARED"",""SOLUTION_REVIEW_REQUIRED""]"
"cand-a54ee6e2-57f7-5a09-b266-71feff3ffe49","ex-55dffe26-22c6-5761-8806-50f32362e514","3","2","[""ANSWER_MISSING"",""CHOICES_REQUIRED"",""SOLUTION_MISSING"",""PAU_MODALITY_UNDECLARED"",""SOLUTION_REVIEW_REQUIRED""]"
"cand-df162b35-d05a-5feb-85fd-155a79379904","ex-8a7bfa23-dc37-5c8f-993b-c7ec18f49ec7","3","3","[""ANSWER_MISSING"",""CHOICES_REQUIRED"",""SOLUTION_MISSING"",""PAU_DETAIL_INCOMPLETE"",""PAU_MODALITY_UNDECLARED"",""SOLUTION_REVIEW_REQUIRED""]"
"cand-3d0e53ff-ec2f-50e0-a63a-547b1b23775f","ex-182e55f2-e4ab-5c26-994c-8f0e204b18f8","3","4","[""ANSWER_MISSING"",""CHOICES_REQUIRED"",""SOLUTION_MISSING"",""MATH_REPRESENTATION_UNDECLARED"",""PAU_DETAIL_INCOMPLETE"",""PAU_MODALITY_UNDECLARED"",""SOLUTION_REVIEW_REQUIRED""]"
"cand-8e1297e7-d1dc-5de0-bc02-a19877a446b9","ex-fc70d807-da22-5697-8be4-84f947f0957c","3","2","[""ANSWER_MISSING"",""CHOICES_REQUIRED"",""SOLUTION_MISSING"",""PAU_MODALITY_UNDECLARED"",""SOLUTION_REVIEW_REQUIRED""]"
"cand-447730e2-5eb2-52e0-9e17-bbe2d6779d74","ex-37d648ad-eeec-50d9-bbad-b66e3e45ed94","3","2","[""ANSWER_MISSING"",""CHOICES_REQUIRED"",""SOLUTION_MISSING"",""PAU_MODALITY_UNDECLARED"",""SOLUTION_REVIEW_REQUIRED""]"
"cand-218807a9-3a7d-56d8-aec7-c227cc03c2e2","ex-b3b3a782-af5d-52bc-ae65-0bf5961a5a75","3","3","[""ANSWER_MISSING"",""CHOICES_REQUIRED"",""SOLUTION_MISSING"",""MATH_REPRESENTATION_UNDECLARED"",""PAU_MODALITY_UNDECLARED"",""SOLUTION_REVIEW_REQUIRED""]"
"cand-10f9d449-ddbf-5f32-a13d-e9434b554eee","ex-f3b4a4a4-6899-57fc-a2d9-1280a955c6d3","3","2","[""ANSWER_MISSING"",""CHOICES_REQUIRED"",""SOLUTION_MISSING"",""PAU_MODALITY_UNDECLARED"",""SOLUTION_REVIEW_REQUIRED""]"
"cand-b9fc0c88-7e43-5f61-95ec-7997bdad695c","ex-1403afaa-055a-534f-b54d-d2d87c997066","3","3","[""ANSWER_MISSING"",""CHOICES_REQUIRED"",""SOLUTION_MISSING"",""PAU_DETAIL_INCOMPLETE"",""PAU_MODALITY_UNDECLARED"",""SOLUTION_REVIEW_REQUIRED""]"
"cand-1dadc63d-8326-5a71-b989-201655be93d1","ex-ec33ed1c-224f-580c-9d68-9ed6d9e5d0a6","3","2","[""ANSWER_MISSING"",""CHOICES_REQUIRED"",""SOLUTION_MISSING"",""PAU_MODALITY_UNDECLARED"",""SOLUTION_REVIEW_REQUIRED""]"
"cand-dfb5faaf-aed9-5ac9-a755-b32e304ef2d0","ex-7e10d601-cbc0-57f0-a95a-40be3fdd0592","3","2","[""ANSWER_MISSING"",""CHOICES_REQUIRED"",""SOLUTION_MISSING"",""PAU_MODALITY_UNDECLARED"",""SOLUTION_REVIEW_REQUIRED""]"
"cand-bb2b324d-479e-567b-877f-3f2079261402","ex-a51c2a2f-9a27-5d6e-bd6c-6afa433f66e8","3","3","[""ANSWER_MISSING"",""CHOICES_REQUIRED"",""SOLUTION_MISSING"",""PAU_DETAIL_INCOMPLETE"",""PAU_MODALITY_UNDECLARED"",""SOLUTION_REVIEW_REQUIRED""]"
"cand-bd8112f4-5037-5268-823e-5e8b747428e3","ex-4edbcc7a-48e0-5612-9e6a-8680bcd65118","3","4","[""ANSWER_MISSING"",""CHOICES_REQUIRED"",""SOLUTION_MISSING"",""MATH_REPRESENTATION_UNDECLARED"",""PAU_DETAIL_INCOMPLETE"",""PAU_MODALITY_UNDECLARED"",""SOLUTION_REVIEW_REQUIRED""]"
"cand-e41da2f3-9f24-599a-9dd4-ac3eb9a3828c","ex-2dde9bba-aa16-5ec0-8a30-6ae86b2adddc","3","2","[""ANSWER_MISSING"",""CHOICES_REQUIRED"",""SOLUTION_MISSING"",""PAU_MODALITY_UNDECLARED"",""SOLUTION_REVIEW_REQUIRED""]"
"cand-fe3e2ec6-d7f7-5965-815b-2125574f189b","ex-79789b6d-d243-5776-ad42-ccaa90423834","3","2","[""ANSWER_MISSING"",""CHOICES_REQUIRED"",""SOLUTION_MISSING"",""PAU_MODALITY_UNDECLARED"",""SOLUTION_REVIEW_REQUIRED""]"
"cand-03664358-e9d7-5433-a2b1-02a6a403462b","ex-a99f4cd8-dfd6-5282-9a2c-bcd62b93b416","3","2","[""ANSWER_MISSING"",""CHOICES_REQUIRED"",""SOLUTION_MISSING"",""PAU_MODALITY_UNDECLARED"",""SOLUTION_REVIEW_REQUIRED""]"
"cand-d1cb20e0-ba76-592f-9474-94b40e76de7c","ex-2773481b-011e-5f66-be3e-bc307fee3cf8","3","2","[""ANSWER_MISSING"",""CHOICES_REQUIRED"",""SOLUTION_MISSING"",""PAU_MODALITY_UNDECLARED"",""SOLUTION_REVIEW_REQUIRED""]"
"cand-1e0f94ef-900a-5d82-b6cf-e7963b619846","ex-8678fdb4-fb97-54fe-bf30-4b961a6f4687","3","2","[""ANSWER_MISSING"",""CHOICES_REQUIRED"",""SOLUTION_MISSING"",""PAU_MODALITY_UNDECLARED"",""SOLUTION_REVIEW_REQUIRED""]"
"cand-e79099aa-5d8b-5955-91bd-d5ffb1168824","ex-e779d093-59fd-5f79-ad70-cdcb1776e88f","3","3","[""ANSWER_MISSING"",""CHOICES_REQUIRED"",""SOLUTION_MISSING"",""PAU_DETAIL_INCOMPLETE"",""PAU_MODALITY_UNDECLARED"",""SOLUTION_REVIEW_REQUIRED""]"
"cand-c4e80ffd-ef8c-5cbd-8804-668f0d8a5d6b","ex-6f8ad67f-d307-5c53-837b-fb12160853a0","3","2","[""ANSWER_MISSING"",""CHOICES_REQUIRED"",""SOLUTION_MISSING"",""PAU_MODALITY_UNDECLARED"",""SOLUTION_REVIEW_REQUIRED""]"
"cand-301d3bdb-73df-5ffb-b0a2-df09127f006d","ex-cdee8b8e-3c40-567d-b841-22d8185dc575","3","2","[""ANSWER_MISSING"",""CHOICES_REQUIRED"",""SOLUTION_MISSING"",""PAU_MODALITY_UNDECLARED"",""SOLUTION_REVIEW_REQUIRED""]"
"cand-4e1e736c-6a61-53cc-a03e-630446f8ac81","ex-81754095-490a-59f3-9869-86316c1b4b11","3","2","[""ANSWER_MISSING"",""CHOICES_REQUIRED"",""SOLUTION_MISSING"",""PAU_MODALITY_UNDECLARED"",""SOLUTION_REVIEW_REQUIRED""]"
"cand-4a3b43da-03df-5f7b-9fed-9ab4c52b8186","ex-24cdc589-4c02-5af6-87d1-a1a572e5b6b6","3","2","[""ANSWER_MISSING"",""CHOICES_REQUIRED"",""SOLUTION_MISSING"",""PAU_MODALITY_UNDECLARED"",""SOLUTION_REVIEW_REQUIRED""]"
"cand-884f2b91-e462-5e24-9acc-c5794d635e4e","ex-543a3b93-570d-59ca-8d20-c230f44e1cfe","3","2","[""ANSWER_MISSING"",""CHOICES_REQUIRED"",""SOLUTION_MISSING"",""PAU_MODALITY_UNDECLARED"",""SOLUTION_REVIEW_REQUIRED""]"
"cand-5f2c42f9-f3a5-5522-a5ff-938557344565","ex-e83f76df-d58b-5203-bd15-88149dfe00b1","3","4","[""ANSWER_MISSING"",""CHOICES_REQUIRED"",""SOLUTION_MISSING"",""MATH_REPRESENTATION_UNDECLARED"",""PAU_DETAIL_INCOMPLETE"",""PAU_MODALITY_UNDECLARED"",""SOLUTION_REVIEW_REQUIRED""]"
"cand-a15c03a3-d835-5e0e-8c12-86cf2f7c3d33","ex-98c0ef67-1480-5eb7-ac6b-ba83a152446d","3","2","[""ANSWER_MISSING"",""CHOICES_REQUIRED"",""SOLUTION_MISSING"",""PAU_MODALITY_UNDECLARED"",""SOLUTION_REVIEW_REQUIRED""]"
"cand-f8ce0a29-6b82-51f1-859b-2413d1248cb3","ex-ffbc815d-261a-5a10-bf4d-566805c7768f","3","2","[""ANSWER_MISSING"",""CHOICES_REQUIRED"",""SOLUTION_MISSING"",""PAU_MODALITY_UNDECLARED"",""SOLUTION_REVIEW_REQUIRED""]"
"cand-4e9527d0-7396-5962-93b2-b236d618043c","ex-eaf7e8c0-8f2f-5eb8-8df8-d225bbb84164","3","2","[""ANSWER_MISSING"",""CHOICES_REQUIRED"",""SOLUTION_MISSING"",""PAU_MODALITY_UNDECLARED"",""SOLUTION_REVIEW_REQUIRED""]"
"cand-d0763885-4e72-51ac-900d-12a046f53da6","ex-56073c0c-710f-59f8-8dd9-6a85f338631f","3","3","[""ANSWER_MISSING"",""CHOICES_REQUIRED"",""SOLUTION_MISSING"",""MATH_REPRESENTATION_UNDECLARED"",""PAU_MODALITY_UNDECLARED"",""SOLUTION_REVIEW_REQUIRED""]"
"cand-b5b62f75-6850-52ce-aa7a-25876767e312","ex-c8662786-5156-5bbc-943f-3969154d5419","3","2","[""ANSWER_MISSING"",""CHOICES_REQUIRED"",""SOLUTION_MISSING"",""PAU_MODALITY_UNDECLARED"",""SOLUTION_REVIEW_REQUIRED""]"
"cand-b1ea3d7f-4575-547b-a20b-27d1ced072f3","ex-e246a04b-7a7c-5dce-9a3d-970df8583a17","3","2","[""ANSWER_MISSING"",""CHOICES_REQUIRED"",""SOLUTION_MISSING"",""PAU_MODALITY_UNDECLARED"",""SOLUTION_REVIEW_REQUIRED""]"
"cand-ec5d3fa0-303b-5c34-b8e7-74ee96211323","ex-a3997124-efa5-5917-9f73-134f001463c9","3","3","[""ANSWER_MISSING"",""CHOICES_REQUIRED"",""SOLUTION_MISSING"",""MATH_REPRESENTATION_UNDECLARED"",""PAU_MODALITY_UNDECLARED"",""SOLUTION_REVIEW_REQUIRED""]"
"cand-ac730d37-24a5-56e4-98f3-2a8c2ca69ab3","ex-eb26e261-599b-5dce-99cf-94028644872e","3","3","[""ANSWER_MISSING"",""CHOICES_REQUIRED"",""SOLUTION_MISSING"",""MATH_REPRESENTATION_UNDECLARED"",""PAU_MODALITY_UNDECLARED"",""SOLUTION_REVIEW_REQUIRED""]"
"cand-4a1d1135-8688-5ccf-a42e-5a502613a0b5","ex-029fc2af-4df2-5ae1-a5b0-55c937ac50e5","3","3","[""ANSWER_MISSING"",""CHOICES_REQUIRED"",""SOLUTION_MISSING"",""MATH_REPRESENTATION_UNDECLARED"",""PAU_MODALITY_UNDECLARED"",""SOLUTION_REVIEW_REQUIRED""]"
"cand-f09f8c20-3f09-5815-a7d3-726df2071503","ex-36331980-da42-572e-bb38-771178020aea","3","3","[""ANSWER_MISSING"",""CHOICES_REQUIRED"",""SOLUTION_MISSING"",""PAU_DETAIL_INCOMPLETE"",""PAU_MODALITY_UNDECLARED"",""SOLUTION_REVIEW_REQUIRED""]"
"cand-89958c70-4c75-5567-8e0b-40a178af731d","ex-82128545-f2fe-5e3b-9ae4-3e422af4cda1","3","2","[""ANSWER_MISSING"",""CHOICES_REQUIRED"",""SOLUTION_MISSING"",""PAU_MODALITY_UNDECLARED"",""SOLUTION_REVIEW_REQUIRED""]"
"cand-960c3d2b-292d-57eb-b188-bdc3d566fcc0","ex-eff1b5ef-b63a-5770-be7a-e486846e8a1e","3","2","[""ANSWER_MISSING"",""CHOICES_REQUIRED"",""SOLUTION_MISSING"",""PAU_MODALITY_UNDECLARED"",""SOLUTION_REVIEW_REQUIRED""]"
"cand-54f86fdf-ad5d-5fc0-b2d0-1f387515ba33","ex-e83f2906-6e5b-5d73-aedc-cb88757b8c0b","3","2","[""ANSWER_MISSING"",""CHOICES_REQUIRED"",""SOLUTION_MISSING"",""PAU_MODALITY_UNDECLARED"",""SOLUTION_REVIEW_REQUIRED""]"
"cand-e9a0670b-6f58-5670-a9e0-eb98c760f893","ex-1e9105b7-8847-549f-9073-d25e510d1d89","3","2","[""ANSWER_MISSING"",""CHOICES_REQUIRED"",""SOLUTION_MISSING"",""PAU_MODALITY_UNDECLARED"",""SOLUTION_REVIEW_REQUIRED""]"
"cand-dacc0246-0582-5599-a71a-f86b90151724","ex-013d3253-6fc2-57c4-bb18-fcae9a35b0b4","3","2","[""ANSWER_MISSING"",""CHOICES_REQUIRED"",""SOLUTION_MISSING"",""PAU_MODALITY_UNDECLARED"",""SOLUTION_REVIEW_REQUIRED""]"
"cand-e74adc9c-e6e0-523c-a559-ea188c991849","ex-3c3c47d8-bf8e-5523-8a06-f67df224ff3e","3","2","[""ANSWER_MISSING"",""CHOICES_REQUIRED"",""SOLUTION_MISSING"",""PAU_MODALITY_UNDECLARED"",""SOLUTION_REVIEW_REQUIRED""]"
"cand-b275c17c-7523-536b-8390-7f721005ff72","ex-abaff110-8dd3-5465-957f-3b960caef0ac","3","3","[""ANSWER_MISSING"",""CHOICES_REQUIRED"",""SOLUTION_MISSING"",""PAU_DETAIL_INCOMPLETE"",""PAU_MODALITY_UNDECLARED"",""SOLUTION_REVIEW_REQUIRED""]"
"cand-0ad10408-26b0-52b6-a1b9-6bdb7a80ad28","ex-6b61bfad-8612-5612-bbfa-3c7bb383e937","3","2","[""ANSWER_MISSING"",""CHOICES_REQUIRED"",""SOLUTION_MISSING"",""PAU_MODALITY_UNDECLARED"",""SOLUTION_REVIEW_REQUIRED""]"
"cand-c733e6b5-19bd-563c-b366-4ac68cf6115f","ex-861c28df-0297-51d0-9cb6-e232380896fd","3","2","[""ANSWER_MISSING"",""CHOICES_REQUIRED"",""SOLUTION_MISSING"",""PAU_MODALITY_UNDECLARED"",""SOLUTION_REVIEW_REQUIRED""]"
"cand-955faa5f-d850-54c2-b7cb-df6152e405d6","ex-b0ad5871-f6ac-5995-b30a-797aaa2ce43c","3","3","[""ANSWER_MISSING"",""CHOICES_REQUIRED"",""SOLUTION_MISSING"",""MATH_REPRESENTATION_UNDECLARED"",""PAU_MODALITY_UNDECLARED"",""SOLUTION_REVIEW_REQUIRED""]"
"cand-0aa046f3-b12c-5849-9544-e53eaff7c1ad","ex-ccaf5326-ae94-5e3d-835b-4d79996bb914","3","3","[""ANSWER_MISSING"",""CHOICES_REQUIRED"",""SOLUTION_MISSING"",""PAU_DETAIL_INCOMPLETE"",""PAU_MODALITY_UNDECLARED"",""SOLUTION_REVIEW_REQUIRED""]"
"cand-5621c14f-9692-5019-9638-6a8f1b1b3dc3","ex-6dfded65-2333-5c52-b378-cf7dabf7731a","3","2","[""ANSWER_MISSING"",""CHOICES_REQUIRED"",""SOLUTION_MISSING"",""PAU_MODALITY_UNDECLARED"",""SOLUTION_REVIEW_REQUIRED""]"
"cand-2e7b9b85-fdd2-53aa-9ded-1341d088f774","ex-8191420f-d69f-5d2f-a094-476c8941431d","3","2","[""ANSWER_MISSING"",""CHOICES_REQUIRED"",""SOLUTION_MISSING"",""PAU_MODALITY_UNDECLARED"",""SOLUTION_REVIEW_REQUIRED""]"
"cand-02577cb7-4d94-5c48-83ab-402b19c9f56a","ex-5c619602-cf4e-51d2-881e-3a3a28950984","3","2","[""ANSWER_MISSING"",""CHOICES_REQUIRED"",""SOLUTION_MISSING"",""PAU_MODALITY_UNDECLARED"",""SOLUTION_REVIEW_REQUIRED""]"
"cand-252ef71b-fcb1-51ff-8d12-3eaa1f2fe507","ex-c8546c4d-3375-582c-837b-dc9d33f79316","3","2","[""ANSWER_MISSING"",""CHOICES_REQUIRED"",""SOLUTION_MISSING"",""PAU_MODALITY_UNDECLARED"",""SOLUTION_REVIEW_REQUIRED""]"
"cand-8eea9038-5ca9-58e7-89c1-d9aab81cb93e","ex-6ac11c57-e6d9-58ea-8c64-2757f881e08b","3","2","[""ANSWER_MISSING"",""CHOICES_REQUIRED"",""SOLUTION_MISSING"",""PAU_MODALITY_UNDECLARED"",""SOLUTION_REVIEW_REQUIRED""]"
"cand-0aa0a813-a20c-54a8-b040-a11df9fb8410","ex-c85197ba-0936-52df-8be6-838c9645bbd9","3","3","[""ANSWER_MISSING"",""CHOICES_REQUIRED"",""SOLUTION_MISSING"",""MATH_REPRESENTATION_UNDECLARED"",""PAU_MODALITY_UNDECLARED"",""SOLUTION_REVIEW_REQUIRED""]"
"cand-abac733e-fe19-5a7f-a80c-ebd3fda732ab","ex-9a806b12-8290-5e2e-97dd-78e88a99fd2a","3","2","[""ANSWER_MISSING"",""CHOICES_REQUIRED"",""SOLUTION_MISSING"",""PAU_MODALITY_UNDECLARED"",""SOLUTION_REVIEW_REQUIRED""]"
"cand-89326c39-aae5-5723-904f-c2aa5608a9f2","ex-72892d84-15bf-5de3-97a9-25ed8021a0cf","3","2","[""ANSWER_MISSING"",""CHOICES_REQUIRED"",""SOLUTION_MISSING"",""PAU_MODALITY_UNDECLARED"",""SOLUTION_REVIEW_REQUIRED""]"
"cand-7461cb1a-824d-54bd-9eb8-fe7abff3a6c5","ex-46cc0db8-8a25-567b-9456-3c062ce50db8","3","3","[""ANSWER_MISSING"",""CHOICES_REQUIRED"",""SOLUTION_MISSING"",""PAU_DETAIL_INCOMPLETE"",""PAU_MODALITY_UNDECLARED"",""SOLUTION_REVIEW_REQUIRED""]"
"cand-e7d943cc-59db-58c0-80c8-5ca1c8abc1be","ex-af9756e4-35c4-5eea-a36f-ac05edd6a184","3","2","[""ANSWER_MISSING"",""CHOICES_REQUIRED"",""SOLUTION_MISSING"",""PAU_MODALITY_UNDECLARED"",""SOLUTION_REVIEW_REQUIRED""]"
"cand-8ddd76e8-36ff-5802-bf55-5e5cb19f8daf","ex-4644ee1d-8030-5c19-9e17-e2f848acc6fe","3","2","[""ANSWER_MISSING"",""CHOICES_REQUIRED"",""SOLUTION_MISSING"",""PAU_MODALITY_UNDECLARED"",""SOLUTION_REVIEW_REQUIRED""]"
"cand-b8ee9bf1-5a21-59b0-beeb-6289e09eda1f","ex-b2d7319e-706b-5c88-92bf-f7cd8d50cccd","3","2","[""ANSWER_MISSING"",""CHOICES_REQUIRED"",""SOLUTION_MISSING"",""PAU_MODALITY_UNDECLARED"",""SOLUTION_REVIEW_REQUIRED""]"
"cand-bc663f38-8c16-5e31-9915-c4d985672642","ex-73b074b8-e7c7-594a-9f13-4aefa4326a32","3","2","[""ANSWER_MISSING"",""CHOICES_REQUIRED"",""SOLUTION_MISSING"",""PAU_MODALITY_UNDECLARED"",""SOLUTION_REVIEW_REQUIRED""]"
"cand-6b203eaa-1061-594a-8848-6a8661aa1fbf","ex-c4b58069-777e-5d17-86f8-b131e385865e","3","2","[""ANSWER_MISSING"",""CHOICES_REQUIRED"",""SOLUTION_MISSING"",""PAU_MODALITY_UNDECLARED"",""SOLUTION_REVIEW_REQUIRED""]"
"cand-a41fa488-308e-5df6-a842-2b18bae84563","ex-bccb0c57-26d9-545b-a1d7-3e12e6549e34","3","2","[""ANSWER_MISSING"",""CHOICES_REQUIRED"",""SOLUTION_MISSING"",""PAU_MODALITY_UNDECLARED"",""SOLUTION_REVIEW_REQUIRED""]"
"cand-9da7c2e8-5f7c-5471-96c3-48ce52b4b19b","ex-3b9ba09d-0a6a-514f-bf18-e4b54bec27db","3","3","[""ANSWER_MISSING"",""CHOICES_REQUIRED"",""SOLUTION_MISSING"",""MATH_REPRESENTATION_UNDECLARED"",""PAU_MODALITY_UNDECLARED"",""SOLUTION_REVIEW_REQUIRED""]"
"cand-7805e9f4-8ffb-51e8-9df0-046e57e2ed9c","ex-5bcee18e-3c08-53bc-9cee-08a9f2d9891e","3","2","[""ANSWER_MISSING"",""CHOICES_REQUIRED"",""SOLUTION_MISSING"",""PAU_MODALITY_UNDECLARED"",""SOLUTION_REVIEW_REQUIRED""]"
"cand-6880cb1d-aefa-5287-9c31-4e9c857051ec","ex-839d28f9-653a-53b0-ba95-11e949dc9c60","3","2","[""ANSWER_MISSING"",""CHOICES_REQUIRED"",""SOLUTION_MISSING"",""PAU_MODALITY_UNDECLARED"",""SOLUTION_REVIEW_REQUIRED""]"
"cand-da820426-a7ef-5288-8ef0-d66058a6712e","ex-9ceb2017-96ba-5c98-b0d9-b01dde17e723","3","2","[""ANSWER_MISSING"",""CHOICES_REQUIRED"",""SOLUTION_MISSING"",""PAU_MODALITY_UNDECLARED"",""SOLUTION_REVIEW_REQUIRED""]"
"cand-be1004cd-7d1c-534e-9669-38efe20fba6b","ex-6524d3c1-e87f-5b34-b3fc-d5bf57a2c10d","3","2","[""ANSWER_MISSING"",""CHOICES_REQUIRED"",""SOLUTION_MISSING"",""PAU_MODALITY_UNDECLARED"",""SOLUTION_REVIEW_REQUIRED""]"
"cand-7939b7c6-4c48-5fbc-af93-e20846c78afb","ex-db3225bf-2f73-5912-8240-49a6ef46e99c","3","4","[""ANSWER_MISSING"",""CHOICES_REQUIRED"",""SOLUTION_MISSING"",""MATH_REPRESENTATION_UNDECLARED"",""PAU_DETAIL_INCOMPLETE"",""PAU_MODALITY_UNDECLARED"",""SOLUTION_REVIEW_REQUIRED""]"
"cand-e2555afc-9d1b-54a8-aa95-a0c19ec2f56e","ex-3caa8ea3-890b-5634-ab22-662a73b18a17","3","4","[""ANSWER_MISSING"",""CHOICES_REQUIRED"",""SOLUTION_MISSING"",""MATH_REPRESENTATION_UNDECLARED"",""PAU_DETAIL_INCOMPLETE"",""PAU_MODALITY_UNDECLARED"",""SOLUTION_REVIEW_REQUIRED""]"
"cand-b5283ff9-754b-5902-ba2c-739495de7cd8","ex-dcb0319a-dd8f-572a-83ca-80dbdc866f83","3","2","[""ANSWER_MISSING"",""CHOICES_REQUIRED"",""SOLUTION_MISSING"",""PAU_MODALITY_UNDECLARED"",""SOLUTION_REVIEW_REQUIRED""]"
"cand-786605fe-ae08-54c7-a584-88f3dc6191b6","ex-147aba46-033f-5cc0-b808-06c953001b16","3","2","[""ANSWER_MISSING"",""CHOICES_REQUIRED"",""SOLUTION_MISSING"",""PAU_MODALITY_UNDECLARED"",""SOLUTION_REVIEW_REQUIRED""]"
"cand-e48f93f1-622c-5f28-8735-ef7b3e303865","ex-a1524792-7a00-5e2b-b1ce-70944238dcfd","3","3","[""ANSWER_MISSING"",""CHOICES_REQUIRED"",""SOLUTION_MISSING"",""MATH_REPRESENTATION_UNDECLARED"",""PAU_MODALITY_UNDECLARED"",""SOLUTION_REVIEW_REQUIRED""]"
"cand-815b2dd0-1b1d-5f62-8eb3-4cd84b64e298","ex-f18541f2-71fd-5f3c-89e8-86ecd691477d","3","3","[""ANSWER_MISSING"",""CHOICES_REQUIRED"",""SOLUTION_MISSING"",""MATH_REPRESENTATION_UNDECLARED"",""PAU_MODALITY_UNDECLARED"",""SOLUTION_REVIEW_REQUIRED""]"
"cand-1fc59a7d-2854-58fc-a5a0-18c8c3da6efc","ex-c5af9f41-459f-5932-aa48-077d4dbf6787","3","2","[""ANSWER_MISSING"",""CHOICES_REQUIRED"",""SOLUTION_MISSING"",""PAU_MODALITY_UNDECLARED"",""SOLUTION_REVIEW_REQUIRED""]"
"cand-a3c956e2-c170-55b1-a00e-797f69b7465d","ex-eb586e0e-ab2a-5e4c-9967-381028bdf1a5","3","2","[""ANSWER_MISSING"",""CHOICES_REQUIRED"",""SOLUTION_MISSING"",""PAU_MODALITY_UNDECLARED"",""SOLUTION_REVIEW_REQUIRED""]"
"cand-c4084f6f-33ed-5246-8d7f-1b957ce068e0","ex-8866abf4-aae4-5db1-ac80-aa2472302f25","3","4","[""ANSWER_MISSING"",""CHOICES_REQUIRED"",""SOLUTION_MISSING"",""MATH_REPRESENTATION_UNDECLARED"",""PAU_DETAIL_INCOMPLETE"",""PAU_MODALITY_UNDECLARED"",""SOLUTION_REVIEW_REQUIRED""]"
"cand-7a893ed7-7317-5f67-8710-ac23ce479840","ex-b603cf78-ea06-54a3-bc98-fac3e3b2873d","3","2","[""ANSWER_MISSING"",""CHOICES_REQUIRED"",""SOLUTION_MISSING"",""PAU_MODALITY_UNDECLARED"",""SOLUTION_REVIEW_REQUIRED""]"
"cand-9220551a-70e1-560c-92b7-aa0724cbbfce","ex-4ca0c243-560d-5407-9a2d-ecff4e9ad0fd","3","2","[""ANSWER_MISSING"",""CHOICES_REQUIRED"",""SOLUTION_MISSING"",""PAU_MODALITY_UNDECLARED"",""SOLUTION_REVIEW_REQUIRED""]"
"cand-dcd3d033-df9a-5373-bdb3-b51ce6f123c2","ex-09b0c961-8bd2-5b04-888e-6028990d0f47","3","2","[""ANSWER_MISSING"",""CHOICES_REQUIRED"",""SOLUTION_MISSING"",""PAU_MODALITY_UNDECLARED"",""SOLUTION_REVIEW_REQUIRED""]"
"cand-fb10a95d-1ec2-5e4a-bd35-e8e5ead0d774","ex-50760b3c-888b-502d-a96a-ab6050371fd5","3","2","[""ANSWER_MISSING"",""CHOICES_REQUIRED"",""SOLUTION_MISSING"",""PAU_MODALITY_UNDECLARED"",""SOLUTION_REVIEW_REQUIRED""]"
"cand-facb7b92-cb4b-5eba-9a06-5938c1b0813b","ex-2f004d55-611c-5582-97c6-a79cb7c0f6d1","3","2","[""ANSWER_MISSING"",""CHOICES_REQUIRED"",""SOLUTION_MISSING"",""PAU_MODALITY_UNDECLARED"",""SOLUTION_REVIEW_REQUIRED""]"
"cand-0c38321f-1f20-543e-a1dc-f0b8615aabfc","ex-18f6d383-55dd-50e3-a2bc-ed36c9a4cb41","3","3","[""ANSWER_MISSING"",""CHOICES_REQUIRED"",""SOLUTION_MISSING"",""PAU_DETAIL_INCOMPLETE"",""PAU_MODALITY_UNDECLARED"",""SOLUTION_REVIEW_REQUIRED""]"
"cand-c9506d2a-fda8-535d-855c-af7645586a20","ex-67e5d49b-28e1-571a-a50b-9ed721810580","3","3","[""ANSWER_MISSING"",""CHOICES_REQUIRED"",""SOLUTION_MISSING"",""PAU_DETAIL_INCOMPLETE"",""PAU_MODALITY_UNDECLARED"",""SOLUTION_REVIEW_REQUIRED""]"
"cand-e8b1159e-091d-5aba-991d-9fc5531c4b74","ex-b98b0a23-cd4c-5bef-9f67-43f7d655b45e","3","3","[""ANSWER_MISSING"",""CHOICES_REQUIRED"",""SOLUTION_MISSING"",""PAU_DETAIL_INCOMPLETE"",""PAU_MODALITY_UNDECLARED"",""SOLUTION_REVIEW_REQUIRED""]"
"cand-2d1e8a95-0ec7-5bc9-86e4-a6789395fbda","ex-793fc552-69ef-582d-bed2-25fb7319cd87","3","3","[""ANSWER_MISSING"",""CHOICES_REQUIRED"",""SOLUTION_MISSING"",""MATH_REPRESENTATION_UNDECLARED"",""PAU_MODALITY_UNDECLARED"",""SOLUTION_REVIEW_REQUIRED""]"
"cand-e0cc2ffb-204e-51ca-89c8-94ea3e828afb","ex-7420b588-8e9e-5463-98b0-21cc467ed56d","3","2","[""ANSWER_MISSING"",""CHOICES_REQUIRED"",""SOLUTION_MISSING"",""PAU_MODALITY_UNDECLARED"",""SOLUTION_REVIEW_REQUIRED""]"
"cand-9dce8002-51b8-5697-8692-26be1481c8bd","ex-360bcfbb-242d-52e1-a9a8-2ad233f7945f","3","2","[""ANSWER_MISSING"",""CHOICES_REQUIRED"",""SOLUTION_MISSING"",""PAU_MODALITY_UNDECLARED"",""SOLUTION_REVIEW_REQUIRED""]"
"cand-0c37f0cb-90d6-5beb-8062-df435c84b654","ex-c7a4fde5-ef41-5d62-b050-d0f7d7b07484","3","2","[""ANSWER_MISSING"",""CHOICES_REQUIRED"",""SOLUTION_MISSING"",""PAU_MODALITY_UNDECLARED"",""SOLUTION_REVIEW_REQUIRED""]"
"cand-295c2253-d3b6-50f0-b025-993b0f4a3ed3","ex-b12d9a08-c6f9-5f60-8ff8-ca093289dc91","3","3","[""ANSWER_MISSING"",""CHOICES_REQUIRED"",""SOLUTION_MISSING"",""MATH_REPRESENTATION_UNDECLARED"",""PAU_MODALITY_UNDECLARED"",""SOLUTION_REVIEW_REQUIRED""]"
"cand-c76d60d0-da82-5b1e-8ae5-d480d9f6af65","ex-25610f7d-98d1-573c-bdf7-34f2c1c6eb0f","3","2","[""ANSWER_MISSING"",""CHOICES_REQUIRED"",""SOLUTION_MISSING"",""PAU_MODALITY_UNDECLARED"",""SOLUTION_REVIEW_REQUIRED""]"
"cand-d980a2e0-cd31-5058-a30f-55692e353ea8","ex-e3c14d1e-e2df-5c70-8ff5-f16e162e5d8f","3","3","[""ANSWER_MISSING"",""CHOICES_REQUIRED"",""SOLUTION_MISSING"",""PAU_DETAIL_INCOMPLETE"",""PAU_MODALITY_UNDECLARED"",""SOLUTION_REVIEW_REQUIRED""]"
"cand-ed20ee69-9a4a-5d36-8ff0-445dacf36c67","ex-2383f045-4cfe-5f3a-8af0-f1ff6dff378b","3","3","[""ANSWER_MISSING"",""CHOICES_REQUIRED"",""SOLUTION_MISSING"",""PAU_DETAIL_INCOMPLETE"",""PAU_MODALITY_UNDECLARED"",""SOLUTION_REVIEW_REQUIRED""]"
"cand-b1ead744-bcc1-5bfd-abc5-dbd192e72bc7","ex-54148595-fc49-51d6-9f11-dbdc069e45bd","3","3","[""ANSWER_MISSING"",""CHOICES_REQUIRED"",""SOLUTION_MISSING"",""MATH_REPRESENTATION_UNDECLARED"",""PAU_MODALITY_UNDECLARED"",""SOLUTION_REVIEW_REQUIRED""]"
"cand-f53a4459-79fa-5a6f-9982-2996a3742c13","ex-2ccdab03-576c-513c-a086-8e99ed14e7e4","3","2","[""ANSWER_MISSING"",""CHOICES_REQUIRED"",""SOLUTION_MISSING"",""PAU_MODALITY_UNDECLARED"",""SOLUTION_REVIEW_REQUIRED""]"
"cand-c536113f-dda6-5efd-846d-e6ed5de979e7","ex-5fa4af71-799e-5e8c-bb86-c3962e44fc34","3","2","[""ANSWER_MISSING"",""CHOICES_REQUIRED"",""SOLUTION_MISSING"",""PAU_MODALITY_UNDECLARED"",""SOLUTION_REVIEW_REQUIRED""]"
"cand-bc57c7d4-b7f8-58d7-9850-73a14a819cf2","ex-480d7a57-95ac-5fd7-b27b-0c64a4d2382f","3","3","[""ANSWER_MISSING"",""CHOICES_REQUIRED"",""SOLUTION_MISSING"",""MATH_REPRESENTATION_UNDECLARED"",""PAU_MODALITY_UNDECLARED"",""SOLUTION_REVIEW_REQUIRED""]"
"cand-7153658c-eb36-5750-a810-55aaf6d16df6","ex-0775f742-02b9-5046-b433-c6e9a89b227c","3","4","[""ANSWER_MISSING"",""CHOICES_REQUIRED"",""SOLUTION_MISSING"",""MATH_REPRESENTATION_UNDECLARED"",""PAU_DETAIL_INCOMPLETE"",""PAU_MODALITY_UNDECLARED"",""SOLUTION_REVIEW_REQUIRED""]"
"cand-0273d16c-96ae-54f5-8b0a-139353c33dd8","ex-e8d0323a-ce79-5ac9-9f31-87cd4ce05107","3","4","[""ANSWER_MISSING"",""CHOICES_REQUIRED"",""SOLUTION_MISSING"",""MATH_REPRESENTATION_UNDECLARED"",""PAU_DETAIL_INCOMPLETE"",""PAU_MODALITY_UNDECLARED"",""SOLUTION_REVIEW_REQUIRED""]"
"cand-cba7c79c-f4b4-5014-88bd-b6eea8425fee","ex-435c9657-cd4a-52de-91b5-34192b6e6bee","3","4","[""ANSWER_MISSING"",""CHOICES_REQUIRED"",""SOLUTION_MISSING"",""MATH_REPRESENTATION_UNDECLARED"",""PAU_DETAIL_INCOMPLETE"",""PAU_MODALITY_UNDECLARED"",""SOLUTION_REVIEW_REQUIRED""]"
"cand-97c1edea-7940-5bef-a420-d8c46b0bcf53","ex-2a1479c5-ba73-51cc-9769-33471ad304ae","3","2","[""ANSWER_MISSING"",""CHOICES_REQUIRED"",""SOLUTION_MISSING"",""PAU_MODALITY_UNDECLARED"",""SOLUTION_REVIEW_REQUIRED""]"
"cand-ae453230-af8a-58bf-a83e-dea5a247cd70","ex-2e4b1399-88ca-52c7-ac05-954e17d46f20","3","2","[""ANSWER_MISSING"",""CHOICES_REQUIRED"",""SOLUTION_MISSING"",""PAU_MODALITY_UNDECLARED"",""SOLUTION_REVIEW_REQUIRED""]"
"cand-82be1314-b2ea-554f-aaaa-c9731fbf5951","ex-d63fc29a-1f02-569a-96d1-a0af39348bc8","3","2","[""ANSWER_MISSING"",""CHOICES_REQUIRED"",""SOLUTION_MISSING"",""PAU_MODALITY_UNDECLARED"",""SOLUTION_REVIEW_REQUIRED""]"
"cand-cebd87e9-f9c3-5485-b9da-5a49428a1665","ex-dd7ef961-4cdb-5ecd-8824-0dd23f972be7","3","2","[""ANSWER_MISSING"",""CHOICES_REQUIRED"",""SOLUTION_MISSING"",""PAU_MODALITY_UNDECLARED"",""SOLUTION_REVIEW_REQUIRED""]"
"cand-7740584f-ade2-5ee5-a29f-ef470dcc7c91","ex-ae41b080-7cde-5035-ae92-569ce48212f7","3","2","[""ANSWER_MISSING"",""CHOICES_REQUIRED"",""SOLUTION_MISSING"",""PAU_MODALITY_UNDECLARED"",""SOLUTION_REVIEW_REQUIRED""]"
"cand-10b9e4a1-dc90-5f44-9b9c-ae329ae62cb7","ex-d90ee711-e3b8-5f28-9466-74ec81022fd2","3","2","[""ANSWER_MISSING"",""CHOICES_REQUIRED"",""SOLUTION_MISSING"",""PAU_MODALITY_UNDECLARED"",""SOLUTION_REVIEW_REQUIRED""]"
"cand-ce239f72-f9dd-5193-ada7-ef46cfda1fad","ex-e5382861-d995-5a6a-a3ee-e1a8edf9cd38","3","3","[""ANSWER_MISSING"",""CHOICES_REQUIRED"",""SOLUTION_MISSING"",""PAU_DETAIL_INCOMPLETE"",""PAU_MODALITY_UNDECLARED"",""SOLUTION_REVIEW_REQUIRED""]"
"cand-7fd3b6f5-ebb4-5844-b453-b79e993984b0","ex-173ef2ca-6cf9-54d3-ae76-15e2638b0a4b","3","3","[""ANSWER_MISSING"",""CHOICES_REQUIRED"",""SOLUTION_MISSING"",""PAU_DETAIL_INCOMPLETE"",""PAU_MODALITY_UNDECLARED"",""SOLUTION_REVIEW_REQUIRED""]"
"cand-72d9f6bd-4aea-598e-83f9-0b4be3d8095a","ex-faa558d4-ce1b-5190-afb4-b0764321fca2","3","2","[""ANSWER_MISSING"",""CHOICES_REQUIRED"",""SOLUTION_MISSING"",""PAU_MODALITY_UNDECLARED"",""SOLUTION_REVIEW_REQUIRED""]"
"cand-9ef201f6-fd07-5247-b1a6-4c7a3024619f","ex-b529412e-4584-5233-a650-80fd4a58b203","3","2","[""ANSWER_MISSING"",""CHOICES_REQUIRED"",""SOLUTION_MISSING"",""PAU_MODALITY_UNDECLARED"",""SOLUTION_REVIEW_REQUIRED""]"
"cand-9be4e3a7-c49f-5d3b-8a89-466f895849b7","ex-332a0cde-2e39-59fa-b419-6105006e5e5f","3","2","[""ANSWER_MISSING"",""CHOICES_REQUIRED"",""SOLUTION_MISSING"",""PAU_MODALITY_UNDECLARED"",""SOLUTION_REVIEW_REQUIRED""]"
"cand-c065065b-1638-55e8-a7e4-dfe578f5b6de","ex-b6759876-98c3-5e0d-8fda-b81c00f5928b","3","3","[""ANSWER_MISSING"",""CHOICES_REQUIRED"",""SOLUTION_MISSING"",""MATH_REPRESENTATION_UNDECLARED"",""PAU_MODALITY_UNDECLARED"",""SOLUTION_REVIEW_REQUIRED""]"
"cand-6e631197-ffee-5366-abc7-132991e542c3","ex-06bed409-0085-5676-8911-f022867a4a5b","3","3","[""ANSWER_MISSING"",""CHOICES_REQUIRED"",""SOLUTION_MISSING"",""PAU_DETAIL_INCOMPLETE"",""PAU_MODALITY_UNDECLARED"",""SOLUTION_REVIEW_REQUIRED""]"
"cand-1cabccb3-93af-59bb-9b02-00ddef9d7db3","ex-beb85de7-4b42-51ef-9034-7b5afb78068a","3","3","[""ANSWER_MISSING"",""CHOICES_REQUIRED"",""SOLUTION_MISSING"",""MATH_REPRESENTATION_UNDECLARED"",""PAU_MODALITY_UNDECLARED"",""SOLUTION_REVIEW_REQUIRED""]"
"cand-550e4ebb-254d-5100-acf2-41692ae02546","ex-7acf6dda-aff7-5dca-8c0e-0fb9eeb40524","3","3","[""ANSWER_MISSING"",""CHOICES_REQUIRED"",""SOLUTION_MISSING"",""PAU_DETAIL_INCOMPLETE"",""PAU_MODALITY_UNDECLARED"",""SOLUTION_REVIEW_REQUIRED""]"
"cand-4ffe0479-e35c-5150-939a-f5b2b81f93d3","ex-f1e28275-50f0-5615-bdcc-f8963a2aace3","3","2","[""ANSWER_MISSING"",""CHOICES_REQUIRED"",""SOLUTION_MISSING"",""PAU_MODALITY_UNDECLARED"",""SOLUTION_REVIEW_REQUIRED""]"
"cand-c9115197-006b-5ae5-9e40-3ba4481fee6d","ex-e7cdefea-e65c-52db-bfa6-6d9a395d64ae","3","2","[""ANSWER_MISSING"",""CHOICES_REQUIRED"",""SOLUTION_MISSING"",""PAU_MODALITY_UNDECLARED"",""SOLUTION_REVIEW_REQUIRED""]"
"cand-99847378-9c3b-5592-b047-5aa21c1262fb","ex-800f9c38-ec32-5689-94a2-cd918e7be101","3","3","[""ANSWER_MISSING"",""CHOICES_REQUIRED"",""SOLUTION_MISSING"",""MATH_REPRESENTATION_UNDECLARED"",""PAU_MODALITY_UNDECLARED"",""SOLUTION_REVIEW_REQUIRED""]"
"cand-d851d386-e019-5545-bcd3-72ba004c70e5","ex-0c543193-254e-5e0f-bb4f-b127b64277b5","3","2","[""ANSWER_MISSING"",""CHOICES_REQUIRED"",""SOLUTION_MISSING"",""PAU_MODALITY_UNDECLARED"",""SOLUTION_REVIEW_REQUIRED""]"
"cand-7b536d62-e836-5671-a2dd-98477fae843e","ex-d6d3466a-e76f-57bc-807c-f56f723691e5","3","2","[""ANSWER_MISSING"",""CHOICES_REQUIRED"",""SOLUTION_MISSING"",""PAU_MODALITY_UNDECLARED"",""SOLUTION_REVIEW_REQUIRED""]"
"cand-30f21f9b-69f6-5ef0-8589-a6bb3db1a899","ex-ed1f146d-550d-5a4a-bc5a-6321f6fab403","3","2","[""ANSWER_MISSING"",""CHOICES_REQUIRED"",""SOLUTION_MISSING"",""PAU_MODALITY_UNDECLARED"",""SOLUTION_REVIEW_REQUIRED""]"
"cand-496e0956-58e0-5d20-be50-512e610ae4f9","ex-8e50b240-a9bb-5b3a-bfb0-d613404dfcff","3","2","[""ANSWER_MISSING"",""CHOICES_REQUIRED"",""SOLUTION_MISSING"",""PAU_MODALITY_UNDECLARED"",""SOLUTION_REVIEW_REQUIRED""]"
"cand-2d764990-6217-5ae0-b1a6-89891ca37593","ex-3a098d5e-5dab-510c-a43b-3da1e8a60c7a","3","3","[""ANSWER_MISSING"",""CHOICES_REQUIRED"",""SOLUTION_MISSING"",""PAU_DETAIL_INCOMPLETE"",""PAU_MODALITY_UNDECLARED"",""SOLUTION_REVIEW_REQUIRED""]"
"cand-8c0a6bd0-ca89-5839-a270-6ff7d9ac08a5","ex-52537015-c1ec-581b-b170-a70b8db46c17","3","2","[""ANSWER_MISSING"",""CHOICES_REQUIRED"",""SOLUTION_MISSING"",""PAU_MODALITY_UNDECLARED"",""SOLUTION_REVIEW_REQUIRED""]"
"cand-e073e337-558f-596c-8a6a-6557a7597d25","ex-8fa88507-a839-5a16-b6c6-4598b2a1851f","3","3","[""ANSWER_MISSING"",""CHOICES_REQUIRED"",""SOLUTION_MISSING"",""PAU_DETAIL_INCOMPLETE"",""PAU_MODALITY_UNDECLARED"",""SOLUTION_REVIEW_REQUIRED""]"
"cand-08e8bb94-c8ef-524e-a4f2-67585684012e","ex-81d6cc5d-078c-51ba-9347-4b40d78a8d85","3","2","[""ANSWER_MISSING"",""CHOICES_REQUIRED"",""SOLUTION_MISSING"",""PAU_MODALITY_UNDECLARED"",""SOLUTION_REVIEW_REQUIRED""]"
"cand-1b0471ed-5658-5720-843c-568d5e4879ea","ex-3816dc86-5a3c-544f-b9f4-2516ed14e80c","3","2","[""ANSWER_MISSING"",""CHOICES_REQUIRED"",""SOLUTION_MISSING"",""PAU_MODALITY_UNDECLARED"",""SOLUTION_REVIEW_REQUIRED""]"
"cand-aafa552b-d129-5904-a537-ef12247ab75b","ex-26b20ed0-efda-535b-9b70-1d2ef8aacd95","3","2","[""ANSWER_MISSING"",""CHOICES_REQUIRED"",""SOLUTION_MISSING"",""PAU_MODALITY_UNDECLARED"",""SOLUTION_REVIEW_REQUIRED""]"
"cand-5a9fdd83-2438-53e9-a8c1-7b0aaeaee8f5","ex-d5e2a497-96a8-58e3-8258-89be6de1982b","3","2","[""ANSWER_MISSING"",""CHOICES_REQUIRED"",""SOLUTION_MISSING"",""PAU_MODALITY_UNDECLARED"",""SOLUTION_REVIEW_REQUIRED""]"
"cand-ba728bbd-1edb-51c0-af77-db1c1f1e1879","ex-2fb99be7-4b8a-5344-a93b-80a3289cd0a6","3","2","[""ANSWER_MISSING"",""CHOICES_REQUIRED"",""SOLUTION_MISSING"",""PAU_MODALITY_UNDECLARED"",""SOLUTION_REVIEW_REQUIRED""]"
"cand-7e6560bc-a5be-5402-a5a4-a71e7193723a","ex-fe2732c9-3ad8-52e3-8802-f66264d6d9d9","3","2","[""ANSWER_MISSING"",""CHOICES_REQUIRED"",""SOLUTION_MISSING"",""PAU_MODALITY_UNDECLARED"",""SOLUTION_REVIEW_REQUIRED""]"
"cand-5e1e52bf-e261-58e6-86d2-859f9d75fa11","ex-3f6939b3-ce4b-5ff1-a0ff-20698a95b5a7","3","2","[""ANSWER_MISSING"",""CHOICES_REQUIRED"",""SOLUTION_MISSING"",""PAU_MODALITY_UNDECLARED"",""SOLUTION_REVIEW_REQUIRED""]"
"cand-8785ec30-29b2-5446-ad09-eb2b8daa0b58","ex-f5b8cb23-2b94-59c2-8f1d-681f5a45289b","3","3","[""ANSWER_MISSING"",""CHOICES_REQUIRED"",""SOLUTION_MISSING"",""PAU_DETAIL_INCOMPLETE"",""PAU_MODALITY_UNDECLARED"",""SOLUTION_REVIEW_REQUIRED""]"
"cand-2c0366b9-196e-59e9-8229-043a32a551e1","ex-b0199ca5-38d7-5252-9684-0d23c5933de7","3","2","[""ANSWER_MISSING"",""CHOICES_REQUIRED"",""SOLUTION_MISSING"",""PAU_MODALITY_UNDECLARED"",""SOLUTION_REVIEW_REQUIRED""]"
"cand-7f397ea3-3748-5cd4-9f80-311ca2ac55c1","ex-2098037b-ce9e-5e28-b692-e0996c0db56b","3","3","[""ANSWER_MISSING"",""CHOICES_REQUIRED"",""SOLUTION_MISSING"",""PAU_DETAIL_INCOMPLETE"",""PAU_MODALITY_UNDECLARED"",""SOLUTION_REVIEW_REQUIRED""]"
"cand-53fb7615-c7fd-550d-abfb-3a0dd94807c1","ex-e23c888b-6cf6-52a9-90e5-f0dd56cd42d5","3","2","[""ANSWER_MISSING"",""CHOICES_REQUIRED"",""SOLUTION_MISSING"",""PAU_MODALITY_UNDECLARED"",""SOLUTION_REVIEW_REQUIRED""]"
"cand-148bd8cc-a46c-5595-af6e-424f5da3c8b5","ex-a33d3acf-565d-54ee-95c4-7c4d9a9f42a2","3","2","[""ANSWER_MISSING"",""CHOICES_REQUIRED"",""SOLUTION_MISSING"",""PAU_MODALITY_UNDECLARED"",""SOLUTION_REVIEW_REQUIRED""]"
"cand-6eb4cb48-a444-595b-ac47-8f5ed422a0d1","ex-4e261e3c-198b-5e71-b01e-b71ceedf6bbe","3","2","[""ANSWER_MISSING"",""CHOICES_REQUIRED"",""SOLUTION_MISSING"",""PAU_MODALITY_UNDECLARED"",""SOLUTION_REVIEW_REQUIRED""]"
"cand-85371f1f-bbee-528e-a917-d146a1de29d7","ex-e1bf2f62-6f16-5935-9db3-e2c81f00c66a","3","2","[""ANSWER_MISSING"",""CHOICES_REQUIRED"",""SOLUTION_MISSING"",""PAU_MODALITY_UNDECLARED"",""SOLUTION_REVIEW_REQUIRED""]"
"cand-6f0a9cbb-12b2-57d4-82f6-c42521f04c05","ex-412a130d-4a7b-5d26-8152-8473c6d94477","3","2","[""ANSWER_MISSING"",""CHOICES_REQUIRED"",""SOLUTION_MISSING"",""PAU_MODALITY_UNDECLARED"",""SOLUTION_REVIEW_REQUIRED""]"
"cand-c8cccdfd-ed90-577d-b602-bda88cbb28b9","ex-1c526f52-674b-598f-a3b7-a4919d6023e3","3","2","[""ANSWER_MISSING"",""CHOICES_REQUIRED"",""SOLUTION_MISSING"",""PAU_MODALITY_UNDECLARED"",""SOLUTION_REVIEW_REQUIRED""]"
"cand-d7fcbd48-2703-5a8b-bd6e-a8d3eb0639b4","ex-57d87ced-af2a-58bc-9c68-d61d96fa39c4","3","2","[""ANSWER_MISSING"",""CHOICES_REQUIRED"",""SOLUTION_MISSING"",""PAU_MODALITY_UNDECLARED"",""SOLUTION_REVIEW_REQUIRED""]"
"cand-0be43bb2-a1d5-5d3f-b472-36a7fa312348","ex-74eae0e5-3838-525c-84b4-76c562710815","3","3","[""ANSWER_MISSING"",""CHOICES_REQUIRED"",""SOLUTION_MISSING"",""PAU_DETAIL_INCOMPLETE"",""PAU_MODALITY_UNDECLARED"",""SOLUTION_REVIEW_REQUIRED""]"
"cand-69369cba-7f2f-5a91-a9b4-8d5c5fad03fe","ex-baeda5f2-9226-5089-871c-ee6aeff43a77","3","3","[""ANSWER_MISSING"",""CHOICES_REQUIRED"",""SOLUTION_MISSING"",""PAU_DETAIL_INCOMPLETE"",""PAU_MODALITY_UNDECLARED"",""SOLUTION_REVIEW_REQUIRED""]"
"cand-0232d3ee-3145-5d3f-a259-4e70a48352ad","ex-22937b5f-790b-50fe-8d5c-2bba4009ec4f","3","2","[""ANSWER_MISSING"",""CHOICES_REQUIRED"",""SOLUTION_MISSING"",""PAU_MODALITY_UNDECLARED"",""SOLUTION_REVIEW_REQUIRED""]"
"cand-b2d2a1ea-a744-5e91-8290-254718375b84","ex-36a5d90f-90f1-5b22-b0b8-e1f1d00b0227","3","2","[""ANSWER_MISSING"",""CHOICES_REQUIRED"",""SOLUTION_MISSING"",""PAU_MODALITY_UNDECLARED"",""SOLUTION_REVIEW_REQUIRED""]"
"cand-d4d7c61a-0e99-51e1-9f36-9307c5fbef62","ex-0524d069-0846-5fc8-bb56-d60c2bfb2f6e","3","2","[""ANSWER_MISSING"",""CHOICES_REQUIRED"",""SOLUTION_MISSING"",""PAU_MODALITY_UNDECLARED"",""SOLUTION_REVIEW_REQUIRED""]"
"cand-bcb16ae8-7c32-55a9-bbce-e67bbd111a11","ex-9d955f5a-bd0e-5350-acf5-740be57f7fac","3","2","[""ANSWER_MISSING"",""CHOICES_REQUIRED"",""SOLUTION_MISSING"",""PAU_MODALITY_UNDECLARED"",""SOLUTION_REVIEW_REQUIRED""]"
"cand-02317eeb-4ae7-5127-a322-796533725f25","ex-3e7672f6-0c01-596a-870a-7cf46c6a4af6","3","3","[""ANSWER_MISSING"",""CHOICES_REQUIRED"",""SOLUTION_MISSING"",""PAU_DETAIL_INCOMPLETE"",""PAU_MODALITY_UNDECLARED"",""SOLUTION_REVIEW_REQUIRED""]"
"cand-a0314a39-9ae9-5b0b-9a37-104b814a063e","ex-f1fcdd03-e59e-5348-9033-b1a9f3cd0bef","3","2","[""ANSWER_MISSING"",""CHOICES_REQUIRED"",""SOLUTION_MISSING"",""PAU_MODALITY_UNDECLARED"",""SOLUTION_REVIEW_REQUIRED""]"
"cand-48a3b09d-37a1-5926-a9fc-5c308a9c80a5","ex-237f582b-0842-5126-aadc-60dfe1ff37cf","3","2","[""ANSWER_MISSING"",""CHOICES_REQUIRED"",""SOLUTION_MISSING"",""PAU_MODALITY_UNDECLARED"",""SOLUTION_REVIEW_REQUIRED""]"
"cand-99b4cf8b-4dd7-5de1-9005-d58fc266ad63","ex-9858a1ed-78ce-506b-a956-1a8e6c1e3ca4","3","2","[""ANSWER_MISSING"",""CHOICES_REQUIRED"",""SOLUTION_MISSING"",""PAU_MODALITY_UNDECLARED"",""SOLUTION_REVIEW_REQUIRED""]"
"cand-d6c4fcef-d23d-5af6-b47e-136295e18e1f","ex-7e2429a3-12fb-528b-8491-4167fb3bc542","3","3","[""ANSWER_MISSING"",""CHOICES_REQUIRED"",""SOLUTION_MISSING"",""MATH_REPRESENTATION_UNDECLARED"",""PAU_MODALITY_UNDECLARED"",""SOLUTION_REVIEW_REQUIRED""]"
"cand-e60fd707-c4be-50eb-bc0f-e203154797a3","ex-5094b37d-d186-5e5b-93ff-b33a254eb918","3","2","[""ANSWER_MISSING"",""CHOICES_REQUIRED"",""SOLUTION_MISSING"",""PAU_MODALITY_UNDECLARED"",""SOLUTION_REVIEW_REQUIRED""]"
"cand-8f51f8ee-a988-5645-9fdc-3c5a63005254","ex-93035227-9e45-5177-b006-9256b423437a","3","3","[""ANSWER_MISSING"",""CHOICES_REQUIRED"",""SOLUTION_MISSING"",""PAU_DETAIL_INCOMPLETE"",""PAU_MODALITY_UNDECLARED"",""SOLUTION_REVIEW_REQUIRED""]"
"cand-6ed8051d-ddd4-5a33-8aa8-d4447732cfe1","ex-037d0609-aacb-5336-8dad-c100d22f1e1d","3","3","[""ANSWER_MISSING"",""CHOICES_REQUIRED"",""SOLUTION_MISSING"",""PAU_DETAIL_INCOMPLETE"",""PAU_MODALITY_UNDECLARED"",""SOLUTION_REVIEW_REQUIRED""]"
"cand-decd31b3-2920-5fe8-820e-883bfdf08690","ex-a7b10129-e940-541f-a6b8-1a9e4282b652","3","3","[""ANSWER_MISSING"",""CHOICES_REQUIRED"",""SOLUTION_MISSING"",""PAU_DETAIL_INCOMPLETE"",""PAU_MODALITY_UNDECLARED"",""SOLUTION_REVIEW_REQUIRED""]"
"cand-b771e754-cb7e-5588-9d8a-31de0521bcab","ex-3966b541-cb20-508f-a675-36af268565fd","3","2","[""ANSWER_MISSING"",""CHOICES_REQUIRED"",""SOLUTION_MISSING"",""PAU_MODALITY_UNDECLARED"",""SOLUTION_REVIEW_REQUIRED""]"
"cand-71a8d776-7b15-52a9-b8a3-97b11bf2ead8","ex-cb83752b-eb68-5a17-b0f9-c14f021e26d6","3","2","[""ANSWER_MISSING"",""CHOICES_REQUIRED"",""SOLUTION_MISSING"",""PAU_MODALITY_UNDECLARED"",""SOLUTION_REVIEW_REQUIRED""]"
"cand-be91dd3f-9836-546f-be86-28bf3758babd","ex-ddfab827-4aaa-5c21-81ed-27b933f25a7b","3","2","[""ANSWER_MISSING"",""CHOICES_REQUIRED"",""SOLUTION_MISSING"",""PAU_MODALITY_UNDECLARED"",""SOLUTION_REVIEW_REQUIRED""]"
"cand-9561256f-2e1f-556f-bcd9-ba1798cd9c07","ex-7dd91cfe-bfa1-5945-8146-02a2c8177263","3","3","[""ANSWER_MISSING"",""CHOICES_REQUIRED"",""SOLUTION_MISSING"",""MATH_REPRESENTATION_UNDECLARED"",""PAU_MODALITY_UNDECLARED"",""SOLUTION_REVIEW_REQUIRED""]"
"cand-437bc131-61d5-5f92-9ad0-5142d00d3d41","ex-a72bb366-d66e-572f-8815-729dad2f6d28","3","3","[""ANSWER_MISSING"",""CHOICES_REQUIRED"",""SOLUTION_MISSING"",""PAU_DETAIL_INCOMPLETE"",""PAU_MODALITY_UNDECLARED"",""SOLUTION_REVIEW_REQUIRED""]"
"cand-6fed121c-540f-5a1e-8c8d-66877348e9ec","ex-4261cbf3-90f9-54bb-8aed-87d871b0ed45","3","3","[""ANSWER_MISSING"",""CHOICES_REQUIRED"",""SOLUTION_MISSING"",""PAU_DETAIL_INCOMPLETE"",""PAU_MODALITY_UNDECLARED"",""SOLUTION_REVIEW_REQUIRED""]"
"cand-12b10bab-6842-5340-85a8-38dcf0d8d115","ex-ca3cb5f0-0bf3-526b-b359-f2fd61df6dbc","3","4","[""ANSWER_MISSING"",""CHOICES_REQUIRED"",""SOLUTION_MISSING"",""MATH_REPRESENTATION_UNDECLARED"",""PAU_DETAIL_INCOMPLETE"",""PAU_MODALITY_UNDECLARED"",""SOLUTION_REVIEW_REQUIRED""]"
"cand-00f9cd99-a3bc-55b6-83eb-71c922783313","ex-af6a62ce-547c-5e8a-b4b1-54cc5d2816e3","3","2","[""ANSWER_MISSING"",""CHOICES_REQUIRED"",""SOLUTION_MISSING"",""PAU_MODALITY_UNDECLARED"",""SOLUTION_REVIEW_REQUIRED""]"
"cand-c22a3318-be9d-50ce-8565-47a3f3def1fe","ex-ef061ab3-817e-5101-bf8c-a96e714599fc","3","3","[""ANSWER_MISSING"",""CHOICES_REQUIRED"",""SOLUTION_MISSING"",""MATH_REPRESENTATION_UNDECLARED"",""PAU_MODALITY_UNDECLARED"",""SOLUTION_REVIEW_REQUIRED""]"
"cand-f0e8f93f-202b-5229-a6e7-62de101e8005","ex-86f51c6e-c1cf-55df-9491-73e699603261","3","2","[""ANSWER_MISSING"",""CHOICES_REQUIRED"",""SOLUTION_MISSING"",""PAU_MODALITY_UNDECLARED"",""SOLUTION_REVIEW_REQUIRED""]"
"cand-6b65aef8-6303-5274-9163-00043fd34d46","ex-170b240a-744f-5f88-a82f-fe8a4147934b","3","3","[""ANSWER_MISSING"",""CHOICES_REQUIRED"",""SOLUTION_MISSING"",""MATH_REPRESENTATION_UNDECLARED"",""PAU_MODALITY_UNDECLARED"",""SOLUTION_REVIEW_REQUIRED""]"
"cand-69f1175a-4bf1-5433-8b97-8fb5c7b121fa","ex-e7e2b8bf-2edf-5a2e-afc5-eddebf3a5c06","3","3","[""ANSWER_MISSING"",""CHOICES_REQUIRED"",""SOLUTION_MISSING"",""PAU_DETAIL_INCOMPLETE"",""PAU_MODALITY_UNDECLARED"",""SOLUTION_REVIEW_REQUIRED""]"
"cand-13dab4ae-0551-5725-a9d0-363d35d77c24","ex-99f78125-d153-5bfb-a7ce-fae2660b1478","3","3","[""ANSWER_MISSING"",""CHOICES_REQUIRED"",""SOLUTION_MISSING"",""PAU_DETAIL_INCOMPLETE"",""PAU_MODALITY_UNDECLARED"",""SOLUTION_REVIEW_REQUIRED""]"
"cand-bf0a3dff-1bad-5270-ad1a-58319bb5f17b","ex-5e77efea-ca5f-5974-97cc-e92dddbbc698","3","3","[""ANSWER_MISSING"",""CHOICES_REQUIRED"",""SOLUTION_MISSING"",""PAU_DETAIL_INCOMPLETE"",""PAU_MODALITY_UNDECLARED"",""SOLUTION_REVIEW_REQUIRED""]"
"cand-01e66e14-a85e-5d51-96f3-f1ba3b68d618","ex-baf0b20c-34c5-5909-87e1-1defc233de16","3","2","[""ANSWER_MISSING"",""CHOICES_REQUIRED"",""SOLUTION_MISSING"",""PAU_MODALITY_UNDECLARED"",""SOLUTION_REVIEW_REQUIRED""]"
"cand-a61d3d01-1901-5b13-b798-6c9afd38ba2b","ex-40bcb10f-384c-5cb7-816b-f371aa50eedb","3","2","[""ANSWER_MISSING"",""CHOICES_REQUIRED"",""SOLUTION_MISSING"",""PAU_MODALITY_UNDECLARED"",""SOLUTION_REVIEW_REQUIRED""]"
"cand-b660af39-0df8-5f64-8ed9-9c42d97ca5c4","ex-e558b30e-c4f2-5f6e-a843-cce3e5212024","3","2","[""ANSWER_MISSING"",""CHOICES_REQUIRED"",""SOLUTION_MISSING"",""PAU_MODALITY_UNDECLARED"",""SOLUTION_REVIEW_REQUIRED""]"
"cand-dccd7bff-6069-5c43-8f36-95b98792b54f","ex-210de749-b78e-57ef-b56d-e15ba942498f","3","2","[""ANSWER_MISSING"",""CHOICES_REQUIRED"",""SOLUTION_MISSING"",""PAU_MODALITY_UNDECLARED"",""SOLUTION_REVIEW_REQUIRED""]"
"cand-1b625ffc-d412-55da-be9d-66cef4b6361d","ex-577b71d7-d057-53de-8543-01697d3e676d","3","2","[""ANSWER_MISSING"",""CHOICES_REQUIRED"",""SOLUTION_MISSING"",""PAU_MODALITY_UNDECLARED"",""SOLUTION_REVIEW_REQUIRED""]"
"cand-07032e8f-8cd7-585e-a9c8-5c5e8dde14ef","ex-8b090636-6ab7-5802-bcb6-64a430aad3b2","3","3","[""ANSWER_MISSING"",""CHOICES_REQUIRED"",""SOLUTION_MISSING"",""PAU_DETAIL_INCOMPLETE"",""PAU_MODALITY_UNDECLARED"",""SOLUTION_REVIEW_REQUIRED""]"
"cand-e607cd6a-b4bb-58a4-8cad-d9dc387ea319","ex-a9f70c37-6f09-5082-8b6a-18e618d9f753","3","3","[""ANSWER_MISSING"",""CHOICES_REQUIRED"",""SOLUTION_MISSING"",""PAU_DETAIL_INCOMPLETE"",""PAU_MODALITY_UNDECLARED"",""SOLUTION_REVIEW_REQUIRED""]"
"cand-916807aa-7670-5a4d-9311-bad4e9631695","ex-aec75d4a-345e-5ce5-9582-53faa8f5f207","3","3","[""ANSWER_MISSING"",""CHOICES_REQUIRED"",""SOLUTION_MISSING"",""PAU_DETAIL_INCOMPLETE"",""PAU_MODALITY_UNDECLARED"",""SOLUTION_REVIEW_REQUIRED""]"
"cand-f7cc78c5-c6b0-545a-a609-ff28fe6dd8db","ex-0258e436-eedb-5f54-b8e7-e5250c5bccc3","3","2","[""ANSWER_MISSING"",""CHOICES_REQUIRED"",""SOLUTION_MISSING"",""PAU_MODALITY_UNDECLARED"",""SOLUTION_REVIEW_REQUIRED""]"
"cand-f85edc2f-5830-5cc9-80ad-6e7aa2197c71","ex-b93b89a1-b837-502b-96e7-2a9e20f86ab5","3","2","[""ANSWER_MISSING"",""CHOICES_REQUIRED"",""SOLUTION_MISSING"",""PAU_MODALITY_UNDECLARED"",""SOLUTION_REVIEW_REQUIRED""]"
"cand-0d2bf453-9ba2-5fbc-beb6-317328dac834","ex-45f8ddd7-3eba-5ed2-bc79-6cf3f68f5585","3","3","[""ANSWER_MISSING"",""CHOICES_REQUIRED"",""SOLUTION_MISSING"",""MATH_REPRESENTATION_UNDECLARED"",""PAU_MODALITY_UNDECLARED"",""SOLUTION_REVIEW_REQUIRED""]"
"cand-be7f06a5-580a-5503-90cd-32ef1c7a4bde","ex-75deed39-a19c-5851-9724-105426ec07c9","3","2","[""ANSWER_MISSING"",""CHOICES_REQUIRED"",""SOLUTION_MISSING"",""PAU_MODALITY_UNDECLARED"",""SOLUTION_REVIEW_REQUIRED""]"
"cand-7ca28ecd-7075-52e4-b83f-81b086be1466","ex-e1b8ba0c-83a2-55f4-a15c-a02723ffe0ba","3","2","[""ANSWER_MISSING"",""CHOICES_REQUIRED"",""SOLUTION_MISSING"",""PAU_MODALITY_UNDECLARED"",""SOLUTION_REVIEW_REQUIRED""]"
"cand-80876e93-4356-5566-94a6-3b7196397a3f","ex-53b057e0-c1da-553c-8e79-db0e78d87f48","3","3","[""ANSWER_MISSING"",""CHOICES_REQUIRED"",""SOLUTION_MISSING"",""PAU_DETAIL_INCOMPLETE"",""PAU_MODALITY_UNDECLARED"",""SOLUTION_REVIEW_REQUIRED""]"
"cand-a6d6ca29-5974-5c08-bee7-6ede591b2c0b","ex-7c0e3c4d-9b1c-55da-9989-db8c8b67ffe5","3","3","[""ANSWER_MISSING"",""CHOICES_REQUIRED"",""SOLUTION_MISSING"",""PAU_DETAIL_INCOMPLETE"",""PAU_MODALITY_UNDECLARED"",""SOLUTION_REVIEW_REQUIRED""]"
"cand-3d1a9a91-1a3d-5d25-9854-3de80b41eb86","ex-da7d88da-99de-59a9-a0c7-18b2b698008f","3","3","[""ANSWER_MISSING"",""CHOICES_REQUIRED"",""SOLUTION_MISSING"",""PAU_DETAIL_INCOMPLETE"",""PAU_MODALITY_UNDECLARED"",""SOLUTION_REVIEW_REQUIRED""]"
"cand-40191e4e-cd8b-57ed-9a6d-deaf352aaf51","ex-a7b7d3d5-c273-5152-b0a9-5a4e45267f47","3","3","[""ANSWER_MISSING"",""CHOICES_REQUIRED"",""SOLUTION_MISSING"",""PAU_DETAIL_INCOMPLETE"",""PAU_MODALITY_UNDECLARED"",""SOLUTION_REVIEW_REQUIRED""]"
"cand-0b8003b2-0f1d-5c1e-b6fd-6dda3310b942","ex-ebc11c94-730e-5844-aa35-4b2f995da954","3","2","[""ANSWER_MISSING"",""CHOICES_REQUIRED"",""SOLUTION_MISSING"",""PAU_MODALITY_UNDECLARED"",""SOLUTION_REVIEW_REQUIRED""]"
"cand-5286feff-ab26-5235-a666-25f7b07224dc","ex-774cafe4-4a13-57df-8cc7-e29c007836cd","3","2","[""ANSWER_MISSING"",""CHOICES_REQUIRED"",""SOLUTION_MISSING"",""PAU_MODALITY_UNDECLARED"",""SOLUTION_REVIEW_REQUIRED""]"
"cand-9730f951-41e7-5bb0-9485-0daaba236eeb","ex-5466ba81-eb34-5b54-a78e-aa54d6b82b6a","3","2","[""ANSWER_MISSING"",""CHOICES_REQUIRED"",""SOLUTION_MISSING"",""PAU_MODALITY_UNDECLARED"",""SOLUTION_REVIEW_REQUIRED""]"
"cand-78e39ccf-88c7-5a7b-b999-7c1c8b98f1b2","ex-d489ecd0-58e7-598d-bb55-c23320100bed","3","2","[""ANSWER_MISSING"",""CHOICES_REQUIRED"",""SOLUTION_MISSING"",""PAU_MODALITY_UNDECLARED"",""SOLUTION_REVIEW_REQUIRED""]"
"cand-5395c590-fa10-5164-8477-9d31c71dc7db","ex-09c3baca-48ec-5069-b47a-cbeb94b9c1d3","3","3","[""ANSWER_MISSING"",""CHOICES_REQUIRED"",""SOLUTION_MISSING"",""PAU_DETAIL_INCOMPLETE"",""PAU_MODALITY_UNDECLARED"",""SOLUTION_REVIEW_REQUIRED""]"
"cand-9ef09c62-b02e-5165-9c29-59370aaa7ec0","ex-d88818b0-71ae-54ba-93eb-4e86526aaa2e","3","3","[""ANSWER_MISSING"",""CHOICES_REQUIRED"",""SOLUTION_MISSING"",""PAU_DETAIL_INCOMPLETE"",""PAU_MODALITY_UNDECLARED"",""SOLUTION_REVIEW_REQUIRED""]"
"cand-a3d393d4-dcb3-51f2-bd08-432161c1b19b","ex-2f99640c-5c70-567d-823f-55856a075ffd","3","2","[""ANSWER_MISSING"",""CHOICES_REQUIRED"",""SOLUTION_MISSING"",""PAU_MODALITY_UNDECLARED"",""SOLUTION_REVIEW_REQUIRED""]"
"cand-6d9a4df3-ea67-50b7-9248-2deb29c91e99","ex-f6d3addb-989d-57ae-a88d-ddcbf5fabb19","3","2","[""ANSWER_MISSING"",""CHOICES_REQUIRED"",""SOLUTION_MISSING"",""PAU_MODALITY_UNDECLARED"",""SOLUTION_REVIEW_REQUIRED""]"
"cand-21759c81-1933-5a8f-992a-7ad90b4e0c3d","ex-a4872415-94fb-5358-8eab-964664d3e704","3","3","[""ANSWER_MISSING"",""CHOICES_REQUIRED"",""SOLUTION_MISSING"",""MATH_REPRESENTATION_UNDECLARED"",""PAU_MODALITY_UNDECLARED"",""SOLUTION_REVIEW_REQUIRED""]"
"cand-702e2cbe-cc81-512c-83da-605b6370731f","ex-e1a0c06b-b1e1-57f0-a4da-eda7b68576ad","3","2","[""ANSWER_MISSING"",""CHOICES_REQUIRED"",""SOLUTION_MISSING"",""PAU_MODALITY_UNDECLARED"",""SOLUTION_REVIEW_REQUIRED""]"
"cand-c46b6fa1-4ff1-5ded-9cb2-f44ce3cfcd66","ex-bca98dcc-c780-5d1b-a294-ed1e49b34a97","3","2","[""ANSWER_MISSING"",""CHOICES_REQUIRED"",""SOLUTION_MISSING"",""PAU_MODALITY_UNDECLARED"",""SOLUTION_REVIEW_REQUIRED""]"
"cand-bac8a143-7feb-55d6-ba92-2a98c15a5045","ex-cc9bb6b5-0f59-5e3c-9f4f-26004cea1f93","3","4","[""ANSWER_MISSING"",""CHOICES_REQUIRED"",""SOLUTION_MISSING"",""MATH_REPRESENTATION_UNDECLARED"",""PAU_DETAIL_INCOMPLETE"",""PAU_MODALITY_UNDECLARED"",""SOLUTION_REVIEW_REQUIRED""]"
"cand-0b27fb1c-df8f-53ca-a53f-03ee22a650a4","ex-8b323f1b-446e-5d18-8f94-a03cdbd7a261","3","3","[""ANSWER_MISSING"",""CHOICES_REQUIRED"",""SOLUTION_MISSING"",""PAU_DETAIL_INCOMPLETE"",""PAU_MODALITY_UNDECLARED"",""SOLUTION_REVIEW_REQUIRED""]"
"cand-c6750a21-e8f7-5170-841e-5b6be0da41ad","ex-6432d5fc-43c5-52b2-a1a5-7899531e0660","3","2","[""ANSWER_MISSING"",""CHOICES_REQUIRED"",""SOLUTION_MISSING"",""PAU_MODALITY_UNDECLARED"",""SOLUTION_REVIEW_REQUIRED""]"
"cand-35a1b6f2-7347-5ef7-b219-947b3c353818","ex-7cc6a6d0-b2ee-5314-a034-c323fd81acc6","3","2","[""ANSWER_MISSING"",""CHOICES_REQUIRED"",""SOLUTION_MISSING"",""PAU_MODALITY_UNDECLARED"",""SOLUTION_REVIEW_REQUIRED""]"
"cand-275db804-cc51-5a46-9352-744ad31ec0ac","ex-55f7c168-b48a-5277-8e02-4c67660f7977","3","3","[""ANSWER_MISSING"",""CHOICES_REQUIRED"",""SOLUTION_MISSING"",""PAU_DETAIL_INCOMPLETE"",""PAU_MODALITY_UNDECLARED"",""SOLUTION_REVIEW_REQUIRED""]"
"cand-b100d8af-452d-5ae4-8d17-9035f378b77b","ex-f44adf44-f1e7-5dd7-b4de-658c29eaa762","3","2","[""ANSWER_MISSING"",""CHOICES_REQUIRED"",""SOLUTION_MISSING"",""PAU_MODALITY_UNDECLARED"",""SOLUTION_REVIEW_REQUIRED""]"
"cand-ebbaf352-04aa-546c-845e-0e8e46753191","ex-4198375f-6b80-5efb-89d1-e3fb1d0dec04","3","2","[""ANSWER_MISSING"",""CHOICES_REQUIRED"",""SOLUTION_MISSING"",""PAU_MODALITY_UNDECLARED"",""SOLUTION_REVIEW_REQUIRED""]"
"cand-ffda1ee5-b951-5159-9d80-b67d1d22c65d","ex-853b9171-2cc1-5b2b-b66a-9e76180430bc","3","3","[""ANSWER_MISSING"",""CHOICES_REQUIRED"",""SOLUTION_MISSING"",""MATH_REPRESENTATION_UNDECLARED"",""PAU_MODALITY_UNDECLARED"",""SOLUTION_REVIEW_REQUIRED""]"
"cand-13441897-4d62-5823-841d-078cc1fbe8de","ex-115ea7da-97b3-556b-8583-f1b0c219ae38","3","2","[""ANSWER_MISSING"",""CHOICES_REQUIRED"",""SOLUTION_MISSING"",""PAU_MODALITY_UNDECLARED"",""SOLUTION_REVIEW_REQUIRED""]"
"cand-4fbd1f09-3728-5fa6-85e0-47092a688f67","ex-1a904aa4-7000-53fc-ba3d-ecd10fb71727","3","2","[""ANSWER_MISSING"",""CHOICES_REQUIRED"",""SOLUTION_MISSING"",""PAU_MODALITY_UNDECLARED"",""SOLUTION_REVIEW_REQUIRED""]"
"cand-9be2a821-8bc9-56ba-9bca-97755535aa25","ex-0a961d36-4707-5843-ba1f-85671c9d9857","3","2","[""ANSWER_MISSING"",""CHOICES_REQUIRED"",""SOLUTION_MISSING"",""PAU_MODALITY_UNDECLARED"",""SOLUTION_REVIEW_REQUIRED""]"
"cand-1e934b10-7ac1-5216-9279-d2c1bc7c3f08","ex-f9d273f9-8e5a-5404-a5ad-ce5cd961bb31","3","2","[""ANSWER_MISSING"",""CHOICES_REQUIRED"",""SOLUTION_MISSING"",""PAU_MODALITY_UNDECLARED"",""SOLUTION_REVIEW_REQUIRED""]"
"cand-4fb54518-f298-5a05-b686-63f477c75a6b","ex-e510f344-3707-5b20-9b15-4979618f1aab","3","3","[""ANSWER_MISSING"",""CHOICES_REQUIRED"",""SOLUTION_MISSING"",""PAU_DETAIL_INCOMPLETE"",""PAU_MODALITY_UNDECLARED"",""SOLUTION_REVIEW_REQUIRED""]"
"cand-83d358e6-0d1a-518c-b5eb-a38b85b2bca2","ex-bf1361c7-5871-5a13-a644-53db6ca45a42","3","2","[""ANSWER_MISSING"",""CHOICES_REQUIRED"",""SOLUTION_MISSING"",""PAU_MODALITY_UNDECLARED"",""SOLUTION_REVIEW_REQUIRED""]"
"cand-97f06b01-2d5a-52c3-958f-17255eb086f4","ex-32faafdf-a760-5689-ab64-2aa7a3171364","3","2","[""ANSWER_MISSING"",""CHOICES_REQUIRED"",""SOLUTION_MISSING"",""PAU_MODALITY_UNDECLARED"",""SOLUTION_REVIEW_REQUIRED""]"
"cand-9772e858-5f37-58d5-86e7-11c76cec9342","ex-2d7af7b5-8ee6-5ab2-a00f-abfdf25cd4dd","3","3","[""ANSWER_MISSING"",""CHOICES_REQUIRED"",""SOLUTION_MISSING"",""MATH_REPRESENTATION_UNDECLARED"",""PAU_MODALITY_UNDECLARED"",""SOLUTION_REVIEW_REQUIRED""]"
"cand-745f2bd6-a517-59e7-9a1c-3c660428f113","ex-edd0630c-f052-5fa1-893c-94a013721318","3","2","[""ANSWER_MISSING"",""CHOICES_REQUIRED"",""SOLUTION_MISSING"",""PAU_MODALITY_UNDECLARED"",""SOLUTION_REVIEW_REQUIRED""]"
"cand-ba310253-b0f9-563d-aed7-1c613acfe9d9","ex-30c96a40-5ced-592e-8aed-27d86516e2ec","3","3","[""ANSWER_MISSING"",""CHOICES_REQUIRED"",""SOLUTION_MISSING"",""PAU_DETAIL_INCOMPLETE"",""PAU_MODALITY_UNDECLARED"",""SOLUTION_REVIEW_REQUIRED""]"
"cand-e8e634fa-83e1-5ba0-903e-509a18e7c517","ex-ec49abd1-2821-5bf8-b094-1be2d62d3174","3","2","[""ANSWER_MISSING"",""CHOICES_REQUIRED"",""SOLUTION_MISSING"",""PAU_MODALITY_UNDECLARED"",""SOLUTION_REVIEW_REQUIRED""]"
"cand-9aa83fa8-f85c-521a-a333-0647a222b68f","ex-a423accb-ca88-583b-b8d9-b4ba9b95913b","3","3","[""ANSWER_MISSING"",""CHOICES_REQUIRED"",""SOLUTION_MISSING"",""MATH_REPRESENTATION_UNDECLARED"",""PAU_MODALITY_UNDECLARED"",""SOLUTION_REVIEW_REQUIRED""]"
"cand-c5be8f57-bdbe-5fd6-aef5-8ed2f126b489","ex-210fad66-f24f-55cb-8a3f-3128a577d44b","3","3","[""ANSWER_MISSING"",""CHOICES_REQUIRED"",""SOLUTION_MISSING"",""PAU_DETAIL_INCOMPLETE"",""PAU_MODALITY_UNDECLARED"",""SOLUTION_REVIEW_REQUIRED""]"
"cand-5cf97f56-248b-581b-82f9-568167b3c1bb","ex-9d06948c-2856-5365-91cb-d290337a0ce9","3","4","[""ANSWER_MISSING"",""CHOICES_REQUIRED"",""SOLUTION_MISSING"",""MATH_REPRESENTATION_UNDECLARED"",""PAU_DETAIL_INCOMPLETE"",""PAU_MODALITY_UNDECLARED"",""SOLUTION_REVIEW_REQUIRED""]"
"cand-49d104a2-617b-502b-a032-94ba05bc21e6","ex-bf22b6c2-c4bd-5f68-871a-b5ec2e859ff4","3","3","[""ANSWER_MISSING"",""CHOICES_REQUIRED"",""SOLUTION_MISSING"",""MATH_REPRESENTATION_UNDECLARED"",""PAU_MODALITY_UNDECLARED"",""SOLUTION_REVIEW_REQUIRED""]"
"cand-ab698906-4026-590d-9dff-6c7dd467ba84","ex-cf6582f1-dfe0-538f-b31d-12e63f13ac48","3","2","[""ANSWER_MISSING"",""CHOICES_REQUIRED"",""SOLUTION_MISSING"",""PAU_MODALITY_UNDECLARED"",""SOLUTION_REVIEW_REQUIRED""]"
"cand-f8af1c63-bdfb-5143-b3d2-729cf498b45a","ex-c460b7db-3dcb-5780-a2a2-362209ed21c0","3","2","[""ANSWER_MISSING"",""CHOICES_REQUIRED"",""SOLUTION_MISSING"",""PAU_MODALITY_UNDECLARED"",""SOLUTION_REVIEW_REQUIRED""]"
"cand-414c74c3-385a-5212-80bc-0853b4160fc0","ex-0e1333f0-3bbf-5d56-a2c9-73d853557899","3","3","[""ANSWER_MISSING"",""CHOICES_REQUIRED"",""SOLUTION_MISSING"",""PAU_DETAIL_INCOMPLETE"",""PAU_MODALITY_UNDECLARED"",""SOLUTION_REVIEW_REQUIRED""]"
"cand-2ad07dbe-bb9a-5282-9d2d-3744f9d6ab44","ex-5b8ee08f-60aa-5f02-b47d-9cf2c6039415","3","2","[""ANSWER_MISSING"",""CHOICES_REQUIRED"",""SOLUTION_MISSING"",""PAU_MODALITY_UNDECLARED"",""SOLUTION_REVIEW_REQUIRED""]"
"cand-45d435b4-1250-5584-9c3b-aa43e0a13736","ex-1801d9e7-46dd-5b78-946e-11aed5ca5f5f","3","2","[""ANSWER_MISSING"",""CHOICES_REQUIRED"",""SOLUTION_MISSING"",""PAU_MODALITY_UNDECLARED"",""SOLUTION_REVIEW_REQUIRED""]"
"cand-3710494c-a38c-58ab-a7f5-f41d511a6be8","ex-2f107304-9219-5350-aef7-27e2a57c10e2","3","2","[""ANSWER_MISSING"",""CHOICES_REQUIRED"",""SOLUTION_MISSING"",""PAU_MODALITY_UNDECLARED"",""SOLUTION_REVIEW_REQUIRED""]"
"cand-5db11d08-6e95-524f-b0c8-996184efe1d7","ex-ada597dc-cffb-5742-8390-0f0e2f518e94","3","3","[""ANSWER_MISSING"",""CHOICES_REQUIRED"",""SOLUTION_MISSING"",""PAU_DETAIL_INCOMPLETE"",""PAU_MODALITY_UNDECLARED"",""SOLUTION_REVIEW_REQUIRED""]"
"cand-2b947257-cbc4-54c4-935b-b92b4a39b50c","ex-82d290e7-a95d-53f3-90c6-b08acec81ef0","3","3","[""ANSWER_MISSING"",""CHOICES_REQUIRED"",""SOLUTION_MISSING"",""PAU_DETAIL_INCOMPLETE"",""PAU_MODALITY_UNDECLARED"",""SOLUTION_REVIEW_REQUIRED""]"
"cand-4b9bb821-2a70-5992-a117-c08c2b2df61a","ex-0eb3215b-cf16-53f7-b4db-25f79aa687d0","3","2","[""ANSWER_MISSING"",""CHOICES_REQUIRED"",""SOLUTION_MISSING"",""PAU_MODALITY_UNDECLARED"",""SOLUTION_REVIEW_REQUIRED""]"
"cand-35f6a151-5e63-552b-84c7-69f47a32ab03","ex-d734d56e-323d-543c-b2b9-3381dd9b1e50","3","2","[""ANSWER_MISSING"",""CHOICES_REQUIRED"",""SOLUTION_MISSING"",""PAU_MODALITY_UNDECLARED"",""SOLUTION_REVIEW_REQUIRED""]"
"cand-266d05dc-e261-5234-9032-bcdfc9317fe2","ex-257d1480-d457-54bf-9b1a-ebd4892cb2e2","3","2","[""ANSWER_MISSING"",""CHOICES_REQUIRED"",""SOLUTION_MISSING"",""PAU_MODALITY_UNDECLARED"",""SOLUTION_REVIEW_REQUIRED""]"
"cand-fb290c18-cc61-50d2-9745-fdc5dd378158","ex-79e58e25-2705-5cf9-9a79-e1b83e0c90fa","3","2","[""ANSWER_MISSING"",""CHOICES_REQUIRED"",""SOLUTION_MISSING"",""PAU_MODALITY_UNDECLARED"",""SOLUTION_REVIEW_REQUIRED""]"
"cand-83c6da41-6312-589d-8360-6d3f9aa34225","ex-a0da2b7a-0d52-59a6-af59-7d7e0515b8c1","3","3","[""ANSWER_MISSING"",""CHOICES_REQUIRED"",""SOLUTION_MISSING"",""MATH_REPRESENTATION_UNDECLARED"",""PAU_MODALITY_UNDECLARED"",""SOLUTION_REVIEW_REQUIRED""]"
"cand-c4e68e5e-106c-5ecb-b70c-a7412a1cc732","ex-87180fec-ad26-558b-b800-de0efc50ca71","3","4","[""ANSWER_MISSING"",""CHOICES_REQUIRED"",""SOLUTION_MISSING"",""MATH_REPRESENTATION_UNDECLARED"",""PAU_DETAIL_INCOMPLETE"",""PAU_MODALITY_UNDECLARED"",""SOLUTION_REVIEW_REQUIRED""]"
"cand-036b2b9a-4172-5a27-9e94-cbf4a65e80a0","ex-d120be30-8c78-560b-96c3-137200fc7317","3","3","[""ANSWER_MISSING"",""CHOICES_REQUIRED"",""SOLUTION_MISSING"",""MATH_REPRESENTATION_UNDECLARED"",""PAU_MODALITY_UNDECLARED"",""SOLUTION_REVIEW_REQUIRED""]"
"cand-8d09cd78-0173-57bb-b4aa-536cbaf42ddb","ex-a42d2a36-5b17-54ae-9cbc-f8337a0dc1f4","3","2","[""ANSWER_MISSING"",""CHOICES_REQUIRED"",""SOLUTION_MISSING"",""PAU_MODALITY_UNDECLARED"",""SOLUTION_REVIEW_REQUIRED""]"
"cand-d8540cb3-92dd-5c11-820d-a7030f531161","ex-cf80c6d7-1e3f-54e1-9341-f829411dd877","3","3","[""ANSWER_MISSING"",""CHOICES_REQUIRED"",""SOLUTION_MISSING"",""MATH_REPRESENTATION_UNDECLARED"",""PAU_MODALITY_UNDECLARED"",""SOLUTION_REVIEW_REQUIRED""]"
"cand-97ea514a-8027-54cd-b9de-efa8f7fe40ff","ex-55c02837-72cb-50b6-8aea-f60d33ce5a38","3","2","[""ANSWER_MISSING"",""CHOICES_REQUIRED"",""SOLUTION_MISSING"",""PAU_MODALITY_UNDECLARED"",""SOLUTION_REVIEW_REQUIRED""]"
"cand-6a1ef011-c60c-506a-b09c-13a84d9b0ca9","ex-53d8e2b1-c61e-55c9-9ebf-3e52af44abd9","3","3","[""ANSWER_MISSING"",""CHOICES_REQUIRED"",""SOLUTION_MISSING"",""PAU_DETAIL_INCOMPLETE"",""PAU_MODALITY_UNDECLARED"",""SOLUTION_REVIEW_REQUIRED""]"
"cand-b3008c65-a066-5457-a7e5-3b93645e673d","ex-0c99e95e-94f0-5db1-8a3b-a56013cfed00","3","3","[""ANSWER_MISSING"",""CHOICES_REQUIRED"",""SOLUTION_MISSING"",""PAU_DETAIL_INCOMPLETE"",""PAU_MODALITY_UNDECLARED"",""SOLUTION_REVIEW_REQUIRED""]"
"cand-f832b3d7-4055-56a0-a9f7-cfcadaf5b161","ex-4f3d7d90-92a3-5363-8a52-6da4db49f71a","3","3","[""ANSWER_MISSING"",""CHOICES_REQUIRED"",""SOLUTION_MISSING"",""MATH_REPRESENTATION_UNDECLARED"",""PAU_MODALITY_UNDECLARED"",""SOLUTION_REVIEW_REQUIRED""]"
"cand-4ebe04bd-e088-54df-8436-c65c33c742fc","ex-6d950d45-a42c-5ea6-ab69-ea3decd3ce19","3","2","[""ANSWER_MISSING"",""CHOICES_REQUIRED"",""SOLUTION_MISSING"",""PAU_MODALITY_UNDECLARED"",""SOLUTION_REVIEW_REQUIRED""]"
"cand-1c2fe9bb-fba8-52ae-a9a2-91207e03981c","ex-207e3907-38c6-5639-8990-7cfe9e664122","3","2","[""ANSWER_MISSING"",""CHOICES_REQUIRED"",""SOLUTION_MISSING"",""PAU_MODALITY_UNDECLARED"",""SOLUTION_REVIEW_REQUIRED""]"
"cand-3c4d8845-7503-50e3-987b-e76a700ec4a2","ex-8e1f0821-3913-5692-9642-547a5383211d","3","2","[""ANSWER_MISSING"",""CHOICES_REQUIRED"",""SOLUTION_MISSING"",""PAU_MODALITY_UNDECLARED"",""SOLUTION_REVIEW_REQUIRED""]"
"cand-7e12c435-7dfc-5375-8a6a-97040b24bbfd","ex-4417ce40-8a01-5885-be89-0fca24e58dee","3","2","[""ANSWER_MISSING"",""CHOICES_REQUIRED"",""SOLUTION_MISSING"",""PAU_MODALITY_UNDECLARED"",""SOLUTION_REVIEW_REQUIRED""]"
"cand-aa1f6071-0a01-55cd-b8cf-ce08f29d4e1d","ex-1d74cb27-8c2d-5fa8-8ea0-11618b0cd16c","3","3","[""ANSWER_MISSING"",""CHOICES_REQUIRED"",""SOLUTION_MISSING"",""MATH_REPRESENTATION_UNDECLARED"",""PAU_MODALITY_UNDECLARED"",""SOLUTION_REVIEW_REQUIRED""]"
"cand-0afdd772-9e48-5fb6-bb78-8c0738731a3b","ex-0c607810-f951-5289-9431-210be1d54039","3","3","[""ANSWER_MISSING"",""CHOICES_REQUIRED"",""SOLUTION_MISSING"",""MATH_REPRESENTATION_UNDECLARED"",""PAU_MODALITY_UNDECLARED"",""SOLUTION_REVIEW_REQUIRED""]"
"cand-dd57cacf-4c8d-5758-9c43-dec167e22177","ex-149a326b-46a9-51b5-a562-4189ace81030","3","2","[""ANSWER_MISSING"",""CHOICES_REQUIRED"",""SOLUTION_MISSING"",""PAU_MODALITY_UNDECLARED"",""SOLUTION_REVIEW_REQUIRED""]"
"cand-87a62da3-8570-58e3-9a9b-958f18e59bc7","ex-1b3e29bb-dd36-547d-9ea6-f97a0162d2a0","3","2","[""ANSWER_MISSING"",""CHOICES_REQUIRED"",""SOLUTION_MISSING"",""PAU_MODALITY_UNDECLARED"",""SOLUTION_REVIEW_REQUIRED""]"
"cand-c41e8687-54c2-54f5-aef1-b06029087f54","ex-6370b2e1-0a9b-5cbf-80fa-29d4e62de32a","3","3","[""ANSWER_MISSING"",""CHOICES_REQUIRED"",""SOLUTION_MISSING"",""MATH_REPRESENTATION_UNDECLARED"",""PAU_MODALITY_UNDECLARED"",""SOLUTION_REVIEW_REQUIRED""]"
"cand-0d3148ab-5494-5521-9218-25550094ff09","ex-d33152da-4f87-5725-a88a-cf39a59dc82b","3","2","[""ANSWER_MISSING"",""CHOICES_REQUIRED"",""SOLUTION_MISSING"",""PAU_MODALITY_UNDECLARED"",""SOLUTION_REVIEW_REQUIRED""]"
"cand-7cfe1b17-49fa-598a-ad17-20a9fe0cfb24","ex-87a53463-a280-5af3-809a-4690a24e7ea6","3","3","[""ANSWER_MISSING"",""CHOICES_REQUIRED"",""SOLUTION_MISSING"",""PAU_DETAIL_INCOMPLETE"",""PAU_MODALITY_UNDECLARED"",""SOLUTION_REVIEW_REQUIRED""]"
"cand-b381ee3f-2ccb-531f-b8b8-cb768c9a3029","ex-4815f1bd-a2f9-5205-b360-d1470d6f142e","3","2","[""ANSWER_MISSING"",""CHOICES_REQUIRED"",""SOLUTION_MISSING"",""PAU_MODALITY_UNDECLARED"",""SOLUTION_REVIEW_REQUIRED""]"
"cand-cdacafb7-ccf2-56b8-8c81-230291b7297e","ex-f4f3f399-f676-569e-9c7c-c7c6d9aa92d2","3","3","[""ANSWER_MISSING"",""CHOICES_REQUIRED"",""SOLUTION_MISSING"",""PAU_DETAIL_INCOMPLETE"",""PAU_MODALITY_UNDECLARED"",""SOLUTION_REVIEW_REQUIRED""]"
"cand-b937ce86-30ec-5382-9843-49cf74c1ec7c","ex-7dd5b19a-a991-56e4-b386-a61e64d8e56f","3","3","[""ANSWER_MISSING"",""CHOICES_REQUIRED"",""SOLUTION_MISSING"",""PAU_DETAIL_INCOMPLETE"",""PAU_MODALITY_UNDECLARED"",""SOLUTION_REVIEW_REQUIRED""]"
"cand-108548f5-84c1-5367-849e-96d85d7942e2","ex-335e64ef-7f19-5de8-a836-a22b2cc938d5","3","2","[""ANSWER_MISSING"",""CHOICES_REQUIRED"",""SOLUTION_MISSING"",""PAU_MODALITY_UNDECLARED"",""SOLUTION_REVIEW_REQUIRED""]"
"cand-1c5eaada-da69-5098-992c-772fad883607","ex-40274153-d64b-5645-b6c0-e6bb43fa1ccd","3","2","[""ANSWER_MISSING"",""CHOICES_REQUIRED"",""SOLUTION_MISSING"",""PAU_MODALITY_UNDECLARED"",""SOLUTION_REVIEW_REQUIRED""]"
"cand-3b8bb177-49b5-5bb5-b158-d240aad49928","ex-8ce82e94-7906-5545-9a86-8a6745a00b5a","3","3","[""ANSWER_MISSING"",""CHOICES_REQUIRED"",""SOLUTION_MISSING"",""PAU_DETAIL_INCOMPLETE"",""PAU_MODALITY_UNDECLARED"",""SOLUTION_REVIEW_REQUIRED""]"
"cand-4bd1e90a-1ea4-530f-906b-1d50ca824b96","ex-6722d05f-c270-5458-8886-29bb9e37dae0","3","2","[""ANSWER_MISSING"",""CHOICES_REQUIRED"",""SOLUTION_MISSING"",""PAU_MODALITY_UNDECLARED"",""SOLUTION_REVIEW_REQUIRED""]"
"cand-2ad9296d-8e25-5449-b871-e2f3f0314939","ex-e65c59de-2722-5f20-9760-989076e62d4e","3","2","[""ANSWER_MISSING"",""CHOICES_REQUIRED"",""SOLUTION_MISSING"",""PAU_MODALITY_UNDECLARED"",""SOLUTION_REVIEW_REQUIRED""]"
"cand-c0a8cf07-48e2-5253-8d7f-66f28550cc74","ex-14eaf32e-f043-5f78-ad1c-fffae9c18b50","3","3","[""ANSWER_MISSING"",""CHOICES_REQUIRED"",""SOLUTION_MISSING"",""MATH_REPRESENTATION_UNDECLARED"",""PAU_MODALITY_UNDECLARED"",""SOLUTION_REVIEW_REQUIRED""]"
"cand-34cba85d-fb99-56cb-ab4c-0f94b07278e1","ex-8b01e830-cf41-5422-8bdc-e026c27772f3","3","3","[""ANSWER_MISSING"",""CHOICES_REQUIRED"",""SOLUTION_MISSING"",""MATH_REPRESENTATION_UNDECLARED"",""PAU_MODALITY_UNDECLARED"",""SOLUTION_REVIEW_REQUIRED""]"
"cand-07dfa48f-e431-5fde-97d6-89a58d6cb942","ex-f7e18731-5af5-5a6c-a519-dda5738a85d5","3","3","[""ANSWER_MISSING"",""CHOICES_REQUIRED"",""SOLUTION_MISSING"",""PAU_DETAIL_INCOMPLETE"",""PAU_MODALITY_UNDECLARED"",""SOLUTION_REVIEW_REQUIRED""]"
"cand-795e4364-cbe7-5f4d-937f-2a70d92b82d7","ex-338f72c4-8a66-5c87-95fc-c67dc81f1dd1","3","2","[""ANSWER_MISSING"",""CHOICES_REQUIRED"",""SOLUTION_MISSING"",""PAU_MODALITY_UNDECLARED"",""SOLUTION_REVIEW_REQUIRED""]"
"cand-29a20022-dadb-5d3c-9a2c-94715f218b3e","ex-7d884ed6-55eb-58a0-a189-46bbe3d15482","3","2","[""ANSWER_MISSING"",""CHOICES_REQUIRED"",""SOLUTION_MISSING"",""PAU_MODALITY_UNDECLARED"",""SOLUTION_REVIEW_REQUIRED""]"
"cand-df3517a8-b783-57ed-bef2-4e4bce592930","ex-f8d5584e-9e6b-5ce6-9954-6b9f8d1b3e46","3","2","[""ANSWER_MISSING"",""CHOICES_REQUIRED"",""SOLUTION_MISSING"",""PAU_MODALITY_UNDECLARED"",""SOLUTION_REVIEW_REQUIRED""]"
"cand-784b3317-2d2b-57d1-a4e3-9e0b964daeeb","ex-11d75b21-e244-5593-889f-9a8e5a68a4db","3","2","[""ANSWER_MISSING"",""CHOICES_REQUIRED"",""SOLUTION_MISSING"",""PAU_MODALITY_UNDECLARED"",""SOLUTION_REVIEW_REQUIRED""]"
"cand-4dbb7634-b648-541b-98d0-06d75426ac1f","ex-8cf4d69a-fc52-5b7e-a1ca-b51f1e3aabe7","3","3","[""ANSWER_MISSING"",""CHOICES_REQUIRED"",""SOLUTION_MISSING"",""MATH_REPRESENTATION_UNDECLARED"",""PAU_MODALITY_UNDECLARED"",""SOLUTION_REVIEW_REQUIRED""]"
"cand-ec5369f2-08c7-5096-8c32-4a08bbc41ba4","ex-f8cf3e13-7d86-58d5-b936-1c9e03c44531","3","2","[""ANSWER_MISSING"",""CHOICES_REQUIRED"",""SOLUTION_MISSING"",""PAU_MODALITY_UNDECLARED"",""SOLUTION_REVIEW_REQUIRED""]"
"cand-f6a798e4-f61e-595d-8feb-22067273ff4a","ex-2680a122-c3d6-5ff9-808f-bd2c1836d1be","3","3","[""ANSWER_MISSING"",""CHOICES_REQUIRED"",""SOLUTION_MISSING"",""PAU_DETAIL_INCOMPLETE"",""PAU_MODALITY_UNDECLARED"",""SOLUTION_REVIEW_REQUIRED""]"
"cand-d3a5cdfb-2590-5d2d-a48c-16f22b583d60","ex-39ebfb63-0fb9-5681-9d95-110c7c721026","3","2","[""ANSWER_MISSING"",""CHOICES_REQUIRED"",""SOLUTION_MISSING"",""PAU_MODALITY_UNDECLARED"",""SOLUTION_REVIEW_REQUIRED""]"
"cand-ed71f230-722b-569d-bbcf-29409f733e29","ex-5e5f84d4-7490-5e73-8c54-495a11ee6e47","3","2","[""ANSWER_MISSING"",""CHOICES_REQUIRED"",""SOLUTION_MISSING"",""PAU_MODALITY_UNDECLARED"",""SOLUTION_REVIEW_REQUIRED""]"
"cand-7b5b1fba-fa61-5d5f-a261-9000ed44f4ec","ex-3db962bd-a87c-5a4f-9f62-8328322add43","3","2","[""ANSWER_MISSING"",""CHOICES_REQUIRED"",""SOLUTION_MISSING"",""PAU_MODALITY_UNDECLARED"",""SOLUTION_REVIEW_REQUIRED""]"
"cand-b5a78b98-2f99-58ec-9ce1-a2f80fe7bdc8","ex-ea415cae-395a-53fd-9a26-48d9a370a1de","3","2","[""ANSWER_MISSING"",""CHOICES_REQUIRED"",""SOLUTION_MISSING"",""PAU_MODALITY_UNDECLARED"",""SOLUTION_REVIEW_REQUIRED""]"
"cand-d99a52be-dce0-5543-a38a-5642c1c6ce31","ex-fb7c5369-edfe-5e1a-b1ec-b7c54faec3ba","3","2","[""ANSWER_MISSING"",""CHOICES_REQUIRED"",""SOLUTION_MISSING"",""PAU_MODALITY_UNDECLARED"",""SOLUTION_REVIEW_REQUIRED""]"
"cand-ff6b8d18-28c3-5166-ad00-91df0f136803","ex-7a4941a9-afcf-5ebd-aed6-74512b542dac","3","2","[""ANSWER_MISSING"",""CHOICES_REQUIRED"",""SOLUTION_MISSING"",""PAU_MODALITY_UNDECLARED"",""SOLUTION_REVIEW_REQUIRED""]"
"cand-6bd01a8c-4ed6-59a7-8fb2-5baeeb87e06d","ex-7638771c-ec05-586e-bfaf-6f34cd0d0f93","3","3","[""ANSWER_MISSING"",""CHOICES_REQUIRED"",""SOLUTION_MISSING"",""PAU_DETAIL_INCOMPLETE"",""PAU_MODALITY_UNDECLARED"",""SOLUTION_REVIEW_REQUIRED""]"
"cand-0c447fd4-18c0-573a-983a-f965f28d5060","ex-f191c118-7e83-5e87-aa9d-dca4cec2b04b","3","2","[""ANSWER_MISSING"",""CHOICES_REQUIRED"",""SOLUTION_MISSING"",""PAU_MODALITY_UNDECLARED"",""SOLUTION_REVIEW_REQUIRED""]"
"cand-68f9edce-28bd-5d61-944b-517c086a4cf6","ex-5e7ad19a-a141-5922-a196-43d02fb207a2","3","2","[""ANSWER_MISSING"",""CHOICES_REQUIRED"",""SOLUTION_MISSING"",""PAU_MODALITY_UNDECLARED"",""SOLUTION_REVIEW_REQUIRED""]"
"cand-f8757a99-fa96-580f-8d6e-df147ac62aac","ex-b37e9522-b842-5f15-b594-5b20d2d2659a","3","3","[""ANSWER_MISSING"",""CHOICES_REQUIRED"",""SOLUTION_MISSING"",""PAU_DETAIL_INCOMPLETE"",""PAU_MODALITY_UNDECLARED"",""SOLUTION_REVIEW_REQUIRED""]"
"cand-fb4a95ab-d127-5ea6-afcb-d8109cb85e0d","ex-9dbc8450-d271-5f47-8bef-3565fd0efdc3","3","2","[""ANSWER_MISSING"",""CHOICES_REQUIRED"",""SOLUTION_MISSING"",""PAU_MODALITY_UNDECLARED"",""SOLUTION_REVIEW_REQUIRED""]"
"cand-e5a77ad2-63c4-5aa6-8f59-a5dcb4c37864","ex-2778eb02-a7b7-5eaa-903a-b686aae9b417","7","3","[""ANSWER_MISSING"",""COMMUNITY_UNMAPPED"",""MODALITIES_MISSING"",""MODALITY_UNDEMONSTRATED"",""PAU_COMMUNITY_MISSING"",""SOLUTION_MISSING"",""UNMAPPED_TOPIC"",""MATH_REPRESENTATION_UNDECLARED"",""PAU_MODALITY_UNDECLARED"",""SOLUTION_REVIEW_REQUIRED""]"
"cand-e161502b-39f8-57d9-bf9c-ee9415ba2efd","ex-43193f70-9e0b-5e3e-ab4d-0695f48a8165","3","2","[""ANSWER_MISSING"",""CHOICES_REQUIRED"",""SOLUTION_MISSING"",""PAU_MODALITY_UNDECLARED"",""SOLUTION_REVIEW_REQUIRED""]"
"cand-638a1e86-4013-54d0-af2e-bd96d3464b8f","ex-20ebbfc3-564a-55b4-af42-9a0352cac180","3","2","[""ANSWER_MISSING"",""CHOICES_REQUIRED"",""SOLUTION_MISSING"",""PAU_MODALITY_UNDECLARED"",""SOLUTION_REVIEW_REQUIRED""]"
"cand-c0585041-e67e-52f2-bb5d-a12ce51f23c4","ex-09bfac5f-48df-52da-bcfe-c53ff1d7324e","3","3","[""ANSWER_MISSING"",""CHOICES_REQUIRED"",""SOLUTION_MISSING"",""MATH_REPRESENTATION_UNDECLARED"",""PAU_MODALITY_UNDECLARED"",""SOLUTION_REVIEW_REQUIRED""]"
"cand-d5b7050d-7a08-5f73-9e5c-01b8c6257c7d","ex-101fc87f-8a5d-5f8b-b262-f29c98d8f82c","3","2","[""ANSWER_MISSING"",""CHOICES_REQUIRED"",""SOLUTION_MISSING"",""PAU_MODALITY_UNDECLARED"",""SOLUTION_REVIEW_REQUIRED""]"
"cand-bd6892f8-4eef-5a46-86d3-c7a0ea48b01a","ex-b6d43e71-1db4-531f-98d0-64c5b0497987","5","4","[""ANSWER_MISSING"",""MODALITIES_MISSING"",""MODALITY_UNDEMONSTRATED"",""SOLUTION_MISSING"",""UNMAPPED_TOPIC"",""MATH_REPRESENTATION_UNDECLARED"",""PAU_DETAIL_INCOMPLETE"",""PAU_MODALITY_UNDECLARED"",""SOLUTION_REVIEW_REQUIRED""]"
"cand-04bbb868-90cb-5022-9e0c-5763d65dbdd4","ex-b13e62fa-c5c3-52d5-ab16-5fda58aeab0a","3","3","[""ANSWER_MISSING"",""CHOICES_REQUIRED"",""SOLUTION_MISSING"",""PAU_DETAIL_INCOMPLETE"",""PAU_MODALITY_UNDECLARED"",""SOLUTION_REVIEW_REQUIRED""]"
"cand-e9118849-67ae-5468-92ce-80e26e5e4db5","ex-293cf1e0-95fb-5b9b-8f5d-d7fac2bc1c8a","5","3","[""ANSWER_MISSING"",""MODALITIES_MISSING"",""MODALITY_UNDEMONSTRATED"",""SOLUTION_MISSING"",""UNMAPPED_TOPIC"",""MATH_REPRESENTATION_UNDECLARED"",""PAU_MODALITY_UNDECLARED"",""SOLUTION_REVIEW_REQUIRED""]"
"cand-587296a5-4461-5977-9df3-2362a42c882e","ex-d877ef88-18c4-5222-a198-f7e40c894045","3","2","[""ANSWER_MISSING"",""CHOICES_REQUIRED"",""SOLUTION_MISSING"",""PAU_MODALITY_UNDECLARED"",""SOLUTION_REVIEW_REQUIRED""]"
"cand-929bb6a9-3d0f-5e61-b5ab-83c1ab485615","ex-a5914ca6-26a6-568f-aade-39f73941f5b9","5","3","[""ANSWER_MISSING"",""MODALITIES_MISSING"",""MODALITY_UNDEMONSTRATED"",""SOLUTION_MISSING"",""UNMAPPED_TOPIC"",""MATH_REPRESENTATION_UNDECLARED"",""PAU_MODALITY_UNDECLARED"",""SOLUTION_REVIEW_REQUIRED""]"
"cand-6c85f8eb-6e75-5099-9581-75a3a66a456e","ex-8250efe2-ac00-55a9-a7aa-60bf1f931e85","3","2","[""ANSWER_MISSING"",""CHOICES_REQUIRED"",""SOLUTION_MISSING"",""PAU_MODALITY_UNDECLARED"",""SOLUTION_REVIEW_REQUIRED""]"
"cand-171f0fe3-2743-5019-9ff2-7ccf85d59b2b","ex-f8917299-98d6-5481-a12c-2fe7a901c554","5","4","[""ANSWER_MISSING"",""MODALITIES_MISSING"",""MODALITY_UNDEMONSTRATED"",""SOLUTION_MISSING"",""UNMAPPED_TOPIC"",""MATH_REPRESENTATION_UNDECLARED"",""PAU_DETAIL_INCOMPLETE"",""PAU_MODALITY_UNDECLARED"",""SOLUTION_REVIEW_REQUIRED""]"
"cand-2f70a8f4-8d51-511a-968a-cedefb37b98c","ex-30849555-b62e-532a-afd3-8bd355c3eaa0","3","3","[""ANSWER_MISSING"",""CHOICES_REQUIRED"",""SOLUTION_MISSING"",""PAU_DETAIL_INCOMPLETE"",""PAU_MODALITY_UNDECLARED"",""SOLUTION_REVIEW_REQUIRED""]"
"cand-1d38a58d-2ce5-5e48-8ea1-f9ab1931a477","ex-5228e18e-6244-58fa-97cb-44221ca4b012","5","3","[""ANSWER_MISSING"",""MODALITIES_MISSING"",""MODALITY_UNDEMONSTRATED"",""SOLUTION_MISSING"",""UNMAPPED_TOPIC"",""MATH_REPRESENTATION_UNDECLARED"",""PAU_MODALITY_UNDECLARED"",""SOLUTION_REVIEW_REQUIRED""]"
"cand-5c331c41-8bd7-51e7-85b2-03ad9fb2f9a3","ex-8fd2f63d-a6d3-501e-8320-ef7073aea67c","3","2","[""ANSWER_MISSING"",""CHOICES_REQUIRED"",""SOLUTION_MISSING"",""PAU_MODALITY_UNDECLARED"",""SOLUTION_REVIEW_REQUIRED""]"
"cand-1ad670bd-caa1-5d1f-8185-03979c757392","ex-acf39b5c-ea93-58d5-a49c-636fcdf3d7cc","5","4","[""ANSWER_MISSING"",""MODALITIES_MISSING"",""MODALITY_UNDEMONSTRATED"",""SOLUTION_MISSING"",""UNMAPPED_TOPIC"",""MATH_REPRESENTATION_UNDECLARED"",""PAU_DETAIL_INCOMPLETE"",""PAU_MODALITY_UNDECLARED"",""SOLUTION_REVIEW_REQUIRED""]"
"cand-a8c0beac-0446-5f25-ba50-085b3430344d","ex-b97b326f-5bf4-5447-8fae-3d0ca3605aa9","3","3","[""ANSWER_MISSING"",""CHOICES_REQUIRED"",""SOLUTION_MISSING"",""PAU_DETAIL_INCOMPLETE"",""PAU_MODALITY_UNDECLARED"",""SOLUTION_REVIEW_REQUIRED""]"
"cand-2a0c3952-bc30-5030-a5c1-28f16e2cd79a","ex-400e1c39-64bb-5f1f-a7f8-5a16ffefcd9d","5","3","[""ANSWER_MISSING"",""MODALITIES_MISSING"",""MODALITY_UNDEMONSTRATED"",""SOLUTION_MISSING"",""UNMAPPED_TOPIC"",""MATH_REPRESENTATION_UNDECLARED"",""PAU_MODALITY_UNDECLARED"",""SOLUTION_REVIEW_REQUIRED""]"
"cand-aba1a043-dcf9-5cea-a2f3-82add45671f0","ex-5acb73af-2a06-544c-b529-52eed83a8dc5","3","2","[""ANSWER_MISSING"",""CHOICES_REQUIRED"",""SOLUTION_MISSING"",""PAU_MODALITY_UNDECLARED"",""SOLUTION_REVIEW_REQUIRED""]"
"cand-88b30b9a-1dc9-5f02-a4b5-56cf112b9dfb","ex-a585ff90-fb6c-5de5-8ebc-b26f3929633f","5","3","[""ANSWER_MISSING"",""MODALITIES_MISSING"",""MODALITY_UNDEMONSTRATED"",""SOLUTION_MISSING"",""UNMAPPED_TOPIC"",""MATH_REPRESENTATION_UNDECLARED"",""PAU_MODALITY_UNDECLARED"",""SOLUTION_REVIEW_REQUIRED""]"
"cand-cba544af-3e9c-5811-9641-f5345231ad2b","ex-2dfa0ae4-0ea9-518c-965c-b6f47e3dffa4","3","2","[""ANSWER_MISSING"",""CHOICES_REQUIRED"",""SOLUTION_MISSING"",""PAU_MODALITY_UNDECLARED"",""SOLUTION_REVIEW_REQUIRED""]"
"cand-12be2b03-d270-5ddc-ba22-2dff89622c79","ex-a956679f-1df8-58b6-b345-d08900cdd8f2","5","4","[""ANSWER_MISSING"",""MODALITIES_MISSING"",""MODALITY_UNDEMONSTRATED"",""SOLUTION_MISSING"",""UNMAPPED_TOPIC"",""MATH_REPRESENTATION_UNDECLARED"",""PAU_DETAIL_INCOMPLETE"",""PAU_MODALITY_UNDECLARED"",""SOLUTION_REVIEW_REQUIRED""]"
"cand-a878339a-6c9c-52a2-b59b-ff2adde5f743","ex-867622c8-3b6d-5a78-b1a2-bb9999e6ee11","3","3","[""ANSWER_MISSING"",""CHOICES_REQUIRED"",""SOLUTION_MISSING"",""PAU_DETAIL_INCOMPLETE"",""PAU_MODALITY_UNDECLARED"",""SOLUTION_REVIEW_REQUIRED""]"
"cand-309a96db-57b7-5771-aea2-48820a38a285","ex-692d73f9-b841-5361-9aca-8b34f607a8af","3","3","[""ANSWER_MISSING"",""CHOICES_REQUIRED"",""SOLUTION_MISSING"",""MATH_REPRESENTATION_UNDECLARED"",""PAU_MODALITY_UNDECLARED"",""SOLUTION_REVIEW_REQUIRED""]"
"cand-0720d42c-0a12-525d-9a71-9a2c9a30fdf7","ex-4c047d0d-8354-55de-94eb-97c830d9597d","3","2","[""ANSWER_MISSING"",""CHOICES_REQUIRED"",""SOLUTION_MISSING"",""PAU_MODALITY_UNDECLARED"",""SOLUTION_REVIEW_REQUIRED""]"
"cand-8c55afe6-3c51-5d23-a192-e370e853ff64","ex-533ee0e4-a6d9-5718-8226-a6470caf6439","3","4","[""ANSWER_MISSING"",""CHOICES_REQUIRED"",""SOLUTION_MISSING"",""MATH_REPRESENTATION_UNDECLARED"",""PAU_DETAIL_INCOMPLETE"",""PAU_MODALITY_UNDECLARED"",""SOLUTION_REVIEW_REQUIRED""]"
"cand-c1a3771b-0470-54c0-b345-f62435677c2c","ex-dd27b549-2449-590f-94a5-c502232d8b99","3","3","[""ANSWER_MISSING"",""CHOICES_REQUIRED"",""SOLUTION_MISSING"",""PAU_DETAIL_INCOMPLETE"",""PAU_MODALITY_UNDECLARED"",""SOLUTION_REVIEW_REQUIRED""]"
"cand-074d8dd0-0dd7-5ff7-9bcd-219b630fdfa4","ex-84f6b624-f273-5e24-b900-687746caf1f7","5","2","[""ANSWER_MISSING"",""MODALITIES_MISSING"",""MODALITY_UNDEMONSTRATED"",""SOLUTION_MISSING"",""UNMAPPED_TOPIC"",""PAU_MODALITY_UNDECLARED"",""SOLUTION_REVIEW_REQUIRED""]"
"cand-469ddaf0-152d-5d70-b20b-aab830900cee","ex-fbb8db77-90a4-5043-b043-b3ef0d805c13","3","3","[""ANSWER_MISSING"",""CHOICES_REQUIRED"",""SOLUTION_MISSING"",""MATH_REPRESENTATION_UNDECLARED"",""PAU_MODALITY_UNDECLARED"",""SOLUTION_REVIEW_REQUIRED""]"
"cand-795c6865-bce1-5362-831b-23ad91111524","ex-f01d1f06-7f99-5477-9ce2-ec51e84ad697","3","2","[""ANSWER_MISSING"",""CHOICES_REQUIRED"",""SOLUTION_MISSING"",""PAU_MODALITY_UNDECLARED"",""SOLUTION_REVIEW_REQUIRED""]"
"cand-a9bf866e-00c6-54f0-aa0d-cde5b98cf253","ex-32367c89-08ff-573f-908f-f78cf7d02937","3","2","[""ANSWER_MISSING"",""CHOICES_REQUIRED"",""SOLUTION_MISSING"",""PAU_MODALITY_UNDECLARED"",""SOLUTION_REVIEW_REQUIRED""]"
"cand-8bedc1d0-a595-5338-82e0-d6c3445e14e3","ex-e5d5739e-909c-5539-bf77-c80e3b3a54e2","5","3","[""ANSWER_MISSING"",""MODALITIES_MISSING"",""MODALITY_UNDEMONSTRATED"",""SOLUTION_MISSING"",""UNMAPPED_TOPIC"",""MATH_REPRESENTATION_UNDECLARED"",""PAU_MODALITY_UNDECLARED"",""SOLUTION_REVIEW_REQUIRED""]"
"cand-ffdef8b0-f7ef-5dc8-9cf1-5f7b6699897f","ex-070ab0d8-a431-59a4-983e-322e19287890","3","3","[""ANSWER_MISSING"",""CHOICES_REQUIRED"",""SOLUTION_MISSING"",""PAU_DETAIL_INCOMPLETE"",""PAU_MODALITY_UNDECLARED"",""SOLUTION_REVIEW_REQUIRED""]"
"cand-b0fab358-0934-5020-b615-5e92caa0555c","ex-ad236153-fbe8-5999-865d-04737a718e94","5","3","[""ANSWER_MISSING"",""MODALITIES_MISSING"",""MODALITY_UNDEMONSTRATED"",""SOLUTION_MISSING"",""UNMAPPED_TOPIC"",""MATH_REPRESENTATION_UNDECLARED"",""PAU_MODALITY_UNDECLARED"",""SOLUTION_REVIEW_REQUIRED""]"
"cand-ac999122-1a1b-5430-a3d4-3f911c028b69","ex-b3dcae2c-e5f4-5041-951a-35972b30dcfd","7","3","[""ANSWER_MISSING"",""COMMUNITY_UNMAPPED"",""MODALITIES_MISSING"",""MODALITY_UNDEMONSTRATED"",""PAU_COMMUNITY_MISSING"",""SOLUTION_MISSING"",""UNMAPPED_TOPIC"",""MATH_REPRESENTATION_UNDECLARED"",""PAU_MODALITY_UNDECLARED"",""SOLUTION_REVIEW_REQUIRED""]"
"cand-d638c7b7-30f5-517c-b586-646d7c48765a","ex-42d51778-7590-5763-a646-dc6cc22d202f","3","2","[""ANSWER_MISSING"",""CHOICES_REQUIRED"",""SOLUTION_MISSING"",""PAU_MODALITY_UNDECLARED"",""SOLUTION_REVIEW_REQUIRED""]"
"cand-49a766a2-3861-5ce4-9af8-7654af1c8ede","ex-e2da5a88-cbae-5796-9999-bc47e8b14628","3","2","[""ANSWER_MISSING"",""CHOICES_REQUIRED"",""SOLUTION_MISSING"",""PAU_MODALITY_UNDECLARED"",""SOLUTION_REVIEW_REQUIRED""]"
"cand-799e3eb0-954f-57a1-a963-dc34ce948f59","ex-f5d7a090-a245-5e18-ba9f-ea6293f5ed92","5","3","[""ANSWER_MISSING"",""MODALITIES_MISSING"",""MODALITY_UNDEMONSTRATED"",""SOLUTION_MISSING"",""UNMAPPED_TOPIC"",""MATH_REPRESENTATION_UNDECLARED"",""PAU_MODALITY_UNDECLARED"",""SOLUTION_REVIEW_REQUIRED""]"
"cand-96178fa3-62cb-5e71-a1bf-003307dce049","ex-0f87b711-cae3-52f9-8d42-0cc455880fe8","3","2","[""ANSWER_MISSING"",""CHOICES_REQUIRED"",""SOLUTION_MISSING"",""PAU_MODALITY_UNDECLARED"",""SOLUTION_REVIEW_REQUIRED""]"
"cand-dcf62bb2-1518-577d-8ce1-c055c900be6d","ex-8c708334-7ec5-5f50-b272-c73d60b7a86e","5","3","[""ANSWER_MISSING"",""MODALITIES_MISSING"",""MODALITY_UNDEMONSTRATED"",""SOLUTION_MISSING"",""UNMAPPED_TOPIC"",""MATH_REPRESENTATION_UNDECLARED"",""PAU_MODALITY_UNDECLARED"",""SOLUTION_REVIEW_REQUIRED""]"
"cand-08d00032-59b9-5302-a7a4-15011933ef49","ex-9f09fb70-2f11-504d-895c-7bc7b8f4e7fe","3","2","[""ANSWER_MISSING"",""CHOICES_REQUIRED"",""SOLUTION_MISSING"",""PAU_MODALITY_UNDECLARED"",""SOLUTION_REVIEW_REQUIRED""]"
"cand-4635f069-79fb-5bcf-bc12-d49aad4b3a21","ex-ebc05153-3052-55ac-8b56-ed47f10a8125","5","3","[""ANSWER_MISSING"",""MODALITIES_MISSING"",""MODALITY_UNDEMONSTRATED"",""SOLUTION_MISSING"",""UNMAPPED_TOPIC"",""MATH_REPRESENTATION_UNDECLARED"",""PAU_MODALITY_UNDECLARED"",""SOLUTION_REVIEW_REQUIRED""]"
"cand-f5cb993b-3895-582d-a9f4-3b561cac1b7f","ex-80e6e3ea-2c89-55b3-9235-a431ee4632d3","5","3","[""ANSWER_MISSING"",""MODALITIES_MISSING"",""MODALITY_UNDEMONSTRATED"",""SOLUTION_MISSING"",""UNMAPPED_TOPIC"",""MATH_REPRESENTATION_UNDECLARED"",""PAU_MODALITY_UNDECLARED"",""SOLUTION_REVIEW_REQUIRED""]"
"cand-d2f89018-df73-51a8-a4c1-1dd8d0a69b1f","ex-208967c8-7cae-5ae2-98b2-518ac0df3bfe","3","2","[""ANSWER_MISSING"",""CHOICES_REQUIRED"",""SOLUTION_MISSING"",""PAU_MODALITY_UNDECLARED"",""SOLUTION_REVIEW_REQUIRED""]"
"cand-dd5bc4c1-cd34-5ac0-a85b-0534a9c756b6","ex-7f634809-f2f6-5649-9cde-5d67fc214b81","5","3","[""ANSWER_MISSING"",""MODALITIES_MISSING"",""MODALITY_UNDEMONSTRATED"",""SOLUTION_MISSING"",""UNMAPPED_TOPIC"",""MATH_REPRESENTATION_UNDECLARED"",""PAU_MODALITY_UNDECLARED"",""SOLUTION_REVIEW_REQUIRED""]"
"cand-5d08f387-94cb-549c-a679-b84af092f30c","ex-6d94f793-3766-55b1-bc28-aeb6a3c65802","3","2","[""ANSWER_MISSING"",""CHOICES_REQUIRED"",""SOLUTION_MISSING"",""PAU_MODALITY_UNDECLARED"",""SOLUTION_REVIEW_REQUIRED""]"
"cand-59204053-3808-5f2d-9ef4-5053973e20d9","ex-55a7d4c4-d72b-5f73-8b2c-2b961e5ec24b","3","2","[""ANSWER_MISSING"",""CHOICES_REQUIRED"",""SOLUTION_MISSING"",""PAU_MODALITY_UNDECLARED"",""SOLUTION_REVIEW_REQUIRED""]"
"cand-4bcdf6f9-4b26-5576-bfb7-afd1925c11e9","ex-6eeab8ea-7223-5139-8a01-d7543a08cb8c","3","2","[""ANSWER_MISSING"",""CHOICES_REQUIRED"",""SOLUTION_MISSING"",""PAU_MODALITY_UNDECLARED"",""SOLUTION_REVIEW_REQUIRED""]"
"cand-5e7de5f0-4020-5bfd-857c-0a4ef0ee0612","ex-103298da-531b-5032-9e82-a930a7b6b229","5","3","[""ANSWER_MISSING"",""MODALITIES_MISSING"",""MODALITY_UNDEMONSTRATED"",""SOLUTION_MISSING"",""UNMAPPED_TOPIC"",""PAU_DETAIL_INCOMPLETE"",""PAU_MODALITY_UNDECLARED"",""SOLUTION_REVIEW_REQUIRED""]"
"cand-33295e80-ce73-53d5-b239-494a2809dd7a","ex-510d8d9f-dedc-5931-8940-51a3ba4ca51f","3","3","[""ANSWER_MISSING"",""CHOICES_REQUIRED"",""SOLUTION_MISSING"",""PAU_DETAIL_INCOMPLETE"",""PAU_MODALITY_UNDECLARED"",""SOLUTION_REVIEW_REQUIRED""]"
"cand-1dc1e75b-e47a-5f14-81e7-345f2966a234","ex-50a2b78d-bdcf-54c6-bb6e-5c4d3438eaf0","3","4","[""ANSWER_MISSING"",""CHOICES_REQUIRED"",""SOLUTION_MISSING"",""MATH_REPRESENTATION_UNDECLARED"",""PAU_DETAIL_INCOMPLETE"",""PAU_MODALITY_UNDECLARED"",""SOLUTION_REVIEW_REQUIRED""]"
"cand-45e5fa3f-f587-5bcb-9c51-8080ab7c1e68","ex-071dc876-eff7-5a2a-baf2-a94a6f7435fe","3","3","[""ANSWER_MISSING"",""CHOICES_REQUIRED"",""SOLUTION_MISSING"",""PAU_DETAIL_INCOMPLETE"",""PAU_MODALITY_UNDECLARED"",""SOLUTION_REVIEW_REQUIRED""]"
"cand-a1086c2e-7592-5b12-b99d-3824d60c98c0","ex-e22ffb57-7a4c-52b2-8e7a-908214291a9a","5","3","[""ANSWER_MISSING"",""MODALITIES_MISSING"",""MODALITY_UNDEMONSTRATED"",""SOLUTION_MISSING"",""UNMAPPED_TOPIC"",""MATH_REPRESENTATION_UNDECLARED"",""PAU_MODALITY_UNDECLARED"",""SOLUTION_REVIEW_REQUIRED""]"
"cand-bea51df4-b39d-5a82-b00b-2672f325f8bc","ex-5df153ca-20e4-522b-9ec0-1f7b65a9420d","3","2","[""ANSWER_MISSING"",""CHOICES_REQUIRED"",""SOLUTION_MISSING"",""PAU_MODALITY_UNDECLARED"",""SOLUTION_REVIEW_REQUIRED""]"
"cand-73ced507-f1df-5c16-affe-f6d8b7252d3f","ex-1aa2d8a4-89d3-55e2-acd9-80cf4c294dfa","3","3","[""ANSWER_MISSING"",""CHOICES_REQUIRED"",""SOLUTION_MISSING"",""MATH_REPRESENTATION_UNDECLARED"",""PAU_MODALITY_UNDECLARED"",""SOLUTION_REVIEW_REQUIRED""]"
"cand-9bd96b30-9c0d-5057-877a-e378f0ad6aa2","ex-749364d3-2230-5efc-8221-fec4d56077dc","5","3","[""ANSWER_MISSING"",""CHOICES_REQUIRED"",""COMMUNITY_UNMAPPED"",""PAU_COMMUNITY_MISSING"",""SOLUTION_MISSING"",""MATH_REPRESENTATION_UNDECLARED"",""PAU_MODALITY_UNDECLARED"",""SOLUTION_REVIEW_REQUIRED""]"
"cand-ce8827ae-4bf1-583f-a999-4edad4c86b5d","ex-7b096d17-3c3c-55ef-a524-8b9ed3b98f0d","3","2","[""ANSWER_MISSING"",""CHOICES_REQUIRED"",""SOLUTION_MISSING"",""PAU_MODALITY_UNDECLARED"",""SOLUTION_REVIEW_REQUIRED""]"
"cand-5d9c0ff2-454d-566e-95f9-43cac4a11711","ex-ebda3dcc-b875-57d8-9c0c-91236f5da034","3","2","[""ANSWER_MISSING"",""CHOICES_REQUIRED"",""SOLUTION_MISSING"",""PAU_MODALITY_UNDECLARED"",""SOLUTION_REVIEW_REQUIRED""]"
"cand-bad82707-52a3-517e-9f58-a187792fc0e8","ex-b85793b8-8b93-5f56-a98c-ec82ed7f048d","5","4","[""ANSWER_MISSING"",""MODALITIES_MISSING"",""MODALITY_UNDEMONSTRATED"",""SOLUTION_MISSING"",""UNMAPPED_TOPIC"",""MATH_REPRESENTATION_UNDECLARED"",""PAU_DETAIL_INCOMPLETE"",""PAU_MODALITY_UNDECLARED"",""SOLUTION_REVIEW_REQUIRED""]"
"cand-fae6131a-7066-5348-9539-83ed359c05e7","ex-ae65bec5-3781-5743-81cc-8a90ab97d774","3","3","[""ANSWER_MISSING"",""CHOICES_REQUIRED"",""SOLUTION_MISSING"",""PAU_DETAIL_INCOMPLETE"",""PAU_MODALITY_UNDECLARED"",""SOLUTION_REVIEW_REQUIRED""]"
"cand-6feb2bcd-2959-598f-a297-f89a5eb3fd2e","ex-7d412133-7c2b-58e5-a6ed-6e69ec857fb7","3","4","[""ANSWER_MISSING"",""CHOICES_REQUIRED"",""SOLUTION_MISSING"",""MATH_REPRESENTATION_UNDECLARED"",""PAU_DETAIL_INCOMPLETE"",""PAU_MODALITY_UNDECLARED"",""SOLUTION_REVIEW_REQUIRED""]"
"cand-7805044f-0bd4-51f1-9770-f430402e080c","ex-85c73ec4-4780-5370-9dd6-c4c38e1365e9","3","3","[""ANSWER_MISSING"",""CHOICES_REQUIRED"",""SOLUTION_MISSING"",""PAU_DETAIL_INCOMPLETE"",""PAU_MODALITY_UNDECLARED"",""SOLUTION_REVIEW_REQUIRED""]"
"cand-0227caea-78fc-53ed-aaa4-d115d271ac9d","ex-224c6319-a3f7-5c4e-b8a8-93dcbe8aae64","3","2","[""ANSWER_MISSING"",""CHOICES_REQUIRED"",""SOLUTION_MISSING"",""PAU_MODALITY_UNDECLARED"",""SOLUTION_REVIEW_REQUIRED""]"
"cand-9c7cae3b-f1fd-592b-9b6c-9bde67f28a44","ex-38594ae4-f0b4-5596-8507-7e85cd135261","3","4","[""ANSWER_MISSING"",""CHOICES_REQUIRED"",""SOLUTION_MISSING"",""MATH_REPRESENTATION_UNDECLARED"",""PAU_DETAIL_INCOMPLETE"",""PAU_MODALITY_UNDECLARED"",""SOLUTION_REVIEW_REQUIRED""]"
"cand-dd84192f-8a65-5a59-91e5-b3c86af69658","ex-d95446b4-b03e-5a71-9617-a55a2df868ed","3","3","[""ANSWER_MISSING"",""CHOICES_REQUIRED"",""SOLUTION_MISSING"",""PAU_DETAIL_INCOMPLETE"",""PAU_MODALITY_UNDECLARED"",""SOLUTION_REVIEW_REQUIRED""]"
"cand-47bb95f4-6acb-5eea-be5c-86f4aade20d9","ex-23a87354-5b34-5fd3-97a6-f7c63f0867c4","3","2","[""ANSWER_MISSING"",""CHOICES_REQUIRED"",""SOLUTION_MISSING"",""PAU_MODALITY_UNDECLARED"",""SOLUTION_REVIEW_REQUIRED""]"
"cand-72743315-f3c9-5204-968e-4b7968be71ce","ex-9ac34129-8890-5550-a185-37a8dd86648c","3","2","[""ANSWER_MISSING"",""CHOICES_REQUIRED"",""SOLUTION_MISSING"",""PAU_MODALITY_UNDECLARED"",""SOLUTION_REVIEW_REQUIRED""]"
"cand-dc90dae1-b9a7-518f-a2bc-4acdbb095f95","ex-99e870dd-e95d-5093-8059-3d02a6860c52","5","3","[""ANSWER_MISSING"",""MODALITIES_MISSING"",""MODALITY_UNDEMONSTRATED"",""SOLUTION_MISSING"",""UNMAPPED_TOPIC"",""MATH_REPRESENTATION_UNDECLARED"",""PAU_MODALITY_UNDECLARED"",""SOLUTION_REVIEW_REQUIRED""]"
"cand-6e8e3f1b-566a-5af1-9f7a-26a939ee95f1","ex-f3f65e7b-c876-5800-a2e1-9933c215d48c","3","2","[""ANSWER_MISSING"",""CHOICES_REQUIRED"",""SOLUTION_MISSING"",""PAU_MODALITY_UNDECLARED"",""SOLUTION_REVIEW_REQUIRED""]"
"cand-b2a93ef2-ea02-5c18-bc18-d0b8a3579b09","ex-dd256aef-633b-55cd-8752-38d6e1577365","3","3","[""ANSWER_MISSING"",""CHOICES_REQUIRED"",""SOLUTION_MISSING"",""MATH_REPRESENTATION_UNDECLARED"",""PAU_MODALITY_UNDECLARED"",""SOLUTION_REVIEW_REQUIRED""]"
"cand-b33225ac-aba8-5a77-843c-634fcaedb35b","ex-866a9fe6-e1b8-583c-84d7-77dd7cb43917","3","2","[""ANSWER_MISSING"",""CHOICES_REQUIRED"",""SOLUTION_MISSING"",""PAU_MODALITY_UNDECLARED"",""SOLUTION_REVIEW_REQUIRED""]"
"cand-d113eaad-0e1c-5f71-88a2-9d45384a830e","ex-b63bf20f-9170-5e3a-9e80-8bb7f3e6d93f","5","3","[""ANSWER_MISSING"",""MODALITIES_MISSING"",""MODALITY_UNDEMONSTRATED"",""SOLUTION_MISSING"",""UNMAPPED_TOPIC"",""PAU_DETAIL_INCOMPLETE"",""PAU_MODALITY_UNDECLARED"",""SOLUTION_REVIEW_REQUIRED""]"
"cand-148ff85e-50fe-59cc-9518-284dfc88c96d","ex-ba9ca399-38f9-5ce4-a83d-245424265ee7","3","3","[""ANSWER_MISSING"",""CHOICES_REQUIRED"",""SOLUTION_MISSING"",""PAU_DETAIL_INCOMPLETE"",""PAU_MODALITY_UNDECLARED"",""SOLUTION_REVIEW_REQUIRED""]"
"cand-9854bed7-c09c-5d92-a728-44cf37134d0b","ex-8a990a1c-5617-578d-b726-e1ce5e663643","5","3","[""ANSWER_MISSING"",""MODALITIES_MISSING"",""MODALITY_UNDEMONSTRATED"",""SOLUTION_MISSING"",""UNMAPPED_TOPIC"",""MATH_REPRESENTATION_UNDECLARED"",""PAU_MODALITY_UNDECLARED"",""SOLUTION_REVIEW_REQUIRED""]"
"cand-0b53f630-49c2-5c73-a568-c717e0a5573d","ex-2b101072-4931-5f7a-b856-560c125d6b88","3","2","[""ANSWER_MISSING"",""CHOICES_REQUIRED"",""SOLUTION_MISSING"",""PAU_MODALITY_UNDECLARED"",""SOLUTION_REVIEW_REQUIRED""]"
"cand-12241f69-1a61-52c4-89d2-40ebf4959d8b","ex-45853f7d-35ac-5fb9-99a2-ca344ce237a7","5","3","[""ANSWER_MISSING"",""MODALITIES_MISSING"",""MODALITY_UNDEMONSTRATED"",""SOLUTION_MISSING"",""UNMAPPED_TOPIC"",""MATH_REPRESENTATION_UNDECLARED"",""PAU_MODALITY_UNDECLARED"",""SOLUTION_REVIEW_REQUIRED""]"
"cand-8a2b91db-e102-538f-8193-c035f04678ec","ex-ed4d625c-aa04-5183-ad18-4806686e9265","5","2","[""ANSWER_MISSING"",""MODALITIES_MISSING"",""MODALITY_UNDEMONSTRATED"",""SOLUTION_MISSING"",""UNMAPPED_TOPIC"",""PAU_MODALITY_UNDECLARED"",""SOLUTION_REVIEW_REQUIRED""]"
"cand-ca35e4ba-c3bb-5c48-ab2e-0d0fb04a8442","ex-43d5cb68-ab67-5884-9f7f-a69043b1b3e3","5","3","[""ANSWER_MISSING"",""MODALITIES_MISSING"",""MODALITY_UNDEMONSTRATED"",""SOLUTION_MISSING"",""UNMAPPED_TOPIC"",""MATH_REPRESENTATION_UNDECLARED"",""PAU_MODALITY_UNDECLARED"",""SOLUTION_REVIEW_REQUIRED""]"
"cand-9dc69190-33b4-5866-9efe-81dde7b1778d","ex-3246f2d9-600f-5a89-9b68-1c9dfd397681","3","2","[""ANSWER_MISSING"",""CHOICES_REQUIRED"",""SOLUTION_MISSING"",""PAU_MODALITY_UNDECLARED"",""SOLUTION_REVIEW_REQUIRED""]"
"cand-bc3a67fd-e2b6-56bb-aef5-6c3124646e05","ex-a3884c71-63b6-55b7-b61e-a194700d3022","3","2","[""ANSWER_MISSING"",""CHOICES_REQUIRED"",""SOLUTION_MISSING"",""PAU_MODALITY_UNDECLARED"",""SOLUTION_REVIEW_REQUIRED""]"
"cand-ad57e458-f225-57d5-95c2-cd8ca5822b7c","ex-f23129a8-aa51-5a03-8510-7c02dbcc8e4f","3","4","[""ANSWER_MISSING"",""CHOICES_REQUIRED"",""SOLUTION_MISSING"",""MATH_REPRESENTATION_UNDECLARED"",""PAU_DETAIL_INCOMPLETE"",""PAU_MODALITY_UNDECLARED"",""SOLUTION_REVIEW_REQUIRED""]"
"cand-3b44964f-bd5a-5031-b3e6-c7f945dd1d88","ex-dad82a93-9919-5f47-aa02-aa1c8dec85b2","3","3","[""ANSWER_MISSING"",""CHOICES_REQUIRED"",""SOLUTION_MISSING"",""PAU_DETAIL_INCOMPLETE"",""PAU_MODALITY_UNDECLARED"",""SOLUTION_REVIEW_REQUIRED""]"
"cand-ec67832d-ef6f-5101-b67b-b1a8cbc043aa","ex-8a60a1ac-7119-59b2-abdb-248bba91f40e","5","3","[""ANSWER_MISSING"",""MODALITIES_MISSING"",""MODALITY_UNDEMONSTRATED"",""SOLUTION_MISSING"",""UNMAPPED_TOPIC"",""MATH_REPRESENTATION_UNDECLARED"",""PAU_MODALITY_UNDECLARED"",""SOLUTION_REVIEW_REQUIRED""]"
"cand-5c8b3c85-f28b-5212-9da5-8745a636a6b3","ex-3bd431cc-249c-5171-9fbc-0dc2dc90d1dc","3","2","[""ANSWER_MISSING"",""CHOICES_REQUIRED"",""SOLUTION_MISSING"",""PAU_MODALITY_UNDECLARED"",""SOLUTION_REVIEW_REQUIRED""]"
"cand-2e554a3b-3b63-5371-8eaf-6a0a686e19c1","ex-e4479039-baa2-5dc4-9cdb-b33e057f6249","3","4","[""ANSWER_MISSING"",""CHOICES_REQUIRED"",""SOLUTION_MISSING"",""MATH_REPRESENTATION_UNDECLARED"",""PAU_DETAIL_INCOMPLETE"",""PAU_MODALITY_UNDECLARED"",""SOLUTION_REVIEW_REQUIRED""]"
"cand-939867e9-ccd5-54f2-8bd8-eac3520a08fa","ex-2780721b-ae18-5e93-881c-1d081f3e01a3","3","3","[""ANSWER_MISSING"",""CHOICES_REQUIRED"",""SOLUTION_MISSING"",""PAU_DETAIL_INCOMPLETE"",""PAU_MODALITY_UNDECLARED"",""SOLUTION_REVIEW_REQUIRED""]"
"cand-8b95afc0-3088-5c82-9235-290d53c39646","ex-37b43a3a-0e2e-510d-a35a-a1cca53adea3","5","4","[""ANSWER_MISSING"",""MODALITIES_MISSING"",""MODALITY_UNDEMONSTRATED"",""SOLUTION_MISSING"",""UNMAPPED_TOPIC"",""MATH_REPRESENTATION_UNDECLARED"",""PAU_DETAIL_INCOMPLETE"",""PAU_MODALITY_UNDECLARED"",""SOLUTION_REVIEW_REQUIRED""]"
"cand-7bd33807-67de-5688-8b1c-10f6acc9c2a6","ex-08fa64a1-050f-54aa-8645-1e2aec48b605","3","3","[""ANSWER_MISSING"",""CHOICES_REQUIRED"",""SOLUTION_MISSING"",""PAU_DETAIL_INCOMPLETE"",""PAU_MODALITY_UNDECLARED"",""SOLUTION_REVIEW_REQUIRED""]"
"cand-871bbb51-9e6e-5a31-a25c-b5131087125a","ex-c7aac6fa-f920-5d22-bb51-5be4090494fd","3","3","[""ANSWER_MISSING"",""CHOICES_REQUIRED"",""SOLUTION_MISSING"",""MATH_REPRESENTATION_UNDECLARED"",""PAU_MODALITY_UNDECLARED"",""SOLUTION_REVIEW_REQUIRED""]"
"cand-303c590a-adec-58bf-916f-581d90159ff9","ex-1f1ba880-273f-541b-ab25-c7c2f3d56588","3","2","[""ANSWER_MISSING"",""CHOICES_REQUIRED"",""SOLUTION_MISSING"",""PAU_MODALITY_UNDECLARED"",""SOLUTION_REVIEW_REQUIRED""]"
"cand-a45998ad-128d-5b1f-8def-aef2cd664150","ex-aa828060-362a-5cb8-8e5f-2bc8849936b7","5","3","[""ANSWER_MISSING"",""MODALITIES_MISSING"",""MODALITY_UNDEMONSTRATED"",""SOLUTION_MISSING"",""UNMAPPED_TOPIC"",""MATH_REPRESENTATION_UNDECLARED"",""PAU_MODALITY_UNDECLARED"",""SOLUTION_REVIEW_REQUIRED""]"
"cand-bed60fba-643d-5505-925e-117f7e1385b7","ex-132d6fd6-597e-513c-9483-a2f701159092","7","3","[""ANSWER_MISSING"",""COMMUNITY_UNMAPPED"",""MODALITIES_MISSING"",""MODALITY_UNDEMONSTRATED"",""PAU_COMMUNITY_MISSING"",""SOLUTION_MISSING"",""UNMAPPED_TOPIC"",""MATH_REPRESENTATION_UNDECLARED"",""PAU_MODALITY_UNDECLARED"",""SOLUTION_REVIEW_REQUIRED""]"
"cand-7af62f0b-2861-59bc-92cc-9d11c49bc906","ex-ee7355b9-ccad-53ee-8d44-6be266ec1120","3","2","[""ANSWER_MISSING"",""CHOICES_REQUIRED"",""SOLUTION_MISSING"",""PAU_MODALITY_UNDECLARED"",""SOLUTION_REVIEW_REQUIRED""]"
"cand-203edd6e-6147-5c86-bf62-0a815f28b5ae","ex-2b263b6c-84fd-5d0f-8d64-ee663571c0a1","3","2","[""ANSWER_MISSING"",""CHOICES_REQUIRED"",""SOLUTION_MISSING"",""PAU_MODALITY_UNDECLARED"",""SOLUTION_REVIEW_REQUIRED""]"
"cand-ad2ef1bf-67fe-52c7-bd8c-7577dabbcdc8","ex-d8bfd5c6-dd53-5adc-98fc-65c240f8891a","5","3","[""ANSWER_MISSING"",""MODALITIES_MISSING"",""MODALITY_UNDEMONSTRATED"",""SOLUTION_MISSING"",""UNMAPPED_TOPIC"",""MATH_REPRESENTATION_UNDECLARED"",""PAU_MODALITY_UNDECLARED"",""SOLUTION_REVIEW_REQUIRED""]"
"cand-0a6a0ad4-baf3-5dcc-95b6-ea41cf6a0ef4","ex-e8650881-2601-5675-af0b-38fb16c552bb","3","2","[""ANSWER_MISSING"",""CHOICES_REQUIRED"",""SOLUTION_MISSING"",""PAU_MODALITY_UNDECLARED"",""SOLUTION_REVIEW_REQUIRED""]"
"cand-aae81bb9-3195-54fc-81a0-5c9518337243","ex-f689645f-642e-50c8-950b-09d8a25d16f8","5","4","[""ANSWER_MISSING"",""MODALITIES_MISSING"",""MODALITY_UNDEMONSTRATED"",""SOLUTION_MISSING"",""UNMAPPED_TOPIC"",""MATH_REPRESENTATION_UNDECLARED"",""PAU_DETAIL_INCOMPLETE"",""PAU_MODALITY_UNDECLARED"",""SOLUTION_REVIEW_REQUIRED""]"
"cand-2d2ceee2-5e3b-5ed8-aff8-0427c0f1e2dd","ex-86d86b98-7cca-529f-b3fd-16a366a0a456","3","3","[""ANSWER_MISSING"",""CHOICES_REQUIRED"",""SOLUTION_MISSING"",""PAU_DETAIL_INCOMPLETE"",""PAU_MODALITY_UNDECLARED"",""SOLUTION_REVIEW_REQUIRED""]"
"cand-799972a2-cd51-5f1e-9cdf-8e1a2fd9bf92","ex-abd5e172-bad1-5331-a576-5c66b66f412e","5","4","[""ANSWER_MISSING"",""MODALITIES_MISSING"",""MODALITY_UNDEMONSTRATED"",""SOLUTION_MISSING"",""UNMAPPED_TOPIC"",""MATH_REPRESENTATION_UNDECLARED"",""PAU_DETAIL_INCOMPLETE"",""PAU_MODALITY_UNDECLARED"",""SOLUTION_REVIEW_REQUIRED""]"
"cand-d997db72-eb66-5018-8ee4-1c91905782e2","ex-318b1c13-160e-5fe4-8411-4a47fe55caf8","3","3","[""ANSWER_MISSING"",""CHOICES_REQUIRED"",""SOLUTION_MISSING"",""PAU_DETAIL_INCOMPLETE"",""PAU_MODALITY_UNDECLARED"",""SOLUTION_REVIEW_REQUIRED""]"
"cand-3d398686-7d73-50ad-9664-ae776997a15a","ex-0de75d0d-8682-540c-9a4b-9c7eb6f05a41","5","3","[""ANSWER_MISSING"",""MODALITIES_MISSING"",""MODALITY_UNDEMONSTRATED"",""SOLUTION_MISSING"",""UNMAPPED_TOPIC"",""MATH_REPRESENTATION_UNDECLARED"",""PAU_MODALITY_UNDECLARED"",""SOLUTION_REVIEW_REQUIRED""]"
"cand-9ed553e7-140c-5141-a927-ba0dd47091fc","ex-385d1a2f-7e4b-578b-81c3-f2a9d07cd22d","3","2","[""ANSWER_MISSING"",""CHOICES_REQUIRED"",""SOLUTION_MISSING"",""PAU_MODALITY_UNDECLARED"",""SOLUTION_REVIEW_REQUIRED""]"
"cand-a834431a-fc79-5b48-8581-9f4e32661311","ex-e62b9418-96be-5cb7-a1cd-21c8a92787c8","5","3","[""ANSWER_MISSING"",""MODALITIES_MISSING"",""MODALITY_UNDEMONSTRATED"",""SOLUTION_MISSING"",""UNMAPPED_TOPIC"",""MATH_REPRESENTATION_UNDECLARED"",""PAU_MODALITY_UNDECLARED"",""SOLUTION_REVIEW_REQUIRED""]"
"cand-432590f4-8ed2-5f96-a1d7-41a5bcffbe60","ex-7231d462-79a8-5300-9f8c-d61a89ce6e8a","3","2","[""ANSWER_MISSING"",""CHOICES_REQUIRED"",""SOLUTION_MISSING"",""PAU_MODALITY_UNDECLARED"",""SOLUTION_REVIEW_REQUIRED""]"
"cand-33b6f028-d207-5697-b316-4fde84c7b213","ex-5955c0c1-aac7-5e99-85ed-368ffc0f55a0","3","4","[""ANSWER_MISSING"",""CHOICES_REQUIRED"",""SOLUTION_MISSING"",""MATH_REPRESENTATION_UNDECLARED"",""PAU_DETAIL_INCOMPLETE"",""PAU_MODALITY_UNDECLARED"",""SOLUTION_REVIEW_REQUIRED""]"
"cand-589de7e5-0144-5863-839f-24189551a37f","ex-ee7a34e5-d3a8-54a2-aba4-ea9286de1b64","3","3","[""ANSWER_MISSING"",""CHOICES_REQUIRED"",""SOLUTION_MISSING"",""PAU_DETAIL_INCOMPLETE"",""PAU_MODALITY_UNDECLARED"",""SOLUTION_REVIEW_REQUIRED""]"
"cand-394a8cab-9d53-5cc3-9248-f64ae8bc895b","ex-3309bfca-f3c3-51e6-a72f-f9787c917046","5","3","[""ANSWER_MISSING"",""MODALITIES_MISSING"",""MODALITY_UNDEMONSTRATED"",""SOLUTION_MISSING"",""UNMAPPED_TOPIC"",""MATH_REPRESENTATION_UNDECLARED"",""PAU_MODALITY_UNDECLARED"",""SOLUTION_REVIEW_REQUIRED""]"
"cand-fbe6020d-2973-5d75-a760-9e37824373a0","ex-eb4729f9-fdd6-54ba-bc32-a13c69d8b56c","3","2","[""ANSWER_MISSING"",""CHOICES_REQUIRED"",""SOLUTION_MISSING"",""PAU_MODALITY_UNDECLARED"",""SOLUTION_REVIEW_REQUIRED""]"
"cand-fc577551-cea6-5cb5-b3dc-77b44382e967","ex-cf43a90a-2fb8-545f-9f69-feb915c48dcd","3","3","[""ANSWER_MISSING"",""CHOICES_REQUIRED"",""SOLUTION_MISSING"",""MATH_REPRESENTATION_UNDECLARED"",""PAU_MODALITY_UNDECLARED"",""SOLUTION_REVIEW_REQUIRED""]"
"cand-c4abbfe3-ca5e-52b9-9314-218e8fa3ad03","ex-3ce85b86-b074-5b6d-bbbf-1d3eb74f0d09","5","3","[""ANSWER_MISSING"",""MODALITIES_MISSING"",""MODALITY_UNDEMONSTRATED"",""SOLUTION_MISSING"",""UNMAPPED_TOPIC"",""MATH_REPRESENTATION_UNDECLARED"",""PAU_MODALITY_UNDECLARED"",""SOLUTION_REVIEW_REQUIRED""]"
"cand-05a396c0-843f-5651-b692-88889d71c833","ex-35d144cf-7d7d-50a0-afb4-929af7f493c7","3","2","[""ANSWER_MISSING"",""CHOICES_REQUIRED"",""SOLUTION_MISSING"",""PAU_MODALITY_UNDECLARED"",""SOLUTION_REVIEW_REQUIRED""]"
"cand-3bd90802-6ac9-5870-bee1-5f63b7177da8","ex-1046c251-cf6d-55db-8b2f-ce1fee56da8d","5","3","[""ANSWER_MISSING"",""MODALITIES_MISSING"",""MODALITY_UNDEMONSTRATED"",""SOLUTION_MISSING"",""UNMAPPED_TOPIC"",""MATH_REPRESENTATION_UNDECLARED"",""PAU_MODALITY_UNDECLARED"",""SOLUTION_REVIEW_REQUIRED""]"
"cand-c7ec5ef2-19e9-5f02-88d6-840bb46c5971","ex-4ca80ffa-1b0f-5b58-a5a1-0266da0eae18","3","2","[""ANSWER_MISSING"",""CHOICES_REQUIRED"",""SOLUTION_MISSING"",""PAU_MODALITY_UNDECLARED"",""SOLUTION_REVIEW_REQUIRED""]"
"cand-9ec71032-2bbd-5e77-a795-ccbab47cc98e","ex-03e170e8-8aa3-55e5-addd-a1c8c365b2a8","3","4","[""ANSWER_MISSING"",""CHOICES_REQUIRED"",""SOLUTION_MISSING"",""MATH_REPRESENTATION_UNDECLARED"",""PAU_DETAIL_INCOMPLETE"",""PAU_MODALITY_UNDECLARED"",""SOLUTION_REVIEW_REQUIRED""]"
"cand-99e50a26-fb16-588f-9aa1-243fe6b15720","ex-b3c54dd7-56e5-5b69-a8a6-e38151551442","3","3","[""ANSWER_MISSING"",""CHOICES_REQUIRED"",""SOLUTION_MISSING"",""PAU_DETAIL_INCOMPLETE"",""PAU_MODALITY_UNDECLARED"",""SOLUTION_REVIEW_REQUIRED""]"
"cand-cd7ddd05-5517-5dfe-b15d-9be09973ec04","ex-3783238e-3e83-5bdb-a2ba-a326a6809de6","3","3","[""ANSWER_MISSING"",""CHOICES_REQUIRED"",""SOLUTION_MISSING"",""MATH_REPRESENTATION_UNDECLARED"",""PAU_MODALITY_UNDECLARED"",""SOLUTION_REVIEW_REQUIRED""]"
"cand-86981fac-67b1-59a5-b5b8-17edb35e11bb","ex-4c66b870-ae98-5039-89dc-6ca642a2e2e0","5","3","[""ANSWER_MISSING"",""MODALITIES_MISSING"",""MODALITY_UNDEMONSTRATED"",""SOLUTION_MISSING"",""UNMAPPED_TOPIC"",""MATH_REPRESENTATION_UNDECLARED"",""PAU_MODALITY_UNDECLARED"",""SOLUTION_REVIEW_REQUIRED""]"
"cand-f18f69d1-d90f-514c-9fe2-e2aa7e9f0985","ex-77fe91d7-c6ce-5922-afbc-c11b45160bc5","5","3","[""ANSWER_MISSING"",""MODALITIES_MISSING"",""MODALITY_UNDEMONSTRATED"",""SOLUTION_MISSING"",""UNMAPPED_TOPIC"",""MATH_REPRESENTATION_UNDECLARED"",""PAU_MODALITY_UNDECLARED"",""SOLUTION_REVIEW_REQUIRED""]"
"cand-57686d82-9b10-5093-ae40-017f9da5bca0","ex-27d70a92-1ffe-50ff-adef-f5cc895aefb5","5","3","[""ANSWER_MISSING"",""MODALITIES_MISSING"",""MODALITY_UNDEMONSTRATED"",""SOLUTION_MISSING"",""UNMAPPED_TOPIC"",""MATH_REPRESENTATION_UNDECLARED"",""PAU_MODALITY_UNDECLARED"",""SOLUTION_REVIEW_REQUIRED""]"
"cand-6935f1f7-6607-5b39-a4c3-b878fd837c62","ex-686d8784-4374-5d57-a8c5-71017a8c6e53","3","2","[""ANSWER_MISSING"",""CHOICES_REQUIRED"",""SOLUTION_MISSING"",""PAU_MODALITY_UNDECLARED"",""SOLUTION_REVIEW_REQUIRED""]"
"cand-e2fb9050-3292-56bc-b1d9-d4b69083a69e","ex-49fffbc0-b599-56d2-ac5c-435e08220662","3","4","[""ANSWER_MISSING"",""CHOICES_REQUIRED"",""SOLUTION_MISSING"",""MATH_REPRESENTATION_UNDECLARED"",""PAU_DETAIL_INCOMPLETE"",""PAU_MODALITY_UNDECLARED"",""SOLUTION_REVIEW_REQUIRED""]"
"cand-f0deb24c-e6e5-58c5-bf47-560510a4a1bf","ex-dacdef08-1263-5001-aff5-436c356c9eaa","3","3","[""ANSWER_MISSING"",""CHOICES_REQUIRED"",""SOLUTION_MISSING"",""PAU_DETAIL_INCOMPLETE"",""PAU_MODALITY_UNDECLARED"",""SOLUTION_REVIEW_REQUIRED""]"
"cand-9494a513-d05a-5011-a30e-fa40323bcd78","ex-96fbab91-81d6-5314-8690-b44048931e93","3","2","[""ANSWER_MISSING"",""CHOICES_REQUIRED"",""SOLUTION_MISSING"",""PAU_MODALITY_UNDECLARED"",""SOLUTION_REVIEW_REQUIRED""]"
"cand-113b0e68-bffb-5ad7-8e36-438fc6004eac","ex-c0348be7-8592-5566-9604-a23ea6f3c7a4","3","2","[""ANSWER_MISSING"",""CHOICES_REQUIRED"",""SOLUTION_MISSING"",""PAU_MODALITY_UNDECLARED"",""SOLUTION_REVIEW_REQUIRED""]"
"cand-da754764-813e-52ba-9502-147c00685d50","ex-6aee7ddc-1b26-5fb7-a4e5-040daf811c41","3","3","[""ANSWER_MISSING"",""CHOICES_REQUIRED"",""SOLUTION_MISSING"",""MATH_REPRESENTATION_UNDECLARED"",""PAU_MODALITY_UNDECLARED"",""SOLUTION_REVIEW_REQUIRED""]"
"cand-1dad3192-137e-5f1d-a828-1dfc76687c79","ex-2c762713-6212-53cb-b3e1-8e8154e48474","3","2","[""ANSWER_MISSING"",""CHOICES_REQUIRED"",""SOLUTION_MISSING"",""PAU_MODALITY_UNDECLARED"",""SOLUTION_REVIEW_REQUIRED""]"
"cand-2d6c3a7d-f1f3-5bc7-9b20-7844bf011313","ex-d5c71e29-bd3e-56de-b099-c281cfa438ee","3","3","[""ANSWER_MISSING"",""CHOICES_REQUIRED"",""SOLUTION_MISSING"",""MATH_REPRESENTATION_UNDECLARED"",""PAU_MODALITY_UNDECLARED"",""SOLUTION_REVIEW_REQUIRED""]"
"cand-c03b8320-480e-5dea-88ba-8ed5bf7c84b9","ex-79881d2a-f27b-5aca-8312-5dbe0febf0de","3","2","[""ANSWER_MISSING"",""CHOICES_REQUIRED"",""SOLUTION_MISSING"",""PAU_MODALITY_UNDECLARED"",""SOLUTION_REVIEW_REQUIRED""]"
"cand-d6190b12-5be2-5c80-bd1b-8c95e12680e2","ex-6b46006d-55df-501a-a9ee-17b2c62af00f","5","3","[""ANSWER_MISSING"",""MODALITIES_MISSING"",""MODALITY_UNDEMONSTRATED"",""SOLUTION_MISSING"",""UNMAPPED_TOPIC"",""MATH_REPRESENTATION_UNDECLARED"",""PAU_MODALITY_UNDECLARED"",""SOLUTION_REVIEW_REQUIRED""]"
"cand-2b3dd2ee-ba69-5c99-88cc-40d34a6183b5","ex-8cf0d2c2-a866-548c-a7e2-ffdc42d1d230","3","2","[""ANSWER_MISSING"",""CHOICES_REQUIRED"",""SOLUTION_MISSING"",""PAU_MODALITY_UNDECLARED"",""SOLUTION_REVIEW_REQUIRED""]"
"cand-fcf865cf-774f-59d6-99b4-242781241f7e","ex-90a9f14f-2acc-59de-a809-3a3a0f3eb71f","3","4","[""ANSWER_MISSING"",""CHOICES_REQUIRED"",""SOLUTION_MISSING"",""MATH_REPRESENTATION_UNDECLARED"",""PAU_DETAIL_INCOMPLETE"",""PAU_MODALITY_UNDECLARED"",""SOLUTION_REVIEW_REQUIRED""]"
"cand-33221438-60c5-5902-b33c-4d99eabcd13d","ex-913e3e12-43f0-5210-ba6a-9ede784f08eb","3","3","[""ANSWER_MISSING"",""CHOICES_REQUIRED"",""SOLUTION_MISSING"",""PAU_DETAIL_INCOMPLETE"",""PAU_MODALITY_UNDECLARED"",""SOLUTION_REVIEW_REQUIRED""]"
"cand-1107e333-37c0-57c2-a619-21d94784ebf6","ex-3d37c876-07e6-596c-9b1e-24edb94ef6d5","5","4","[""ANSWER_MISSING"",""MODALITIES_MISSING"",""MODALITY_UNDEMONSTRATED"",""SOLUTION_MISSING"",""UNMAPPED_TOPIC"",""MATH_REPRESENTATION_UNDECLARED"",""PAU_DETAIL_INCOMPLETE"",""PAU_MODALITY_UNDECLARED"",""SOLUTION_REVIEW_REQUIRED""]"
"cand-ae121f8d-b154-5c4a-b71a-2312a7940346","ex-7b9e57a1-b5b7-5b81-81af-ef97679171df","5","3","[""ANSWER_MISSING"",""MODALITIES_MISSING"",""MODALITY_UNDEMONSTRATED"",""SOLUTION_MISSING"",""UNMAPPED_TOPIC"",""MATH_REPRESENTATION_UNDECLARED"",""PAU_MODALITY_UNDECLARED"",""SOLUTION_REVIEW_REQUIRED""]"
"cand-3125ce24-d061-5641-9373-ccfc12f7ad5f","ex-88aa9b08-58da-52ab-97ce-6960735ddf74","7","3","[""ANSWER_MISSING"",""COMMUNITY_UNMAPPED"",""MODALITIES_MISSING"",""MODALITY_UNDEMONSTRATED"",""PAU_COMMUNITY_MISSING"",""SOLUTION_MISSING"",""UNMAPPED_TOPIC"",""MATH_REPRESENTATION_UNDECLARED"",""PAU_MODALITY_UNDECLARED"",""SOLUTION_REVIEW_REQUIRED""]"
"cand-56497b3c-a607-56eb-976d-ac0d627a0c9b","ex-b0c1f31a-d0cf-5bed-9d9c-ed81263146f6","3","2","[""ANSWER_MISSING"",""CHOICES_REQUIRED"",""SOLUTION_MISSING"",""PAU_MODALITY_UNDECLARED"",""SOLUTION_REVIEW_REQUIRED""]"
"cand-99376337-cd23-54ae-b42c-127f4ed95bde","ex-7bbbd33d-1b43-559d-83df-89e83144d85c","3","2","[""ANSWER_MISSING"",""CHOICES_REQUIRED"",""SOLUTION_MISSING"",""PAU_MODALITY_UNDECLARED"",""SOLUTION_REVIEW_REQUIRED""]"
"cand-0a826cdd-c12d-5c09-b636-1653bb0d87af","ex-d7eb8343-de79-5dc5-b7d7-76b738d5f562","5","3","[""ANSWER_MISSING"",""MODALITIES_MISSING"",""MODALITY_UNDEMONSTRATED"",""SOLUTION_MISSING"",""UNMAPPED_TOPIC"",""MATH_REPRESENTATION_UNDECLARED"",""PAU_MODALITY_UNDECLARED"",""SOLUTION_REVIEW_REQUIRED""]"
"cand-b1f06c4c-28b5-5180-bcbc-58a2c5e25001","ex-ab85a2cf-b393-5312-93a8-31fcb17a4dec","3","2","[""ANSWER_MISSING"",""CHOICES_REQUIRED"",""SOLUTION_MISSING"",""PAU_MODALITY_UNDECLARED"",""SOLUTION_REVIEW_REQUIRED""]"
"cand-1f437f7a-e8ce-565c-9283-a463bd353907","ex-d4b8e889-7a32-51ec-9ecb-5150a8ca5ebe","5","3","[""ANSWER_MISSING"",""MODALITIES_MISSING"",""MODALITY_UNDEMONSTRATED"",""SOLUTION_MISSING"",""UNMAPPED_TOPIC"",""MATH_REPRESENTATION_UNDECLARED"",""PAU_MODALITY_UNDECLARED"",""SOLUTION_REVIEW_REQUIRED""]"
"cand-300edbe9-6209-5890-891a-74ee15486dfd","ex-1b363de5-2bab-591e-8897-94035364f9bf","3","2","[""ANSWER_MISSING"",""CHOICES_REQUIRED"",""SOLUTION_MISSING"",""PAU_MODALITY_UNDECLARED"",""SOLUTION_REVIEW_REQUIRED""]"
"cand-acea8c96-b40a-5783-bc8c-db772078fe62","ex-15dfb8d6-9253-57eb-9a03-57bf1bbc1470","3","4","[""ANSWER_MISSING"",""CHOICES_REQUIRED"",""SOLUTION_MISSING"",""MATH_REPRESENTATION_UNDECLARED"",""PAU_DETAIL_INCOMPLETE"",""PAU_MODALITY_UNDECLARED"",""SOLUTION_REVIEW_REQUIRED""]"
"cand-6168b0f7-8775-51f8-89f8-ed1efabc3199","ex-884cb1e8-d1f2-568e-92af-75780660a44d","3","3","[""ANSWER_MISSING"",""CHOICES_REQUIRED"",""SOLUTION_MISSING"",""PAU_DETAIL_INCOMPLETE"",""PAU_MODALITY_UNDECLARED"",""SOLUTION_REVIEW_REQUIRED""]"
"cand-e51f0981-595d-5320-a1b1-492c2f1e6de7","ex-9b0cde7e-0573-5dc4-ae8c-8b1b5883474c","5","3","[""ANSWER_MISSING"",""MODALITIES_MISSING"",""MODALITY_UNDEMONSTRATED"",""SOLUTION_MISSING"",""UNMAPPED_TOPIC"",""MATH_REPRESENTATION_UNDECLARED"",""PAU_MODALITY_UNDECLARED"",""SOLUTION_REVIEW_REQUIRED""]"
"cand-03dca606-2052-5a62-adfc-72216647144c","ex-3632d10e-f975-557c-8439-92cfc2370749","7","3","[""ANSWER_MISSING"",""COMMUNITY_UNMAPPED"",""MODALITIES_MISSING"",""MODALITY_UNDEMONSTRATED"",""PAU_COMMUNITY_MISSING"",""SOLUTION_MISSING"",""UNMAPPED_TOPIC"",""MATH_REPRESENTATION_UNDECLARED"",""PAU_MODALITY_UNDECLARED"",""SOLUTION_REVIEW_REQUIRED""]"
"cand-51436edf-1be7-5289-bb18-7856677112f3","ex-2414b8c5-bc6d-54ce-88c0-d2ca13e6adf2","3","2","[""ANSWER_MISSING"",""CHOICES_REQUIRED"",""SOLUTION_MISSING"",""PAU_MODALITY_UNDECLARED"",""SOLUTION_REVIEW_REQUIRED""]"
"cand-52141903-85f5-5c9d-ad3f-7311b5f4e753","ex-ac3c1ede-1885-5e73-9162-55c7043937fc","5","2","[""ANSWER_MISSING"",""MODALITIES_MISSING"",""MODALITY_UNDEMONSTRATED"",""SOLUTION_MISSING"",""UNMAPPED_TOPIC"",""PAU_MODALITY_UNDECLARED"",""SOLUTION_REVIEW_REQUIRED""]"
"cand-83790b03-4452-5a64-ba73-b5ec7048717c","ex-1cd4daf0-7ddd-5d16-ad8e-2a1891df059c","7","3","[""ANSWER_MISSING"",""COMMUNITY_UNMAPPED"",""MODALITIES_MISSING"",""MODALITY_UNDEMONSTRATED"",""PAU_COMMUNITY_MISSING"",""SOLUTION_MISSING"",""UNMAPPED_TOPIC"",""MATH_REPRESENTATION_UNDECLARED"",""PAU_MODALITY_UNDECLARED"",""SOLUTION_REVIEW_REQUIRED""]"
"cand-657facca-5b90-5c06-b7b3-acbff76a7820","ex-ce21b8ff-e7ad-584a-86d6-6f1e39934b8d","3","2","[""ANSWER_MISSING"",""CHOICES_REQUIRED"",""SOLUTION_MISSING"",""PAU_MODALITY_UNDECLARED"",""SOLUTION_REVIEW_REQUIRED""]"
"cand-14fd9ed1-2cec-5ee5-af59-aa1ac3d7a761","ex-8d1fffac-374e-500f-b410-5ec1863cd560","5","4","[""ANSWER_MISSING"",""MODALITIES_MISSING"",""MODALITY_UNDEMONSTRATED"",""SOLUTION_MISSING"",""UNMAPPED_TOPIC"",""MATH_REPRESENTATION_UNDECLARED"",""PAU_DETAIL_INCOMPLETE"",""PAU_MODALITY_UNDECLARED"",""SOLUTION_REVIEW_REQUIRED""]"
"cand-d2721e05-ceda-5736-b4f9-54b9d2b43689","ex-a37eb5f1-58f0-5f82-80b9-b4893454fa2e","3","3","[""ANSWER_MISSING"",""CHOICES_REQUIRED"",""SOLUTION_MISSING"",""PAU_DETAIL_INCOMPLETE"",""PAU_MODALITY_UNDECLARED"",""SOLUTION_REVIEW_REQUIRED""]"
"cand-2850e1de-d04b-500a-ab8f-fea1a871907e","ex-7637b6fd-6923-5b41-bd1b-8f119140dfd0","5","3","[""ANSWER_MISSING"",""MODALITIES_MISSING"",""MODALITY_UNDEMONSTRATED"",""SOLUTION_MISSING"",""UNMAPPED_TOPIC"",""MATH_REPRESENTATION_UNDECLARED"",""PAU_MODALITY_UNDECLARED"",""SOLUTION_REVIEW_REQUIRED""]"
"cand-d2e0fb98-ae57-535c-859b-df0874d22f9e","ex-6dea6565-3366-53be-a0d5-808433d36f57","3","2","[""ANSWER_MISSING"",""CHOICES_REQUIRED"",""SOLUTION_MISSING"",""PAU_MODALITY_UNDECLARED"",""SOLUTION_REVIEW_REQUIRED""]"
"cand-beb0b32b-2ff9-5ee0-8fb9-2894ecbcaaed","ex-df3a05b3-bc66-55ec-b221-f82419c125ad","5","3","[""ANSWER_MISSING"",""MODALITIES_MISSING"",""MODALITY_UNDEMONSTRATED"",""SOLUTION_MISSING"",""UNMAPPED_TOPIC"",""PAU_DETAIL_INCOMPLETE"",""PAU_MODALITY_UNDECLARED"",""SOLUTION_REVIEW_REQUIRED""]"
"cand-431efc81-d6a5-50c1-b6d1-f14652cfb938","ex-b2538f7b-ce70-5191-af15-41b0aef3e029","3","3","[""ANSWER_MISSING"",""CHOICES_REQUIRED"",""SOLUTION_MISSING"",""PAU_DETAIL_INCOMPLETE"",""PAU_MODALITY_UNDECLARED"",""SOLUTION_REVIEW_REQUIRED""]"
"cand-1bf3371e-4a92-585f-b48f-47e942a6faaf","ex-f57569dd-043d-584e-bc29-6bc1645d174c","3","4","[""ANSWER_MISSING"",""CHOICES_REQUIRED"",""SOLUTION_MISSING"",""MATH_REPRESENTATION_UNDECLARED"",""PAU_DETAIL_INCOMPLETE"",""PAU_MODALITY_UNDECLARED"",""SOLUTION_REVIEW_REQUIRED""]"
"cand-42516a78-6f89-5708-a259-f9e08cb79e6f","ex-b87b2065-83e9-5f8f-bd3c-afa4644463b9","3","3","[""ANSWER_MISSING"",""CHOICES_REQUIRED"",""SOLUTION_MISSING"",""PAU_DETAIL_INCOMPLETE"",""PAU_MODALITY_UNDECLARED"",""SOLUTION_REVIEW_REQUIRED""]"
"cand-1d7ca0c1-8b9c-5489-a302-208ddce0e287","ex-2185bf54-ede4-5eca-8759-c7f7f8952496","5","4","[""ANSWER_MISSING"",""MODALITIES_MISSING"",""MODALITY_UNDEMONSTRATED"",""SOLUTION_MISSING"",""UNMAPPED_TOPIC"",""MATH_REPRESENTATION_UNDECLARED"",""PAU_DETAIL_INCOMPLETE"",""PAU_MODALITY_UNDECLARED"",""SOLUTION_REVIEW_REQUIRED""]"
"cand-8546d4e6-8bbc-5eea-a13c-d0351d151cb2","ex-4477a2df-1b84-5231-b7b1-9178e216be7f","3","3","[""ANSWER_MISSING"",""CHOICES_REQUIRED"",""SOLUTION_MISSING"",""PAU_DETAIL_INCOMPLETE"",""PAU_MODALITY_UNDECLARED"",""SOLUTION_REVIEW_REQUIRED""]"
"cand-a1e6afd0-60a0-517a-b6ee-3b931b6c2bf7","ex-a4a59a3b-3f22-5300-b5f8-548cf7a093ad","5","3","[""ANSWER_MISSING"",""MODALITIES_MISSING"",""MODALITY_UNDEMONSTRATED"",""SOLUTION_MISSING"",""UNMAPPED_TOPIC"",""MATH_REPRESENTATION_UNDECLARED"",""PAU_MODALITY_UNDECLARED"",""SOLUTION_REVIEW_REQUIRED""]"
"cand-4c65656d-c83c-5a68-a420-6287efa3df4d","ex-0c67217c-98dd-5716-84de-30f6a4390438","3","2","[""ANSWER_MISSING"",""CHOICES_REQUIRED"",""SOLUTION_MISSING"",""PAU_MODALITY_UNDECLARED"",""SOLUTION_REVIEW_REQUIRED""]"
"cand-868ec939-c73e-52d6-9996-47bdb90521a9","ex-445476a0-a579-56a2-8b53-c5fca63fe86a","5","3","[""ANSWER_MISSING"",""MODALITIES_MISSING"",""MODALITY_UNDEMONSTRATED"",""SOLUTION_MISSING"",""UNMAPPED_TOPIC"",""MATH_REPRESENTATION_UNDECLARED"",""PAU_MODALITY_UNDECLARED"",""SOLUTION_REVIEW_REQUIRED""]"
"cand-cdac44e4-b632-5055-aceb-222631139401","ex-faa66f0b-b894-5e68-a17c-10972e264240","3","3","[""ANSWER_MISSING"",""CHOICES_REQUIRED"",""SOLUTION_MISSING"",""MATH_REPRESENTATION_UNDECLARED"",""PAU_MODALITY_UNDECLARED"",""SOLUTION_REVIEW_REQUIRED""]"
"cand-af429ca1-f3ba-54e5-a3b2-899a563ad18f","ex-831c7596-b7f0-5055-84fb-dd46d3635838","3","2","[""ANSWER_MISSING"",""CHOICES_REQUIRED"",""SOLUTION_MISSING"",""PAU_MODALITY_UNDECLARED"",""SOLUTION_REVIEW_REQUIRED""]"
"cand-ed41fc49-fe24-532b-8ff4-cc469060d4b9","ex-5ea8bd45-da17-54cc-abe7-74dfcbdce123","3","2","[""ANSWER_MISSING"",""CHOICES_REQUIRED"",""SOLUTION_MISSING"",""PAU_MODALITY_UNDECLARED"",""SOLUTION_REVIEW_REQUIRED""]"
"cand-58584969-2695-5613-b693-1c6babe97c2c","ex-80d304c0-647f-5182-8044-39c4feb8124b","5","3","[""ANSWER_MISSING"",""MODALITIES_MISSING"",""MODALITY_UNDEMONSTRATED"",""SOLUTION_MISSING"",""UNMAPPED_TOPIC"",""MATH_REPRESENTATION_UNDECLARED"",""PAU_MODALITY_UNDECLARED"",""SOLUTION_REVIEW_REQUIRED""]"
"cand-dadfc7d7-1d5a-511f-bb01-d7fc9f052b50","ex-4b503e10-e239-5c24-94eb-7cd8fc7145e3","3","2","[""ANSWER_MISSING"",""CHOICES_REQUIRED"",""SOLUTION_MISSING"",""PAU_MODALITY_UNDECLARED"",""SOLUTION_REVIEW_REQUIRED""]"
"cand-21c159fe-8fe8-5801-8642-8c30fca5db10","ex-0399d40b-c1de-59ba-8594-659cd77efb7a","5","3","[""ANSWER_MISSING"",""MODALITIES_MISSING"",""MODALITY_UNDEMONSTRATED"",""SOLUTION_MISSING"",""UNMAPPED_TOPIC"",""MATH_REPRESENTATION_UNDECLARED"",""PAU_MODALITY_UNDECLARED"",""SOLUTION_REVIEW_REQUIRED""]"
"cand-782f96b1-f145-5cd6-bef9-e517fe05299f","ex-4b65dc31-ef95-513f-a9d4-ff0e3903dd08","5","3","[""ANSWER_MISSING"",""CHOICES_REQUIRED"",""COMMUNITY_UNMAPPED"",""PAU_COMMUNITY_MISSING"",""SOLUTION_MISSING"",""MATH_REPRESENTATION_UNDECLARED"",""PAU_MODALITY_UNDECLARED"",""SOLUTION_REVIEW_REQUIRED""]"
"cand-f08e71d2-d080-571b-9335-fd9b2490c04f","ex-5e3efc93-0032-5f76-bd1c-00be7098e470","3","2","[""ANSWER_MISSING"",""CHOICES_REQUIRED"",""SOLUTION_MISSING"",""PAU_MODALITY_UNDECLARED"",""SOLUTION_REVIEW_REQUIRED""]"
"cand-a28666f3-0056-5367-ace6-531581e1cfa0","ex-f2ce625f-14d5-5bbf-84ee-eb21ad4f50fc","3","2","[""ANSWER_MISSING"",""CHOICES_REQUIRED"",""SOLUTION_MISSING"",""PAU_MODALITY_UNDECLARED"",""SOLUTION_REVIEW_REQUIRED""]"
"cand-cf747e05-d647-52ba-aca4-5f3d63743bb1","ex-baab3604-2f63-510b-bf2b-1b54b25a9c7c","5","3","[""ANSWER_MISSING"",""MODALITIES_MISSING"",""MODALITY_UNDEMONSTRATED"",""SOLUTION_MISSING"",""UNMAPPED_TOPIC"",""MATH_REPRESENTATION_UNDECLARED"",""PAU_MODALITY_UNDECLARED"",""SOLUTION_REVIEW_REQUIRED""]"
"cand-b6ed71af-335a-5c05-8d80-24b6e713dd1f","ex-b4ec10a7-fc16-5a93-848f-3699f4d32e2f","3","2","[""ANSWER_MISSING"",""CHOICES_REQUIRED"",""SOLUTION_MISSING"",""PAU_MODALITY_UNDECLARED"",""SOLUTION_REVIEW_REQUIRED""]"
"cand-bc2acff9-b739-5080-ae5e-6f550115d43e","ex-9d5577e6-42a3-5d5e-8344-e0ebcdd2cb5f","3","3","[""ANSWER_MISSING"",""CHOICES_REQUIRED"",""SOLUTION_MISSING"",""MATH_REPRESENTATION_UNDECLARED"",""PAU_MODALITY_UNDECLARED"",""SOLUTION_REVIEW_REQUIRED""]"
"cand-b027b8b9-3b5b-5407-a58c-e1c388043ff7","ex-c2d7bae5-3675-5a16-8e70-8247298863d6","3","3","[""ANSWER_MISSING"",""CHOICES_REQUIRED"",""SOLUTION_MISSING"",""MATH_REPRESENTATION_UNDECLARED"",""PAU_MODALITY_UNDECLARED"",""SOLUTION_REVIEW_REQUIRED""]"
"cand-b782e931-9876-513e-834e-7344e586eb8a","ex-2ce58cbb-926c-5e69-a481-fc37dd37982c","3","2","[""ANSWER_MISSING"",""CHOICES_REQUIRED"",""SOLUTION_MISSING"",""PAU_MODALITY_UNDECLARED"",""SOLUTION_REVIEW_REQUIRED""]"
"cand-1496e397-b9e9-5170-8865-ed5f8218cbfd","ex-2062ecd6-2cf6-5845-8c65-ef9c8a9a0bf4","3","2","[""ANSWER_MISSING"",""CHOICES_REQUIRED"",""SOLUTION_MISSING"",""PAU_MODALITY_UNDECLARED"",""SOLUTION_REVIEW_REQUIRED""]"
"cand-12224c26-70e9-53c8-921d-e9dc563b22a3","ex-b84d7bc1-bc81-5673-9ca7-c58cd020f3be","5","4","[""ANSWER_MISSING"",""MODALITIES_MISSING"",""MODALITY_UNDEMONSTRATED"",""SOLUTION_MISSING"",""UNMAPPED_TOPIC"",""MATH_REPRESENTATION_UNDECLARED"",""PAU_DETAIL_INCOMPLETE"",""PAU_MODALITY_UNDECLARED"",""SOLUTION_REVIEW_REQUIRED""]"
"cand-67178360-2d3c-5b0f-89ff-a53b48764a20","ex-541f848e-db5a-5ab5-952b-c31b16feab38","3","3","[""ANSWER_MISSING"",""CHOICES_REQUIRED"",""SOLUTION_MISSING"",""PAU_DETAIL_INCOMPLETE"",""PAU_MODALITY_UNDECLARED"",""SOLUTION_REVIEW_REQUIRED""]"
"cand-8bca68e1-de1d-5523-9ad8-4f7d554f6574","ex-f4b3242f-7167-5af6-ba13-61fde77a2863","3","3","[""ANSWER_MISSING"",""CHOICES_REQUIRED"",""SOLUTION_MISSING"",""MATH_REPRESENTATION_UNDECLARED"",""PAU_MODALITY_UNDECLARED"",""SOLUTION_REVIEW_REQUIRED""]"
"cand-b4affc41-8a62-5f0a-bac7-fd2c7d1508c3","ex-c88098b5-78c1-5a4c-944d-c7fbde8a9b3a","3","2","[""ANSWER_MISSING"",""CHOICES_REQUIRED"",""SOLUTION_MISSING"",""PAU_MODALITY_UNDECLARED"",""SOLUTION_REVIEW_REQUIRED""]"
"cand-b79355b5-86bf-5b88-84c3-1b6482aefa53","ex-b64cb36a-5d47-57e0-abe1-ea66aff5bf16","5","2","[""ANSWER_MISSING"",""MODALITIES_MISSING"",""MODALITY_UNDEMONSTRATED"",""SOLUTION_MISSING"",""UNMAPPED_TOPIC"",""PAU_MODALITY_UNDECLARED"",""SOLUTION_REVIEW_REQUIRED""]"
"cand-0809b3f2-e9bb-5857-ae7d-e99136e2e270","ex-c1dd4b66-d210-5e83-8b79-95646173fae0","3","2","[""ANSWER_MISSING"",""CHOICES_REQUIRED"",""SOLUTION_MISSING"",""PAU_MODALITY_UNDECLARED"",""SOLUTION_REVIEW_REQUIRED""]"
"cand-63e5afb2-f2f8-5d4c-b7a6-ef27a94060b0","ex-8638b4e4-6a99-526e-a441-14649c313a02","5","3","[""ANSWER_MISSING"",""MODALITIES_MISSING"",""MODALITY_UNDEMONSTRATED"",""SOLUTION_MISSING"",""UNMAPPED_TOPIC"",""MATH_REPRESENTATION_UNDECLARED"",""PAU_MODALITY_UNDECLARED"",""SOLUTION_REVIEW_REQUIRED""]"
"cand-bd420286-0634-51e8-be9e-1e4116fa3bbc","ex-06029e26-b0f0-5957-b090-117bb6a5c417","3","2","[""ANSWER_MISSING"",""CHOICES_REQUIRED"",""SOLUTION_MISSING"",""PAU_MODALITY_UNDECLARED"",""SOLUTION_REVIEW_REQUIRED""]"
"cand-c4b211e5-d1bb-5e4c-90e9-dca9ef54b927","ex-87953506-71f7-5ab9-810d-da066398e9e2","5","3","[""ANSWER_MISSING"",""MODALITIES_MISSING"",""MODALITY_UNDEMONSTRATED"",""SOLUTION_MISSING"",""UNMAPPED_TOPIC"",""MATH_REPRESENTATION_UNDECLARED"",""PAU_MODALITY_UNDECLARED"",""SOLUTION_REVIEW_REQUIRED""]"
"cand-61058096-54d3-52d5-9d06-c7aae638b83c","ex-d7ccbe9d-5f63-59f1-b683-3f642ba18819","3","2","[""ANSWER_MISSING"",""CHOICES_REQUIRED"",""SOLUTION_MISSING"",""PAU_MODALITY_UNDECLARED"",""SOLUTION_REVIEW_REQUIRED""]"
"cand-282a52c4-d96e-5413-82c0-0b4fbc984f74","ex-e1830c71-cb1f-5a9a-8a70-b5f51e39954a","5","3","[""ANSWER_MISSING"",""MODALITIES_MISSING"",""MODALITY_UNDEMONSTRATED"",""SOLUTION_MISSING"",""UNMAPPED_TOPIC"",""MATH_REPRESENTATION_UNDECLARED"",""PAU_MODALITY_UNDECLARED"",""SOLUTION_REVIEW_REQUIRED""]"
"cand-3989b0e6-01f1-5307-8747-2ab2965853e4","ex-6d9e719c-cf67-591e-b089-7de8e44024ef","3","2","[""ANSWER_MISSING"",""CHOICES_REQUIRED"",""SOLUTION_MISSING"",""PAU_MODALITY_UNDECLARED"",""SOLUTION_REVIEW_REQUIRED""]"
"cand-a31bef43-f39f-5c9f-8745-9d3af46effec","ex-03ec5494-c0f4-5b54-a528-2902f1369cfd","5","3","[""ANSWER_MISSING"",""MODALITIES_MISSING"",""MODALITY_UNDEMONSTRATED"",""SOLUTION_MISSING"",""UNMAPPED_TOPIC"",""MATH_REPRESENTATION_UNDECLARED"",""PAU_MODALITY_UNDECLARED"",""SOLUTION_REVIEW_REQUIRED""]"
"cand-1a800a06-cece-5fc6-ae21-bd4ef3755147","ex-db71909b-6490-5a11-a362-e9cb68e095d4","3","2","[""ANSWER_MISSING"",""CHOICES_REQUIRED"",""SOLUTION_MISSING"",""PAU_MODALITY_UNDECLARED"",""SOLUTION_REVIEW_REQUIRED""]"
"cand-6fffaf3d-edae-510c-b9f5-60666cd9bfe7","ex-d306584a-db22-56d2-a48a-e53bd56a5e87","3","4","[""ANSWER_MISSING"",""CHOICES_REQUIRED"",""SOLUTION_MISSING"",""MATH_REPRESENTATION_UNDECLARED"",""PAU_DETAIL_INCOMPLETE"",""PAU_MODALITY_UNDECLARED"",""SOLUTION_REVIEW_REQUIRED""]"
"cand-b4fe52ce-d611-5891-bac4-f54198e125f3","ex-aaad01ce-f50b-5e38-a06d-f9d9d88d4be8","3","3","[""ANSWER_MISSING"",""CHOICES_REQUIRED"",""SOLUTION_MISSING"",""PAU_DETAIL_INCOMPLETE"",""PAU_MODALITY_UNDECLARED"",""SOLUTION_REVIEW_REQUIRED""]"
"cand-9b168011-bde1-5af9-a37c-92ebf7154617","ex-5836c720-2c96-54fc-8a9f-13f1211c2805","5","2","[""ANSWER_MISSING"",""CHOICES_REQUIRED"",""COMMUNITY_UNMAPPED"",""PAU_COMMUNITY_MISSING"",""SOLUTION_MISSING"",""PAU_MODALITY_UNDECLARED"",""SOLUTION_REVIEW_REQUIRED""]"
"cand-4ab47ec8-110b-5a05-ac8e-e75899aa8e3c","ex-81ceb801-9e19-5a9e-a3aa-6836f012dd17","5","2","[""ANSWER_MISSING"",""CHOICES_REQUIRED"",""COMMUNITY_UNMAPPED"",""PAU_COMMUNITY_MISSING"",""SOLUTION_MISSING"",""PAU_MODALITY_UNDECLARED"",""SOLUTION_REVIEW_REQUIRED""]"
"cand-4c7afa46-cff0-5fff-9b25-5f8083b0373b","ex-1fba10a2-42b0-5968-8dac-65189485911a","5","2","[""ANSWER_MISSING"",""CHOICES_REQUIRED"",""COMMUNITY_UNMAPPED"",""PAU_COMMUNITY_MISSING"",""SOLUTION_MISSING"",""PAU_MODALITY_UNDECLARED"",""SOLUTION_REVIEW_REQUIRED""]"
"cand-8072a408-6fb1-5cbe-9690-9cbf834ebdd7","ex-d5470e78-e207-589f-b057-c621053920c5","5","2","[""ANSWER_MISSING"",""CHOICES_REQUIRED"",""COMMUNITY_UNMAPPED"",""PAU_COMMUNITY_MISSING"",""SOLUTION_MISSING"",""PAU_MODALITY_UNDECLARED"",""SOLUTION_REVIEW_REQUIRED""]"
"cand-8d669439-ae9b-5186-8edd-16b4f40e4b32","ex-571a3479-a7ed-5800-9d88-e6071768f31f","5","2","[""ANSWER_MISSING"",""CHOICES_REQUIRED"",""COMMUNITY_UNMAPPED"",""PAU_COMMUNITY_MISSING"",""SOLUTION_MISSING"",""PAU_MODALITY_UNDECLARED"",""SOLUTION_REVIEW_REQUIRED""]"
"cand-341090cc-3314-596c-b028-d61c3a039a87","ex-468df88a-51df-5610-9037-e77aa95daf7a","3","3","[""ANSWER_MISSING"",""CHOICES_REQUIRED"",""SOLUTION_MISSING"",""MATH_REPRESENTATION_UNDECLARED"",""PAU_MODALITY_UNDECLARED"",""SOLUTION_REVIEW_REQUIRED""]"
"cand-69032219-0138-5dd7-845b-203a62c0b034","ex-7f0fc4f2-c9dd-54eb-8e46-a450d9702e52","3","2","[""ANSWER_MISSING"",""CHOICES_REQUIRED"",""SOLUTION_MISSING"",""PAU_MODALITY_UNDECLARED"",""SOLUTION_REVIEW_REQUIRED""]"
"cand-94f1ef7e-ef83-557a-87a7-194fa9985fac","ex-9197b7af-c027-5a98-b699-45166c47c6fe","5","2","[""ANSWER_MISSING"",""MODALITIES_MISSING"",""MODALITY_UNDEMONSTRATED"",""SOLUTION_MISSING"",""UNMAPPED_TOPIC"",""PAU_MODALITY_UNDECLARED"",""SOLUTION_REVIEW_REQUIRED""]"
"cand-cfbacacc-52bd-5b3c-bdc3-2abc6ab6f915","ex-440f8bb2-cb37-53fb-98f6-73fafa1f91c2","3","3","[""ANSWER_MISSING"",""CHOICES_REQUIRED"",""SOLUTION_MISSING"",""PAU_DETAIL_INCOMPLETE"",""PAU_MODALITY_UNDECLARED"",""SOLUTION_REVIEW_REQUIRED""]"
"cand-69ed5f56-402b-5e7e-b97b-1c724b923944","ex-fe87d24f-bce1-54fe-aaaa-bb88455a349b","3","3","[""ANSWER_MISSING"",""CHOICES_REQUIRED"",""SOLUTION_MISSING"",""PAU_DETAIL_INCOMPLETE"",""PAU_MODALITY_UNDECLARED"",""SOLUTION_REVIEW_REQUIRED""]"
"cand-1d8a28d6-3655-5dd8-b527-308206e4ea78","ex-897f5a84-b9cd-581f-88f5-ff426027b76a","5","4","[""ANSWER_MISSING"",""MODALITIES_MISSING"",""MODALITY_UNDEMONSTRATED"",""SOLUTION_MISSING"",""UNMAPPED_TOPIC"",""MATH_REPRESENTATION_UNDECLARED"",""PAU_DETAIL_INCOMPLETE"",""PAU_MODALITY_UNDECLARED"",""SOLUTION_REVIEW_REQUIRED""]"
"cand-3d785576-1d22-5dbd-aa0d-7bd9a2a41966","ex-d022ddec-add3-55e2-ad64-fff24b2246b3","3","3","[""ANSWER_MISSING"",""CHOICES_REQUIRED"",""SOLUTION_MISSING"",""PAU_DETAIL_INCOMPLETE"",""PAU_MODALITY_UNDECLARED"",""SOLUTION_REVIEW_REQUIRED""]"
"cand-3b8f4bdc-2705-5760-8585-9cd58d4f0f36","ex-e94b1506-310f-5e5d-a261-3defcd6a7d1a","3","3","[""ANSWER_MISSING"",""CHOICES_REQUIRED"",""SOLUTION_MISSING"",""MATH_REPRESENTATION_UNDECLARED"",""PAU_MODALITY_UNDECLARED"",""SOLUTION_REVIEW_REQUIRED""]"
"cand-03d06c21-f1a3-57cf-a445-b0edb54d13c7","ex-2a7b0b65-b208-5ad9-9d4d-02db882f0aea","3","2","[""ANSWER_MISSING"",""CHOICES_REQUIRED"",""SOLUTION_MISSING"",""PAU_MODALITY_UNDECLARED"",""SOLUTION_REVIEW_REQUIRED""]"
"cand-def2d623-c86e-55f0-8d2b-7de0bfe4fd10","ex-4c6184ab-b43f-559e-9e69-99b4d09859fb","5","3","[""ANSWER_MISSING"",""MODALITIES_MISSING"",""MODALITY_UNDEMONSTRATED"",""SOLUTION_MISSING"",""UNMAPPED_TOPIC"",""MATH_REPRESENTATION_UNDECLARED"",""PAU_MODALITY_UNDECLARED"",""SOLUTION_REVIEW_REQUIRED""]"
"cand-9dd417d2-0cb8-5ec9-9540-0dfe1134746e","ex-87a4d0fe-e8c4-5fc7-91da-d9774e25f707","3","2","[""ANSWER_MISSING"",""CHOICES_REQUIRED"",""SOLUTION_MISSING"",""PAU_MODALITY_UNDECLARED"",""SOLUTION_REVIEW_REQUIRED""]"
"cand-fdc87b1d-ab8d-58bd-8c5c-5523ea216d5c","ex-15bab9db-3c55-55f1-bc51-a8c8cc955cdf","5","3","[""ANSWER_MISSING"",""MODALITIES_MISSING"",""MODALITY_UNDEMONSTRATED"",""SOLUTION_MISSING"",""UNMAPPED_TOPIC"",""MATH_REPRESENTATION_UNDECLARED"",""PAU_MODALITY_UNDECLARED"",""SOLUTION_REVIEW_REQUIRED""]"
"cand-f5e5874c-fede-5bb0-a274-01ca154ef718","ex-e17094e8-0ac7-54b7-b048-4507b2d71fd7","3","2","[""ANSWER_MISSING"",""CHOICES_REQUIRED"",""SOLUTION_MISSING"",""PAU_MODALITY_UNDECLARED"",""SOLUTION_REVIEW_REQUIRED""]"
"cand-709f89b9-e9c4-568d-bdd9-cc463d85895b","ex-7e112b72-e409-5fdd-aecb-d0b7821b4661","3","3","[""ANSWER_MISSING"",""CHOICES_REQUIRED"",""SOLUTION_MISSING"",""MATH_REPRESENTATION_UNDECLARED"",""PAU_MODALITY_UNDECLARED"",""SOLUTION_REVIEW_REQUIRED""]"
"cand-2a24905c-44a2-5fd9-88d0-701eee8d02cc","ex-9e46b40c-388b-548f-83e8-08c2d81dce6d","5","3","[""ANSWER_MISSING"",""MODALITIES_MISSING"",""MODALITY_UNDEMONSTRATED"",""SOLUTION_MISSING"",""UNMAPPED_TOPIC"",""MATH_REPRESENTATION_UNDECLARED"",""PAU_MODALITY_UNDECLARED"",""SOLUTION_REVIEW_REQUIRED""]"
"cand-c2475ea6-db6e-51ab-8753-8ceda21bbfc8","ex-b917b44b-7979-52eb-beea-358027329982","5","3","[""ANSWER_MISSING"",""MODALITIES_MISSING"",""MODALITY_UNDEMONSTRATED"",""SOLUTION_MISSING"",""UNMAPPED_TOPIC"",""MATH_REPRESENTATION_UNDECLARED"",""PAU_MODALITY_UNDECLARED"",""SOLUTION_REVIEW_REQUIRED""]"
"cand-91efc53e-9845-5b43-8db6-75d307e1ecf5","ex-cec6db98-631a-55b2-805f-a0dda6e91991","3","4","[""ANSWER_MISSING"",""CHOICES_REQUIRED"",""SOLUTION_MISSING"",""MATH_REPRESENTATION_UNDECLARED"",""PAU_DETAIL_INCOMPLETE"",""PAU_MODALITY_UNDECLARED"",""SOLUTION_REVIEW_REQUIRED""]"
"cand-c6e91073-3c43-571f-800b-02ca3a4ee7b1","ex-4509cf52-1c30-564b-a513-b18feb0523e0","3","3","[""ANSWER_MISSING"",""CHOICES_REQUIRED"",""SOLUTION_MISSING"",""PAU_DETAIL_INCOMPLETE"",""PAU_MODALITY_UNDECLARED"",""SOLUTION_REVIEW_REQUIRED""]"
"cand-906bc0bc-9c2a-5d03-8fb3-1470467d62e8","ex-716d40c8-b516-5d5f-ad90-1c69cc685ae6","3","2","[""ANSWER_MISSING"",""CHOICES_REQUIRED"",""SOLUTION_MISSING"",""PAU_MODALITY_UNDECLARED"",""SOLUTION_REVIEW_REQUIRED""]"
"cand-b13aa814-01c4-5a34-b164-e3d23cefb0ba","ex-0be080b5-ed02-5052-a62f-94c8a99d17cd","5","4","[""ANSWER_MISSING"",""MODALITIES_MISSING"",""MODALITY_UNDEMONSTRATED"",""SOLUTION_MISSING"",""UNMAPPED_TOPIC"",""MATH_REPRESENTATION_UNDECLARED"",""PAU_DETAIL_INCOMPLETE"",""PAU_MODALITY_UNDECLARED"",""SOLUTION_REVIEW_REQUIRED""]"
"cand-b634a4e0-dd64-5eb9-bfd2-cef0d445c84b","ex-e3fcbb3a-e9bc-5aa1-af2f-8a45aeb14132","3","3","[""ANSWER_MISSING"",""CHOICES_REQUIRED"",""SOLUTION_MISSING"",""PAU_DETAIL_INCOMPLETE"",""PAU_MODALITY_UNDECLARED"",""SOLUTION_REVIEW_REQUIRED""]"
"cand-552edffe-4c46-5ac9-86f5-268170367132","ex-cbbc43d4-6a10-541a-bc14-3aa6a2c83949","5","4","[""ANSWER_MISSING"",""MODALITIES_MISSING"",""MODALITY_UNDEMONSTRATED"",""SOLUTION_MISSING"",""UNMAPPED_TOPIC"",""MATH_REPRESENTATION_UNDECLARED"",""PAU_DETAIL_INCOMPLETE"",""PAU_MODALITY_UNDECLARED"",""SOLUTION_REVIEW_REQUIRED""]"
"cand-8b70ae7a-8764-5299-9d96-3d7460c368e9","ex-805a100b-4d19-5bcf-8e62-a6aec9a84e6b","3","3","[""ANSWER_MISSING"",""CHOICES_REQUIRED"",""SOLUTION_MISSING"",""PAU_DETAIL_INCOMPLETE"",""PAU_MODALITY_UNDECLARED"",""SOLUTION_REVIEW_REQUIRED""]"
"cand-0027aeb3-5d51-5929-8087-421f220bd2b3","ex-2ce32b6b-e556-5c80-95ff-4d79b6022a80","5","4","[""ANSWER_MISSING"",""MODALITIES_MISSING"",""MODALITY_UNDEMONSTRATED"",""SOLUTION_MISSING"",""UNMAPPED_TOPIC"",""MATH_REPRESENTATION_UNDECLARED"",""PAU_DETAIL_INCOMPLETE"",""PAU_MODALITY_UNDECLARED"",""SOLUTION_REVIEW_REQUIRED""]"
"cand-4320eadc-e532-5362-8408-f29dc687b283","ex-b9370233-c883-5734-93f3-072ea0ddc904","3","3","[""ANSWER_MISSING"",""CHOICES_REQUIRED"",""SOLUTION_MISSING"",""PAU_DETAIL_INCOMPLETE"",""PAU_MODALITY_UNDECLARED"",""SOLUTION_REVIEW_REQUIRED""]"
"cand-c676e0ff-68ee-5cc3-a301-b2a4421e72ca","ex-5212a776-29a6-5dbb-9f3c-eab898dc4841","5","4","[""ANSWER_MISSING"",""MODALITIES_MISSING"",""MODALITY_UNDEMONSTRATED"",""SOLUTION_MISSING"",""UNMAPPED_TOPIC"",""MATH_REPRESENTATION_UNDECLARED"",""PAU_DETAIL_INCOMPLETE"",""PAU_MODALITY_UNDECLARED"",""SOLUTION_REVIEW_REQUIRED""]"
"cand-884e1a32-11ac-5e5c-a6ca-b8c8eb2adbda","ex-961e492f-a245-57d4-bef7-c4ee77886f24","3","3","[""ANSWER_MISSING"",""CHOICES_REQUIRED"",""SOLUTION_MISSING"",""PAU_DETAIL_INCOMPLETE"",""PAU_MODALITY_UNDECLARED"",""SOLUTION_REVIEW_REQUIRED""]"
"cand-7dd01dd7-9457-57ca-96ab-46595f689ed2","ex-94193f16-e6f9-5886-9910-5135e0dca359","5","3","[""ANSWER_MISSING"",""MODALITIES_MISSING"",""MODALITY_UNDEMONSTRATED"",""SOLUTION_MISSING"",""UNMAPPED_TOPIC"",""MATH_REPRESENTATION_UNDECLARED"",""PAU_MODALITY_UNDECLARED"",""SOLUTION_REVIEW_REQUIRED""]"
"cand-df6c825c-cf4b-50fb-be50-e78882a5e83b","ex-793911ba-f977-5eaf-984e-16e5c8f31f76","3","3","[""ANSWER_MISSING"",""CHOICES_REQUIRED"",""SOLUTION_MISSING"",""MATH_REPRESENTATION_UNDECLARED"",""PAU_MODALITY_UNDECLARED"",""SOLUTION_REVIEW_REQUIRED""]"
"cand-dfb71535-a65b-5e06-b8a7-29f7dbad51b6","ex-104bd849-b209-576d-9738-1c883631378b","3","2","[""ANSWER_MISSING"",""CHOICES_REQUIRED"",""SOLUTION_MISSING"",""PAU_MODALITY_UNDECLARED"",""SOLUTION_REVIEW_REQUIRED""]"
"cand-16ff3556-1ca3-50e9-bd5d-b922f2dc8010","ex-a70d8673-7887-51d6-8b49-126d586d545d","3","2","[""ANSWER_MISSING"",""CHOICES_REQUIRED"",""SOLUTION_MISSING"",""PAU_MODALITY_UNDECLARED"",""SOLUTION_REVIEW_REQUIRED""]"
"cand-13c6c040-7468-535e-9adb-32939509ab53","ex-8290cf2a-5f32-56ba-9f90-fb1fcc72c288","3","3","[""ANSWER_MISSING"",""CHOICES_REQUIRED"",""SOLUTION_MISSING"",""MATH_REPRESENTATION_UNDECLARED"",""PAU_MODALITY_UNDECLARED"",""SOLUTION_REVIEW_REQUIRED""]"
"cand-ed2e95e5-ef20-544b-a580-d35511675006","ex-951bc5b9-88db-5316-9fda-1c03c93e801d","3","2","[""ANSWER_MISSING"",""CHOICES_REQUIRED"",""SOLUTION_MISSING"",""PAU_MODALITY_UNDECLARED"",""SOLUTION_REVIEW_REQUIRED""]"
"cand-adb4deef-9714-5739-82db-fc0ccb94fe19","ex-030cc855-6f47-5b65-9115-83fae5e8607d","3","3","[""ANSWER_MISSING"",""CHOICES_REQUIRED"",""SOLUTION_MISSING"",""MATH_REPRESENTATION_UNDECLARED"",""PAU_MODALITY_UNDECLARED"",""SOLUTION_REVIEW_REQUIRED""]"
"cand-d3a794ad-5853-5d01-8c46-ce1d87f4b1b1","ex-9bfa9eed-f311-54bd-882b-257e9ea7a2c3","3","2","[""ANSWER_MISSING"",""CHOICES_REQUIRED"",""SOLUTION_MISSING"",""PAU_MODALITY_UNDECLARED"",""SOLUTION_REVIEW_REQUIRED""]"
"cand-6eb878ec-aadb-5dd0-a243-2429e33913dc","ex-580c1722-840d-5832-a323-88386617ea00","5","3","[""ANSWER_MISSING"",""MODALITIES_MISSING"",""MODALITY_UNDEMONSTRATED"",""SOLUTION_MISSING"",""UNMAPPED_TOPIC"",""MATH_REPRESENTATION_UNDECLARED"",""PAU_MODALITY_UNDECLARED"",""SOLUTION_REVIEW_REQUIRED""]"
"cand-87ed4458-4077-5fb3-9142-6092820591b0","ex-74db33f2-a4c4-5dbe-9f61-75c1d9beb6ba","3","2","[""ANSWER_MISSING"",""CHOICES_REQUIRED"",""SOLUTION_MISSING"",""PAU_MODALITY_UNDECLARED"",""SOLUTION_REVIEW_REQUIRED""]"
"cand-ccaef1b1-72c3-5920-a980-1354c61668b5","ex-4993453d-df78-564a-8034-57b94bf6d639","5","4","[""ANSWER_MISSING"",""MODALITIES_MISSING"",""MODALITY_UNDEMONSTRATED"",""SOLUTION_MISSING"",""UNMAPPED_TOPIC"",""MATH_REPRESENTATION_UNDECLARED"",""PAU_DETAIL_INCOMPLETE"",""PAU_MODALITY_UNDECLARED"",""SOLUTION_REVIEW_REQUIRED""]"
"cand-40add63d-0165-57f0-b0ea-66e46f960d90","ex-3073930c-103c-5037-815f-1168017e48f1","3","3","[""ANSWER_MISSING"",""CHOICES_REQUIRED"",""SOLUTION_MISSING"",""PAU_DETAIL_INCOMPLETE"",""PAU_MODALITY_UNDECLARED"",""SOLUTION_REVIEW_REQUIRED""]"
"cand-f1d4f34c-62f1-5b09-a07f-8fe5cbd4f94f","ex-d37031a5-a444-5d94-95da-11ae59f71f71","3","3","[""ANSWER_MISSING"",""CHOICES_REQUIRED"",""SOLUTION_MISSING"",""MATH_REPRESENTATION_UNDECLARED"",""PAU_MODALITY_UNDECLARED"",""SOLUTION_REVIEW_REQUIRED""]"
"cand-c5519c61-c278-51dc-8163-a0f9708969f4","ex-429c942e-8483-5778-8ee8-135ce4d5f59c","7","3","[""ANSWER_MISSING"",""COMMUNITY_UNMAPPED"",""MODALITIES_MISSING"",""MODALITY_UNDEMONSTRATED"",""PAU_COMMUNITY_MISSING"",""SOLUTION_MISSING"",""UNMAPPED_TOPIC"",""MATH_REPRESENTATION_UNDECLARED"",""PAU_MODALITY_UNDECLARED"",""SOLUTION_REVIEW_REQUIRED""]"
"cand-65209c5d-a56b-553f-91a5-95eec7bc5cd6","ex-36464cf7-239d-5a9c-bfe0-635acce7f79a","3","2","[""ANSWER_MISSING"",""CHOICES_REQUIRED"",""SOLUTION_MISSING"",""PAU_MODALITY_UNDECLARED"",""SOLUTION_REVIEW_REQUIRED""]"
"cand-47d0f40c-ef76-5d1d-ae6b-20e1699e3626","ex-3be1fdc6-dba7-57ca-9867-1ebe6ad88fd5","3","2","[""ANSWER_MISSING"",""CHOICES_REQUIRED"",""SOLUTION_MISSING"",""PAU_MODALITY_UNDECLARED"",""SOLUTION_REVIEW_REQUIRED""]"
"cand-fad59f73-e533-5eb1-b9b2-edd676c5809b","ex-8cc9f337-451a-53a3-ba58-0f948d9a6959","3","2","[""ANSWER_MISSING"",""CHOICES_REQUIRED"",""SOLUTION_MISSING"",""PAU_MODALITY_UNDECLARED"",""SOLUTION_REVIEW_REQUIRED""]"
"cand-b6796c57-30d1-55cd-9c07-d5ed8cda3225","ex-befa0b95-b8ca-5ef3-b26c-dba9ade16c7a","3","2","[""ANSWER_MISSING"",""CHOICES_REQUIRED"",""SOLUTION_MISSING"",""PAU_MODALITY_UNDECLARED"",""SOLUTION_REVIEW_REQUIRED""]"
"cand-56ec204f-a564-5363-bf70-2099ab5fee96","ex-dd24ae87-2ea2-5d5e-90be-91c22b49f35d","3","4","[""ANSWER_MISSING"",""CHOICES_REQUIRED"",""SOLUTION_MISSING"",""MATH_REPRESENTATION_UNDECLARED"",""PAU_DETAIL_INCOMPLETE"",""PAU_MODALITY_UNDECLARED"",""SOLUTION_REVIEW_REQUIRED""]"
"cand-da889b74-02e7-5430-8a53-6d96081c8d78","ex-67567798-90c5-5a30-a4ae-ec5bc98d3555","3","3","[""ANSWER_MISSING"",""CHOICES_REQUIRED"",""SOLUTION_MISSING"",""PAU_DETAIL_INCOMPLETE"",""PAU_MODALITY_UNDECLARED"",""SOLUTION_REVIEW_REQUIRED""]"
"cand-3e2d2308-b908-59c6-8656-f2c8e23a8d6c","ex-57a4cc1e-6486-517b-8765-d824dd015ab0","5","3","[""ANSWER_MISSING"",""MODALITIES_MISSING"",""MODALITY_UNDEMONSTRATED"",""SOLUTION_MISSING"",""UNMAPPED_TOPIC"",""MATH_REPRESENTATION_UNDECLARED"",""PAU_MODALITY_UNDECLARED"",""SOLUTION_REVIEW_REQUIRED""]"
"cand-770d5ac5-7b0c-530d-884f-dc1f84ddd581","ex-d323b36a-0f8c-5e4d-94cb-c80c9869f8b6","3","2","[""ANSWER_MISSING"",""CHOICES_REQUIRED"",""SOLUTION_MISSING"",""PAU_MODALITY_UNDECLARED"",""SOLUTION_REVIEW_REQUIRED""]"
"cand-ac39413d-3cc3-58f4-807b-bf72467ddf4c","ex-e399ea26-fae8-5520-bdd6-bd9950aa6515","3","3","[""ANSWER_MISSING"",""CHOICES_REQUIRED"",""SOLUTION_MISSING"",""MATH_REPRESENTATION_UNDECLARED"",""PAU_MODALITY_UNDECLARED"",""SOLUTION_REVIEW_REQUIRED""]"
"cand-6d5be23e-35ae-5567-83b3-73856443d664","ex-502b41c8-85b6-5b6c-9da8-ba6e84c7ea6a","5","3","[""ANSWER_MISSING"",""MODALITIES_MISSING"",""MODALITY_UNDEMONSTRATED"",""SOLUTION_MISSING"",""UNMAPPED_TOPIC"",""MATH_REPRESENTATION_UNDECLARED"",""PAU_MODALITY_UNDECLARED"",""SOLUTION_REVIEW_REQUIRED""]"
"cand-2e42c31e-9b20-560f-afd5-9dd245e58c54","ex-915ba1ff-ca95-5a2d-abe8-d268cf42ef81","3","2","[""ANSWER_MISSING"",""CHOICES_REQUIRED"",""SOLUTION_MISSING"",""PAU_MODALITY_UNDECLARED"",""SOLUTION_REVIEW_REQUIRED""]"
"cand-b25758f4-dab2-5077-986b-afd5b4a5df83","ex-9f18f3f2-ea35-5d9b-9a08-1a6c5a02dda6","5","3","[""ANSWER_MISSING"",""MODALITIES_MISSING"",""MODALITY_UNDEMONSTRATED"",""SOLUTION_MISSING"",""UNMAPPED_TOPIC"",""MATH_REPRESENTATION_UNDECLARED"",""PAU_MODALITY_UNDECLARED"",""SOLUTION_REVIEW_REQUIRED""]"
"cand-3299415a-6751-5b72-9b0a-96e9c2772d9a","ex-27e43ef8-b16c-5623-93f2-7c15c75ff793","3","3","[""ANSWER_MISSING"",""CHOICES_REQUIRED"",""SOLUTION_MISSING"",""PAU_DETAIL_INCOMPLETE"",""PAU_MODALITY_UNDECLARED"",""SOLUTION_REVIEW_REQUIRED""]"
"cand-56188a6b-3e2c-5fe9-95e0-0e6c53c900fa","ex-c261abb9-8f5d-5187-9242-312ff87e2b2d","3","2","[""ANSWER_MISSING"",""CHOICES_REQUIRED"",""SOLUTION_MISSING"",""PAU_MODALITY_UNDECLARED"",""SOLUTION_REVIEW_REQUIRED""]"
"cand-6e7f606c-4a16-5b7d-8ef2-ff6cba3eb5ea","ex-743ca96b-2497-5f80-834c-02eb16ccab05","5","3","[""ANSWER_MISSING"",""MODALITIES_MISSING"",""MODALITY_UNDEMONSTRATED"",""SOLUTION_MISSING"",""UNMAPPED_TOPIC"",""MATH_REPRESENTATION_UNDECLARED"",""PAU_MODALITY_UNDECLARED"",""SOLUTION_REVIEW_REQUIRED""]"
"cand-e8d631c5-a05b-575d-aa5b-e712c342272b","ex-8342fd86-00e4-52f2-85de-c535db9abf81","3","2","[""ANSWER_MISSING"",""CHOICES_REQUIRED"",""SOLUTION_MISSING"",""PAU_MODALITY_UNDECLARED"",""SOLUTION_REVIEW_REQUIRED""]"
"cand-0fa78603-c281-5713-9903-a7db1419a7b1","ex-ccf5bdb4-fdb7-5d03-a12f-45c50552148c","3","2","[""ANSWER_MISSING"",""CHOICES_REQUIRED"",""SOLUTION_MISSING"",""PAU_MODALITY_UNDECLARED"",""SOLUTION_REVIEW_REQUIRED""]"
"cand-bddcf4a0-29f0-578c-b0fc-44b6f7a06f71","ex-7b1cd292-ecea-5064-83f5-2374001175f3","5","3","[""ANSWER_MISSING"",""MODALITIES_MISSING"",""MODALITY_UNDEMONSTRATED"",""SOLUTION_MISSING"",""UNMAPPED_TOPIC"",""MATH_REPRESENTATION_UNDECLARED"",""PAU_MODALITY_UNDECLARED"",""SOLUTION_REVIEW_REQUIRED""]"
"cand-1d699c6f-0bf0-5a44-94e0-ad8d69a64638","ex-cadc2f38-553e-5391-af25-a8f45b45672a","5","3","[""ANSWER_MISSING"",""CHOICES_REQUIRED"",""COMMUNITY_UNMAPPED"",""PAU_COMMUNITY_MISSING"",""SOLUTION_MISSING"",""MATH_REPRESENTATION_UNDECLARED"",""PAU_MODALITY_UNDECLARED"",""SOLUTION_REVIEW_REQUIRED""]"
"cand-128eb837-d17c-53ac-b772-5d9e58c60912","ex-70759db7-06ab-53b8-99c6-46eec0027aa5","3","2","[""ANSWER_MISSING"",""CHOICES_REQUIRED"",""SOLUTION_MISSING"",""PAU_MODALITY_UNDECLARED"",""SOLUTION_REVIEW_REQUIRED""]"
"cand-5fe4c1de-9f0c-5fc6-ba8c-87050bede1fd","ex-dc30d1d1-3ed7-5317-a710-2339626e1ceb","3","2","[""ANSWER_MISSING"",""CHOICES_REQUIRED"",""SOLUTION_MISSING"",""PAU_MODALITY_UNDECLARED"",""SOLUTION_REVIEW_REQUIRED""]"
"cand-23a866ad-7abf-5a58-a884-cc2a746ef579","ex-7fe48157-b7e4-545b-94b1-faef42eface5","5","3","[""ANSWER_MISSING"",""MODALITIES_MISSING"",""MODALITY_UNDEMONSTRATED"",""SOLUTION_MISSING"",""UNMAPPED_TOPIC"",""MATH_REPRESENTATION_UNDECLARED"",""PAU_MODALITY_UNDECLARED"",""SOLUTION_REVIEW_REQUIRED""]"
"cand-a2ad75d9-a415-5e39-9796-5668af59d9fd","ex-8114cda9-3f6c-5ace-b598-75c329ac0d6d","3","2","[""ANSWER_MISSING"",""CHOICES_REQUIRED"",""SOLUTION_MISSING"",""PAU_MODALITY_UNDECLARED"",""SOLUTION_REVIEW_REQUIRED""]"
"cand-119f705e-3705-5af0-8da5-9a57216bd0f6","ex-808b6794-e4dd-5941-b5a8-59677ccc2e95","5","2","[""ANSWER_MISSING"",""CHOICES_REQUIRED"",""COMMUNITY_UNMAPPED"",""PAU_COMMUNITY_MISSING"",""SOLUTION_MISSING"",""PAU_MODALITY_UNDECLARED"",""SOLUTION_REVIEW_REQUIRED""]"
"cand-e27f026c-232c-5d4d-8e47-0724a1ce40a0","ex-fbd1297c-93ea-5dd3-86e1-fd0f3e7dbf96","5","2","[""ANSWER_MISSING"",""CHOICES_REQUIRED"",""COMMUNITY_UNMAPPED"",""PAU_COMMUNITY_MISSING"",""SOLUTION_MISSING"",""PAU_MODALITY_UNDECLARED"",""SOLUTION_REVIEW_REQUIRED""]"
"cand-61c76118-de4a-5e00-ab57-4f6832147caa","ex-7546d767-c6a8-5006-a556-014e617eeb98","5","2","[""ANSWER_MISSING"",""CHOICES_REQUIRED"",""COMMUNITY_UNMAPPED"",""PAU_COMMUNITY_MISSING"",""SOLUTION_MISSING"",""PAU_MODALITY_UNDECLARED"",""SOLUTION_REVIEW_REQUIRED""]"
"cand-bcb4d267-a8a7-569f-8d6b-2ba3b8b324e7","ex-63195b45-8c92-5457-a683-88ea0c9d1ba9","5","2","[""ANSWER_MISSING"",""CHOICES_REQUIRED"",""COMMUNITY_UNMAPPED"",""PAU_COMMUNITY_MISSING"",""SOLUTION_MISSING"",""PAU_MODALITY_UNDECLARED"",""SOLUTION_REVIEW_REQUIRED""]"
"cand-861ca3b7-ad6b-5895-b1a8-8fa80d1632ad","ex-322a6890-8028-5c8b-b404-62ac7ebf3f31","5","2","[""ANSWER_MISSING"",""CHOICES_REQUIRED"",""COMMUNITY_UNMAPPED"",""PAU_COMMUNITY_MISSING"",""SOLUTION_MISSING"",""PAU_MODALITY_UNDECLARED"",""SOLUTION_REVIEW_REQUIRED""]"
"cand-1b9ccbf6-f1a1-5dcf-b1df-d75211f73050","ex-91bd7d72-8a7d-558d-91cf-d277866077f6","5","3","[""ANSWER_MISSING"",""MODALITIES_MISSING"",""MODALITY_UNDEMONSTRATED"",""SOLUTION_MISSING"",""UNMAPPED_TOPIC"",""MATH_REPRESENTATION_UNDECLARED"",""PAU_MODALITY_UNDECLARED"",""SOLUTION_REVIEW_REQUIRED""]"
"cand-db933ae3-c4ee-5b80-ba6a-ce2668e8f027","ex-36ea36ad-72fb-5e35-8615-35391e3f3b5b","3","2","[""ANSWER_MISSING"",""CHOICES_REQUIRED"",""SOLUTION_MISSING"",""PAU_MODALITY_UNDECLARED"",""SOLUTION_REVIEW_REQUIRED""]"
"cand-0d1ec26e-17a1-5056-a2a4-f9b18c963935","ex-dca02edf-5fa3-5052-9969-d5f488cb5741","5","3","[""ANSWER_MISSING"",""MODALITIES_MISSING"",""MODALITY_UNDEMONSTRATED"",""SOLUTION_MISSING"",""UNMAPPED_TOPIC"",""MATH_REPRESENTATION_UNDECLARED"",""PAU_MODALITY_UNDECLARED"",""SOLUTION_REVIEW_REQUIRED""]"
"cand-21f8db45-550c-53e3-a78e-d662aec6ecbf","ex-f3e27889-d71a-5cd2-8f08-6ba3a1881d5e","3","2","[""ANSWER_MISSING"",""CHOICES_REQUIRED"",""SOLUTION_MISSING"",""PAU_MODALITY_UNDECLARED"",""SOLUTION_REVIEW_REQUIRED""]"
"cand-63fec002-527a-582a-887b-a8b9b51a4f41","ex-f9f63630-11d1-5f59-bb5b-c9114c47f4a4","3","3","[""ANSWER_MISSING"",""CHOICES_REQUIRED"",""SOLUTION_MISSING"",""PAU_DETAIL_INCOMPLETE"",""PAU_MODALITY_UNDECLARED"",""SOLUTION_REVIEW_REQUIRED""]"
"cand-38ed2726-c794-5354-bf62-1b92668dbfaf","ex-015de781-1d7c-5cf7-b9ee-2e76dcfd5835","3","3","[""ANSWER_MISSING"",""CHOICES_REQUIRED"",""SOLUTION_MISSING"",""PAU_DETAIL_INCOMPLETE"",""PAU_MODALITY_UNDECLARED"",""SOLUTION_REVIEW_REQUIRED""]"
"cand-e7db23d8-2e3b-545e-b27b-ce3d3caa3e8b","ex-e6ad2393-ea90-5ae9-af63-1678e6c4350e","3","4","[""ANSWER_MISSING"",""CHOICES_REQUIRED"",""SOLUTION_MISSING"",""MATH_REPRESENTATION_UNDECLARED"",""PAU_DETAIL_INCOMPLETE"",""PAU_MODALITY_UNDECLARED"",""SOLUTION_REVIEW_REQUIRED""]"
"cand-f16b6c37-cbbc-52a6-981b-4d7826feda8e","ex-b5a4e21b-e361-5218-bcb2-f7fe24b4ff97","3","3","[""ANSWER_MISSING"",""CHOICES_REQUIRED"",""SOLUTION_MISSING"",""PAU_DETAIL_INCOMPLETE"",""PAU_MODALITY_UNDECLARED"",""SOLUTION_REVIEW_REQUIRED""]"
"cand-aff085a5-b1ae-51a6-9514-e0f46736f143","ex-15324381-bed6-5e10-9700-80d4fa5779d9","5","3","[""ANSWER_MISSING"",""MODALITIES_MISSING"",""MODALITY_UNDEMONSTRATED"",""SOLUTION_MISSING"",""UNMAPPED_TOPIC"",""MATH_REPRESENTATION_UNDECLARED"",""PAU_MODALITY_UNDECLARED"",""SOLUTION_REVIEW_REQUIRED""]"
"cand-e074bf5f-693c-5574-9921-2a4a4ee60e7b","ex-5aed0949-7642-5045-84cc-a142db790527","7","3","[""ANSWER_MISSING"",""COMMUNITY_UNMAPPED"",""MODALITIES_MISSING"",""MODALITY_UNDEMONSTRATED"",""PAU_COMMUNITY_MISSING"",""SOLUTION_MISSING"",""UNMAPPED_TOPIC"",""MATH_REPRESENTATION_UNDECLARED"",""PAU_MODALITY_UNDECLARED"",""SOLUTION_REVIEW_REQUIRED""]"
"cand-7e70df56-cce3-5851-8323-d77d863a3e47","ex-c129afd0-2207-5479-8873-7b5b73a3531a","3","2","[""ANSWER_MISSING"",""CHOICES_REQUIRED"",""SOLUTION_MISSING"",""PAU_MODALITY_UNDECLARED"",""SOLUTION_REVIEW_REQUIRED""]"
"cand-a9764b44-c883-5249-ae21-168bbb04fc4c","ex-1b19fcbe-0c7c-5147-acb1-de7b68427e8c","3","2","[""ANSWER_MISSING"",""CHOICES_REQUIRED"",""SOLUTION_MISSING"",""PAU_MODALITY_UNDECLARED"",""SOLUTION_REVIEW_REQUIRED""]"
"cand-7649f81a-0adf-5f40-92c4-0207ef201998","ex-b520396a-1e68-54dd-9576-fc41f64ecd0e","5","3","[""ANSWER_MISSING"",""MODALITIES_MISSING"",""MODALITY_UNDEMONSTRATED"",""SOLUTION_MISSING"",""UNMAPPED_TOPIC"",""MATH_REPRESENTATION_UNDECLARED"",""PAU_MODALITY_UNDECLARED"",""SOLUTION_REVIEW_REQUIRED""]"
"cand-57d1c380-2567-5f53-b934-8b903641ff36","ex-a4c6faed-3109-5fd2-947a-95947f07559c","3","2","[""ANSWER_MISSING"",""CHOICES_REQUIRED"",""SOLUTION_MISSING"",""PAU_MODALITY_UNDECLARED"",""SOLUTION_REVIEW_REQUIRED""]"
"cand-8b826e0e-9222-5dbe-af4d-2e96015b7177","ex-4ef1b3e0-7c1b-5755-b170-ede05235174e","3","3","[""ANSWER_MISSING"",""CHOICES_REQUIRED"",""SOLUTION_MISSING"",""MATH_REPRESENTATION_UNDECLARED"",""PAU_MODALITY_UNDECLARED"",""SOLUTION_REVIEW_REQUIRED""]"
"cand-9661e27f-198f-5222-952f-4802318efed2","ex-bf210eff-ff10-5117-a726-73a36534e523","3","2","[""ANSWER_MISSING"",""CHOICES_REQUIRED"",""SOLUTION_MISSING"",""PAU_MODALITY_UNDECLARED"",""SOLUTION_REVIEW_REQUIRED""]"
"cand-c6a3cd97-0c8b-57a9-8e22-438242bb9ed5","ex-cdae81df-7b96-598c-bfd5-bdd4609bf795","5","4","[""ANSWER_MISSING"",""MODALITIES_MISSING"",""MODALITY_UNDEMONSTRATED"",""SOLUTION_MISSING"",""UNMAPPED_TOPIC"",""MATH_REPRESENTATION_UNDECLARED"",""PAU_DETAIL_INCOMPLETE"",""PAU_MODALITY_UNDECLARED"",""SOLUTION_REVIEW_REQUIRED""]"
"cand-4c4d8f4d-7952-583e-9769-138cc3c5f561","ex-7d29ccc1-2aef-5784-b24b-42d396cc0551","3","3","[""ANSWER_MISSING"",""CHOICES_REQUIRED"",""SOLUTION_MISSING"",""PAU_DETAIL_INCOMPLETE"",""PAU_MODALITY_UNDECLARED"",""SOLUTION_REVIEW_REQUIRED""]"
"cand-76aa5655-69c6-5c5f-b938-7ed28b7e98c5","ex-778bd168-4834-5cd2-9f19-7c4f1558fa8e","5","4","[""ANSWER_MISSING"",""MODALITIES_MISSING"",""MODALITY_UNDEMONSTRATED"",""SOLUTION_MISSING"",""UNMAPPED_TOPIC"",""MATH_REPRESENTATION_UNDECLARED"",""PAU_DETAIL_INCOMPLETE"",""PAU_MODALITY_UNDECLARED"",""SOLUTION_REVIEW_REQUIRED""]"
"cand-011f7b69-b382-5ecf-acdf-9c8240583b74","ex-0328aaae-9abf-5cf8-93d1-f3e49e160933","3","3","[""ANSWER_MISSING"",""CHOICES_REQUIRED"",""SOLUTION_MISSING"",""PAU_DETAIL_INCOMPLETE"",""PAU_MODALITY_UNDECLARED"",""SOLUTION_REVIEW_REQUIRED""]"
"cand-7159942f-df37-5489-aa72-6c76cc01aba1","ex-35c67841-d6e9-5adb-9564-6e1ffde698b9","5","4","[""ANSWER_MISSING"",""MODALITIES_MISSING"",""MODALITY_UNDEMONSTRATED"",""SOLUTION_MISSING"",""UNMAPPED_TOPIC"",""MATH_REPRESENTATION_UNDECLARED"",""PAU_DETAIL_INCOMPLETE"",""PAU_MODALITY_UNDECLARED"",""SOLUTION_REVIEW_REQUIRED""]"
"cand-1d571273-976f-5625-be04-5ad30a672f40","ex-e6a47ec0-29de-560f-b607-2b5d31fdda66","3","3","[""ANSWER_MISSING"",""CHOICES_REQUIRED"",""SOLUTION_MISSING"",""PAU_DETAIL_INCOMPLETE"",""PAU_MODALITY_UNDECLARED"",""SOLUTION_REVIEW_REQUIRED""]"
"cand-05acc67b-fa1b-5086-923a-23cfdfaaa942","ex-cf1fff2f-500e-5e45-b5bd-4556998f3cd6","5","4","[""ANSWER_MISSING"",""MODALITIES_MISSING"",""MODALITY_UNDEMONSTRATED"",""SOLUTION_MISSING"",""UNMAPPED_TOPIC"",""MATH_REPRESENTATION_UNDECLARED"",""PAU_DETAIL_INCOMPLETE"",""PAU_MODALITY_UNDECLARED"",""SOLUTION_REVIEW_REQUIRED""]"
"cand-ca00e983-d4eb-5ca2-bb9a-7bf23d18e43b","ex-988d39b4-0aa2-5aa0-8ec5-767e0264df6a","5","4","[""ANSWER_MISSING"",""MODALITIES_MISSING"",""MODALITY_UNDEMONSTRATED"",""SOLUTION_MISSING"",""UNMAPPED_TOPIC"",""MATH_REPRESENTATION_UNDECLARED"",""PAU_DETAIL_INCOMPLETE"",""PAU_MODALITY_UNDECLARED"",""SOLUTION_REVIEW_REQUIRED""]"
"cand-2d9903f1-230b-5ba4-a66d-32c56190e48d","ex-6ebd6d1d-830d-52b7-aa0b-6f2c9033bfb9","3","3","[""ANSWER_MISSING"",""CHOICES_REQUIRED"",""SOLUTION_MISSING"",""PAU_DETAIL_INCOMPLETE"",""PAU_MODALITY_UNDECLARED"",""SOLUTION_REVIEW_REQUIRED""]"
"cand-cf098167-a31a-52fb-aaf6-d511fec74b92","ex-9df121fb-6f9c-5ee8-9bb4-36e0a242f9c7","5","3","[""ANSWER_MISSING"",""MODALITIES_MISSING"",""MODALITY_UNDEMONSTRATED"",""SOLUTION_MISSING"",""UNMAPPED_TOPIC"",""PAU_DETAIL_INCOMPLETE"",""PAU_MODALITY_UNDECLARED"",""SOLUTION_REVIEW_REQUIRED""]"
"cand-e8316d57-b99e-5616-a338-8429817f7665","ex-54daafa3-ded4-51ca-b64c-8a1c6e84dd0d","2","3","[""ANSWER_MISSING"",""SOLUTION_MISSING"",""PAU_DETAIL_INCOMPLETE"",""PAU_MODALITY_UNDECLARED"",""SOLUTION_REVIEW_REQUIRED""]"
"cand-b697bbed-859f-5649-9089-27da2c959643","ex-db596bf2-4c93-5543-aa60-1f7e29931ef5","3","3","[""ANSWER_MISSING"",""CHOICES_REQUIRED"",""SOLUTION_MISSING"",""MATH_REPRESENTATION_UNDECLARED"",""PAU_MODALITY_UNDECLARED"",""SOLUTION_REVIEW_REQUIRED""]"
"cand-bd1365b0-8e27-56a6-a1a4-fc13df301b1d","ex-9f4af2ff-2823-56dc-81ed-08f1bed2f48c","3","2","[""ANSWER_MISSING"",""CHOICES_REQUIRED"",""SOLUTION_MISSING"",""PAU_MODALITY_UNDECLARED"",""SOLUTION_REVIEW_REQUIRED""]"
"cand-de611aa3-8a56-5e5e-b942-32dccc2e0fde","ex-f79b1446-7e42-5d83-9326-0dcc3e97bf37","5","3","[""ANSWER_MISSING"",""MODALITIES_MISSING"",""MODALITY_UNDEMONSTRATED"",""SOLUTION_MISSING"",""UNMAPPED_TOPIC"",""MATH_REPRESENTATION_UNDECLARED"",""PAU_MODALITY_UNDECLARED"",""SOLUTION_REVIEW_REQUIRED""]"
"cand-b267b62b-5423-5ce5-a23e-e3578324631f","ex-e84c8d20-cb78-5da4-ac64-04922c85500e","3","2","[""ANSWER_MISSING"",""CHOICES_REQUIRED"",""SOLUTION_MISSING"",""PAU_MODALITY_UNDECLARED"",""SOLUTION_REVIEW_REQUIRED""]"
"cand-f3445999-558e-5062-8270-9b0d53e137c8","ex-ed9d5e9d-2a88-5850-b200-8e9531596110","5","3","[""ANSWER_MISSING"",""MODALITIES_MISSING"",""MODALITY_UNDEMONSTRATED"",""SOLUTION_MISSING"",""UNMAPPED_TOPIC"",""MATH_REPRESENTATION_UNDECLARED"",""PAU_MODALITY_UNDECLARED"",""SOLUTION_REVIEW_REQUIRED""]"
"cand-d47bc597-c867-5b51-94f2-f2587c73cef5","ex-a5047a14-1fd5-5129-9e8e-259dbe77b646","7","3","[""ANSWER_MISSING"",""COMMUNITY_UNMAPPED"",""MODALITIES_MISSING"",""MODALITY_UNDEMONSTRATED"",""PAU_COMMUNITY_MISSING"",""SOLUTION_MISSING"",""UNMAPPED_TOPIC"",""MATH_REPRESENTATION_UNDECLARED"",""PAU_MODALITY_UNDECLARED"",""SOLUTION_REVIEW_REQUIRED""]"
"cand-5acee20f-8fc0-55a6-a23d-e3379f74e189","ex-97e16eba-b3d6-5a9c-bf7c-4f60318f7acc","3","2","[""ANSWER_MISSING"",""CHOICES_REQUIRED"",""SOLUTION_MISSING"",""PAU_MODALITY_UNDECLARED"",""SOLUTION_REVIEW_REQUIRED""]"
"cand-be705906-041d-5c3e-808f-77cafff23692","ex-59ea6403-fa66-5003-8ce1-e446dd228abf","3","2","[""ANSWER_MISSING"",""CHOICES_REQUIRED"",""SOLUTION_MISSING"",""PAU_MODALITY_UNDECLARED"",""SOLUTION_REVIEW_REQUIRED""]"
"cand-3ed5de8a-cf98-5717-b901-37a5658ffac6","ex-98062edc-d1ac-5f47-bf0a-5108e390b81b","5","3","[""ANSWER_MISSING"",""MODALITIES_MISSING"",""MODALITY_UNDEMONSTRATED"",""SOLUTION_MISSING"",""UNMAPPED_TOPIC"",""PAU_DETAIL_INCOMPLETE"",""PAU_MODALITY_UNDECLARED"",""SOLUTION_REVIEW_REQUIRED""]"
"cand-7979b2bd-768a-563f-b68e-9f21517f762e","ex-ff32f40d-03e5-5057-bbbe-e902b740e983","3","3","[""ANSWER_MISSING"",""CHOICES_REQUIRED"",""SOLUTION_MISSING"",""PAU_DETAIL_INCOMPLETE"",""PAU_MODALITY_UNDECLARED"",""SOLUTION_REVIEW_REQUIRED""]"
"cand-d33760c2-67d0-58aa-85d1-681bed0321b9","ex-36c42eae-8b0e-588b-86fe-0abb7c5819f1","5","4","[""ANSWER_MISSING"",""MODALITIES_MISSING"",""MODALITY_UNDEMONSTRATED"",""SOLUTION_MISSING"",""UNMAPPED_TOPIC"",""MATH_REPRESENTATION_UNDECLARED"",""PAU_DETAIL_INCOMPLETE"",""PAU_MODALITY_UNDECLARED"",""SOLUTION_REVIEW_REQUIRED""]"
"cand-70d5607c-eb3e-5578-81f1-74e67ef6e393","ex-7047fd4c-4a95-5542-a4d6-d79f0093343f","5","3","[""ANSWER_MISSING"",""MODALITIES_MISSING"",""MODALITY_UNDEMONSTRATED"",""SOLUTION_MISSING"",""UNMAPPED_TOPIC"",""PAU_DETAIL_INCOMPLETE"",""PAU_MODALITY_UNDECLARED"",""SOLUTION_REVIEW_REQUIRED""]"
"cand-5ac32247-dcf2-5d5f-b588-2859b63813c5","ex-d6a2de7b-b488-5d9b-af46-e44901f99094","5","3","[""ANSWER_MISSING"",""MODALITIES_MISSING"",""MODALITY_UNDEMONSTRATED"",""SOLUTION_MISSING"",""UNMAPPED_TOPIC"",""MATH_REPRESENTATION_UNDECLARED"",""PAU_MODALITY_UNDECLARED"",""SOLUTION_REVIEW_REQUIRED""]"
"cand-38e52a08-4243-5019-817f-aa20d7cf96b8","ex-22fc0ecb-1642-5fae-b1df-c40e4c65c2ea","3","2","[""ANSWER_MISSING"",""CHOICES_REQUIRED"",""SOLUTION_MISSING"",""PAU_MODALITY_UNDECLARED"",""SOLUTION_REVIEW_REQUIRED""]"
"cand-0ec5980d-e3fe-519b-b5c4-b165c8731038","ex-5a4c8fe8-96d8-5bb9-99a0-f2a2f5cbbb85","5","2","[""ANSWER_MISSING"",""MODALITIES_MISSING"",""MODALITY_UNDEMONSTRATED"",""SOLUTION_MISSING"",""UNMAPPED_TOPIC"",""PAU_MODALITY_UNDECLARED"",""SOLUTION_REVIEW_REQUIRED""]"
"cand-93c43fff-b5be-54f7-ab2f-62d0b8dceec6","ex-61eea53a-b481-59ce-8dad-0b2a059e0b7e","3","2","[""ANSWER_MISSING"",""CHOICES_REQUIRED"",""SOLUTION_MISSING"",""PAU_MODALITY_UNDECLARED"",""SOLUTION_REVIEW_REQUIRED""]"
"cand-46feb1d2-ea83-5c13-995a-39c8b48cb28d","ex-92a7679c-57b4-5e42-b71f-5eace02c895c","5","2","[""ANSWER_MISSING"",""MODALITIES_MISSING"",""MODALITY_UNDEMONSTRATED"",""SOLUTION_MISSING"",""UNMAPPED_TOPIC"",""PAU_MODALITY_UNDECLARED"",""SOLUTION_REVIEW_REQUIRED""]"
"cand-c7637d8a-ee6e-5454-8cd4-0f5afbc50f1a","ex-d5570175-efa6-5a1f-b676-365507c17519","5","2","[""ANSWER_MISSING"",""MODALITIES_MISSING"",""MODALITY_UNDEMONSTRATED"",""SOLUTION_MISSING"",""UNMAPPED_TOPIC"",""PAU_MODALITY_UNDECLARED"",""SOLUTION_REVIEW_REQUIRED""]"
"cand-afd44ef8-751b-5b68-96a1-193aeab67e8b","ex-38805629-57ad-5119-a862-efe3ada85d95","3","2","[""ANSWER_MISSING"",""CHOICES_REQUIRED"",""SOLUTION_MISSING"",""PAU_MODALITY_UNDECLARED"",""SOLUTION_REVIEW_REQUIRED""]"
"cand-f671dadd-c2a8-595b-b4f4-1f27da823691","ex-981a753c-5f05-5ac7-8736-05aa89a7e0d8","5","3","[""ANSWER_MISSING"",""MODALITIES_MISSING"",""MODALITY_UNDEMONSTRATED"",""SOLUTION_MISSING"",""UNMAPPED_TOPIC"",""MATH_REPRESENTATION_UNDECLARED"",""PAU_MODALITY_UNDECLARED"",""SOLUTION_REVIEW_REQUIRED""]"
"cand-70987b12-1cc5-5c37-ad62-7e41f7a5c6d2","ex-b1ebf674-8579-52d7-8819-5ebd8e7aee62","3","2","[""ANSWER_MISSING"",""CHOICES_REQUIRED"",""SOLUTION_MISSING"",""PAU_MODALITY_UNDECLARED"",""SOLUTION_REVIEW_REQUIRED""]"
"cand-9c0c7e8e-232f-519f-8e27-25b013469227","ex-ffce538b-ba0e-5cf1-bc8a-14996f83a11c","5","2","[""ANSWER_MISSING"",""MODALITIES_MISSING"",""MODALITY_UNDEMONSTRATED"",""SOLUTION_MISSING"",""UNMAPPED_TOPIC"",""PAU_MODALITY_UNDECLARED"",""SOLUTION_REVIEW_REQUIRED""]"
"cand-ecf7fa63-de8a-5a83-bd1c-b26a6dc86052","ex-de80ba5f-4dd0-5b0a-b269-703c54e31c57","3","2","[""ANSWER_MISSING"",""CHOICES_REQUIRED"",""SOLUTION_MISSING"",""PAU_MODALITY_UNDECLARED"",""SOLUTION_REVIEW_REQUIRED""]"
"cand-1abe3dbe-8d00-560f-b4c1-d402b91ecfb8","ex-da63d376-0da8-5352-a24d-c99e26dd759b","5","2","[""ANSWER_MISSING"",""MODALITIES_MISSING"",""MODALITY_UNDEMONSTRATED"",""SOLUTION_MISSING"",""UNMAPPED_TOPIC"",""PAU_MODALITY_UNDECLARED"",""SOLUTION_REVIEW_REQUIRED""]"
"cand-536359cd-9c98-5cc4-9b58-b0f58bf5a4eb","ex-06a7e35e-73d1-5de9-bcf3-00aeaa646403","7","3","[""ANSWER_MISSING"",""COMMUNITY_UNMAPPED"",""MODALITIES_MISSING"",""MODALITY_UNDEMONSTRATED"",""PAU_COMMUNITY_MISSING"",""SOLUTION_MISSING"",""UNMAPPED_TOPIC"",""MATH_REPRESENTATION_UNDECLARED"",""PAU_MODALITY_UNDECLARED"",""SOLUTION_REVIEW_REQUIRED""]"
"cand-527c676e-da59-5be3-9550-3cf6067c9f85","ex-aff1c178-f8fb-5ab0-8a75-c27f8a7013cc","7","2","[""ANSWER_MISSING"",""COMMUNITY_UNMAPPED"",""MODALITIES_MISSING"",""MODALITY_UNDEMONSTRATED"",""PAU_COMMUNITY_MISSING"",""SOLUTION_MISSING"",""UNMAPPED_TOPIC"",""PAU_MODALITY_UNDECLARED"",""SOLUTION_REVIEW_REQUIRED""]"
"cand-4e31b919-1160-5c9b-bd65-21d1d942bd66","ex-4239518c-2f7e-5123-8608-45977f8d88c4","3","2","[""ANSWER_MISSING"",""CHOICES_REQUIRED"",""SOLUTION_MISSING"",""PAU_MODALITY_UNDECLARED"",""SOLUTION_REVIEW_REQUIRED""]"
"cand-0b19d7ed-92b9-5fea-8fb4-2ea1fec4678f","ex-fe3ceff4-2549-5b9c-a7c6-b19f1c526243","7","3","[""ANSWER_MISSING"",""COMMUNITY_UNMAPPED"",""MODALITIES_MISSING"",""MODALITY_UNDEMONSTRATED"",""PAU_COMMUNITY_MISSING"",""SOLUTION_MISSING"",""UNMAPPED_TOPIC"",""MATH_REPRESENTATION_UNDECLARED"",""PAU_MODALITY_UNDECLARED"",""SOLUTION_REVIEW_REQUIRED""]"
"cand-ff28c8df-6624-528b-8a3c-d4ec7c8bd4f1","ex-4aa7af89-372d-5564-8501-995c2fefe826","3","2","[""ANSWER_MISSING"",""CHOICES_REQUIRED"",""SOLUTION_MISSING"",""PAU_MODALITY_UNDECLARED"",""SOLUTION_REVIEW_REQUIRED""]"
"cand-debc45b9-1522-5fff-bbee-3c181aed9774","ex-9db225f8-a4f7-5d21-a5b3-6acf93abde70","3","2","[""ANSWER_MISSING"",""CHOICES_REQUIRED"",""SOLUTION_MISSING"",""PAU_MODALITY_UNDECLARED"",""SOLUTION_REVIEW_REQUIRED""]"
"cand-f9bad6d8-a028-545e-8bf7-d727055626e2","ex-a5478f14-4e81-5200-80e1-33a6ac3214de","5","2","[""ANSWER_MISSING"",""MODALITIES_MISSING"",""MODALITY_UNDEMONSTRATED"",""SOLUTION_MISSING"",""UNMAPPED_TOPIC"",""PAU_MODALITY_UNDECLARED"",""SOLUTION_REVIEW_REQUIRED""]"
"cand-303787fb-2afc-56ab-8ba8-757673704678","ex-94a1df50-7369-5704-b22a-adcde65d034a","3","2","[""ANSWER_MISSING"",""CHOICES_REQUIRED"",""SOLUTION_MISSING"",""PAU_MODALITY_UNDECLARED"",""SOLUTION_REVIEW_REQUIRED""]"
"cand-af3951b9-dcb7-5c82-9282-08137b585ad5","ex-c19206d6-5462-56d0-9b07-0652cc6221b3","5","3","[""ANSWER_MISSING"",""MODALITIES_MISSING"",""MODALITY_UNDEMONSTRATED"",""SOLUTION_MISSING"",""UNMAPPED_TOPIC"",""PAU_DETAIL_INCOMPLETE"",""PAU_MODALITY_UNDECLARED"",""SOLUTION_REVIEW_REQUIRED""]"
"cand-01417dfc-3b68-53d5-98b5-72e28e82844a","ex-ca67e4ef-5a8d-5cce-a4e8-ff7e650d5d2b","3","3","[""ANSWER_MISSING"",""CHOICES_REQUIRED"",""SOLUTION_MISSING"",""PAU_DETAIL_INCOMPLETE"",""PAU_MODALITY_UNDECLARED"",""SOLUTION_REVIEW_REQUIRED""]"
"cand-650cc82d-eff4-563a-8077-c37dcdcd50cc","ex-548263d6-3b24-5650-a9d1-112298279248","5","2","[""ANSWER_MISSING"",""MODALITIES_MISSING"",""MODALITY_UNDEMONSTRATED"",""SOLUTION_MISSING"",""UNMAPPED_TOPIC"",""PAU_MODALITY_UNDECLARED"",""SOLUTION_REVIEW_REQUIRED""]"
"cand-1cc9cdf0-b00d-5554-9a27-3e7b8522ea21","ex-eaa3fce7-9c94-59ce-a070-c8a1da0814d6","3","2","[""ANSWER_MISSING"",""CHOICES_REQUIRED"",""SOLUTION_MISSING"",""PAU_MODALITY_UNDECLARED"",""SOLUTION_REVIEW_REQUIRED""]"
"cand-b96f2496-e638-537b-9af3-a09e579b7f13","ex-9b1e4384-ee1b-587e-94ca-3121eff11496","5","3","[""ANSWER_MISSING"",""MODALITIES_MISSING"",""MODALITY_UNDEMONSTRATED"",""SOLUTION_MISSING"",""UNMAPPED_TOPIC"",""PAU_DETAIL_INCOMPLETE"",""PAU_MODALITY_UNDECLARED"",""SOLUTION_REVIEW_REQUIRED""]"
"cand-f041a119-0951-5705-bb11-fedc470f419e","ex-f5015512-00d9-5e18-b53d-4ea0421a11fc","3","3","[""ANSWER_MISSING"",""CHOICES_REQUIRED"",""SOLUTION_MISSING"",""PAU_DETAIL_INCOMPLETE"",""PAU_MODALITY_UNDECLARED"",""SOLUTION_REVIEW_REQUIRED""]"
"cand-1bdd203f-065a-5949-87f9-595fa663e8ca","ex-893f0660-211c-5624-9ed8-99199b9337cf","5","4","[""ANSWER_MISSING"",""MODALITIES_MISSING"",""MODALITY_UNDEMONSTRATED"",""SOLUTION_MISSING"",""UNMAPPED_TOPIC"",""MATH_REPRESENTATION_UNDECLARED"",""PAU_DETAIL_INCOMPLETE"",""PAU_MODALITY_UNDECLARED"",""SOLUTION_REVIEW_REQUIRED""]"
"cand-759a27da-f9ed-5dc9-952a-5f46af88ba7b","ex-a66b6d9e-2539-53d3-8bc6-9f50a079e6c7","7","3","[""ANSWER_MISSING"",""COMMUNITY_UNMAPPED"",""MODALITIES_MISSING"",""MODALITY_UNDEMONSTRATED"",""PAU_COMMUNITY_MISSING"",""SOLUTION_MISSING"",""UNMAPPED_TOPIC"",""PAU_DETAIL_INCOMPLETE"",""PAU_MODALITY_UNDECLARED"",""SOLUTION_REVIEW_REQUIRED""]"
"cand-394a638d-1b1b-53dd-aa32-a64480d906cc","ex-9f9d30e3-f377-582b-b880-21108aa0eb26","3","3","[""ANSWER_MISSING"",""CHOICES_REQUIRED"",""SOLUTION_MISSING"",""PAU_DETAIL_INCOMPLETE"",""PAU_MODALITY_UNDECLARED"",""SOLUTION_REVIEW_REQUIRED""]"
"cand-0c415f0e-ed76-5259-9e91-8634ad5e078d","ex-81cbeb57-833f-54a2-aaa6-fe324b6e0ed1","3","3","[""ANSWER_MISSING"",""CHOICES_REQUIRED"",""SOLUTION_MISSING"",""PAU_DETAIL_INCOMPLETE"",""PAU_MODALITY_UNDECLARED"",""SOLUTION_REVIEW_REQUIRED""]"
"cand-ca3e49fd-c28f-56c4-a66e-f59e0c63ed1f","ex-8e902fea-2710-51cc-95e6-95b035c79f23","5","3","[""ANSWER_MISSING"",""MODALITIES_MISSING"",""MODALITY_UNDEMONSTRATED"",""SOLUTION_MISSING"",""UNMAPPED_TOPIC"",""PAU_DETAIL_INCOMPLETE"",""PAU_MODALITY_UNDECLARED"",""SOLUTION_REVIEW_REQUIRED""]"
"cand-cdf437cf-98a7-511d-83f9-51fb767d81d9","ex-f0330b5a-d010-591c-87f7-3222b485051a","7","3","[""ANSWER_MISSING"",""COMMUNITY_UNMAPPED"",""MODALITIES_MISSING"",""MODALITY_UNDEMONSTRATED"",""PAU_COMMUNITY_MISSING"",""SOLUTION_MISSING"",""UNMAPPED_TOPIC"",""PAU_DETAIL_INCOMPLETE"",""PAU_MODALITY_UNDECLARED"",""SOLUTION_REVIEW_REQUIRED""]"
"cand-03f518be-62ce-5679-8dc4-dea9d2cf2408","ex-a4b9c405-552a-510a-916a-12238d1e6f7e","3","3","[""ANSWER_MISSING"",""CHOICES_REQUIRED"",""SOLUTION_MISSING"",""PAU_DETAIL_INCOMPLETE"",""PAU_MODALITY_UNDECLARED"",""SOLUTION_REVIEW_REQUIRED""]"
"cand-c6d11093-0b1b-5b16-afd3-4d356087efeb","ex-a8fe1da5-6211-5dd9-a59b-2f2b3022f13b","3","3","[""ANSWER_MISSING"",""CHOICES_REQUIRED"",""SOLUTION_MISSING"",""PAU_DETAIL_INCOMPLETE"",""PAU_MODALITY_UNDECLARED"",""SOLUTION_REVIEW_REQUIRED""]"
"cand-29d88296-4edd-5bc4-9bc3-bfdbd639dfc8","ex-7d7cc67e-d666-500c-8e2b-76f5a14966ef","5","2","[""ANSWER_MISSING"",""MODALITIES_MISSING"",""MODALITY_UNDEMONSTRATED"",""SOLUTION_MISSING"",""UNMAPPED_TOPIC"",""PAU_MODALITY_UNDECLARED"",""SOLUTION_REVIEW_REQUIRED""]"
"cand-8eb1842a-850e-5fe2-b346-ee33373bd01e","ex-bd952479-3e24-5d19-b0ed-1469b8cff163","7","3","[""ANSWER_MISSING"",""COMMUNITY_UNMAPPED"",""MODALITIES_MISSING"",""MODALITY_UNDEMONSTRATED"",""PAU_COMMUNITY_MISSING"",""SOLUTION_MISSING"",""UNMAPPED_TOPIC"",""MATH_REPRESENTATION_UNDECLARED"",""PAU_MODALITY_UNDECLARED"",""SOLUTION_REVIEW_REQUIRED""]"
"cand-80479286-5f73-5674-a270-be3200392816","ex-32c2f0dc-808f-5a4e-ab99-70d15f901ce7","7","2","[""ANSWER_MISSING"",""COMMUNITY_UNMAPPED"",""MODALITIES_MISSING"",""MODALITY_UNDEMONSTRATED"",""PAU_COMMUNITY_MISSING"",""SOLUTION_MISSING"",""UNMAPPED_TOPIC"",""PAU_MODALITY_UNDECLARED"",""SOLUTION_REVIEW_REQUIRED""]"
"cand-a4aec1f7-2a27-55f3-9ac0-dadc57fd121e","ex-c869e8f0-104d-5b4e-a7c4-37966ce9b234","7","2","[""ANSWER_MISSING"",""COMMUNITY_UNMAPPED"",""MODALITIES_MISSING"",""MODALITY_UNDEMONSTRATED"",""PAU_COMMUNITY_MISSING"",""SOLUTION_MISSING"",""UNMAPPED_TOPIC"",""PAU_MODALITY_UNDECLARED"",""SOLUTION_REVIEW_REQUIRED""]"
"cand-f0708768-0d33-5640-9efd-362319112d87","ex-38e7fa45-9b3c-5805-8bdb-73eed1cf266d","3","2","[""ANSWER_MISSING"",""CHOICES_REQUIRED"",""SOLUTION_MISSING"",""PAU_MODALITY_UNDECLARED"",""SOLUTION_REVIEW_REQUIRED""]"
"cand-e657405a-c780-5d3c-8beb-1ae1b60bf361","ex-ecfbe3ff-9b8c-5a87-bf3e-28fbfae7e3cb","3","2","[""ANSWER_MISSING"",""CHOICES_REQUIRED"",""SOLUTION_MISSING"",""PAU_MODALITY_UNDECLARED"",""SOLUTION_REVIEW_REQUIRED""]"
"cand-18f50f5d-7c7b-5d35-8bd6-5aeed15f7741","ex-95b9b614-81b0-564f-8dd7-4838ccc8a1da","5","2","[""ANSWER_MISSING"",""MODALITIES_MISSING"",""MODALITY_UNDEMONSTRATED"",""SOLUTION_MISSING"",""UNMAPPED_TOPIC"",""PAU_MODALITY_UNDECLARED"",""SOLUTION_REVIEW_REQUIRED""]"
"cand-cd5c1cfa-430f-5355-8dbd-dfe5b683aa35","ex-214568f1-3ada-5348-8286-adb30a7f80bf","3","2","[""ANSWER_MISSING"",""CHOICES_REQUIRED"",""SOLUTION_MISSING"",""PAU_MODALITY_UNDECLARED"",""SOLUTION_REVIEW_REQUIRED""]"
"cand-4ce24ea2-6389-54f0-8d8b-400f8883435e","ex-323751f6-37f8-5235-a6db-ebd248fac286","5","2","[""ANSWER_MISSING"",""MODALITIES_MISSING"",""MODALITY_UNDEMONSTRATED"",""SOLUTION_MISSING"",""UNMAPPED_TOPIC"",""PAU_MODALITY_UNDECLARED"",""SOLUTION_REVIEW_REQUIRED""]"
"cand-296e2257-5f6f-5b17-81fc-0cbe1298c25e","ex-308f2446-0e77-57db-b56d-5bf089cd3b62","3","2","[""ANSWER_MISSING"",""CHOICES_REQUIRED"",""SOLUTION_MISSING"",""PAU_MODALITY_UNDECLARED"",""SOLUTION_REVIEW_REQUIRED""]"
"cand-ef09c7dc-b39f-5acb-8cdc-b059deca4a12","ex-33205d30-e495-522f-b18f-7ba6c8df91c4","5","3","[""ANSWER_MISSING"",""MODALITIES_MISSING"",""MODALITY_UNDEMONSTRATED"",""SOLUTION_MISSING"",""UNMAPPED_TOPIC"",""PAU_DETAIL_INCOMPLETE"",""PAU_MODALITY_UNDECLARED"",""SOLUTION_REVIEW_REQUIRED""]"
"cand-bef1a761-443f-53cf-82fc-5381d6ee73a0","ex-be8798bb-a58a-52c9-8633-d06a2837a578","7","3","[""ANSWER_MISSING"",""COMMUNITY_UNMAPPED"",""MODALITIES_MISSING"",""MODALITY_UNDEMONSTRATED"",""PAU_COMMUNITY_MISSING"",""SOLUTION_MISSING"",""UNMAPPED_TOPIC"",""PAU_DETAIL_INCOMPLETE"",""PAU_MODALITY_UNDECLARED"",""SOLUTION_REVIEW_REQUIRED""]"
"cand-6587cbb3-3eae-5f87-b805-48bbc67dd89b","ex-1ccc79ee-0d77-57c6-a4f9-dbd8a8c09a58","3","3","[""ANSWER_MISSING"",""CHOICES_REQUIRED"",""SOLUTION_MISSING"",""PAU_DETAIL_INCOMPLETE"",""PAU_MODALITY_UNDECLARED"",""SOLUTION_REVIEW_REQUIRED""]"
"cand-79ebb748-4b0a-5388-a5c7-2704656dc789","ex-bddc9385-1e7d-5612-95d3-7654da7186d7","3","3","[""ANSWER_MISSING"",""CHOICES_REQUIRED"",""SOLUTION_MISSING"",""PAU_DETAIL_INCOMPLETE"",""PAU_MODALITY_UNDECLARED"",""SOLUTION_REVIEW_REQUIRED""]"
"cand-02ce303e-1515-5853-936c-10a910d596e4","ex-6eb29427-3c5d-5153-8ff4-a74ab9a4309c","5","3","[""ANSWER_MISSING"",""MODALITIES_MISSING"",""MODALITY_UNDEMONSTRATED"",""SOLUTION_MISSING"",""UNMAPPED_TOPIC"",""PAU_DETAIL_INCOMPLETE"",""PAU_MODALITY_UNDECLARED"",""SOLUTION_REVIEW_REQUIRED""]"
"cand-e91acc1c-3d54-5fce-9b56-f25db6818413","ex-06768b7e-6e31-5f5c-a08d-d090a68f6764","3","3","[""ANSWER_MISSING"",""CHOICES_REQUIRED"",""SOLUTION_MISSING"",""PAU_DETAIL_INCOMPLETE"",""PAU_MODALITY_UNDECLARED"",""SOLUTION_REVIEW_REQUIRED""]"
"cand-c6d0df84-d243-5efb-8c81-adf06c1d056b","ex-2ccef2a3-ad02-5a7e-bd6d-61a05582285f","5","4","[""ANSWER_MISSING"",""MODALITIES_MISSING"",""MODALITY_UNDEMONSTRATED"",""SOLUTION_MISSING"",""UNMAPPED_TOPIC"",""MATH_REPRESENTATION_UNDECLARED"",""PAU_DETAIL_INCOMPLETE"",""PAU_MODALITY_UNDECLARED"",""SOLUTION_REVIEW_REQUIRED""]"
"cand-e5e0cf52-f30a-54d3-b7fe-0018c18fa200","ex-e968e05b-dac3-53d3-93a2-9000e5eee865","7","4","[""ANSWER_MISSING"",""COMMUNITY_UNMAPPED"",""MODALITIES_MISSING"",""MODALITY_UNDEMONSTRATED"",""PAU_COMMUNITY_MISSING"",""SOLUTION_MISSING"",""UNMAPPED_TOPIC"",""MATH_REPRESENTATION_UNDECLARED"",""PAU_DETAIL_INCOMPLETE"",""PAU_MODALITY_UNDECLARED"",""SOLUTION_REVIEW_REQUIRED""]"
"cand-626e4dce-e55a-58c5-9f20-a0570cb77220","ex-45dfe6d8-485c-595e-9270-145818a27926","3","3","[""ANSWER_MISSING"",""CHOICES_REQUIRED"",""SOLUTION_MISSING"",""PAU_DETAIL_INCOMPLETE"",""PAU_MODALITY_UNDECLARED"",""SOLUTION_REVIEW_REQUIRED""]"
"cand-1eff5510-18ca-5215-bd23-3ee2443b42fa","ex-cdc8e608-b236-5903-88e9-986ab8493c0f","3","3","[""ANSWER_MISSING"",""CHOICES_REQUIRED"",""SOLUTION_MISSING"",""PAU_DETAIL_INCOMPLETE"",""PAU_MODALITY_UNDECLARED"",""SOLUTION_REVIEW_REQUIRED""]"
"cand-4304eb3a-334b-5954-8d8f-ddf283633480","ex-c161f050-1df9-55e6-a8a8-9f042f860066","5","3","[""ANSWER_MISSING"",""MODALITIES_MISSING"",""MODALITY_UNDEMONSTRATED"",""SOLUTION_MISSING"",""UNMAPPED_TOPIC"",""MATH_REPRESENTATION_UNDECLARED"",""PAU_MODALITY_UNDECLARED"",""SOLUTION_REVIEW_REQUIRED""]"
"cand-9a9dbda1-1e1e-5870-9937-0b1d569b4843","ex-df8a57fe-3f8f-5c76-8431-bdea3207ad61","3","2","[""ANSWER_MISSING"",""CHOICES_REQUIRED"",""SOLUTION_MISSING"",""PAU_MODALITY_UNDECLARED"",""SOLUTION_REVIEW_REQUIRED""]"
"cand-8b76b4b2-47d8-508b-81da-6c5962b778f9","ex-00348c2a-c3c9-5487-b952-a40ccbee63eb","5","2","[""ANSWER_MISSING"",""MODALITIES_MISSING"",""MODALITY_UNDEMONSTRATED"",""SOLUTION_MISSING"",""UNMAPPED_TOPIC"",""PAU_MODALITY_UNDECLARED"",""SOLUTION_REVIEW_REQUIRED""]"
"cand-66216ee1-2d32-51d9-9293-f09eea4573a0","ex-e2412884-de2c-5723-9c0d-470a176abdd7","3","2","[""ANSWER_MISSING"",""CHOICES_REQUIRED"",""SOLUTION_MISSING"",""PAU_MODALITY_UNDECLARED"",""SOLUTION_REVIEW_REQUIRED""]"
"cand-9a4dd29a-6331-5847-913b-a636e5973f09","ex-4f4957d3-372c-500c-8e60-030f786de1f5","5","2","[""ANSWER_MISSING"",""MODALITIES_MISSING"",""MODALITY_UNDEMONSTRATED"",""SOLUTION_MISSING"",""UNMAPPED_TOPIC"",""PAU_MODALITY_UNDECLARED"",""SOLUTION_REVIEW_REQUIRED""]"
"cand-94d8be1c-004f-540f-9095-e8f7fc29ad31","ex-85bbf195-4cf9-5a07-8201-0471e0b0bc8e","5","3","[""ANSWER_MISSING"",""MODALITIES_MISSING"",""MODALITY_UNDEMONSTRATED"",""SOLUTION_MISSING"",""UNMAPPED_TOPIC"",""MATH_REPRESENTATION_UNDECLARED"",""PAU_MODALITY_UNDECLARED"",""SOLUTION_REVIEW_REQUIRED""]"
"cand-c790f3df-2ffd-5700-972a-6582881bbb73","ex-23842b72-3c88-51fe-8220-17b92c9da677","3","2","[""ANSWER_MISSING"",""CHOICES_REQUIRED"",""SOLUTION_MISSING"",""PAU_MODALITY_UNDECLARED"",""SOLUTION_REVIEW_REQUIRED""]"
"cand-4d55e6b4-c32b-56e6-b152-5e230f2731a3","ex-763204ed-89c3-5d99-a663-ee303cf6f619","3","2","[""ANSWER_MISSING"",""CHOICES_REQUIRED"",""SOLUTION_MISSING"",""PAU_MODALITY_UNDECLARED"",""SOLUTION_REVIEW_REQUIRED""]"
"cand-9b5206b2-ef7f-5bde-ac08-509f647c91a7","ex-d4441e75-b9c2-519f-9f69-7350459865bb","5","2","[""ANSWER_MISSING"",""MODALITIES_MISSING"",""MODALITY_UNDEMONSTRATED"",""SOLUTION_MISSING"",""UNMAPPED_TOPIC"",""PAU_MODALITY_UNDECLARED"",""SOLUTION_REVIEW_REQUIRED""]"
"cand-a9605553-1ae1-580d-8bc7-b6651abd4e4d","ex-6662b4bb-1263-5b6a-a65b-d6405a89abe2","3","2","[""ANSWER_MISSING"",""CHOICES_REQUIRED"",""SOLUTION_MISSING"",""PAU_MODALITY_UNDECLARED"",""SOLUTION_REVIEW_REQUIRED""]"
"cand-060f7087-d33d-519e-af65-258c44a95451","ex-1b42c6ed-e7e6-5e14-b403-f563e6ed321e","5","2","[""ANSWER_MISSING"",""MODALITIES_MISSING"",""MODALITY_UNDEMONSTRATED"",""SOLUTION_MISSING"",""UNMAPPED_TOPIC"",""PAU_MODALITY_UNDECLARED"",""SOLUTION_REVIEW_REQUIRED""]"
"cand-7b31f374-ac67-5180-a68a-ff08f1bfb9c3","ex-b8836aa3-95d0-5460-9706-a514050d2fb8","3","2","[""ANSWER_MISSING"",""CHOICES_REQUIRED"",""SOLUTION_MISSING"",""PAU_MODALITY_UNDECLARED"",""SOLUTION_REVIEW_REQUIRED""]"
"cand-9b6c291e-01aa-5aa7-815a-f5a19bf295c6","ex-63a5bb88-368a-574b-96a2-9b69a6cab31c","5","3","[""ANSWER_MISSING"",""MODALITIES_MISSING"",""MODALITY_UNDEMONSTRATED"",""SOLUTION_MISSING"",""UNMAPPED_TOPIC"",""PAU_DETAIL_INCOMPLETE"",""PAU_MODALITY_UNDECLARED"",""SOLUTION_REVIEW_REQUIRED""]"
"cand-87fc79b4-1cbe-5bd8-9c45-d5ec16767432","ex-191c6035-7883-51bf-97d0-543b61a86ff5","3","3","[""ANSWER_MISSING"",""CHOICES_REQUIRED"",""SOLUTION_MISSING"",""PAU_DETAIL_INCOMPLETE"",""PAU_MODALITY_UNDECLARED"",""SOLUTION_REVIEW_REQUIRED""]"
"cand-5e204874-4dea-587b-97b0-ea6a8c793db5","ex-810ad747-2760-534c-b539-1cdfa65edc5b","5","3","[""ANSWER_MISSING"",""MODALITIES_MISSING"",""MODALITY_UNDEMONSTRATED"",""SOLUTION_MISSING"",""UNMAPPED_TOPIC"",""MATH_REPRESENTATION_UNDECLARED"",""PAU_MODALITY_UNDECLARED"",""SOLUTION_REVIEW_REQUIRED""]"
"cand-f4f1ad9a-2bbf-5ca7-8786-d3ccb7cc5fae","ex-fab57ec5-4ae6-5d67-ac62-fb11c9584320","7","2","[""ANSWER_MISSING"",""COMMUNITY_UNMAPPED"",""MODALITIES_MISSING"",""MODALITY_UNDEMONSTRATED"",""PAU_COMMUNITY_MISSING"",""SOLUTION_MISSING"",""UNMAPPED_TOPIC"",""PAU_MODALITY_UNDECLARED"",""SOLUTION_REVIEW_REQUIRED""]"
"cand-833665f7-1e1e-5127-99ab-af2987c28312","ex-7ed19224-5bfe-527a-ba2a-1bd217a00127","3","2","[""ANSWER_MISSING"",""CHOICES_REQUIRED"",""SOLUTION_MISSING"",""PAU_MODALITY_UNDECLARED"",""SOLUTION_REVIEW_REQUIRED""]"
"cand-cb0e708f-ba55-5777-849f-cfe92fc64645","ex-6ab5591e-5046-5583-84a4-c6daf0352daf","7","3","[""ANSWER_MISSING"",""COMMUNITY_UNMAPPED"",""MODALITIES_MISSING"",""MODALITY_UNDEMONSTRATED"",""PAU_COMMUNITY_MISSING"",""SOLUTION_MISSING"",""UNMAPPED_TOPIC"",""MATH_REPRESENTATION_UNDECLARED"",""PAU_MODALITY_UNDECLARED"",""SOLUTION_REVIEW_REQUIRED""]"
"cand-d9a62f78-8418-550c-81c1-c0930e3336af","ex-f95e710f-11c7-5809-8c30-262cc8b01efc","3","2","[""ANSWER_MISSING"",""CHOICES_REQUIRED"",""SOLUTION_MISSING"",""PAU_MODALITY_UNDECLARED"",""SOLUTION_REVIEW_REQUIRED""]"
"cand-339efe37-c0a2-5747-ab50-5a946f61e006","ex-a4521b9f-acbf-5334-b176-33d708f8e31b","3","2","[""ANSWER_MISSING"",""CHOICES_REQUIRED"",""SOLUTION_MISSING"",""PAU_MODALITY_UNDECLARED"",""SOLUTION_REVIEW_REQUIRED""]"
"cand-7f87df6d-3e43-5440-a20f-f8f3af969e30","ex-95dd8ae5-95fe-508b-9f2f-b55c3b5bc7ac","3","3","[""ANSWER_MISSING"",""CHOICES_REQUIRED"",""SOLUTION_MISSING"",""PAU_DETAIL_INCOMPLETE"",""PAU_MODALITY_UNDECLARED"",""SOLUTION_REVIEW_REQUIRED""]"
"cand-8bce545a-577d-5a9c-b4e2-e430c39c0917","ex-b65b94d2-d6a1-5150-b8a0-39e6391cd98f","5","2","[""ANSWER_MISSING"",""MODALITIES_MISSING"",""MODALITY_UNDEMONSTRATED"",""SOLUTION_MISSING"",""UNMAPPED_TOPIC"",""PAU_MODALITY_UNDECLARED"",""SOLUTION_REVIEW_REQUIRED""]"
"cand-793c3034-7752-5634-9d85-8dd5181c90f1","ex-77b6cecf-a0d7-51a1-99ec-54f6bb988327","5","3","[""ANSWER_MISSING"",""MODALITIES_MISSING"",""MODALITY_UNDEMONSTRATED"",""SOLUTION_MISSING"",""UNMAPPED_TOPIC"",""MATH_REPRESENTATION_UNDECLARED"",""PAU_MODALITY_UNDECLARED"",""SOLUTION_REVIEW_REQUIRED""]"
"cand-04b65d3e-81a6-5013-9056-419545cd1fe4","ex-97747028-9485-558c-a09a-89245f45b831","5","2","[""ANSWER_MISSING"",""MODALITIES_MISSING"",""MODALITY_UNDEMONSTRATED"",""SOLUTION_MISSING"",""UNMAPPED_TOPIC"",""PAU_MODALITY_UNDECLARED"",""SOLUTION_REVIEW_REQUIRED""]"
"cand-8d5b0a2c-5f02-5f73-994a-6b96dff5a120","ex-784a78f6-fb5d-51ae-a2ca-83f26cf94543","3","2","[""ANSWER_MISSING"",""CHOICES_REQUIRED"",""SOLUTION_MISSING"",""PAU_MODALITY_UNDECLARED"",""SOLUTION_REVIEW_REQUIRED""]"
"cand-d80133d3-7cd3-55fd-9d35-ae239fc9832a","ex-cd2188d0-f3bb-5eb9-96be-b32b90bbf00b","5","2","[""ANSWER_MISSING"",""MODALITIES_MISSING"",""MODALITY_UNDEMONSTRATED"",""SOLUTION_MISSING"",""UNMAPPED_TOPIC"",""PAU_MODALITY_UNDECLARED"",""SOLUTION_REVIEW_REQUIRED""]"
"cand-60dd633b-0a65-5b37-8595-3168c1816bba","ex-b65a6ed2-784d-5ca3-857c-525cbd69ee57","3","2","[""ANSWER_MISSING"",""CHOICES_REQUIRED"",""SOLUTION_MISSING"",""PAU_MODALITY_UNDECLARED"",""SOLUTION_REVIEW_REQUIRED""]"
"cand-bb785875-dfea-563e-b6d6-fddc501b14de","ex-56465053-3b45-50d4-8045-879cf4abdf78","5","4","[""ANSWER_MISSING"",""MODALITIES_MISSING"",""MODALITY_UNDEMONSTRATED"",""SOLUTION_MISSING"",""UNMAPPED_TOPIC"",""MATH_REPRESENTATION_UNDECLARED"",""PAU_DETAIL_INCOMPLETE"",""PAU_MODALITY_UNDECLARED"",""SOLUTION_REVIEW_REQUIRED""]"
"cand-f7475f2d-8aef-5a99-b549-10a5672e52e7","ex-e51122b3-5014-5a5e-a92a-608c995c080b","3","3","[""ANSWER_MISSING"",""CHOICES_REQUIRED"",""SOLUTION_MISSING"",""PAU_DETAIL_INCOMPLETE"",""PAU_MODALITY_UNDECLARED"",""SOLUTION_REVIEW_REQUIRED""]"
"cand-cbb25a71-ac50-58d1-b880-60d1d92ad281","ex-ee39b765-e72c-5492-a811-e8a47a472905","3","3","[""ANSWER_MISSING"",""CHOICES_REQUIRED"",""SOLUTION_MISSING"",""PAU_DETAIL_INCOMPLETE"",""PAU_MODALITY_UNDECLARED"",""SOLUTION_REVIEW_REQUIRED""]"
"cand-5b66fbb8-fcc8-588c-861f-5c8917861d39","ex-f695c5c3-3fec-5cdf-a5cb-0deab1a968e3","5","2","[""ANSWER_MISSING"",""MODALITIES_MISSING"",""MODALITY_UNDEMONSTRATED"",""SOLUTION_MISSING"",""UNMAPPED_TOPIC"",""PAU_MODALITY_UNDECLARED"",""SOLUTION_REVIEW_REQUIRED""]"
"cand-41616a7f-d012-5135-ae39-82744af678c9","ex-8e786a10-2a16-51a4-a2b4-b1f6fa6a0927","7","3","[""ANSWER_MISSING"",""COMMUNITY_UNMAPPED"",""MODALITIES_MISSING"",""MODALITY_UNDEMONSTRATED"",""PAU_COMMUNITY_MISSING"",""SOLUTION_MISSING"",""UNMAPPED_TOPIC"",""MATH_REPRESENTATION_UNDECLARED"",""PAU_MODALITY_UNDECLARED"",""SOLUTION_REVIEW_REQUIRED""]"
"cand-66fa0402-34bf-59a8-9803-f3d9e363b9fd","ex-ae38606e-b37d-53ba-a5df-2fb400fc9c42","3","2","[""ANSWER_MISSING"",""CHOICES_REQUIRED"",""SOLUTION_MISSING"",""PAU_MODALITY_UNDECLARED"",""SOLUTION_REVIEW_REQUIRED""]"
"cand-81001c93-6964-563f-ae1c-72f87dc4c8f6","ex-cb3912bb-5b3f-5243-87b7-8c017422fe1d","3","2","[""ANSWER_MISSING"",""CHOICES_REQUIRED"",""SOLUTION_MISSING"",""PAU_MODALITY_UNDECLARED"",""SOLUTION_REVIEW_REQUIRED""]"
"cand-92964b0a-afb3-5bb8-922f-38596d24c9c7","ex-c1f399a3-a9b2-521e-91b4-34f1610ad610","5","2","[""ANSWER_MISSING"",""MODALITIES_MISSING"",""MODALITY_UNDEMONSTRATED"",""SOLUTION_MISSING"",""UNMAPPED_TOPIC"",""PAU_MODALITY_UNDECLARED"",""SOLUTION_REVIEW_REQUIRED""]"
"cand-c747eed7-ecb4-53e4-a0d2-015f1dd3a13e","ex-aef8b904-580f-58ec-8d97-787f32e6830b","5","2","[""ANSWER_MISSING"",""MODALITIES_MISSING"",""MODALITY_UNDEMONSTRATED"",""SOLUTION_MISSING"",""UNMAPPED_TOPIC"",""PAU_MODALITY_UNDECLARED"",""SOLUTION_REVIEW_REQUIRED""]"
"cand-e11d42cc-11d4-5566-b1a8-55927a620b9a","ex-18acf4b2-b861-5f1d-9dba-c5d2d29b8a3c","3","2","[""ANSWER_MISSING"",""CHOICES_REQUIRED"",""SOLUTION_MISSING"",""PAU_MODALITY_UNDECLARED"",""SOLUTION_REVIEW_REQUIRED""]"
"cand-a9201bf4-7c8d-5622-a097-93622439e670","ex-18bcaba8-359f-5148-ae7c-ba27c7d08b27","3","2","[""ANSWER_MISSING"",""CHOICES_REQUIRED"",""SOLUTION_MISSING"",""PAU_MODALITY_UNDECLARED"",""SOLUTION_REVIEW_REQUIRED""]"
"cand-3cd136ce-aa7a-586b-ae12-9ac887cd7631","ex-c7a604cc-7357-5ee4-8e1d-7371a17b3d91","5","4","[""ANSWER_MISSING"",""MODALITIES_MISSING"",""MODALITY_UNDEMONSTRATED"",""SOLUTION_MISSING"",""UNMAPPED_TOPIC"",""MATH_REPRESENTATION_UNDECLARED"",""PAU_DETAIL_INCOMPLETE"",""PAU_MODALITY_UNDECLARED"",""SOLUTION_REVIEW_REQUIRED""]"
"cand-ca46b4e4-3a3e-5bbb-8cba-b1017f79fa2d","ex-49c92dd5-32ce-5f25-8a8a-d1e7b78125e5","3","3","[""ANSWER_MISSING"",""CHOICES_REQUIRED"",""SOLUTION_MISSING"",""PAU_DETAIL_INCOMPLETE"",""PAU_MODALITY_UNDECLARED"",""SOLUTION_REVIEW_REQUIRED""]"
"cand-f5afcbba-5d7e-51e9-a30b-10600bfe8e7b","ex-dda1ac40-a2b1-531f-93a8-7164af9b4d80","5","2","[""ANSWER_MISSING"",""MODALITIES_MISSING"",""MODALITY_UNDEMONSTRATED"",""SOLUTION_MISSING"",""UNMAPPED_TOPIC"",""PAU_MODALITY_UNDECLARED"",""SOLUTION_REVIEW_REQUIRED""]"
"cand-6fd4128e-556a-5274-8afc-3cf87664db91","ex-90658bf7-068f-5a11-9762-a9c9b7d888d3","7","3","[""ANSWER_MISSING"",""COMMUNITY_UNMAPPED"",""MODALITIES_MISSING"",""MODALITY_UNDEMONSTRATED"",""PAU_COMMUNITY_MISSING"",""SOLUTION_MISSING"",""UNMAPPED_TOPIC"",""MATH_REPRESENTATION_UNDECLARED"",""PAU_MODALITY_UNDECLARED"",""SOLUTION_REVIEW_REQUIRED""]"
"cand-86e0ce18-2978-5bf0-925d-7abad1c1fdaf","ex-a38e699b-6e70-5c44-ae73-5a285e4aa630","3","2","[""ANSWER_MISSING"",""CHOICES_REQUIRED"",""SOLUTION_MISSING"",""PAU_MODALITY_UNDECLARED"",""SOLUTION_REVIEW_REQUIRED""]"
"cand-f310600d-75c7-5515-868e-00868faac23b","ex-122c4045-aa7c-5023-baeb-946bed6bf156","5","2","[""ANSWER_MISSING"",""MODALITIES_MISSING"",""MODALITY_UNDEMONSTRATED"",""SOLUTION_MISSING"",""UNMAPPED_TOPIC"",""PAU_MODALITY_UNDECLARED"",""SOLUTION_REVIEW_REQUIRED""]"
"cand-8ca634fa-058b-560f-96b9-a51a03a0bbb9","ex-fec555b9-07e9-5c4a-904a-aee2b6eb5373","5","2","[""ANSWER_MISSING"",""MODALITIES_MISSING"",""MODALITY_UNDEMONSTRATED"",""SOLUTION_MISSING"",""UNMAPPED_TOPIC"",""PAU_MODALITY_UNDECLARED"",""SOLUTION_REVIEW_REQUIRED""]"
"cand-80b1ca88-c9e7-576c-9d37-c1529ddafe4f","ex-ecae46e7-d356-54d6-a742-ce53b87896ec","3","2","[""ANSWER_MISSING"",""CHOICES_REQUIRED"",""SOLUTION_MISSING"",""PAU_MODALITY_UNDECLARED"",""SOLUTION_REVIEW_REQUIRED""]"
"cand-75684c84-5282-5206-8990-a7124c6f7c76","ex-39f1d856-4563-5aa1-bb5d-564cb0b9ec67","5","3","[""ANSWER_MISSING"",""MODALITIES_MISSING"",""MODALITY_UNDEMONSTRATED"",""SOLUTION_MISSING"",""UNMAPPED_TOPIC"",""MATH_REPRESENTATION_UNDECLARED"",""PAU_MODALITY_UNDECLARED"",""SOLUTION_REVIEW_REQUIRED""]"
"cand-417154c9-a121-5388-bd77-d89adf837024","ex-67b9033d-9c2b-5677-bcea-29ee67af0aaa","5","2","[""ANSWER_MISSING"",""MODALITIES_MISSING"",""MODALITY_UNDEMONSTRATED"",""SOLUTION_MISSING"",""UNMAPPED_TOPIC"",""PAU_MODALITY_UNDECLARED"",""SOLUTION_REVIEW_REQUIRED""]"
"cand-c42f1913-6b82-58b9-bbf5-14aa563db162","ex-4ce1be92-91c3-5510-aed2-6bb0b7863789","3","2","[""ANSWER_MISSING"",""CHOICES_REQUIRED"",""SOLUTION_MISSING"",""PAU_MODALITY_UNDECLARED"",""SOLUTION_REVIEW_REQUIRED""]"
"cand-5d8b7fcb-6f4e-5dd9-913f-4aa9e3ca8e32","ex-f5934b59-3961-5370-8b52-1ed2bbae69ca","3","2","[""ANSWER_MISSING"",""CHOICES_REQUIRED"",""SOLUTION_MISSING"",""PAU_MODALITY_UNDECLARED"",""SOLUTION_REVIEW_REQUIRED""]"
"cand-418c1ed8-f8bc-5a3b-a556-f210094e9189","ex-1beefe64-dd9f-53af-8324-8831850dbf58","5","4","[""ANSWER_MISSING"",""MODALITIES_MISSING"",""MODALITY_UNDEMONSTRATED"",""SOLUTION_MISSING"",""UNMAPPED_TOPIC"",""MATH_REPRESENTATION_UNDECLARED"",""PAU_DETAIL_INCOMPLETE"",""PAU_MODALITY_UNDECLARED"",""SOLUTION_REVIEW_REQUIRED""]"
"cand-395fb291-bfd2-5c83-900d-699193836b7c","ex-d5ff144b-abeb-5379-89e3-1b764287c565","5","4","[""ANSWER_MISSING"",""MODALITIES_MISSING"",""MODALITY_UNDEMONSTRATED"",""SOLUTION_MISSING"",""UNMAPPED_TOPIC"",""MATH_REPRESENTATION_UNDECLARED"",""PAU_DETAIL_INCOMPLETE"",""PAU_MODALITY_UNDECLARED"",""SOLUTION_REVIEW_REQUIRED""]"
"cand-e14d4ca6-e439-5238-a9d1-16e014744206","ex-3cd9946c-24de-57ea-ac0c-c5ec3e9843b2","3","3","[""ANSWER_MISSING"",""CHOICES_REQUIRED"",""SOLUTION_MISSING"",""PAU_DETAIL_INCOMPLETE"",""PAU_MODALITY_UNDECLARED"",""SOLUTION_REVIEW_REQUIRED""]"
"cand-c0f7d54d-1965-53cb-82a2-d6c62a760a62","ex-96c9147e-a447-5cce-95da-27c6ddf7b71e","5","2","[""ANSWER_MISSING"",""MODALITIES_MISSING"",""MODALITY_UNDEMONSTRATED"",""SOLUTION_MISSING"",""UNMAPPED_TOPIC"",""PAU_MODALITY_UNDECLARED"",""SOLUTION_REVIEW_REQUIRED""]"
"cand-a6f6b514-a438-5123-9693-a43d723678d8","ex-0e5026d4-6c07-5262-b8cd-c76727b8c5a1","3","2","[""ANSWER_MISSING"",""CHOICES_REQUIRED"",""SOLUTION_MISSING"",""PAU_MODALITY_UNDECLARED"",""SOLUTION_REVIEW_REQUIRED""]"
"cand-fe572676-6008-58cb-bb23-4e7b10251bde","ex-91552033-739d-5e63-ae59-424fdd57887e","3","2","[""ANSWER_MISSING"",""CHOICES_REQUIRED"",""SOLUTION_MISSING"",""PAU_MODALITY_UNDECLARED"",""SOLUTION_REVIEW_REQUIRED""]"
"cand-18bdf489-99be-57c0-8f21-7425df10bc01","ex-915b77a7-417c-5ad2-b8f9-6c56dbb77b1f","5","3","[""ANSWER_MISSING"",""MODALITIES_MISSING"",""MODALITY_UNDEMONSTRATED"",""SOLUTION_MISSING"",""UNMAPPED_TOPIC"",""PAU_DETAIL_INCOMPLETE"",""PAU_MODALITY_UNDECLARED"",""SOLUTION_REVIEW_REQUIRED""]"
"cand-7267bbc2-5fad-5e79-bc33-16b19e2bdc38","ex-b265a987-79c3-5338-9255-65391a233c9d","3","3","[""ANSWER_MISSING"",""CHOICES_REQUIRED"",""SOLUTION_MISSING"",""PAU_DETAIL_INCOMPLETE"",""PAU_MODALITY_UNDECLARED"",""SOLUTION_REVIEW_REQUIRED""]"
"cand-c796306f-599d-5197-89c9-90d03e95f2b3","ex-77fced1f-0051-5f89-8643-3d531c645bd1","5","2","[""ANSWER_MISSING"",""MODALITIES_MISSING"",""MODALITY_UNDEMONSTRATED"",""SOLUTION_MISSING"",""UNMAPPED_TOPIC"",""PAU_MODALITY_UNDECLARED"",""SOLUTION_REVIEW_REQUIRED""]"
"cand-4196bc62-8152-51ea-a30c-09a47b7fc554","ex-a5df4e2b-970f-5e95-b278-aafc80008102","5","2","[""ANSWER_MISSING"",""MODALITIES_MISSING"",""MODALITY_UNDEMONSTRATED"",""SOLUTION_MISSING"",""UNMAPPED_TOPIC"",""PAU_MODALITY_UNDECLARED"",""SOLUTION_REVIEW_REQUIRED""]"
"cand-5fb38f15-34bd-5d6c-a968-f295548f6de8","ex-6348773f-6c63-5c75-893c-8f082c6577bb","3","2","[""ANSWER_MISSING"",""CHOICES_REQUIRED"",""SOLUTION_MISSING"",""PAU_MODALITY_UNDECLARED"",""SOLUTION_REVIEW_REQUIRED""]"
"cand-34866eb2-e649-5431-b30d-7a5f1f5b22fa","ex-94e1621c-d880-5b3c-a8f8-b25e2dbb4a67","5","2","[""ANSWER_MISSING"",""MODALITIES_MISSING"",""MODALITY_UNDEMONSTRATED"",""SOLUTION_MISSING"",""UNMAPPED_TOPIC"",""PAU_MODALITY_UNDECLARED"",""SOLUTION_REVIEW_REQUIRED""]"
"cand-aca62fba-7fa0-585b-a222-dac7069f7916","ex-ae6f377b-7bf4-5d15-9178-db770dd61249","7","3","[""ANSWER_MISSING"",""COMMUNITY_UNMAPPED"",""MODALITIES_MISSING"",""MODALITY_UNDEMONSTRATED"",""PAU_COMMUNITY_MISSING"",""SOLUTION_MISSING"",""UNMAPPED_TOPIC"",""MATH_REPRESENTATION_UNDECLARED"",""PAU_MODALITY_UNDECLARED"",""SOLUTION_REVIEW_REQUIRED""]"
"cand-7b523b6e-0375-58d1-9c89-22bc79d57020","ex-a0800aae-a0ea-53bd-8dc1-81490c00f477","7","2","[""ANSWER_MISSING"",""COMMUNITY_UNMAPPED"",""MODALITIES_MISSING"",""MODALITY_UNDEMONSTRATED"",""PAU_COMMUNITY_MISSING"",""SOLUTION_MISSING"",""UNMAPPED_TOPIC"",""PAU_MODALITY_UNDECLARED"",""SOLUTION_REVIEW_REQUIRED""]"
"cand-d05c2893-7d69-5b25-a874-c5eb1ff2fd4b","ex-cab8563b-46c4-5955-83b9-1c9e468cd7c4","3","2","[""ANSWER_MISSING"",""CHOICES_REQUIRED"",""SOLUTION_MISSING"",""PAU_MODALITY_UNDECLARED"",""SOLUTION_REVIEW_REQUIRED""]"
"cand-a73b808a-904a-5b19-8950-4c9371c5c8bf","ex-acb8f002-14c9-58a0-9d35-44d1ed55b85c","7","2","[""ANSWER_MISSING"",""COMMUNITY_UNMAPPED"",""MODALITIES_MISSING"",""MODALITY_UNDEMONSTRATED"",""PAU_COMMUNITY_MISSING"",""SOLUTION_MISSING"",""UNMAPPED_TOPIC"",""PAU_MODALITY_UNDECLARED"",""SOLUTION_REVIEW_REQUIRED""]"
"cand-b595c785-a998-565c-b357-6f9c40d70e1d","ex-84f20db8-ee5c-5ae0-97f3-40a57929b5ca","3","2","[""ANSWER_MISSING"",""CHOICES_REQUIRED"",""SOLUTION_MISSING"",""PAU_MODALITY_UNDECLARED"",""SOLUTION_REVIEW_REQUIRED""]"
"cand-e74abc94-ec05-579e-a9d0-77ad6cd1f227","ex-594c7a7a-664b-54a4-8ffa-9e9b98e6c2c9","3","2","[""ANSWER_MISSING"",""CHOICES_REQUIRED"",""SOLUTION_MISSING"",""PAU_MODALITY_UNDECLARED"",""SOLUTION_REVIEW_REQUIRED""]"
"cand-5cde9cc8-34e4-5087-8655-b1c2e1771b8d","ex-5efeef8a-23e7-5e7b-8668-2d1b3e78beaf","5","2","[""ANSWER_MISSING"",""MODALITIES_MISSING"",""MODALITY_UNDEMONSTRATED"",""SOLUTION_MISSING"",""UNMAPPED_TOPIC"",""PAU_MODALITY_UNDECLARED"",""SOLUTION_REVIEW_REQUIRED""]"
"cand-7a2bea3d-e6ab-59d6-97ca-47a78b32e416","ex-95cc9b93-8c7a-5626-9ed1-bdf421c358eb","3","2","[""ANSWER_MISSING"",""CHOICES_REQUIRED"",""SOLUTION_MISSING"",""PAU_MODALITY_UNDECLARED"",""SOLUTION_REVIEW_REQUIRED""]"
"cand-c4bfe792-020f-50da-9ea9-f8f98f6c28e9","ex-c9265c78-727d-5ba3-8829-7b6b40cddd88","5","2","[""ANSWER_MISSING"",""MODALITIES_MISSING"",""MODALITY_UNDEMONSTRATED"",""SOLUTION_MISSING"",""UNMAPPED_TOPIC"",""PAU_MODALITY_UNDECLARED"",""SOLUTION_REVIEW_REQUIRED""]"
"cand-182fbf04-52e9-51ad-9405-f85cdcf31bee","ex-2c2c162b-42d4-5fce-9237-7205df7b94b8","3","2","[""ANSWER_MISSING"",""CHOICES_REQUIRED"",""SOLUTION_MISSING"",""PAU_MODALITY_UNDECLARED"",""SOLUTION_REVIEW_REQUIRED""]"
"cand-e7547e62-c4a6-5aa0-b9d2-bd36b51a64b9","ex-454886f0-afe5-5c50-96a4-e79401be0846","5","3","[""ANSWER_MISSING"",""MODALITIES_MISSING"",""MODALITY_UNDEMONSTRATED"",""SOLUTION_MISSING"",""UNMAPPED_TOPIC"",""PAU_DETAIL_INCOMPLETE"",""PAU_MODALITY_UNDECLARED"",""SOLUTION_REVIEW_REQUIRED""]"
"cand-36dc1bac-6bfe-5486-95e4-2ea0e216bd7f","ex-7fe90415-da6b-59f9-9649-b54c4822b433","3","3","[""ANSWER_MISSING"",""CHOICES_REQUIRED"",""SOLUTION_MISSING"",""PAU_DETAIL_INCOMPLETE"",""PAU_MODALITY_UNDECLARED"",""SOLUTION_REVIEW_REQUIRED""]"
"cand-581f595e-d9bd-5588-a49f-d4a050360820","ex-991fb68e-59fc-588c-89dd-d8207cd8db35","5","3","[""ANSWER_MISSING"",""MODALITIES_MISSING"",""MODALITY_UNDEMONSTRATED"",""SOLUTION_MISSING"",""UNMAPPED_TOPIC"",""PAU_DETAIL_INCOMPLETE"",""PAU_MODALITY_UNDECLARED"",""SOLUTION_REVIEW_REQUIRED""]"
"cand-0d9d1b63-3247-5856-8f44-a89df50d1fee","ex-14209b5c-7e39-544a-ae0f-af29a1187c14","5","3","[""ANSWER_MISSING"",""MODALITIES_MISSING"",""MODALITY_UNDEMONSTRATED"",""SOLUTION_MISSING"",""UNMAPPED_TOPIC"",""PAU_DETAIL_INCOMPLETE"",""PAU_MODALITY_UNDECLARED"",""SOLUTION_REVIEW_REQUIRED""]"
"cand-bccd0ced-d3e8-5a96-bf31-c13ac12c7050","ex-40e77884-fa92-5bf8-8352-a67eded456e3","3","3","[""ANSWER_MISSING"",""CHOICES_REQUIRED"",""SOLUTION_MISSING"",""PAU_DETAIL_INCOMPLETE"",""PAU_MODALITY_UNDECLARED"",""SOLUTION_REVIEW_REQUIRED""]"
"cand-afebbb2b-3e36-5b54-99b0-a23eabd8a7e8","ex-3d904797-77d5-534c-b057-8da804793fa4","5","3","[""ANSWER_MISSING"",""MODALITIES_MISSING"",""MODALITY_UNDEMONSTRATED"",""SOLUTION_MISSING"",""UNMAPPED_TOPIC"",""PAU_DETAIL_INCOMPLETE"",""PAU_MODALITY_UNDECLARED"",""SOLUTION_REVIEW_REQUIRED""]"
"cand-e7f417b3-6b24-5c61-9b7c-576694af590a","ex-4c7fe284-a4aa-5f17-b637-3bfcc9ea1c80","3","3","[""ANSWER_MISSING"",""CHOICES_REQUIRED"",""SOLUTION_MISSING"",""PAU_DETAIL_INCOMPLETE"",""PAU_MODALITY_UNDECLARED"",""SOLUTION_REVIEW_REQUIRED""]"
"cand-68987523-02d4-58a2-bdbc-ef363e4177f2","ex-d9a731fd-f10a-5ad3-8d90-0f10132e6b72","5","3","[""ANSWER_MISSING"",""MODALITIES_MISSING"",""MODALITY_UNDEMONSTRATED"",""SOLUTION_MISSING"",""UNMAPPED_TOPIC"",""PAU_DETAIL_INCOMPLETE"",""PAU_MODALITY_UNDECLARED"",""SOLUTION_REVIEW_REQUIRED""]"
"cand-285bdfe5-0b87-5116-b17c-7050bc533867","ex-f109f8a4-6a29-5f97-981d-6e0ba71e4375","5","3","[""ANSWER_MISSING"",""MODALITIES_MISSING"",""MODALITY_UNDEMONSTRATED"",""SOLUTION_MISSING"",""UNMAPPED_TOPIC"",""MATH_REPRESENTATION_UNDECLARED"",""PAU_MODALITY_UNDECLARED"",""SOLUTION_REVIEW_REQUIRED""]"
"cand-788038c5-3417-5ee2-b6c8-29dde8bc017c","ex-2283197d-1136-5277-9217-16448c19d809","3","2","[""ANSWER_MISSING"",""CHOICES_REQUIRED"",""SOLUTION_MISSING"",""PAU_MODALITY_UNDECLARED"",""SOLUTION_REVIEW_REQUIRED""]"
"cand-529d9cf8-3f52-5c4f-ae80-9ca8bf312c67","ex-199f1a44-5405-5bf4-92bc-15fd7dc8ff83","5","3","[""ANSWER_MISSING"",""MODALITIES_MISSING"",""MODALITY_UNDEMONSTRATED"",""SOLUTION_MISSING"",""UNMAPPED_TOPIC"",""PAU_DETAIL_INCOMPLETE"",""PAU_MODALITY_UNDECLARED"",""SOLUTION_REVIEW_REQUIRED""]"
"cand-12f479fc-6e3a-562f-9f27-41ae61a7393a","ex-1692f0ec-fad4-5a34-b1d1-8691384f3c43","7","4","[""ANSWER_MISSING"",""COMMUNITY_UNMAPPED"",""MODALITIES_MISSING"",""MODALITY_UNDEMONSTRATED"",""PAU_COMMUNITY_MISSING"",""SOLUTION_MISSING"",""UNMAPPED_TOPIC"",""MATH_REPRESENTATION_UNDECLARED"",""PAU_DETAIL_INCOMPLETE"",""PAU_MODALITY_UNDECLARED"",""SOLUTION_REVIEW_REQUIRED""]"
"cand-7283edf5-ec10-571f-9b4c-bb9641a52dfc","ex-7bb6d93f-884d-59cd-89f9-0c50df611e54","3","3","[""ANSWER_MISSING"",""CHOICES_REQUIRED"",""SOLUTION_MISSING"",""PAU_DETAIL_INCOMPLETE"",""PAU_MODALITY_UNDECLARED"",""SOLUTION_REVIEW_REQUIRED""]"
"cand-90d63790-9f91-543a-92c2-61ccc30c714c","ex-d5dbb573-350f-5139-925f-1a6c95bcb0d9","3","3","[""ANSWER_MISSING"",""CHOICES_REQUIRED"",""SOLUTION_MISSING"",""PAU_DETAIL_INCOMPLETE"",""PAU_MODALITY_UNDECLARED"",""SOLUTION_REVIEW_REQUIRED""]"
"cand-1333f8f1-96b4-53c8-ac90-c52d09992b63","ex-270f728c-ac7d-5dc0-9205-07a06135d1d3","5","3","[""ANSWER_MISSING"",""MODALITIES_MISSING"",""MODALITY_UNDEMONSTRATED"",""SOLUTION_MISSING"",""UNMAPPED_TOPIC"",""MATH_REPRESENTATION_UNDECLARED"",""PAU_MODALITY_UNDECLARED"",""SOLUTION_REVIEW_REQUIRED""]"
"cand-25054fc2-8b12-51fd-90c2-25eabd630b8b","ex-7bee0725-262d-58d4-ab24-bbe781ba992e","3","2","[""ANSWER_MISSING"",""CHOICES_REQUIRED"",""SOLUTION_MISSING"",""PAU_MODALITY_UNDECLARED"",""SOLUTION_REVIEW_REQUIRED""]"
"cand-8873a1e4-bd91-5aad-8c14-f5752ffd40b7","ex-85b785f0-b4da-5783-b072-5121c640193c","5","3","[""ANSWER_MISSING"",""MODALITIES_MISSING"",""MODALITY_UNDEMONSTRATED"",""SOLUTION_MISSING"",""UNMAPPED_TOPIC"",""PAU_DETAIL_INCOMPLETE"",""PAU_MODALITY_UNDECLARED"",""SOLUTION_REVIEW_REQUIRED""]"
"cand-2ee888ce-512d-5a1d-bf3e-ad14a485089a","ex-014faf32-8e08-5f5e-b87f-50938237633b","5","3","[""ANSWER_MISSING"",""MODALITIES_MISSING"",""MODALITY_UNDEMONSTRATED"",""SOLUTION_MISSING"",""UNMAPPED_TOPIC"",""PAU_DETAIL_INCOMPLETE"",""PAU_MODALITY_UNDECLARED"",""SOLUTION_REVIEW_REQUIRED""]"
"cand-a0b8a89e-bfa5-5b50-afc4-1c4920285ad9","ex-f77594bd-e8e0-5e4b-b64f-51e3775e81f8","3","3","[""ANSWER_MISSING"",""CHOICES_REQUIRED"",""SOLUTION_MISSING"",""PAU_DETAIL_INCOMPLETE"",""PAU_MODALITY_UNDECLARED"",""SOLUTION_REVIEW_REQUIRED""]"
"cand-ae321f60-be86-5ffa-af17-996daefc5636","ex-226a3e78-d04d-5cd2-896f-0810c77ecd0c","5","3","[""ANSWER_MISSING"",""MODALITIES_MISSING"",""MODALITY_UNDEMONSTRATED"",""SOLUTION_MISSING"",""UNMAPPED_TOPIC"",""MATH_REPRESENTATION_UNDECLARED"",""PAU_MODALITY_UNDECLARED"",""SOLUTION_REVIEW_REQUIRED""]"
"cand-f2f6b635-9aa3-5729-9947-1285942ef64e","ex-5273d737-722e-54f8-9fba-dcd3a4da39f6","3","2","[""ANSWER_MISSING"",""CHOICES_REQUIRED"",""SOLUTION_MISSING"",""PAU_MODALITY_UNDECLARED"",""SOLUTION_REVIEW_REQUIRED""]"
"cand-4603a077-fcc5-52f8-b699-4192cd27e5c4","ex-584c57b9-d095-5aaf-ba83-464af2d28d45","5","4","[""ANSWER_MISSING"",""MODALITIES_MISSING"",""MODALITY_UNDEMONSTRATED"",""SOLUTION_MISSING"",""UNMAPPED_TOPIC"",""MATH_REPRESENTATION_UNDECLARED"",""PAU_DETAIL_INCOMPLETE"",""PAU_MODALITY_UNDECLARED"",""SOLUTION_REVIEW_REQUIRED""]"
"cand-f20c9182-83f9-5a9f-a27b-2355f5937a6a","ex-75ed61e0-d3b4-596d-9edc-fb978bbc52e7","3","3","[""ANSWER_MISSING"",""CHOICES_REQUIRED"",""SOLUTION_MISSING"",""PAU_DETAIL_INCOMPLETE"",""PAU_MODALITY_UNDECLARED"",""SOLUTION_REVIEW_REQUIRED""]"
"cand-00210e6e-8bd2-50d9-ba0c-c8c7b17a9031","ex-0d686c77-0597-5a91-ae63-6152164c9dd4","5","4","[""ANSWER_MISSING"",""MODALITIES_MISSING"",""MODALITY_UNDEMONSTRATED"",""SOLUTION_MISSING"",""UNMAPPED_TOPIC"",""MATH_REPRESENTATION_UNDECLARED"",""PAU_DETAIL_INCOMPLETE"",""PAU_MODALITY_UNDECLARED"",""SOLUTION_REVIEW_REQUIRED""]"
"cand-5158b6f0-9eb0-59d8-885e-711d81a9dbe2","ex-aca1ae74-5ba1-579a-809c-601a4359103a","7","3","[""ANSWER_MISSING"",""COMMUNITY_UNMAPPED"",""MODALITIES_MISSING"",""MODALITY_UNDEMONSTRATED"",""PAU_COMMUNITY_MISSING"",""SOLUTION_MISSING"",""UNMAPPED_TOPIC"",""PAU_DETAIL_INCOMPLETE"",""PAU_MODALITY_UNDECLARED"",""SOLUTION_REVIEW_REQUIRED""]"
"cand-94aa21ef-cccd-5d5f-97cc-511a2891d12c","ex-529905b3-40b8-59dd-8f4c-370449241bec","3","3","[""ANSWER_MISSING"",""CHOICES_REQUIRED"",""SOLUTION_MISSING"",""PAU_DETAIL_INCOMPLETE"",""PAU_MODALITY_UNDECLARED"",""SOLUTION_REVIEW_REQUIRED""]"
"cand-66ee9caa-b221-5fb4-b834-a72296a29994","ex-ac4cd4fe-6639-5f6a-b0dc-6a897bb19792","3","3","[""ANSWER_MISSING"",""CHOICES_REQUIRED"",""SOLUTION_MISSING"",""PAU_DETAIL_INCOMPLETE"",""PAU_MODALITY_UNDECLARED"",""SOLUTION_REVIEW_REQUIRED""]"
"cand-c8b39de2-6b62-58e6-afa8-2c50a187e12a","ex-ebfd60d0-eaed-5673-870c-c0e282ca6d40","5","2","[""ANSWER_MISSING"",""MODALITIES_MISSING"",""MODALITY_UNDEMONSTRATED"",""SOLUTION_MISSING"",""UNMAPPED_TOPIC"",""PAU_MODALITY_UNDECLARED"",""SOLUTION_REVIEW_REQUIRED""]"
"cand-b476b38f-bcb5-5ee3-ade7-0a21a8cc0b07","ex-9bdd4d1f-4f63-5f8a-aeaa-3223fe366790","3","2","[""ANSWER_MISSING"",""CHOICES_REQUIRED"",""SOLUTION_MISSING"",""PAU_MODALITY_UNDECLARED"",""SOLUTION_REVIEW_REQUIRED""]"
"cand-3d8ca8fe-7241-55b8-abb4-e943af9b8151","ex-307d011d-c98f-520c-a481-313ee40f6f76","5","2","[""ANSWER_MISSING"",""MODALITIES_MISSING"",""MODALITY_UNDEMONSTRATED"",""SOLUTION_MISSING"",""UNMAPPED_TOPIC"",""PAU_MODALITY_UNDECLARED"",""SOLUTION_REVIEW_REQUIRED""]"
"cand-4e88cb69-0f19-5a5e-bd66-8666b7397ff4","ex-c19ac914-6edb-52b6-9190-53fdadd7eb13","3","2","[""ANSWER_MISSING"",""CHOICES_REQUIRED"",""SOLUTION_MISSING"",""PAU_MODALITY_UNDECLARED"",""SOLUTION_REVIEW_REQUIRED""]"
"cand-953097e1-a8e1-50f2-b936-1d9beaff1924","ex-d3ae635e-375d-5e02-bd40-a63d8fadc8b3","5","3","[""ANSWER_MISSING"",""MODALITIES_MISSING"",""MODALITY_UNDEMONSTRATED"",""SOLUTION_MISSING"",""UNMAPPED_TOPIC"",""MATH_REPRESENTATION_UNDECLARED"",""PAU_MODALITY_UNDECLARED"",""SOLUTION_REVIEW_REQUIRED""]"
"cand-4a1e2e78-98d6-58f6-af7e-1bb9231fe13d","ex-a47daa13-9566-5403-a377-12dfeb3d0fbc","7","3","[""ANSWER_MISSING"",""COMMUNITY_UNMAPPED"",""MODALITIES_MISSING"",""MODALITY_UNDEMONSTRATED"",""PAU_COMMUNITY_MISSING"",""SOLUTION_MISSING"",""UNMAPPED_TOPIC"",""MATH_REPRESENTATION_UNDECLARED"",""PAU_MODALITY_UNDECLARED"",""SOLUTION_REVIEW_REQUIRED""]"
"cand-0c848300-f3d8-5954-adb2-1d7983da07c7","ex-cce6e64b-1611-5552-beae-37a264949c6f","7","2","[""ANSWER_MISSING"",""COMMUNITY_UNMAPPED"",""MODALITIES_MISSING"",""MODALITY_UNDEMONSTRATED"",""PAU_COMMUNITY_MISSING"",""SOLUTION_MISSING"",""UNMAPPED_TOPIC"",""PAU_MODALITY_UNDECLARED"",""SOLUTION_REVIEW_REQUIRED""]"
"cand-b1870a8b-991d-5499-ad6f-eb2361e0f0e5","ex-9bc670bd-74fa-560b-8ba7-8da3f714c898","3","2","[""ANSWER_MISSING"",""CHOICES_REQUIRED"",""SOLUTION_MISSING"",""PAU_MODALITY_UNDECLARED"",""SOLUTION_REVIEW_REQUIRED""]"
"cand-aa0536cf-03cb-5fe0-ae3f-5927547103dc","ex-984d93e5-3597-5054-aba5-79d23df48fa8","7","3","[""ANSWER_MISSING"",""COMMUNITY_UNMAPPED"",""MODALITIES_MISSING"",""MODALITY_UNDEMONSTRATED"",""PAU_COMMUNITY_MISSING"",""SOLUTION_MISSING"",""UNMAPPED_TOPIC"",""MATH_REPRESENTATION_UNDECLARED"",""PAU_MODALITY_UNDECLARED"",""SOLUTION_REVIEW_REQUIRED""]"
"cand-579188ee-080b-5aba-9406-ae4e8489582c","ex-1f214086-5168-52e1-9c0e-dba93472d71f","3","2","[""ANSWER_MISSING"",""CHOICES_REQUIRED"",""SOLUTION_MISSING"",""PAU_MODALITY_UNDECLARED"",""SOLUTION_REVIEW_REQUIRED""]"
"cand-7079cbf2-3f4e-5f15-9961-84a2f332ba7d","ex-f55605b6-0f98-5eac-8209-4f8557d57479","3","2","[""ANSWER_MISSING"",""CHOICES_REQUIRED"",""SOLUTION_MISSING"",""PAU_MODALITY_UNDECLARED"",""SOLUTION_REVIEW_REQUIRED""]"
"cand-0b7d8f24-5cd3-5103-a89b-d8bf83358327","ex-69692707-12c6-52a8-9a8b-3f0765f2c1ad","5","2","[""ANSWER_MISSING"",""MODALITIES_MISSING"",""MODALITY_UNDEMONSTRATED"",""SOLUTION_MISSING"",""UNMAPPED_TOPIC"",""PAU_MODALITY_UNDECLARED"",""SOLUTION_REVIEW_REQUIRED""]"
"cand-42cf7345-1cab-558c-8efa-4d0b9c4003b0","ex-5f12f492-1e7a-5fce-952c-af5962221b67","5","2","[""ANSWER_MISSING"",""MODALITIES_MISSING"",""MODALITY_UNDEMONSTRATED"",""SOLUTION_MISSING"",""UNMAPPED_TOPIC"",""PAU_MODALITY_UNDECLARED"",""SOLUTION_REVIEW_REQUIRED""]"
"cand-1a09d321-d3cd-5383-b10a-d6068417adfb","ex-5e3363ce-1521-551d-815b-5be6fd7d04a0","3","2","[""ANSWER_MISSING"",""CHOICES_REQUIRED"",""SOLUTION_MISSING"",""PAU_MODALITY_UNDECLARED"",""SOLUTION_REVIEW_REQUIRED""]"
"cand-ef48705e-5d1e-5340-965e-673940e24736","ex-414c51f2-03ed-5b91-9e93-c1383b6821b4","5","2","[""ANSWER_MISSING"",""MODALITIES_MISSING"",""MODALITY_UNDEMONSTRATED"",""SOLUTION_MISSING"",""UNMAPPED_TOPIC"",""PAU_MODALITY_UNDECLARED"",""SOLUTION_REVIEW_REQUIRED""]"
"cand-d54d886a-ca28-545d-8c2c-adb6fb01c442","ex-d6751f3f-2741-5228-9831-6bb9548be568","3","2","[""ANSWER_MISSING"",""CHOICES_REQUIRED"",""SOLUTION_MISSING"",""PAU_MODALITY_UNDECLARED"",""SOLUTION_REVIEW_REQUIRED""]"
"cand-2fff514e-ed43-5862-9158-3bd77d122d2a","ex-20825d34-ab3d-5450-b9c0-2a4d5514b2bd","5","3","[""ANSWER_MISSING"",""MODALITIES_MISSING"",""MODALITY_UNDEMONSTRATED"",""SOLUTION_MISSING"",""UNMAPPED_TOPIC"",""MATH_REPRESENTATION_UNDECLARED"",""PAU_MODALITY_UNDECLARED"",""SOLUTION_REVIEW_REQUIRED""]"
"cand-fe86da7b-37c4-563d-b813-ebfa07358cb5","ex-95dcd1c9-9a62-5132-9094-a19c7d7e798e","3","2","[""ANSWER_MISSING"",""CHOICES_REQUIRED"",""SOLUTION_MISSING"",""PAU_MODALITY_UNDECLARED"",""SOLUTION_REVIEW_REQUIRED""]"
"cand-a98274fa-ffe2-5534-bff2-436e18b8c7fc","ex-1bbf3bca-a838-5629-bedc-88e7660fb426","5","2","[""ANSWER_MISSING"",""MODALITIES_MISSING"",""MODALITY_UNDEMONSTRATED"",""SOLUTION_MISSING"",""UNMAPPED_TOPIC"",""PAU_MODALITY_UNDECLARED"",""SOLUTION_REVIEW_REQUIRED""]"
"cand-a47c96ae-d7c7-5b70-ac20-935f40350b06","ex-d80ec7fd-00fa-590a-9018-99cf77019d75","7","3","[""ANSWER_MISSING"",""COMMUNITY_UNMAPPED"",""MODALITIES_MISSING"",""MODALITY_UNDEMONSTRATED"",""PAU_COMMUNITY_MISSING"",""SOLUTION_MISSING"",""UNMAPPED_TOPIC"",""MATH_REPRESENTATION_UNDECLARED"",""PAU_MODALITY_UNDECLARED"",""SOLUTION_REVIEW_REQUIRED""]"
"cand-970095fd-779a-5efb-af2e-adeaf3ff0974","ex-98c5d5ce-b1e3-5422-aa0e-9d2f64ed01c1","3","2","[""ANSWER_MISSING"",""CHOICES_REQUIRED"",""SOLUTION_MISSING"",""PAU_MODALITY_UNDECLARED"",""SOLUTION_REVIEW_REQUIRED""]"
"cand-091fb4e4-172e-5bf1-a62d-72f10303e1a0","ex-2a7de16a-acb5-55c4-b5d3-901f610f124a","7","2","[""ANSWER_MISSING"",""COMMUNITY_UNMAPPED"",""MODALITIES_MISSING"",""MODALITY_UNDEMONSTRATED"",""PAU_COMMUNITY_MISSING"",""SOLUTION_MISSING"",""UNMAPPED_TOPIC"",""PAU_MODALITY_UNDECLARED"",""SOLUTION_REVIEW_REQUIRED""]"
"cand-beddda1d-63b9-52c3-a7b6-96d1e77cc864","ex-74e9819c-de4c-5474-a0f7-366436213eba","3","2","[""ANSWER_MISSING"",""CHOICES_REQUIRED"",""SOLUTION_MISSING"",""PAU_MODALITY_UNDECLARED"",""SOLUTION_REVIEW_REQUIRED""]"
"cand-1af0bca9-713c-576b-85c7-6f78c7bd42df","ex-13e12d22-3eaa-5093-ad00-9fa57432b23a","7","3","[""ANSWER_MISSING"",""COMMUNITY_UNMAPPED"",""MODALITIES_MISSING"",""MODALITY_UNDEMONSTRATED"",""PAU_COMMUNITY_MISSING"",""SOLUTION_MISSING"",""UNMAPPED_TOPIC"",""MATH_REPRESENTATION_UNDECLARED"",""PAU_MODALITY_UNDECLARED"",""SOLUTION_REVIEW_REQUIRED""]"
"cand-d9600f6b-0b9d-58a7-9375-0b3ecf03074b","ex-25a23a02-2279-53b1-b586-e3386a08fcee","3","2","[""ANSWER_MISSING"",""CHOICES_REQUIRED"",""SOLUTION_MISSING"",""PAU_MODALITY_UNDECLARED"",""SOLUTION_REVIEW_REQUIRED""]"
"cand-2c1f5755-e27d-51d6-9076-7eb242d747a5","ex-299decc7-718d-59d4-a7e1-7d6d36a78991","5","2","[""ANSWER_MISSING"",""MODALITIES_MISSING"",""MODALITY_UNDEMONSTRATED"",""SOLUTION_MISSING"",""UNMAPPED_TOPIC"",""PAU_MODALITY_UNDECLARED"",""SOLUTION_REVIEW_REQUIRED""]"
"cand-c13c1e76-6234-5ef5-a574-a6d774a21fe2","ex-61e0ace0-8b41-53a1-b6a1-ac3341f1af41","3","2","[""ANSWER_MISSING"",""CHOICES_REQUIRED"",""SOLUTION_MISSING"",""PAU_MODALITY_UNDECLARED"",""SOLUTION_REVIEW_REQUIRED""]"
"cand-6fb25206-ec7b-5e00-aa9a-bafaef328183","ex-145d8846-a5f5-5767-ac17-526340ae4554","5","4","[""ANSWER_MISSING"",""MODALITIES_MISSING"",""MODALITY_UNDEMONSTRATED"",""SOLUTION_MISSING"",""UNMAPPED_TOPIC"",""MATH_REPRESENTATION_UNDECLARED"",""PAU_DETAIL_INCOMPLETE"",""PAU_MODALITY_UNDECLARED"",""SOLUTION_REVIEW_REQUIRED""]"
"cand-b3543f13-3a90-563f-82b0-35b3f4b2459b","ex-874f8f88-b9bb-56a2-acc1-a091f392fcd6","5","4","[""ANSWER_MISSING"",""MODALITIES_MISSING"",""MODALITY_UNDEMONSTRATED"",""SOLUTION_MISSING"",""UNMAPPED_TOPIC"",""MATH_REPRESENTATION_UNDECLARED"",""PAU_DETAIL_INCOMPLETE"",""PAU_MODALITY_UNDECLARED"",""SOLUTION_REVIEW_REQUIRED""]"
"cand-bea9ba58-5a13-58b0-8aa4-1c233574b19a","ex-0c5384d4-f841-5fe4-ad71-43c917122028","3","3","[""ANSWER_MISSING"",""CHOICES_REQUIRED"",""SOLUTION_MISSING"",""PAU_DETAIL_INCOMPLETE"",""PAU_MODALITY_UNDECLARED"",""SOLUTION_REVIEW_REQUIRED""]"
"cand-30b082bd-a8b0-52c1-81b9-5e56295acba5","ex-4ed1d436-fec9-5020-9c70-762bb8d1e3fa","5","2","[""ANSWER_MISSING"",""MODALITIES_MISSING"",""MODALITY_UNDEMONSTRATED"",""SOLUTION_MISSING"",""UNMAPPED_TOPIC"",""PAU_MODALITY_UNDECLARED"",""SOLUTION_REVIEW_REQUIRED""]"
"cand-2ead8efc-7970-59e7-9991-6bb2288d1ae8","ex-b4b983e9-c0a2-548b-9a99-544a1aa3cd08","3","2","[""ANSWER_MISSING"",""CHOICES_REQUIRED"",""SOLUTION_MISSING"",""PAU_MODALITY_UNDECLARED"",""SOLUTION_REVIEW_REQUIRED""]"
"cand-57c4853c-b37f-572c-94b2-8e924976df70","ex-3eaf605b-c903-5afa-bd97-da8c1928ff5e","5","2","[""ANSWER_MISSING"",""MODALITIES_MISSING"",""MODALITY_UNDEMONSTRATED"",""SOLUTION_MISSING"",""UNMAPPED_TOPIC"",""PAU_MODALITY_UNDECLARED"",""SOLUTION_REVIEW_REQUIRED""]"
"cand-fd75e097-1c7a-54ce-9499-c69c2af9201e","ex-63ffc5ba-eb87-5959-87d6-2c819e2eb8e4","5","2","[""ANSWER_MISSING"",""MODALITIES_MISSING"",""MODALITY_UNDEMONSTRATED"",""SOLUTION_MISSING"",""UNMAPPED_TOPIC"",""PAU_MODALITY_UNDECLARED"",""SOLUTION_REVIEW_REQUIRED""]"
"cand-df559271-4582-5df0-a9ef-afd9b01f5f5a","ex-b347c288-0615-56d5-a940-663fcb4b7c82","3","2","[""ANSWER_MISSING"",""CHOICES_REQUIRED"",""SOLUTION_MISSING"",""PAU_MODALITY_UNDECLARED"",""SOLUTION_REVIEW_REQUIRED""]"
"cand-d2ad7041-0978-59a9-b21d-266513cf6f22","ex-5bb0f7eb-1aa8-5d6c-a050-a2412d73ee97","5","4","[""ANSWER_MISSING"",""MODALITIES_MISSING"",""MODALITY_UNDEMONSTRATED"",""SOLUTION_MISSING"",""UNMAPPED_TOPIC"",""MATH_REPRESENTATION_UNDECLARED"",""PAU_DETAIL_INCOMPLETE"",""PAU_MODALITY_UNDECLARED"",""SOLUTION_REVIEW_REQUIRED""]"
"cand-6e7f48b8-9495-5ff1-bb7e-7ff3c0c243d3","ex-f946bd78-d7ae-5a23-9c85-b52719adf0e5","5","2","[""ANSWER_MISSING"",""MODALITIES_MISSING"",""MODALITY_UNDEMONSTRATED"",""SOLUTION_MISSING"",""UNMAPPED_TOPIC"",""PAU_MODALITY_UNDECLARED"",""SOLUTION_REVIEW_REQUIRED""]"
"cand-4d37f5fb-ec77-5855-acdc-5b81738bee64","ex-0e2c5286-f788-5a7b-8e19-289d8212de12","3","2","[""ANSWER_MISSING"",""CHOICES_REQUIRED"",""SOLUTION_MISSING"",""PAU_MODALITY_UNDECLARED"",""SOLUTION_REVIEW_REQUIRED""]"
"cand-81d95cf7-2a0b-5335-ba5d-99ebfe61e0f4","ex-7881de14-1384-5e9b-9a35-0ecf71cf3eb3","5","3","[""ANSWER_MISSING"",""MODALITIES_MISSING"",""MODALITY_UNDEMONSTRATED"",""SOLUTION_MISSING"",""UNMAPPED_TOPIC"",""MATH_REPRESENTATION_UNDECLARED"",""PAU_MODALITY_UNDECLARED"",""SOLUTION_REVIEW_REQUIRED""]"
"cand-089c6354-94c3-5b7b-baea-154325fb30e7","ex-963cacae-e860-5eb1-b95d-1f0f702ed532","7","2","[""ANSWER_MISSING"",""COMMUNITY_UNMAPPED"",""MODALITIES_MISSING"",""MODALITY_UNDEMONSTRATED"",""PAU_COMMUNITY_MISSING"",""SOLUTION_MISSING"",""UNMAPPED_TOPIC"",""PAU_MODALITY_UNDECLARED"",""SOLUTION_REVIEW_REQUIRED""]"
"cand-ab3bd911-336e-5d0d-b82b-32616d133ed0","ex-617bdf27-d7c1-5696-ab95-ecf9359350eb","3","2","[""ANSWER_MISSING"",""CHOICES_REQUIRED"",""SOLUTION_MISSING"",""PAU_MODALITY_UNDECLARED"",""SOLUTION_REVIEW_REQUIRED""]"
"cand-f8b8569f-74ed-5547-b638-cfbd2fe05ce3","ex-13adf7de-45c8-5455-a6f9-eb6860201865","3","2","[""ANSWER_MISSING"",""CHOICES_REQUIRED"",""SOLUTION_MISSING"",""PAU_MODALITY_UNDECLARED"",""SOLUTION_REVIEW_REQUIRED""]"
"cand-c0f965ee-2385-52fb-9734-61d8119c9190","ex-e97f440d-1eb6-58d3-ade7-aef853d4a3f3","5","3","[""ANSWER_MISSING"",""MODALITIES_MISSING"",""MODALITY_UNDEMONSTRATED"",""SOLUTION_MISSING"",""UNMAPPED_TOPIC"",""PAU_DETAIL_INCOMPLETE"",""PAU_MODALITY_UNDECLARED"",""SOLUTION_REVIEW_REQUIRED""]"
"cand-cb55b22b-f334-5e6c-a13c-688ebdb1bda1","ex-2d775bd5-6a51-53a3-9a3b-19219d849b4c","3","3","[""ANSWER_MISSING"",""CHOICES_REQUIRED"",""SOLUTION_MISSING"",""PAU_DETAIL_INCOMPLETE"",""PAU_MODALITY_UNDECLARED"",""SOLUTION_REVIEW_REQUIRED""]"
"cand-f97f12a0-8250-546c-94e9-0033d094db19","ex-7681c693-4c08-5d6c-9c5b-6fa7457c8b8d","5","4","[""ANSWER_MISSING"",""MODALITIES_MISSING"",""MODALITY_UNDEMONSTRATED"",""SOLUTION_MISSING"",""UNMAPPED_TOPIC"",""MATH_REPRESENTATION_UNDECLARED"",""PAU_DETAIL_INCOMPLETE"",""PAU_MODALITY_UNDECLARED"",""SOLUTION_REVIEW_REQUIRED""]"
"cand-8bd7f8af-a757-5f60-b34f-005b9d60d8e5","ex-9c1b049f-05d7-5f00-9d8d-9e56fc72e4b3","5","2","[""ANSWER_MISSING"",""MODALITIES_MISSING"",""MODALITY_UNDEMONSTRATED"",""SOLUTION_MISSING"",""UNMAPPED_TOPIC"",""PAU_MODALITY_UNDECLARED"",""SOLUTION_REVIEW_REQUIRED""]"
"cand-2e062e68-ef26-568c-b123-bc6fdfd2b026","ex-76ec5e35-f86e-5ee3-9f12-3d330fb6c710","3","2","[""ANSWER_MISSING"",""CHOICES_REQUIRED"",""SOLUTION_MISSING"",""PAU_MODALITY_UNDECLARED"",""SOLUTION_REVIEW_REQUIRED""]"
"cand-be7df7c1-4c99-5109-8bbd-8e415c64eab3","ex-29a06d08-b3ce-57c6-89dd-3d5b8e664464","5","2","[""ANSWER_MISSING"",""MODALITIES_MISSING"",""MODALITY_UNDEMONSTRATED"",""SOLUTION_MISSING"",""UNMAPPED_TOPIC"",""PAU_MODALITY_UNDECLARED"",""SOLUTION_REVIEW_REQUIRED""]"
"cand-6f36088e-e9e2-5caf-8bc5-6be386387142","ex-d06eec45-e8de-571e-82ca-e0f6c681a63a","3","2","[""ANSWER_MISSING"",""CHOICES_REQUIRED"",""SOLUTION_MISSING"",""PAU_MODALITY_UNDECLARED"",""SOLUTION_REVIEW_REQUIRED""]"
"cand-a46b6f76-2e9d-58dd-8326-ed2e9fa0e296","ex-e4533f1e-833c-513d-95b4-9917eac7401c","5","3","[""ANSWER_MISSING"",""MODALITIES_MISSING"",""MODALITY_UNDEMONSTRATED"",""SOLUTION_MISSING"",""UNMAPPED_TOPIC"",""MATH_REPRESENTATION_UNDECLARED"",""PAU_MODALITY_UNDECLARED"",""SOLUTION_REVIEW_REQUIRED""]"
"cand-ead7aced-0c9b-58d8-8276-a6eac051d27d","ex-119e2442-790c-52c2-8b6c-e9340521b2d7","3","2","[""ANSWER_MISSING"",""CHOICES_REQUIRED"",""SOLUTION_MISSING"",""PAU_MODALITY_UNDECLARED"",""SOLUTION_REVIEW_REQUIRED""]"
"cand-e83f22c6-ce61-5bd1-bec2-597aa6854141","ex-c81d97e6-b379-5fc5-9f6a-24607091710d","5","3","[""ANSWER_MISSING"",""MODALITIES_MISSING"",""MODALITY_UNDEMONSTRATED"",""SOLUTION_MISSING"",""UNMAPPED_TOPIC"",""MATH_REPRESENTATION_UNDECLARED"",""PAU_MODALITY_UNDECLARED"",""SOLUTION_REVIEW_REQUIRED""]"
"cand-df9cace8-1b9e-55cf-9647-683805aa52cd","ex-cd818922-7121-57d3-b4d8-de7a846a6cc2","3","2","[""ANSWER_MISSING"",""CHOICES_REQUIRED"",""SOLUTION_MISSING"",""PAU_MODALITY_UNDECLARED"",""SOLUTION_REVIEW_REQUIRED""]"
"cand-dab16954-a7ee-5ee8-8d15-01d331b2eb5c","ex-c89175e6-b6dc-545f-ab3a-8e6841a3fd05","5","4","[""ANSWER_MISSING"",""MODALITIES_MISSING"",""MODALITY_UNDEMONSTRATED"",""SOLUTION_MISSING"",""UNMAPPED_TOPIC"",""MATH_REPRESENTATION_UNDECLARED"",""PAU_DETAIL_INCOMPLETE"",""PAU_MODALITY_UNDECLARED"",""SOLUTION_REVIEW_REQUIRED""]"
"cand-46553846-9102-54da-ba21-6aec28f3865c","ex-4866339d-8498-5cba-9f94-3da8954a70c2","7","3","[""ANSWER_MISSING"",""COMMUNITY_UNMAPPED"",""MODALITIES_MISSING"",""MODALITY_UNDEMONSTRATED"",""PAU_COMMUNITY_MISSING"",""SOLUTION_MISSING"",""UNMAPPED_TOPIC"",""PAU_DETAIL_INCOMPLETE"",""PAU_MODALITY_UNDECLARED"",""SOLUTION_REVIEW_REQUIRED""]"
"cand-1682904a-3958-5c79-913b-feff12fad8cb","ex-b5fd1a89-f110-52be-b914-6ea6f2118efd","3","3","[""ANSWER_MISSING"",""CHOICES_REQUIRED"",""SOLUTION_MISSING"",""PAU_DETAIL_INCOMPLETE"",""PAU_MODALITY_UNDECLARED"",""SOLUTION_REVIEW_REQUIRED""]"
"cand-26efca4a-6e31-52ce-a7ca-5cfa4951ab2a","ex-2949888d-f2f2-53be-8874-f97a69429a26","3","3","[""ANSWER_MISSING"",""CHOICES_REQUIRED"",""SOLUTION_MISSING"",""PAU_DETAIL_INCOMPLETE"",""PAU_MODALITY_UNDECLARED"",""SOLUTION_REVIEW_REQUIRED""]"
"cand-9ff4478c-41c9-5fe8-bfc7-4e88dc66e868","ex-cf00bfdb-14e6-5e2c-82ed-a39ac09a6684","5","3","[""ANSWER_MISSING"",""MODALITIES_MISSING"",""MODALITY_UNDEMONSTRATED"",""SOLUTION_MISSING"",""UNMAPPED_TOPIC"",""MATH_REPRESENTATION_UNDECLARED"",""PAU_MODALITY_UNDECLARED"",""SOLUTION_REVIEW_REQUIRED""]"
"cand-76a735c6-98ba-598b-abc2-b5038188472d","ex-ed24b521-5547-563c-80f6-ffa598951dc2","7","3","[""ANSWER_MISSING"",""COMMUNITY_UNMAPPED"",""MODALITIES_MISSING"",""MODALITY_UNDEMONSTRATED"",""PAU_COMMUNITY_MISSING"",""SOLUTION_MISSING"",""UNMAPPED_TOPIC"",""MATH_REPRESENTATION_UNDECLARED"",""PAU_MODALITY_UNDECLARED"",""SOLUTION_REVIEW_REQUIRED""]"
"cand-af978f93-d9cf-51c6-9686-3489120a6333","ex-bbfd371a-697b-54ac-8a3a-77d07178a190","3","2","[""ANSWER_MISSING"",""CHOICES_REQUIRED"",""SOLUTION_MISSING"",""PAU_MODALITY_UNDECLARED"",""SOLUTION_REVIEW_REQUIRED""]"
"cand-a3b83b43-f16d-590d-997d-c93174d9d4c7","ex-522f054c-9fa0-5f9d-a2bf-695fb001d4d3","7","2","[""ANSWER_MISSING"",""COMMUNITY_UNMAPPED"",""MODALITIES_MISSING"",""MODALITY_UNDEMONSTRATED"",""PAU_COMMUNITY_MISSING"",""SOLUTION_MISSING"",""UNMAPPED_TOPIC"",""PAU_MODALITY_UNDECLARED"",""SOLUTION_REVIEW_REQUIRED""]"
"cand-82645989-abbf-5661-92db-848b930936a1","ex-c4dd9a71-62ec-5eef-a60c-9252f3ead4a8","3","2","[""ANSWER_MISSING"",""CHOICES_REQUIRED"",""SOLUTION_MISSING"",""PAU_MODALITY_UNDECLARED"",""SOLUTION_REVIEW_REQUIRED""]"
"cand-74de8289-4cfa-522f-8966-b10ce3775390","ex-f08a230d-1589-54fd-a6b5-0f86c62aaf79","7","3","[""ANSWER_MISSING"",""COMMUNITY_UNMAPPED"",""MODALITIES_MISSING"",""MODALITY_UNDEMONSTRATED"",""PAU_COMMUNITY_MISSING"",""SOLUTION_MISSING"",""UNMAPPED_TOPIC"",""MATH_REPRESENTATION_UNDECLARED"",""PAU_MODALITY_UNDECLARED"",""SOLUTION_REVIEW_REQUIRED""]"
"cand-934c42f9-e5da-5221-be27-e571e261c92f","ex-dca88874-23cf-5bc3-820d-0e5058e5450a","3","2","[""ANSWER_MISSING"",""CHOICES_REQUIRED"",""SOLUTION_MISSING"",""PAU_MODALITY_UNDECLARED"",""SOLUTION_REVIEW_REQUIRED""]"
"cand-39d90fca-370b-519e-9fc7-9ec4f4181678","ex-782a921c-a8ab-5312-804c-e68e355842f1","3","2","[""ANSWER_MISSING"",""CHOICES_REQUIRED"",""SOLUTION_MISSING"",""PAU_MODALITY_UNDECLARED"",""SOLUTION_REVIEW_REQUIRED""]"
"cand-895f6c5f-7b21-5351-b6b1-2cc22acf91d9","ex-d6bef6af-99ee-5a63-8dcc-7d581aabc32f","3","2","[""ANSWER_MISSING"",""CHOICES_REQUIRED"",""SOLUTION_MISSING"",""PAU_MODALITY_UNDECLARED"",""SOLUTION_REVIEW_REQUIRED""]"
"cand-a4ec1fba-79e2-5afe-bc00-f9a6883904a3","ex-4a926536-be4b-58de-a885-a37c002c0167","5","2","[""ANSWER_MISSING"",""MODALITIES_MISSING"",""MODALITY_UNDEMONSTRATED"",""SOLUTION_MISSING"",""UNMAPPED_TOPIC"",""PAU_MODALITY_UNDECLARED"",""SOLUTION_REVIEW_REQUIRED""]"
"cand-873f49c3-ef13-5a8a-8bd5-41e72949fae8","ex-58dec43d-e248-56e9-a7c7-1be1e092c5d0","5","3","[""ANSWER_MISSING"",""MODALITIES_MISSING"",""MODALITY_UNDEMONSTRATED"",""SOLUTION_MISSING"",""UNMAPPED_TOPIC"",""MATH_REPRESENTATION_UNDECLARED"",""PAU_MODALITY_UNDECLARED"",""SOLUTION_REVIEW_REQUIRED""]"
"cand-7633fce0-9f9a-5067-bd5a-c2f714fa31f8","ex-4b2ab0df-508d-5054-aebb-c63347b848bd","3","2","[""ANSWER_MISSING"",""CHOICES_REQUIRED"",""SOLUTION_MISSING"",""PAU_MODALITY_UNDECLARED"",""SOLUTION_REVIEW_REQUIRED""]"
"cand-96ae8647-f67c-50ed-ad80-c4190dfb5ed1","ex-38c1bfc3-a922-546e-b730-748aa81aba37","5","3","[""ANSWER_MISSING"",""MODALITIES_MISSING"",""MODALITY_UNDEMONSTRATED"",""SOLUTION_MISSING"",""UNMAPPED_TOPIC"",""MATH_REPRESENTATION_UNDECLARED"",""PAU_MODALITY_UNDECLARED"",""SOLUTION_REVIEW_REQUIRED""]"
"cand-830fce2f-0e84-5220-b78e-2d8569d4b38b","ex-017095ed-592a-5ca6-9822-e381b49051aa","3","2","[""ANSWER_MISSING"",""CHOICES_REQUIRED"",""SOLUTION_MISSING"",""PAU_MODALITY_UNDECLARED"",""SOLUTION_REVIEW_REQUIRED""]"
"cand-388512f7-b2be-57ab-80b7-87120056b872","ex-08219fcc-6399-5ff6-bcd4-1249f9cbfcad","3","2","[""ANSWER_MISSING"",""CHOICES_REQUIRED"",""SOLUTION_MISSING"",""PAU_MODALITY_UNDECLARED"",""SOLUTION_REVIEW_REQUIRED""]"
"cand-ac84cd4e-9ff0-557e-910f-e4056dc4458b","ex-8433c99c-982b-5748-9e2b-06843819eb60","5","3","[""ANSWER_MISSING"",""MODALITIES_MISSING"",""MODALITY_UNDEMONSTRATED"",""SOLUTION_MISSING"",""UNMAPPED_TOPIC"",""MATH_REPRESENTATION_UNDECLARED"",""PAU_MODALITY_UNDECLARED"",""SOLUTION_REVIEW_REQUIRED""]"
"cand-61b8bd13-4008-5f58-b5ce-c6da12e46a88","ex-3396ebf4-3d6e-5839-a14a-e99f675abc13","3","2","[""ANSWER_MISSING"",""CHOICES_REQUIRED"",""SOLUTION_MISSING"",""PAU_MODALITY_UNDECLARED"",""SOLUTION_REVIEW_REQUIRED""]"
"cand-e76137db-adda-59ed-bd8d-91eb4cf65729","ex-52de26d3-8c8a-57f5-803d-a6bb6db7d317","5","3","[""ANSWER_MISSING"",""MODALITIES_MISSING"",""MODALITY_UNDEMONSTRATED"",""SOLUTION_MISSING"",""UNMAPPED_TOPIC"",""PAU_DETAIL_INCOMPLETE"",""PAU_MODALITY_UNDECLARED"",""SOLUTION_REVIEW_REQUIRED""]"
"cand-4a8c3773-b733-5815-ab31-02b1c3ebe12c","ex-1479dca2-2229-5f36-ba62-c3438f7cf4da","3","3","[""ANSWER_MISSING"",""CHOICES_REQUIRED"",""SOLUTION_MISSING"",""PAU_DETAIL_INCOMPLETE"",""PAU_MODALITY_UNDECLARED"",""SOLUTION_REVIEW_REQUIRED""]"
"cand-10a9ee7d-3750-5b04-81b8-f13ec91aeb68","ex-c86c4b3d-c2bc-55a8-a298-b19b58b8cd97","5","3","[""ANSWER_MISSING"",""MODALITIES_MISSING"",""MODALITY_UNDEMONSTRATED"",""SOLUTION_MISSING"",""UNMAPPED_TOPIC"",""PAU_DETAIL_INCOMPLETE"",""PAU_MODALITY_UNDECLARED"",""SOLUTION_REVIEW_REQUIRED""]"
"cand-a27b1806-c02b-55bc-95cb-4b0653276d9f","ex-f213e9dc-075d-5ac8-949d-6afa99db66a1","3","3","[""ANSWER_MISSING"",""CHOICES_REQUIRED"",""SOLUTION_MISSING"",""PAU_DETAIL_INCOMPLETE"",""PAU_MODALITY_UNDECLARED"",""SOLUTION_REVIEW_REQUIRED""]"
"cand-064a3618-b557-5875-9f78-d8ce8a05ad68","ex-edcddd0f-a762-5e58-9e39-eb5171449a0b","5","4","[""ANSWER_MISSING"",""MODALITIES_MISSING"",""MODALITY_UNDEMONSTRATED"",""SOLUTION_MISSING"",""UNMAPPED_TOPIC"",""MATH_REPRESENTATION_UNDECLARED"",""PAU_DETAIL_INCOMPLETE"",""PAU_MODALITY_UNDECLARED"",""SOLUTION_REVIEW_REQUIRED""]"
"cand-aa2f7364-1ac3-51c4-9ddb-89c4f1a2b543","ex-a5d30099-4130-53df-9b67-96b9d726d5bb","3","3","[""ANSWER_MISSING"",""CHOICES_REQUIRED"",""SOLUTION_MISSING"",""PAU_DETAIL_INCOMPLETE"",""PAU_MODALITY_UNDECLARED"",""SOLUTION_REVIEW_REQUIRED""]"
"cand-f48d7f1c-313c-5f39-a6e9-e71df250bab5","ex-e1f6ee17-6ca5-53ce-b6e8-d49c5d9a6a03","5","3","[""ANSWER_MISSING"",""MODALITIES_MISSING"",""MODALITY_UNDEMONSTRATED"",""SOLUTION_MISSING"",""UNMAPPED_TOPIC"",""PAU_DETAIL_INCOMPLETE"",""PAU_MODALITY_UNDECLARED"",""SOLUTION_REVIEW_REQUIRED""]"
"cand-c2b646f4-c277-56e8-9f62-06d6ba7d6294","ex-53a4bd8f-d2f3-5ef0-9572-81bfc6cdedf0","5","3","[""ANSWER_MISSING"",""MODALITIES_MISSING"",""MODALITY_UNDEMONSTRATED"",""SOLUTION_MISSING"",""UNMAPPED_TOPIC"",""PAU_DETAIL_INCOMPLETE"",""PAU_MODALITY_UNDECLARED"",""SOLUTION_REVIEW_REQUIRED""]"
"cand-165e15de-4d23-5ee2-9280-062487e66160","ex-85c72850-168b-5480-b043-e7d70573f4c6","3","3","[""ANSWER_MISSING"",""CHOICES_REQUIRED"",""SOLUTION_MISSING"",""PAU_DETAIL_INCOMPLETE"",""PAU_MODALITY_UNDECLARED"",""SOLUTION_REVIEW_REQUIRED""]"
"cand-efa91ff7-e764-5748-b5a2-6f0b5c9400ce","ex-e0636548-251b-55d8-b226-083375712471","5","3","[""ANSWER_MISSING"",""MODALITIES_MISSING"",""MODALITY_UNDEMONSTRATED"",""SOLUTION_MISSING"",""UNMAPPED_TOPIC"",""MATH_REPRESENTATION_UNDECLARED"",""PAU_MODALITY_UNDECLARED"",""SOLUTION_REVIEW_REQUIRED""]"
"cand-c5be82a7-4830-518d-bab1-83587137728e","ex-bc5c9856-3c09-5c25-a6c8-087db7e99be9","3","2","[""ANSWER_MISSING"",""CHOICES_REQUIRED"",""SOLUTION_MISSING"",""PAU_MODALITY_UNDECLARED"",""SOLUTION_REVIEW_REQUIRED""]"
"cand-43857f5f-0fe1-517c-bc2b-ed3ae7680b0a","ex-c0545c5e-c2f0-59b2-bd26-d1117c5d434d","3","2","[""ANSWER_MISSING"",""CHOICES_REQUIRED"",""SOLUTION_MISSING"",""PAU_MODALITY_UNDECLARED"",""SOLUTION_REVIEW_REQUIRED""]"
"cand-e14ac211-9c1d-503d-a8fd-3016b34bc706","ex-7571356d-bf31-5f4b-ba43-e8fc6ac63135","5","3","[""ANSWER_MISSING"",""MODALITIES_MISSING"",""MODALITY_UNDEMONSTRATED"",""SOLUTION_MISSING"",""UNMAPPED_TOPIC"",""PAU_DETAIL_INCOMPLETE"",""PAU_MODALITY_UNDECLARED"",""SOLUTION_REVIEW_REQUIRED""]"
"cand-dda5cf25-3c1e-5e1b-bbed-9ff836333dc6","ex-f0991059-78d3-53c0-b3a3-dccc99145380","5","3","[""ANSWER_MISSING"",""MODALITIES_MISSING"",""MODALITY_UNDEMONSTRATED"",""SOLUTION_MISSING"",""UNMAPPED_TOPIC"",""PAU_DETAIL_INCOMPLETE"",""PAU_MODALITY_UNDECLARED"",""SOLUTION_REVIEW_REQUIRED""]"
"cand-6aac29a9-fdcc-5805-b7ff-0cd6655193aa","ex-7b71a21b-2cd1-58d7-b1b6-43643a506ad4","3","3","[""ANSWER_MISSING"",""CHOICES_REQUIRED"",""SOLUTION_MISSING"",""PAU_DETAIL_INCOMPLETE"",""PAU_MODALITY_UNDECLARED"",""SOLUTION_REVIEW_REQUIRED""]"
"cand-c9b0e7f8-41e5-5365-b513-97bedac0cabd","ex-069a5a9d-5de0-5a7e-a73d-4fb7df6d3088","5","3","[""ANSWER_MISSING"",""MODALITIES_MISSING"",""MODALITY_UNDEMONSTRATED"",""SOLUTION_MISSING"",""UNMAPPED_TOPIC"",""PAU_DETAIL_INCOMPLETE"",""PAU_MODALITY_UNDECLARED"",""SOLUTION_REVIEW_REQUIRED""]"
"cand-9d4dbf42-7e94-58d5-9866-e03977e0d6dd","ex-a7491e68-9f36-5c47-a0aa-306c836c3d6a","3","3","[""ANSWER_MISSING"",""CHOICES_REQUIRED"",""SOLUTION_MISSING"",""PAU_DETAIL_INCOMPLETE"",""PAU_MODALITY_UNDECLARED"",""SOLUTION_REVIEW_REQUIRED""]"
"cand-55992830-9c23-51fc-a521-f5aa1cc6cf7c","ex-57fad24c-5266-5d40-ad8e-b85e4c10ce76","5","3","[""ANSWER_MISSING"",""MODALITIES_MISSING"",""MODALITY_UNDEMONSTRATED"",""SOLUTION_MISSING"",""UNMAPPED_TOPIC"",""MATH_REPRESENTATION_UNDECLARED"",""PAU_MODALITY_UNDECLARED"",""SOLUTION_REVIEW_REQUIRED""]"
"cand-7f5087e5-4408-5802-8d08-8665f2436863","ex-572d4882-be97-540a-b137-4e08bf361a83","7","2","[""ANSWER_MISSING"",""COMMUNITY_UNMAPPED"",""MODALITIES_MISSING"",""MODALITY_UNDEMONSTRATED"",""PAU_COMMUNITY_MISSING"",""SOLUTION_MISSING"",""UNMAPPED_TOPIC"",""PAU_MODALITY_UNDECLARED"",""SOLUTION_REVIEW_REQUIRED""]"
"cand-748e0a8d-9c27-5f98-89ea-393aac35b132","ex-ffb31445-093d-5819-aa4e-70608ce71cef","3","2","[""ANSWER_MISSING"",""CHOICES_REQUIRED"",""SOLUTION_MISSING"",""PAU_MODALITY_UNDECLARED"",""SOLUTION_REVIEW_REQUIRED""]"
"cand-14a038d5-ecfb-5d95-81dc-292a1a76e46e","ex-e8c0d4a5-0823-51a0-a14a-45629fb1afb1","3","2","[""ANSWER_MISSING"",""CHOICES_REQUIRED"",""SOLUTION_MISSING"",""PAU_MODALITY_UNDECLARED"",""SOLUTION_REVIEW_REQUIRED""]"
"cand-a6dd5915-1dfa-5428-aa91-9e1e80c443fc","ex-93ca6754-3bb7-5b96-b81d-fc343e273981","5","2","[""ANSWER_MISSING"",""MODALITIES_MISSING"",""MODALITY_UNDEMONSTRATED"",""SOLUTION_MISSING"",""UNMAPPED_TOPIC"",""PAU_MODALITY_UNDECLARED"",""SOLUTION_REVIEW_REQUIRED""]"
"cand-6d774d6b-4a5e-5c36-9b54-eb3408573ca0","ex-c1ed948e-f5a7-50cc-aa87-6617e2d46475","7","3","[""ANSWER_MISSING"",""COMMUNITY_UNMAPPED"",""MODALITIES_MISSING"",""MODALITY_UNDEMONSTRATED"",""PAU_COMMUNITY_MISSING"",""SOLUTION_MISSING"",""UNMAPPED_TOPIC"",""MATH_REPRESENTATION_UNDECLARED"",""PAU_MODALITY_UNDECLARED"",""SOLUTION_REVIEW_REQUIRED""]"
"cand-01e40927-a5e6-5c88-87dc-cd3aefa9a471","ex-f7dda637-84e8-5dbe-9dc7-199ff790fb7d","3","3","[""ANSWER_MISSING"",""CHOICES_REQUIRED"",""SOLUTION_MISSING"",""PAU_DETAIL_INCOMPLETE"",""PAU_MODALITY_UNDECLARED"",""SOLUTION_REVIEW_REQUIRED""]"
"cand-c4cdd6aa-986a-5515-9ece-40aad726aac7","ex-ef2b3caf-7172-592e-9a13-01c5d1d93ef7","5","2","[""ANSWER_MISSING"",""MODALITIES_MISSING"",""MODALITY_UNDEMONSTRATED"",""SOLUTION_MISSING"",""UNMAPPED_TOPIC"",""PAU_MODALITY_UNDECLARED"",""SOLUTION_REVIEW_REQUIRED""]"
"cand-0e5e9e87-c37f-58e1-b718-94ee8b79eceb","ex-d3ea3a7d-e81d-5a2a-b22b-a4219fb0718b","5","3","[""ANSWER_MISSING"",""MODALITIES_MISSING"",""MODALITY_UNDEMONSTRATED"",""SOLUTION_MISSING"",""UNMAPPED_TOPIC"",""MATH_REPRESENTATION_UNDECLARED"",""PAU_MODALITY_UNDECLARED"",""SOLUTION_REVIEW_REQUIRED""]"
"cand-6a5d39f2-3ca1-5bdc-ab36-465432de8e80","ex-e134fb5d-2644-5a02-a79d-8b4d04212f15","3","2","[""ANSWER_MISSING"",""CHOICES_REQUIRED"",""SOLUTION_MISSING"",""PAU_MODALITY_UNDECLARED"",""SOLUTION_REVIEW_REQUIRED""]"
"cand-fd26bee8-55bc-54c8-a0ae-0fda73109191","ex-45c871a8-32cd-5adf-823b-e222c6ba72f6","5","3","[""ANSWER_MISSING"",""MODALITIES_MISSING"",""MODALITY_UNDEMONSTRATED"",""SOLUTION_MISSING"",""UNMAPPED_TOPIC"",""MATH_REPRESENTATION_UNDECLARED"",""PAU_MODALITY_UNDECLARED"",""SOLUTION_REVIEW_REQUIRED""]"
"cand-9168bbbb-17f4-5048-bcfa-fc6e06bdfc25","ex-e6bb6776-642f-5cdf-bbda-f8e60ae08a57","3","2","[""ANSWER_MISSING"",""CHOICES_REQUIRED"",""SOLUTION_MISSING"",""PAU_MODALITY_UNDECLARED"",""SOLUTION_REVIEW_REQUIRED""]"
"cand-4a79619e-addb-5505-933c-50399d0bb359","ex-3d620927-2432-5b82-b1fe-ea26d769a9ee","5","2","[""ANSWER_MISSING"",""MODALITIES_MISSING"",""MODALITY_UNDEMONSTRATED"",""SOLUTION_MISSING"",""UNMAPPED_TOPIC"",""PAU_MODALITY_UNDECLARED"",""SOLUTION_REVIEW_REQUIRED""]"
"cand-640e9249-7c3c-540c-8a12-54e342bc63ad","ex-3268b93d-68e3-510d-b352-4b5c8af26d25","3","2","[""ANSWER_MISSING"",""CHOICES_REQUIRED"",""SOLUTION_MISSING"",""PAU_MODALITY_UNDECLARED"",""SOLUTION_REVIEW_REQUIRED""]"
"cand-e219c76d-2014-5560-becd-5a39842c2874","ex-737ded3f-e81c-5f7b-bb94-6a91edab5f1e","5","2","[""ANSWER_MISSING"",""MODALITIES_MISSING"",""MODALITY_UNDEMONSTRATED"",""SOLUTION_MISSING"",""UNMAPPED_TOPIC"",""PAU_MODALITY_UNDECLARED"",""SOLUTION_REVIEW_REQUIRED""]"
"cand-2156392d-86c2-54f1-81db-43e49c7a3e82","ex-278a2a5f-f5ae-5d47-be18-ab12c0521855","5","3","[""ANSWER_MISSING"",""MODALITIES_MISSING"",""MODALITY_UNDEMONSTRATED"",""SOLUTION_MISSING"",""UNMAPPED_TOPIC"",""MATH_REPRESENTATION_UNDECLARED"",""PAU_MODALITY_UNDECLARED"",""SOLUTION_REVIEW_REQUIRED""]"
"cand-a0a4163d-90a8-5029-9ea9-cfdeafa1d204","ex-281c681d-70b3-5d7b-8197-d92e2cd43ec6","3","2","[""ANSWER_MISSING"",""CHOICES_REQUIRED"",""SOLUTION_MISSING"",""PAU_MODALITY_UNDECLARED"",""SOLUTION_REVIEW_REQUIRED""]"
"cand-30e718f7-c20d-520b-86b9-07e118bf1ea6","ex-11f347c7-c01b-547b-bccc-8c6dab55fd3c","5","3","[""ANSWER_MISSING"",""MODALITIES_MISSING"",""MODALITY_UNDEMONSTRATED"",""SOLUTION_MISSING"",""UNMAPPED_TOPIC"",""MATH_REPRESENTATION_UNDECLARED"",""PAU_MODALITY_UNDECLARED"",""SOLUTION_REVIEW_REQUIRED""]"
"cand-cddb43db-3854-5ccc-bfa9-b828250bb35d","ex-2bd70e83-3846-5248-a034-e0e0874ded0f","5","3","[""ANSWER_MISSING"",""MODALITIES_MISSING"",""MODALITY_UNDEMONSTRATED"",""SOLUTION_MISSING"",""UNMAPPED_TOPIC"",""MATH_REPRESENTATION_UNDECLARED"",""PAU_MODALITY_UNDECLARED"",""SOLUTION_REVIEW_REQUIRED""]"
"cand-b8dfbc5b-e222-5e92-ad72-e56a6339f583","ex-4bd3fb98-1735-57df-8c65-af25955d0456","3","2","[""ANSWER_MISSING"",""CHOICES_REQUIRED"",""SOLUTION_MISSING"",""PAU_MODALITY_UNDECLARED"",""SOLUTION_REVIEW_REQUIRED""]"
"cand-f6a2736b-ed78-5106-900b-b4e1f1e188d3","ex-56f978d6-7349-5b08-a79a-36ef08e36084","5","3","[""ANSWER_MISSING"",""MODALITIES_MISSING"",""MODALITY_UNDEMONSTRATED"",""SOLUTION_MISSING"",""UNMAPPED_TOPIC"",""MATH_REPRESENTATION_UNDECLARED"",""PAU_MODALITY_UNDECLARED"",""SOLUTION_REVIEW_REQUIRED""]"
"cand-bbb37149-5c48-58f6-8ff4-2b2fd20fa64b","ex-06d10996-aa33-5e2b-b6f7-dcc73bbbd638","3","2","[""ANSWER_MISSING"",""CHOICES_REQUIRED"",""SOLUTION_MISSING"",""PAU_MODALITY_UNDECLARED"",""SOLUTION_REVIEW_REQUIRED""]"
"cand-5496416a-0560-5e57-b297-7537b3ecf332","ex-cc620690-428c-52b9-b691-5f8a0ddf42e0","5","3","[""ANSWER_MISSING"",""MODALITIES_MISSING"",""MODALITY_UNDEMONSTRATED"",""SOLUTION_MISSING"",""UNMAPPED_TOPIC"",""MATH_REPRESENTATION_UNDECLARED"",""PAU_MODALITY_UNDECLARED"",""SOLUTION_REVIEW_REQUIRED""]"
"cand-6a831290-1c31-5915-9b1a-b271f7cb5137","ex-1c9d2709-b5ba-5a5c-a575-0c6b3d50a8b8","3","2","[""ANSWER_MISSING"",""CHOICES_REQUIRED"",""SOLUTION_MISSING"",""PAU_MODALITY_UNDECLARED"",""SOLUTION_REVIEW_REQUIRED""]"
"cand-60a21b46-cf54-5f38-bf16-15305d8bc615","ex-651be63d-dbce-5099-81de-7c7e36705d54","5","2","[""ANSWER_MISSING"",""MODALITIES_MISSING"",""MODALITY_UNDEMONSTRATED"",""SOLUTION_MISSING"",""UNMAPPED_TOPIC"",""PAU_MODALITY_UNDECLARED"",""SOLUTION_REVIEW_REQUIRED""]"
"cand-8956c127-dfbd-5118-8118-72f7b7d7d9cd","ex-dd048a30-09f2-52c5-bbcb-f55ffaa8a2c1","5","3","[""ANSWER_MISSING"",""MODALITIES_MISSING"",""MODALITY_UNDEMONSTRATED"",""SOLUTION_MISSING"",""UNMAPPED_TOPIC"",""MATH_REPRESENTATION_UNDECLARED"",""PAU_MODALITY_UNDECLARED"",""SOLUTION_REVIEW_REQUIRED""]"
"cand-817535f8-4cfb-5fec-bcae-9af0642f04db","ex-3d0c8ec9-bb04-5518-b42f-b95d3cc3954f","3","2","[""ANSWER_MISSING"",""CHOICES_REQUIRED"",""SOLUTION_MISSING"",""PAU_MODALITY_UNDECLARED"",""SOLUTION_REVIEW_REQUIRED""]"
"cand-75cb59e2-88e9-5db3-93b4-9910fcda9225","ex-234b2c4a-32a4-5255-8ed7-fb42e90d805a","5","2","[""ANSWER_MISSING"",""MODALITIES_MISSING"",""MODALITY_UNDEMONSTRATED"",""SOLUTION_MISSING"",""UNMAPPED_TOPIC"",""PAU_MODALITY_UNDECLARED"",""SOLUTION_REVIEW_REQUIRED""]"
"cand-33bf1179-38e7-5283-9a40-28aefbd73f5d","ex-d4de76c1-73b2-57c7-80ac-50d87d0b47c9","3","2","[""ANSWER_MISSING"",""CHOICES_REQUIRED"",""SOLUTION_MISSING"",""PAU_MODALITY_UNDECLARED"",""SOLUTION_REVIEW_REQUIRED""]"
"cand-6acb6814-531c-5fa5-807f-661980ce416d","ex-2bb3337b-e3d9-52a0-8a99-ce40beb137bf","3","2","[""ANSWER_MISSING"",""CHOICES_REQUIRED"",""SOLUTION_MISSING"",""PAU_MODALITY_UNDECLARED"",""SOLUTION_REVIEW_REQUIRED""]"
"cand-fecce8e1-54dd-5503-9555-01ad3a2b9143","ex-4a55224a-842b-5d54-80da-de49c0743f9e","5","3","[""ANSWER_MISSING"",""MODALITIES_MISSING"",""MODALITY_UNDEMONSTRATED"",""SOLUTION_MISSING"",""UNMAPPED_TOPIC"",""PAU_DETAIL_INCOMPLETE"",""PAU_MODALITY_UNDECLARED"",""SOLUTION_REVIEW_REQUIRED""]"
"cand-08905b39-4c52-597b-99c6-ce96692752e4","ex-272bddda-37d5-5e88-b091-7cab60646551","3","3","[""ANSWER_MISSING"",""CHOICES_REQUIRED"",""SOLUTION_MISSING"",""PAU_DETAIL_INCOMPLETE"",""PAU_MODALITY_UNDECLARED"",""SOLUTION_REVIEW_REQUIRED""]"
"cand-ebf7ae00-c261-5a54-a07a-1431ff635d27","ex-bebcef37-bb12-51a1-8cfb-f02c48621d49","5","2","[""ANSWER_MISSING"",""MODALITIES_MISSING"",""MODALITY_UNDEMONSTRATED"",""SOLUTION_MISSING"",""UNMAPPED_TOPIC"",""PAU_MODALITY_UNDECLARED"",""SOLUTION_REVIEW_REQUIRED""]"
"cand-adfef163-1b57-59f1-bb94-ef1dcd14d7cf","ex-fa69d2e9-395c-50e2-987f-bb4a7890f7fa","5","2","[""ANSWER_MISSING"",""MODALITIES_MISSING"",""MODALITY_UNDEMONSTRATED"",""SOLUTION_MISSING"",""UNMAPPED_TOPIC"",""PAU_MODALITY_UNDECLARED"",""SOLUTION_REVIEW_REQUIRED""]"
"cand-ec056cf5-5d52-51bb-ab16-d02774bdcdda","ex-675fb419-21e0-5a09-9827-fbfa203af21a","3","2","[""ANSWER_MISSING"",""CHOICES_REQUIRED"",""SOLUTION_MISSING"",""PAU_MODALITY_UNDECLARED"",""SOLUTION_REVIEW_REQUIRED""]"
"cand-9520d27e-63fb-56d7-a780-d335942fcbcf","ex-28ecf1a9-14ba-5c14-95ca-5b6f7f340f22","5","2","[""ANSWER_MISSING"",""MODALITIES_MISSING"",""MODALITY_UNDEMONSTRATED"",""SOLUTION_MISSING"",""UNMAPPED_TOPIC"",""PAU_MODALITY_UNDECLARED"",""SOLUTION_REVIEW_REQUIRED""]"
"cand-1482ee44-8d8a-5cac-9901-f646020f844f","ex-11d9037c-3476-54c7-ba81-86b4a553bd06","3","2","[""ANSWER_MISSING"",""CHOICES_REQUIRED"",""SOLUTION_MISSING"",""PAU_MODALITY_UNDECLARED"",""SOLUTION_REVIEW_REQUIRED""]"
"cand-5aab1b1a-3a94-5f41-8e3d-bc812c6868d3","ex-9ffb44a7-bb88-5dc5-96d9-3e80e00bd7de","3","2","[""ANSWER_MISSING"",""CHOICES_REQUIRED"",""SOLUTION_MISSING"",""PAU_MODALITY_UNDECLARED"",""SOLUTION_REVIEW_REQUIRED""]"
"cand-8529bd5a-2443-5d6e-ac49-5b4211382f85","ex-21087239-540d-5ab2-a918-365e45f8dcba","5","2","[""ANSWER_MISSING"",""MODALITIES_MISSING"",""MODALITY_UNDEMONSTRATED"",""SOLUTION_MISSING"",""UNMAPPED_TOPIC"",""PAU_MODALITY_UNDECLARED"",""SOLUTION_REVIEW_REQUIRED""]"
"cand-5f7ec7c4-22fe-5f8b-8a2c-289f86de6946","ex-eda9a61b-a22c-529a-9862-2d29a50e75c3","5","4","[""ANSWER_MISSING"",""MODALITIES_MISSING"",""MODALITY_UNDEMONSTRATED"",""SOLUTION_MISSING"",""UNMAPPED_TOPIC"",""MATH_REPRESENTATION_UNDECLARED"",""PAU_DETAIL_INCOMPLETE"",""PAU_MODALITY_UNDECLARED"",""SOLUTION_REVIEW_REQUIRED""]"
"cand-7d569397-dbbb-5cde-9c8d-c806ddae7ca6","ex-ddfa80c8-90d9-5e45-a6a4-c8645b89f4fb","3","3","[""ANSWER_MISSING"",""CHOICES_REQUIRED"",""SOLUTION_MISSING"",""PAU_DETAIL_INCOMPLETE"",""PAU_MODALITY_UNDECLARED"",""SOLUTION_REVIEW_REQUIRED""]"
"cand-dd5dc589-a3f4-567b-be2a-7bcdbf309798","ex-b18015e4-c5d5-58d8-8ddc-25e6308efe73","5","3","[""ANSWER_MISSING"",""MODALITIES_MISSING"",""MODALITY_UNDEMONSTRATED"",""SOLUTION_MISSING"",""UNMAPPED_TOPIC"",""PAU_DETAIL_INCOMPLETE"",""PAU_MODALITY_UNDECLARED"",""SOLUTION_REVIEW_REQUIRED""]"
"cand-fddafef8-89fd-5a7a-a138-b9c685097484","ex-5b045240-3ba8-577d-a269-3db4dc440a46","3","3","[""ANSWER_MISSING"",""CHOICES_REQUIRED"",""SOLUTION_MISSING"",""PAU_DETAIL_INCOMPLETE"",""PAU_MODALITY_UNDECLARED"",""SOLUTION_REVIEW_REQUIRED""]"
"cand-ea972e01-25ac-557b-82b4-0331ea443311","ex-b4e55ea0-9f46-5a0c-8623-28f02228c1a4","5","2","[""ANSWER_MISSING"",""CHOICES_REQUIRED"",""COMMUNITY_UNMAPPED"",""PAU_COMMUNITY_MISSING"",""SOLUTION_MISSING"",""PAU_MODALITY_UNDECLARED"",""SOLUTION_REVIEW_REQUIRED""]"
"cand-22d95189-3df4-5ff5-af6c-30531440f9ae","ex-a900b936-e3d1-558c-a966-6a0eefb4e4f8","5","2","[""ANSWER_MISSING"",""CHOICES_REQUIRED"",""COMMUNITY_UNMAPPED"",""PAU_COMMUNITY_MISSING"",""SOLUTION_MISSING"",""PAU_MODALITY_UNDECLARED"",""SOLUTION_REVIEW_REQUIRED""]"
"cand-4655c551-8a44-53f0-99a1-aaa19043b769","ex-869e50f4-80b9-5835-bade-c5b4846ef0ae","5","2","[""ANSWER_MISSING"",""MODALITIES_MISSING"",""MODALITY_UNDEMONSTRATED"",""SOLUTION_MISSING"",""UNMAPPED_TOPIC"",""PAU_MODALITY_UNDECLARED"",""SOLUTION_REVIEW_REQUIRED""]"
"cand-2e2481f2-1c33-5efd-b4ad-8d655124db10","ex-ac7b6d89-6094-5ad3-b319-4ac2f65e32ac","3","2","[""ANSWER_MISSING"",""CHOICES_REQUIRED"",""SOLUTION_MISSING"",""PAU_MODALITY_UNDECLARED"",""SOLUTION_REVIEW_REQUIRED""]"
"cand-d45f8709-24e9-5e8f-ac17-c79eff274a19","ex-61858e9b-7282-564c-a59e-95d33c076384","5","3","[""ANSWER_MISSING"",""MODALITIES_MISSING"",""MODALITY_UNDEMONSTRATED"",""SOLUTION_MISSING"",""UNMAPPED_TOPIC"",""PAU_DETAIL_INCOMPLETE"",""PAU_MODALITY_UNDECLARED"",""SOLUTION_REVIEW_REQUIRED""]"
"cand-41572c49-59f7-58c4-8ee8-9b764191733b","ex-40b4a0c1-235e-5b5a-8416-0acc1bb77ea8","3","3","[""ANSWER_MISSING"",""CHOICES_REQUIRED"",""SOLUTION_MISSING"",""PAU_DETAIL_INCOMPLETE"",""PAU_MODALITY_UNDECLARED"",""SOLUTION_REVIEW_REQUIRED""]"
"cand-c5a6dbdd-94fb-5cdc-a851-8465f0c341fc","ex-55700fd4-a8a7-53a2-9664-c96c6167cf38","5","2","[""ANSWER_MISSING"",""MODALITIES_MISSING"",""MODALITY_UNDEMONSTRATED"",""SOLUTION_MISSING"",""UNMAPPED_TOPIC"",""PAU_MODALITY_UNDECLARED"",""SOLUTION_REVIEW_REQUIRED""]"
"cand-d1dc9fdc-2c7b-5ec4-aa5f-dbf0e8c8a723","ex-974e7074-061e-5c95-b81b-c77b09506032","3","2","[""ANSWER_MISSING"",""CHOICES_REQUIRED"",""SOLUTION_MISSING"",""PAU_MODALITY_UNDECLARED"",""SOLUTION_REVIEW_REQUIRED""]"
"cand-e36e38b7-6e34-525c-863d-94712bc70457","ex-5b9bc9a5-edfe-5870-a696-be51dd837afe","5","3","[""ANSWER_MISSING"",""MODALITIES_MISSING"",""MODALITY_UNDEMONSTRATED"",""SOLUTION_MISSING"",""UNMAPPED_TOPIC"",""PAU_DETAIL_INCOMPLETE"",""PAU_MODALITY_UNDECLARED"",""SOLUTION_REVIEW_REQUIRED""]"
"cand-53fffd8a-8f74-524e-83d5-d63424c17ad8","ex-991c7168-ba97-51d8-9aa6-b1589388c516","5","2","[""ANSWER_MISSING"",""MODALITIES_MISSING"",""MODALITY_UNDEMONSTRATED"",""SOLUTION_MISSING"",""UNMAPPED_TOPIC"",""PAU_MODALITY_UNDECLARED"",""SOLUTION_REVIEW_REQUIRED""]"
"cand-ba384bb7-d3f8-591f-9e7d-fdcaea0a72bb","ex-f46ccf3c-88f8-537b-a378-d85984f34a46","5","2","[""ANSWER_MISSING"",""MODALITIES_MISSING"",""MODALITY_UNDEMONSTRATED"",""SOLUTION_MISSING"",""UNMAPPED_TOPIC"",""PAU_MODALITY_UNDECLARED"",""SOLUTION_REVIEW_REQUIRED""]"
"cand-73a9b44a-3e62-5798-ba01-4b66065db3c9","ex-cd65ac8e-e120-553a-92af-a7628641f438","5","2","[""ANSWER_MISSING"",""MODALITIES_MISSING"",""MODALITY_UNDEMONSTRATED"",""SOLUTION_MISSING"",""UNMAPPED_TOPIC"",""PAU_MODALITY_UNDECLARED"",""SOLUTION_REVIEW_REQUIRED""]"
"cand-ecba6f14-449a-52c0-b0d4-43109679169c","ex-c3eb2229-6ea0-5c24-8957-7cb17f22dff5","3","2","[""ANSWER_MISSING"",""CHOICES_REQUIRED"",""SOLUTION_MISSING"",""PAU_MODALITY_UNDECLARED"",""SOLUTION_REVIEW_REQUIRED""]"
"cand-58b58c6b-18cf-51d1-bb68-9d5ae605ee7d","ex-d0df3689-6f4c-55b9-943f-d151e180eabf","5","3","[""ANSWER_MISSING"",""MODALITIES_MISSING"",""MODALITY_UNDEMONSTRATED"",""SOLUTION_MISSING"",""UNMAPPED_TOPIC"",""MATH_REPRESENTATION_UNDECLARED"",""PAU_MODALITY_UNDECLARED"",""SOLUTION_REVIEW_REQUIRED""]"
"cand-63d0a514-cf1d-50e7-b5ac-c9ebf9b0506f","ex-57df1a54-f895-5b70-a024-079ccce7d1e0","3","2","[""ANSWER_MISSING"",""CHOICES_REQUIRED"",""SOLUTION_MISSING"",""PAU_MODALITY_UNDECLARED"",""SOLUTION_REVIEW_REQUIRED""]"
"cand-38683bae-1955-571f-bfce-87d9bd27de67","ex-3f17a4c0-12ce-573e-9bc6-5a03929155a3","3","2","[""ANSWER_MISSING"",""CHOICES_REQUIRED"",""SOLUTION_MISSING"",""PAU_MODALITY_UNDECLARED"",""SOLUTION_REVIEW_REQUIRED""]"
"cand-4152b20b-b9aa-5f6c-bd3c-859c203d7411","ex-65662ff9-bbee-5cf3-b5dd-8d37387a108f","5","3","[""ANSWER_MISSING"",""MODALITIES_MISSING"",""MODALITY_UNDEMONSTRATED"",""SOLUTION_MISSING"",""UNMAPPED_TOPIC"",""PAU_DETAIL_INCOMPLETE"",""PAU_MODALITY_UNDECLARED"",""SOLUTION_REVIEW_REQUIRED""]"
"cand-ae2df8d1-4110-5e84-b9fd-ce69572cd879","ex-24262856-f29f-5d78-8fd8-8975fb9147e8","3","3","[""ANSWER_MISSING"",""CHOICES_REQUIRED"",""SOLUTION_MISSING"",""PAU_DETAIL_INCOMPLETE"",""PAU_MODALITY_UNDECLARED"",""SOLUTION_REVIEW_REQUIRED""]"
"cand-310cb6ef-f477-5941-9a4c-ca807d43e4cd","ex-0e6c1984-b79d-5a03-a3a4-38bfb96b8235","5","4","[""ANSWER_MISSING"",""MODALITIES_MISSING"",""MODALITY_UNDEMONSTRATED"",""SOLUTION_MISSING"",""UNMAPPED_TOPIC"",""MATH_REPRESENTATION_UNDECLARED"",""PAU_DETAIL_INCOMPLETE"",""PAU_MODALITY_UNDECLARED"",""SOLUTION_REVIEW_REQUIRED""]"
"cand-e1442bd3-ae14-5639-a516-1ff334fa498d","ex-afaa3143-39a8-5123-9cff-2f67e6ad2cff","3","3","[""ANSWER_MISSING"",""CHOICES_REQUIRED"",""SOLUTION_MISSING"",""PAU_DETAIL_INCOMPLETE"",""PAU_MODALITY_UNDECLARED"",""SOLUTION_REVIEW_REQUIRED""]"
"cand-b78ff2dc-8737-5460-8a5a-e06d93ae48a1","ex-4fb7b284-d804-5bfc-8988-15c8d952ab74","5","4","[""ANSWER_MISSING"",""MODALITIES_MISSING"",""MODALITY_UNDEMONSTRATED"",""SOLUTION_MISSING"",""UNMAPPED_TOPIC"",""MATH_REPRESENTATION_UNDECLARED"",""PAU_DETAIL_INCOMPLETE"",""PAU_MODALITY_UNDECLARED"",""SOLUTION_REVIEW_REQUIRED""]"
"cand-3998fe26-97c7-560b-a285-2bfb2345be47","ex-88527eaf-aa97-5471-b1b3-2dacdc6e9b5f","3","3","[""ANSWER_MISSING"",""CHOICES_REQUIRED"",""SOLUTION_MISSING"",""PAU_DETAIL_INCOMPLETE"",""PAU_MODALITY_UNDECLARED"",""SOLUTION_REVIEW_REQUIRED""]"
"cand-61cf38d3-06e9-5500-82f7-e2d929a04806","ex-2f178a95-1e50-5956-a7f7-10aa850e704d","5","3","[""ANSWER_MISSING"",""MODALITIES_MISSING"",""MODALITY_UNDEMONSTRATED"",""SOLUTION_MISSING"",""UNMAPPED_TOPIC"",""PAU_DETAIL_INCOMPLETE"",""PAU_MODALITY_UNDECLARED"",""SOLUTION_REVIEW_REQUIRED""]"
"cand-095974ba-3b94-58a7-bec0-ba8fbfaff469","ex-29f6d78a-7f95-5985-8ead-74d71e759a38","3","3","[""ANSWER_MISSING"",""CHOICES_REQUIRED"",""SOLUTION_MISSING"",""PAU_DETAIL_INCOMPLETE"",""PAU_MODALITY_UNDECLARED"",""SOLUTION_REVIEW_REQUIRED""]"
"cand-81598dee-6ec0-5c5e-b6c5-a951296d62e5","ex-62a73c1e-35ba-59c6-8a93-8609f9869a57","5","3","[""ANSWER_MISSING"",""MODALITIES_MISSING"",""MODALITY_UNDEMONSTRATED"",""SOLUTION_MISSING"",""UNMAPPED_TOPIC"",""PAU_DETAIL_INCOMPLETE"",""PAU_MODALITY_UNDECLARED"",""SOLUTION_REVIEW_REQUIRED""]"
"cand-3e5bd3e1-0447-5548-8463-a182c2629532","ex-a9a70fec-4bf1-587e-b46f-81b447dcde7a","3","3","[""ANSWER_MISSING"",""CHOICES_REQUIRED"",""SOLUTION_MISSING"",""PAU_DETAIL_INCOMPLETE"",""PAU_MODALITY_UNDECLARED"",""SOLUTION_REVIEW_REQUIRED""]"
"cand-48fd3f74-7806-509f-ba2e-ee4a3404a5ef","ex-5ecfac6a-2eed-5dfe-89a6-51f180fc724f","5","2","[""ANSWER_MISSING"",""MODALITIES_MISSING"",""MODALITY_UNDEMONSTRATED"",""SOLUTION_MISSING"",""UNMAPPED_TOPIC"",""PAU_MODALITY_UNDECLARED"",""SOLUTION_REVIEW_REQUIRED""]"
"cand-295395b7-e92f-506b-b85f-c867e45dc170","ex-5e8db2b8-972a-50c7-8c48-e0585bec8909","7","2","[""ANSWER_MISSING"",""COMMUNITY_UNMAPPED"",""MODALITIES_MISSING"",""MODALITY_UNDEMONSTRATED"",""PAU_COMMUNITY_MISSING"",""SOLUTION_MISSING"",""UNMAPPED_TOPIC"",""PAU_MODALITY_UNDECLARED"",""SOLUTION_REVIEW_REQUIRED""]"
"cand-9c8b37a3-e20f-5e7e-8c86-b8aea0c847f2","ex-14930d0f-4fb4-5bd2-9db0-0247b8fe72ca","3","2","[""ANSWER_MISSING"",""CHOICES_REQUIRED"",""SOLUTION_MISSING"",""PAU_MODALITY_UNDECLARED"",""SOLUTION_REVIEW_REQUIRED""]"
"cand-aa427c11-ef20-5924-b446-b43dc52c9aff","ex-dc55a0aa-c044-5e83-86fe-9bd5470b959c","5","3","[""ANSWER_MISSING"",""MODALITIES_MISSING"",""MODALITY_UNDEMONSTRATED"",""SOLUTION_MISSING"",""UNMAPPED_TOPIC"",""MATH_REPRESENTATION_UNDECLARED"",""PAU_MODALITY_UNDECLARED"",""SOLUTION_REVIEW_REQUIRED""]"
"cand-762b2304-c552-5827-ba0b-5acbdc111df5","ex-cd049093-0997-565a-b684-ebb099a9465b","7","3","[""ANSWER_MISSING"",""COMMUNITY_UNMAPPED"",""MODALITIES_MISSING"",""MODALITY_UNDEMONSTRATED"",""PAU_COMMUNITY_MISSING"",""SOLUTION_MISSING"",""UNMAPPED_TOPIC"",""MATH_REPRESENTATION_UNDECLARED"",""PAU_MODALITY_UNDECLARED"",""SOLUTION_REVIEW_REQUIRED""]"
"cand-4f363d94-48c6-5a74-8f9d-e85034c1804f","ex-d2412c59-08bb-553f-a57c-08bee753f25a","7","3","[""ANSWER_MISSING"",""COMMUNITY_UNMAPPED"",""MODALITIES_MISSING"",""MODALITY_UNDEMONSTRATED"",""PAU_COMMUNITY_MISSING"",""SOLUTION_MISSING"",""UNMAPPED_TOPIC"",""MATH_REPRESENTATION_UNDECLARED"",""PAU_MODALITY_UNDECLARED"",""SOLUTION_REVIEW_REQUIRED""]"
"cand-737a8710-43ca-57e0-adc4-51ed81db9196","ex-ff9d07d9-c695-5f97-bfbb-c82c92d0acee","3","2","[""ANSWER_MISSING"",""CHOICES_REQUIRED"",""SOLUTION_MISSING"",""PAU_MODALITY_UNDECLARED"",""SOLUTION_REVIEW_REQUIRED""]"
"cand-69b7d98e-be87-5b2e-9bd8-a964b9c650d9","ex-cf0c074c-7a92-583a-a94b-2b79abca8180","7","2","[""ANSWER_MISSING"",""COMMUNITY_UNMAPPED"",""MODALITIES_MISSING"",""MODALITY_UNDEMONSTRATED"",""PAU_COMMUNITY_MISSING"",""SOLUTION_MISSING"",""UNMAPPED_TOPIC"",""PAU_MODALITY_UNDECLARED"",""SOLUTION_REVIEW_REQUIRED""]"
"cand-eb2f08c2-ab23-5021-9870-5017996a4765","ex-2313fa31-e74a-51a9-b342-f62086005ea5","3","2","[""ANSWER_MISSING"",""CHOICES_REQUIRED"",""SOLUTION_MISSING"",""PAU_MODALITY_UNDECLARED"",""SOLUTION_REVIEW_REQUIRED""]"
"cand-a1d8f434-f84b-5646-ad98-209654d28e1e","ex-264d2fd6-b6ee-5bdd-968b-e200f6ebb431","3","2","[""ANSWER_MISSING"",""CHOICES_REQUIRED"",""SOLUTION_MISSING"",""PAU_MODALITY_UNDECLARED"",""SOLUTION_REVIEW_REQUIRED""]"
"cand-d867168b-1a7d-5aa2-bfec-ea17da08f60a","ex-7ae5d9a8-0bbf-5998-b46b-333adfdaefb3","5","3","[""ANSWER_MISSING"",""MODALITIES_MISSING"",""MODALITY_UNDEMONSTRATED"",""SOLUTION_MISSING"",""UNMAPPED_TOPIC"",""MATH_REPRESENTATION_UNDECLARED"",""PAU_MODALITY_UNDECLARED"",""SOLUTION_REVIEW_REQUIRED""]"
"cand-658628e8-6b78-5946-90f1-878a93c253ea","ex-dad18880-37aa-530f-abea-a659d16b7b17","3","2","[""ANSWER_MISSING"",""CHOICES_REQUIRED"",""SOLUTION_MISSING"",""PAU_MODALITY_UNDECLARED"",""SOLUTION_REVIEW_REQUIRED""]"
"cand-d59d4f4d-9d91-5ce1-a511-af55f1f76cd0","ex-59a86eda-9af9-5e58-abad-56ba24f81e6c","5","3","[""ANSWER_MISSING"",""MODALITIES_MISSING"",""MODALITY_UNDEMONSTRATED"",""SOLUTION_MISSING"",""UNMAPPED_TOPIC"",""PAU_DETAIL_INCOMPLETE"",""PAU_MODALITY_UNDECLARED"",""SOLUTION_REVIEW_REQUIRED""]"
"cand-3296149b-b8ee-5fcb-b4c9-a6cb0dc42d0d","ex-e4b0ca44-e5b8-5640-94d3-960902f6808c","3","3","[""ANSWER_MISSING"",""CHOICES_REQUIRED"",""SOLUTION_MISSING"",""PAU_DETAIL_INCOMPLETE"",""PAU_MODALITY_UNDECLARED"",""SOLUTION_REVIEW_REQUIRED""]"
"cand-7b859703-127d-565c-b1d2-9bb853ddd198","ex-43346f14-e2bd-50fa-b384-fbae4a04ecf2","5","3","[""ANSWER_MISSING"",""MODALITIES_MISSING"",""MODALITY_UNDEMONSTRATED"",""SOLUTION_MISSING"",""UNMAPPED_TOPIC"",""MATH_REPRESENTATION_UNDECLARED"",""PAU_MODALITY_UNDECLARED"",""SOLUTION_REVIEW_REQUIRED""]"
"cand-76bbbe16-6958-5c53-b2a2-af150c30ce22","ex-a457f362-5252-559c-8a29-7fb69da0fb93","3","2","[""ANSWER_MISSING"",""CHOICES_REQUIRED"",""SOLUTION_MISSING"",""PAU_MODALITY_UNDECLARED"",""SOLUTION_REVIEW_REQUIRED""]"
"cand-3618967c-c01b-525d-9f6e-c00ccbc04bd9","ex-7e034cc9-27a6-5aad-9599-37471c95c8e1","5","3","[""ANSWER_MISSING"",""MODALITIES_MISSING"",""MODALITY_UNDEMONSTRATED"",""SOLUTION_MISSING"",""UNMAPPED_TOPIC"",""MATH_REPRESENTATION_UNDECLARED"",""PAU_MODALITY_UNDECLARED"",""SOLUTION_REVIEW_REQUIRED""]"
"cand-6c03f8b8-ca65-53a1-b0b4-8dcd765961cf","ex-15ffde66-e374-5a7c-8878-919382b7ec21","3","2","[""ANSWER_MISSING"",""CHOICES_REQUIRED"",""SOLUTION_MISSING"",""PAU_MODALITY_UNDECLARED"",""SOLUTION_REVIEW_REQUIRED""]"
"cand-05b23213-9b32-5b09-8d09-f6e3004e2681","ex-a58528d9-c3a8-5b65-a7d2-afbcaa9f7d05","5","3","[""ANSWER_MISSING"",""MODALITIES_MISSING"",""MODALITY_UNDEMONSTRATED"",""SOLUTION_MISSING"",""UNMAPPED_TOPIC"",""MATH_REPRESENTATION_UNDECLARED"",""PAU_MODALITY_UNDECLARED"",""SOLUTION_REVIEW_REQUIRED""]"
"cand-5d39e7b7-8beb-549a-83cb-414d1e3481d7","ex-8e9cf720-c465-57ad-baf2-15d993d93ce1","3","2","[""ANSWER_MISSING"",""CHOICES_REQUIRED"",""SOLUTION_MISSING"",""PAU_MODALITY_UNDECLARED"",""SOLUTION_REVIEW_REQUIRED""]"
"cand-f0065379-4716-54f9-ab65-1ce8dc5cbc0a","ex-773cf6be-230d-526d-9c53-7413314f8897","5","3","[""ANSWER_MISSING"",""MODALITIES_MISSING"",""MODALITY_UNDEMONSTRATED"",""SOLUTION_MISSING"",""UNMAPPED_TOPIC"",""PAU_DETAIL_INCOMPLETE"",""PAU_MODALITY_UNDECLARED"",""SOLUTION_REVIEW_REQUIRED""]"
"cand-90c67cf8-5439-508a-abc4-88fc08b6b6e7","ex-27df4f7d-2dc5-5701-8fe0-f196697b8b66","3","3","[""ANSWER_MISSING"",""CHOICES_REQUIRED"",""SOLUTION_MISSING"",""PAU_DETAIL_INCOMPLETE"",""PAU_MODALITY_UNDECLARED"",""SOLUTION_REVIEW_REQUIRED""]"
"cand-cce2115f-60a1-50b8-9793-80d9834f6111","ex-a392dc70-d129-519e-ae16-aa3a8f860789","5","4","[""ANSWER_MISSING"",""MODALITIES_MISSING"",""MODALITY_UNDEMONSTRATED"",""SOLUTION_MISSING"",""UNMAPPED_TOPIC"",""MATH_REPRESENTATION_UNDECLARED"",""PAU_DETAIL_INCOMPLETE"",""PAU_MODALITY_UNDECLARED"",""SOLUTION_REVIEW_REQUIRED""]"
"cand-fc7248a8-afd7-5175-9eff-470fd651b2b7","ex-6848fcd5-399b-5684-a714-049823e85626","3","3","[""ANSWER_MISSING"",""CHOICES_REQUIRED"",""SOLUTION_MISSING"",""PAU_DETAIL_INCOMPLETE"",""PAU_MODALITY_UNDECLARED"",""SOLUTION_REVIEW_REQUIRED""]"
"cand-d3152586-2c9e-51ee-a60d-f2db00dc024b","ex-a1722a24-2509-5536-95fa-098d52583ec8","5","3","[""ANSWER_MISSING"",""MODALITIES_MISSING"",""MODALITY_UNDEMONSTRATED"",""SOLUTION_MISSING"",""UNMAPPED_TOPIC"",""PAU_DETAIL_INCOMPLETE"",""PAU_MODALITY_UNDECLARED"",""SOLUTION_REVIEW_REQUIRED""]"
"cand-cd38dbe4-90fe-506a-a3e2-51768ee19024","ex-ed147c9c-9889-5731-92e2-4028a57e6de0","3","3","[""ANSWER_MISSING"",""CHOICES_REQUIRED"",""SOLUTION_MISSING"",""PAU_DETAIL_INCOMPLETE"",""PAU_MODALITY_UNDECLARED"",""SOLUTION_REVIEW_REQUIRED""]"
"cand-4eb1334e-1383-5bb8-9995-710365c88cf7","ex-308cb9f6-96f7-5724-9b14-db5ef7c0c784","5","3","[""ANSWER_MISSING"",""MODALITIES_MISSING"",""MODALITY_UNDEMONSTRATED"",""SOLUTION_MISSING"",""UNMAPPED_TOPIC"",""PAU_DETAIL_INCOMPLETE"",""PAU_MODALITY_UNDECLARED"",""SOLUTION_REVIEW_REQUIRED""]"
"cand-3a7b053c-cb41-526b-8972-012a7d7fc361","ex-3d5bcc9c-bfcf-5f15-b7af-27ec6223373b","5","3","[""ANSWER_MISSING"",""MODALITIES_MISSING"",""MODALITY_UNDEMONSTRATED"",""SOLUTION_MISSING"",""UNMAPPED_TOPIC"",""PAU_DETAIL_INCOMPLETE"",""PAU_MODALITY_UNDECLARED"",""SOLUTION_REVIEW_REQUIRED""]"
"cand-0c1b918b-c147-57ae-828f-03907edbfc6b","ex-ac088ab4-007c-57a1-9bca-6ae50a308c9c","3","3","[""ANSWER_MISSING"",""CHOICES_REQUIRED"",""SOLUTION_MISSING"",""PAU_DETAIL_INCOMPLETE"",""PAU_MODALITY_UNDECLARED"",""SOLUTION_REVIEW_REQUIRED""]"
"cand-af24625a-b7d2-5b4e-b165-c824c0805652","ex-aa70e6b0-1d67-56b6-a66f-d0493b607424","5","2","[""ANSWER_MISSING"",""MODALITIES_MISSING"",""MODALITY_UNDEMONSTRATED"",""SOLUTION_MISSING"",""UNMAPPED_TOPIC"",""PAU_MODALITY_UNDECLARED"",""SOLUTION_REVIEW_REQUIRED""]"
"cand-dd9f9dd7-95b5-5e04-8572-549a21e0343d","ex-07981e2c-ffda-53cf-8620-3278fc66ce81","3","2","[""ANSWER_MISSING"",""CHOICES_REQUIRED"",""SOLUTION_MISSING"",""PAU_MODALITY_UNDECLARED"",""SOLUTION_REVIEW_REQUIRED""]"
"cand-abde68ac-0f6c-51f8-bc3e-feabc578b48c","ex-ee5c4343-d3d8-526a-8dfd-6486ddcdf019","5","3","[""ANSWER_MISSING"",""MODALITIES_MISSING"",""MODALITY_UNDEMONSTRATED"",""SOLUTION_MISSING"",""UNMAPPED_TOPIC"",""MATH_REPRESENTATION_UNDECLARED"",""PAU_MODALITY_UNDECLARED"",""SOLUTION_REVIEW_REQUIRED""]"
"cand-bd4acb27-4082-5585-9fbe-537c5b89a702","ex-a4492af2-e95c-5b24-a608-d34e47581347","3","2","[""ANSWER_MISSING"",""CHOICES_REQUIRED"",""SOLUTION_MISSING"",""PAU_MODALITY_UNDECLARED"",""SOLUTION_REVIEW_REQUIRED""]"
"cand-6629e29c-44b7-5ef4-9108-42a63f884828","ex-f42c286a-5ea4-5c0e-aa9a-4c666df6a2e1","5","3","[""ANSWER_MISSING"",""MODALITIES_MISSING"",""MODALITY_UNDEMONSTRATED"",""SOLUTION_MISSING"",""UNMAPPED_TOPIC"",""MATH_REPRESENTATION_UNDECLARED"",""PAU_MODALITY_UNDECLARED"",""SOLUTION_REVIEW_REQUIRED""]"
"cand-8d11de31-a636-5f21-8d23-02728c4c648a","ex-b98ab76a-091b-5300-a694-44e2f4fc2b49","3","2","[""ANSWER_MISSING"",""CHOICES_REQUIRED"",""SOLUTION_MISSING"",""PAU_MODALITY_UNDECLARED"",""SOLUTION_REVIEW_REQUIRED""]"
"cand-d7e38607-4788-53e8-aa37-5a518a042395","ex-161e0d9c-b188-5528-add6-8f768c526901","5","2","[""ANSWER_MISSING"",""MODALITIES_MISSING"",""MODALITY_UNDEMONSTRATED"",""SOLUTION_MISSING"",""UNMAPPED_TOPIC"",""PAU_MODALITY_UNDECLARED"",""SOLUTION_REVIEW_REQUIRED""]"
"cand-06b89289-3fe8-56d4-894e-5f5115f54d75","ex-8a39b2f6-ee6e-56f1-bc12-0083d584ad37","3","2","[""ANSWER_MISSING"",""CHOICES_REQUIRED"",""SOLUTION_MISSING"",""PAU_MODALITY_UNDECLARED"",""SOLUTION_REVIEW_REQUIRED""]"
"cand-b44155e7-10a9-51b8-bb85-6eb23bd560e4","ex-bc8414b3-d65b-5c10-b6d7-5c96537678f7","5","2","[""ANSWER_MISSING"",""MODALITIES_MISSING"",""MODALITY_UNDEMONSTRATED"",""SOLUTION_MISSING"",""UNMAPPED_TOPIC"",""PAU_MODALITY_UNDECLARED"",""SOLUTION_REVIEW_REQUIRED""]"
"cand-96893b70-c97f-550a-aa45-8eb4b57afcae","ex-73b6b5c2-478f-5496-891b-108b3ea8b0aa","7","2","[""ANSWER_MISSING"",""COMMUNITY_UNMAPPED"",""MODALITIES_MISSING"",""MODALITY_UNDEMONSTRATED"",""PAU_COMMUNITY_MISSING"",""SOLUTION_MISSING"",""UNMAPPED_TOPIC"",""PAU_MODALITY_UNDECLARED"",""SOLUTION_REVIEW_REQUIRED""]"
"cand-be2c03b8-d29c-5f14-9d2e-5a27745819ed","ex-c0896bae-4128-5e17-b986-04f9ebcc138a","3","2","[""ANSWER_MISSING"",""CHOICES_REQUIRED"",""SOLUTION_MISSING"",""PAU_MODALITY_UNDECLARED"",""SOLUTION_REVIEW_REQUIRED""]"
"cand-9b7ac0f5-b37f-5cca-9f0e-4ae3f9ebce61","ex-e5694d87-851a-597e-a00c-c19dd847d547","7","3","[""ANSWER_MISSING"",""COMMUNITY_UNMAPPED"",""MODALITIES_MISSING"",""MODALITY_UNDEMONSTRATED"",""PAU_COMMUNITY_MISSING"",""SOLUTION_MISSING"",""UNMAPPED_TOPIC"",""MATH_REPRESENTATION_UNDECLARED"",""PAU_MODALITY_UNDECLARED"",""SOLUTION_REVIEW_REQUIRED""]"
"cand-fac9fa8e-354a-513e-a1a2-56967e9d5f09","ex-7159f547-e7c8-5e3a-a5bf-26a057f7c6bb","3","2","[""ANSWER_MISSING"",""CHOICES_REQUIRED"",""SOLUTION_MISSING"",""PAU_MODALITY_UNDECLARED"",""SOLUTION_REVIEW_REQUIRED""]"
"cand-ea9bad26-b09d-5a43-85ce-7613245649b3","ex-53326945-5962-552a-9c28-79b64a77c939","7","2","[""ANSWER_MISSING"",""COMMUNITY_UNMAPPED"",""MODALITIES_MISSING"",""MODALITY_UNDEMONSTRATED"",""PAU_COMMUNITY_MISSING"",""SOLUTION_MISSING"",""UNMAPPED_TOPIC"",""PAU_MODALITY_UNDECLARED"",""SOLUTION_REVIEW_REQUIRED""]"
"cand-f1745171-4210-5eac-9fcf-5bd7bf611dfc","ex-7453cf5f-7810-53ec-ba97-c178c709e328","3","2","[""ANSWER_MISSING"",""CHOICES_REQUIRED"",""SOLUTION_MISSING"",""PAU_MODALITY_UNDECLARED"",""SOLUTION_REVIEW_REQUIRED""]"
"cand-a95455f0-08d0-55b3-a482-d951ef2895bf","ex-8a22989c-fe21-59a3-b0a2-c7c7662ce889","3","2","[""ANSWER_MISSING"",""CHOICES_REQUIRED"",""SOLUTION_MISSING"",""PAU_MODALITY_UNDECLARED"",""SOLUTION_REVIEW_REQUIRED""]"
"cand-11d65208-8f84-5eca-a26a-62fb9b9e05d0","ex-77ef658b-cf80-5aaf-8d09-e36492b4c4b9","3","2","[""ANSWER_MISSING"",""CHOICES_REQUIRED"",""SOLUTION_MISSING"",""PAU_MODALITY_UNDECLARED"",""SOLUTION_REVIEW_REQUIRED""]"
"cand-28b1f54d-90fe-5033-bec5-c6c8c92aa9ee","ex-44993a86-7098-5072-8bf9-fb4e4cdeabe0","5","4","[""ANSWER_MISSING"",""MODALITIES_MISSING"",""MODALITY_UNDEMONSTRATED"",""SOLUTION_MISSING"",""UNMAPPED_TOPIC"",""MATH_REPRESENTATION_UNDECLARED"",""PAU_DETAIL_INCOMPLETE"",""PAU_MODALITY_UNDECLARED"",""SOLUTION_REVIEW_REQUIRED""]"
"cand-dca90080-2e01-5d66-9272-e5659a72f797","ex-ce6d7145-d2f9-50be-94c3-704a702b04aa","3","3","[""ANSWER_MISSING"",""CHOICES_REQUIRED"",""SOLUTION_MISSING"",""PAU_DETAIL_INCOMPLETE"",""PAU_MODALITY_UNDECLARED"",""SOLUTION_REVIEW_REQUIRED""]"
"cand-5ec0e4a5-f9f5-5251-af8d-f06348c540bb","ex-ded7187d-f1d0-52df-a883-f1541005c6c6","5","3","[""ANSWER_MISSING"",""MODALITIES_MISSING"",""MODALITY_UNDEMONSTRATED"",""SOLUTION_MISSING"",""UNMAPPED_TOPIC"",""PAU_DETAIL_INCOMPLETE"",""PAU_MODALITY_UNDECLARED"",""SOLUTION_REVIEW_REQUIRED""]"
"cand-5fcf1ddc-5cfb-5ebe-a1cf-44fcac893d54","ex-8b72b302-a259-5a65-96cf-18f6ebc45f67","5","4","[""ANSWER_MISSING"",""MODALITIES_MISSING"",""MODALITY_UNDEMONSTRATED"",""SOLUTION_MISSING"",""UNMAPPED_TOPIC"",""MATH_REPRESENTATION_UNDECLARED"",""PAU_DETAIL_INCOMPLETE"",""PAU_MODALITY_UNDECLARED"",""SOLUTION_REVIEW_REQUIRED""]"
"cand-0bcceaf0-d91d-5068-b81c-9be7750e1f61","ex-6cfdeb87-43d1-5b79-8c52-54f1d5c05a7a","7","4","[""ANSWER_MISSING"",""COMMUNITY_UNMAPPED"",""MODALITIES_MISSING"",""MODALITY_UNDEMONSTRATED"",""PAU_COMMUNITY_MISSING"",""SOLUTION_MISSING"",""UNMAPPED_TOPIC"",""MATH_REPRESENTATION_UNDECLARED"",""PAU_DETAIL_INCOMPLETE"",""PAU_MODALITY_UNDECLARED"",""SOLUTION_REVIEW_REQUIRED""]"
"cand-412555b4-7d88-5592-8e28-d8c42429968f","ex-40974b89-db40-55df-a6df-0ad50896943e","3","3","[""ANSWER_MISSING"",""CHOICES_REQUIRED"",""SOLUTION_MISSING"",""PAU_DETAIL_INCOMPLETE"",""PAU_MODALITY_UNDECLARED"",""SOLUTION_REVIEW_REQUIRED""]"
"cand-154bd802-66b1-55ce-b0a4-47cd112bef6f","ex-085daec7-f65f-5456-9e8c-50a3a1100e73","3","3","[""ANSWER_MISSING"",""CHOICES_REQUIRED"",""SOLUTION_MISSING"",""PAU_DETAIL_INCOMPLETE"",""PAU_MODALITY_UNDECLARED"",""SOLUTION_REVIEW_REQUIRED""]"
"cand-44fae4dc-1699-5c30-a16a-50fbe340f34c","ex-cb25ebe6-7280-5370-9e3b-5f4903e53c31","5","2","[""ANSWER_MISSING"",""MODALITIES_MISSING"",""MODALITY_UNDEMONSTRATED"",""SOLUTION_MISSING"",""UNMAPPED_TOPIC"",""PAU_MODALITY_UNDECLARED"",""SOLUTION_REVIEW_REQUIRED""]"
"cand-1191ca59-5119-5246-8206-8ff525d152d4","ex-716ff651-ab77-5362-89c7-fb14e2c68424","5","3","[""ANSWER_MISSING"",""MODALITIES_MISSING"",""MODALITY_UNDEMONSTRATED"",""SOLUTION_MISSING"",""UNMAPPED_TOPIC"",""MATH_REPRESENTATION_UNDECLARED"",""PAU_MODALITY_UNDECLARED"",""SOLUTION_REVIEW_REQUIRED""]"
"cand-aeea149d-fb46-5f71-bfa0-fc5b132d954b","ex-5f1a5af3-00d5-5f0b-aa6c-d7b236c32544","3","2","[""ANSWER_MISSING"",""CHOICES_REQUIRED"",""SOLUTION_MISSING"",""PAU_MODALITY_UNDECLARED"",""SOLUTION_REVIEW_REQUIRED""]"
"cand-3f6a62ac-c2f4-5bdd-9bae-2efec6e58ac1","ex-fb30b5e5-1577-523c-95de-bbb1313b2a64","5","3","[""ANSWER_MISSING"",""MODALITIES_MISSING"",""MODALITY_UNDEMONSTRATED"",""SOLUTION_MISSING"",""UNMAPPED_TOPIC"",""MATH_REPRESENTATION_UNDECLARED"",""PAU_MODALITY_UNDECLARED"",""SOLUTION_REVIEW_REQUIRED""]"
"cand-d5b9a041-80bc-5de7-8ac0-187f52ca5faf","ex-29153969-4e02-5dfe-94df-c235234c56b5","5","2","[""ANSWER_MISSING"",""MODALITIES_MISSING"",""MODALITY_UNDEMONSTRATED"",""SOLUTION_MISSING"",""UNMAPPED_TOPIC"",""PAU_MODALITY_UNDECLARED"",""SOLUTION_REVIEW_REQUIRED""]"
"cand-d0ee663a-289c-586f-9a42-7bcbf7e57bbc","ex-677bf329-2803-5c27-bbf2-8dff5fd8bc31","3","2","[""ANSWER_MISSING"",""CHOICES_REQUIRED"",""SOLUTION_MISSING"",""PAU_MODALITY_UNDECLARED"",""SOLUTION_REVIEW_REQUIRED""]"
"cand-0cbd6946-c183-5a67-968f-9adb653e8716","ex-f03542c7-4002-50e9-9790-5ad7eb716c3a","3","2","[""ANSWER_MISSING"",""CHOICES_REQUIRED"",""SOLUTION_MISSING"",""PAU_MODALITY_UNDECLARED"",""SOLUTION_REVIEW_REQUIRED""]"
"cand-31a96a08-0654-5362-a629-86d030511805","ex-fba7a316-8500-5b37-80b4-44bbcff3c147","5","3","[""ANSWER_MISSING"",""MODALITIES_MISSING"",""MODALITY_UNDEMONSTRATED"",""SOLUTION_MISSING"",""UNMAPPED_TOPIC"",""PAU_DETAIL_INCOMPLETE"",""PAU_MODALITY_UNDECLARED"",""SOLUTION_REVIEW_REQUIRED""]"
"cand-b27c9ea5-3387-5ab0-aba5-6b4bfa9ef0f0","ex-a5182e16-ac39-56c4-b64a-c80497630bb0","5","3","[""ANSWER_MISSING"",""MODALITIES_MISSING"",""MODALITY_UNDEMONSTRATED"",""SOLUTION_MISSING"",""UNMAPPED_TOPIC"",""MATH_REPRESENTATION_UNDECLARED"",""PAU_MODALITY_UNDECLARED"",""SOLUTION_REVIEW_REQUIRED""]"
"cand-8ed0b49f-c1d1-561c-a092-d51c6db19a6d","ex-d0f8b16f-1b09-59d3-88b8-cdbf1ea07a0e","3","2","[""ANSWER_MISSING"",""CHOICES_REQUIRED"",""SOLUTION_MISSING"",""PAU_MODALITY_UNDECLARED"",""SOLUTION_REVIEW_REQUIRED""]"
"cand-efaf4f79-5757-5807-8fd6-4509b8d13c60","ex-1f7ea91c-4124-588f-b035-48bff0634788","5","4","[""ANSWER_MISSING"",""MODALITIES_MISSING"",""MODALITY_UNDEMONSTRATED"",""SOLUTION_MISSING"",""UNMAPPED_TOPIC"",""MATH_REPRESENTATION_UNDECLARED"",""PAU_MODALITY_UNDECLARED"",""SOLUTION_REVIEW_REQUIRED"",""STATEMENT_VARIANTS""]"
"cand-50fc3ff1-8b64-513f-8a4e-cf628bfe9370","ex-7296e16a-0eb8-5158-b68a-a07b87866370","7","2","[""ANSWER_MISSING"",""COMMUNITY_UNMAPPED"",""MODALITIES_MISSING"",""MODALITY_UNDEMONSTRATED"",""PAU_COMMUNITY_MISSING"",""SOLUTION_MISSING"",""UNMAPPED_TOPIC"",""PAU_MODALITY_UNDECLARED"",""SOLUTION_REVIEW_REQUIRED""]"
"cand-118e40e3-5ece-51b3-a87d-62bbd07a8105","ex-411efce6-88a7-536a-aed0-877881e47048","3","2","[""ANSWER_MISSING"",""CHOICES_REQUIRED"",""SOLUTION_MISSING"",""PAU_MODALITY_UNDECLARED"",""SOLUTION_REVIEW_REQUIRED""]"
"cand-a4434343-3f88-51fc-9319-d39e7c039e8e","ex-af2242f7-3f73-5fa4-a1aa-12a849a42b3b","3","2","[""ANSWER_MISSING"",""CHOICES_REQUIRED"",""SOLUTION_MISSING"",""PAU_MODALITY_UNDECLARED"",""SOLUTION_REVIEW_REQUIRED""]"
"cand-bff8b23e-a037-5179-a6d4-515125eb8c02","ex-19f797b6-266a-5d31-95c8-222f57453bc3","5","3","[""ANSWER_MISSING"",""MODALITIES_MISSING"",""MODALITY_UNDEMONSTRATED"",""SOLUTION_MISSING"",""UNMAPPED_TOPIC"",""PAU_DETAIL_INCOMPLETE"",""PAU_MODALITY_UNDECLARED"",""SOLUTION_REVIEW_REQUIRED""]"
"cand-e2b2efe0-500b-565f-8e80-65ad9e12d7d0","ex-36f69150-9cd3-5db8-9282-493e6be0bb2a","7","3","[""ANSWER_MISSING"",""COMMUNITY_UNMAPPED"",""MODALITIES_MISSING"",""MODALITY_UNDEMONSTRATED"",""PAU_COMMUNITY_MISSING"",""SOLUTION_MISSING"",""UNMAPPED_TOPIC"",""PAU_DETAIL_INCOMPLETE"",""PAU_MODALITY_UNDECLARED"",""SOLUTION_REVIEW_REQUIRED""]"
"cand-72a16940-08f9-5873-afe6-1e73c2b74649","ex-a12ed8e2-22d6-5bdd-9b0b-abc7c715b121","3","3","[""ANSWER_MISSING"",""CHOICES_REQUIRED"",""SOLUTION_MISSING"",""PAU_DETAIL_INCOMPLETE"",""PAU_MODALITY_UNDECLARED"",""SOLUTION_REVIEW_REQUIRED""]"
"cand-3cce62d9-2683-559a-83f3-b14bf6b0eb35","ex-ed02ffc7-cda6-5f56-905f-6663d0b04133","3","3","[""ANSWER_MISSING"",""CHOICES_REQUIRED"",""SOLUTION_MISSING"",""PAU_DETAIL_INCOMPLETE"",""PAU_MODALITY_UNDECLARED"",""SOLUTION_REVIEW_REQUIRED""]"
"cand-92861ced-c192-57bd-aaf6-f03f3988eed8","ex-1d02e406-026e-5779-9ba1-251954d9da44","5","3","[""ANSWER_MISSING"",""MODALITIES_MISSING"",""MODALITY_UNDEMONSTRATED"",""SOLUTION_MISSING"",""UNMAPPED_TOPIC"",""PAU_DETAIL_INCOMPLETE"",""PAU_MODALITY_UNDECLARED"",""SOLUTION_REVIEW_REQUIRED""]"
"cand-a9ebe87a-b13b-590b-9c25-4ea00df89524","ex-54f3a0bc-0f7a-5937-861d-f0b5a41a9072","3","3","[""ANSWER_MISSING"",""CHOICES_REQUIRED"",""SOLUTION_MISSING"",""PAU_DETAIL_INCOMPLETE"",""PAU_MODALITY_UNDECLARED"",""SOLUTION_REVIEW_REQUIRED""]"
"cand-ea405034-c38f-5b5f-bb48-c40e5949dce6","ex-104fdbf4-920e-5657-8178-ebf286c83289","5","4","[""ANSWER_MISSING"",""MODALITIES_MISSING"",""MODALITY_UNDEMONSTRATED"",""SOLUTION_MISSING"",""UNMAPPED_TOPIC"",""MATH_REPRESENTATION_UNDECLARED"",""PAU_DETAIL_INCOMPLETE"",""PAU_MODALITY_UNDECLARED"",""SOLUTION_REVIEW_REQUIRED""]"
"cand-67ee5de3-86c4-5452-94f8-c17bf1ace75d","ex-d147fbfc-2b75-507d-a595-e2dd12b450c1","3","3","[""ANSWER_MISSING"",""CHOICES_REQUIRED"",""SOLUTION_MISSING"",""PAU_DETAIL_INCOMPLETE"",""PAU_MODALITY_UNDECLARED"",""SOLUTION_REVIEW_REQUIRED""]"
"cand-530a423b-6a6d-5b5a-8be5-42b4ead78efa","ex-06263e2e-82d2-55be-8827-9f56f54b7fc1","5","2","[""ANSWER_MISSING"",""MODALITIES_MISSING"",""MODALITY_UNDEMONSTRATED"",""SOLUTION_MISSING"",""UNMAPPED_TOPIC"",""PAU_MODALITY_UNDECLARED"",""SOLUTION_REVIEW_REQUIRED""]"
"cand-34cea683-bf59-5569-929d-d68ed84713f5","ex-f26bdf09-6860-5b41-9982-ad7886ffbcb6","7","2","[""ANSWER_MISSING"",""COMMUNITY_UNMAPPED"",""MODALITIES_MISSING"",""MODALITY_UNDEMONSTRATED"",""PAU_COMMUNITY_MISSING"",""SOLUTION_MISSING"",""UNMAPPED_TOPIC"",""PAU_MODALITY_UNDECLARED"",""SOLUTION_REVIEW_REQUIRED""]"
"cand-3d8c84ca-a049-5e8e-9db5-04d332d0ea62","ex-aeca1d2e-ebea-54a9-bc57-8a91195f63dd","3","2","[""ANSWER_MISSING"",""CHOICES_REQUIRED"",""SOLUTION_MISSING"",""PAU_MODALITY_UNDECLARED"",""SOLUTION_REVIEW_REQUIRED""]"
"cand-3cadc6e9-532a-52f5-b4e8-cab00bfdb5b9","ex-cfa22d87-ee43-5e59-bb8d-36ee252f74ad","3","2","[""ANSWER_MISSING"",""CHOICES_REQUIRED"",""SOLUTION_MISSING"",""PAU_MODALITY_UNDECLARED"",""SOLUTION_REVIEW_REQUIRED""]"
"cand-15994be7-6140-5258-a8db-0aad23d100f7","ex-1cca7cd9-4ff2-584a-93fb-5242ccf663d6","5","2","[""ANSWER_MISSING"",""MODALITIES_MISSING"",""MODALITY_UNDEMONSTRATED"",""SOLUTION_MISSING"",""UNMAPPED_TOPIC"",""PAU_MODALITY_UNDECLARED"",""SOLUTION_REVIEW_REQUIRED""]"
"cand-6782a1d1-f108-5f2d-9712-3848e2260a00","ex-16aa9785-b87f-56ff-8b48-e846daf68769","3","2","[""ANSWER_MISSING"",""CHOICES_REQUIRED"",""SOLUTION_MISSING"",""PAU_MODALITY_UNDECLARED"",""SOLUTION_REVIEW_REQUIRED""]"
"cand-b247af76-f35c-5d85-8e2f-90a9dce0da12","ex-19755fad-a165-569e-9dac-9d5fe57f63fd","5","3","[""ANSWER_MISSING"",""MODALITIES_MISSING"",""MODALITY_UNDEMONSTRATED"",""SOLUTION_MISSING"",""UNMAPPED_TOPIC"",""MATH_REPRESENTATION_UNDECLARED"",""PAU_MODALITY_UNDECLARED"",""SOLUTION_REVIEW_REQUIRED""]"
"cand-b4f7a78f-fc93-5819-858d-f5e9aa3e4e4a","ex-cc2509cd-6ac2-5e64-bcfc-b60040ed6210","3","2","[""ANSWER_MISSING"",""CHOICES_REQUIRED"",""SOLUTION_MISSING"",""PAU_MODALITY_UNDECLARED"",""SOLUTION_REVIEW_REQUIRED""]"
"cand-ad7b71f9-a3ae-5ddd-b060-9f87f52fde1a","ex-cc08172a-0b19-5b42-b5e5-811b35269011","5","4","[""ANSWER_MISSING"",""MODALITIES_MISSING"",""MODALITY_UNDEMONSTRATED"",""SOLUTION_MISSING"",""UNMAPPED_TOPIC"",""MATH_REPRESENTATION_UNDECLARED"",""PAU_DETAIL_INCOMPLETE"",""PAU_MODALITY_UNDECLARED"",""SOLUTION_REVIEW_REQUIRED""]"
"cand-79099a85-7a63-5fdf-8d64-9f6bf1614849","ex-01cbfb48-76c0-55d1-b0fc-543644fb7150","3","3","[""ANSWER_MISSING"",""CHOICES_REQUIRED"",""SOLUTION_MISSING"",""PAU_DETAIL_INCOMPLETE"",""PAU_MODALITY_UNDECLARED"",""SOLUTION_REVIEW_REQUIRED""]"
"cand-fca6995c-9d3f-5886-bf89-d2d91f5a7e8e","ex-bd1e7b69-0a94-5a9e-8883-d82ce744b021","5","3","[""ANSWER_MISSING"",""MODALITIES_MISSING"",""MODALITY_UNDEMONSTRATED"",""SOLUTION_MISSING"",""UNMAPPED_TOPIC"",""MATH_REPRESENTATION_UNDECLARED"",""PAU_MODALITY_UNDECLARED"",""SOLUTION_REVIEW_REQUIRED""]"
"cand-0d8225ae-dabb-5298-8fe0-ab712b96902d","ex-2a630926-db86-5bae-ab39-d82926ce065a","3","2","[""ANSWER_MISSING"",""CHOICES_REQUIRED"",""SOLUTION_MISSING"",""PAU_MODALITY_UNDECLARED"",""SOLUTION_REVIEW_REQUIRED""]"
"cand-20973f7e-fa9f-5137-88bf-1a90bb8d2002","ex-a4daa246-bf07-5c20-b42b-c776664754f7","5","4","[""ANSWER_MISSING"",""MODALITIES_MISSING"",""MODALITY_UNDEMONSTRATED"",""SOLUTION_MISSING"",""UNMAPPED_TOPIC"",""MATH_REPRESENTATION_UNDECLARED"",""PAU_DETAIL_INCOMPLETE"",""PAU_MODALITY_UNDECLARED"",""SOLUTION_REVIEW_REQUIRED""]"
"cand-4abe4880-cf66-5a4c-a7ae-3b3c186246ea","ex-efb4eb38-4c31-5c94-9515-90c303b75cd4","5","3","[""ANSWER_MISSING"",""MODALITIES_MISSING"",""MODALITY_UNDEMONSTRATED"",""SOLUTION_MISSING"",""UNMAPPED_TOPIC"",""PAU_DETAIL_INCOMPLETE"",""PAU_MODALITY_UNDECLARED"",""SOLUTION_REVIEW_REQUIRED""]"
"cand-f4f24376-e9d6-5c69-9ebe-7e9765d28306","ex-1ab1d831-4f2f-5928-bfe5-1962398b497f","3","3","[""ANSWER_MISSING"",""CHOICES_REQUIRED"",""SOLUTION_MISSING"",""PAU_DETAIL_INCOMPLETE"",""PAU_MODALITY_UNDECLARED"",""SOLUTION_REVIEW_REQUIRED""]"
"cand-6bea0952-136a-513c-9328-6b85b3179f19","ex-160c5bd7-3a82-5965-b9cd-2b9d0375674a","5","3","[""ANSWER_MISSING"",""MODALITIES_MISSING"",""MODALITY_UNDEMONSTRATED"",""SOLUTION_MISSING"",""UNMAPPED_TOPIC"",""MATH_REPRESENTATION_UNDECLARED"",""PAU_MODALITY_UNDECLARED"",""SOLUTION_REVIEW_REQUIRED""]"
"cand-a567db23-6a37-5a64-b0c2-4f64116a4531","ex-d60b7571-10b0-5e18-864e-12d0a0509b99","3","2","[""ANSWER_MISSING"",""CHOICES_REQUIRED"",""SOLUTION_MISSING"",""PAU_MODALITY_UNDECLARED"",""SOLUTION_REVIEW_REQUIRED""]"
"cand-bfd05a23-6204-5e61-807e-4e1477d0acca","ex-25e9e83c-9c8d-52d4-aee0-692dc0582c92","5","3","[""ANSWER_MISSING"",""MODALITIES_MISSING"",""MODALITY_UNDEMONSTRATED"",""SOLUTION_MISSING"",""UNMAPPED_TOPIC"",""MATH_REPRESENTATION_UNDECLARED"",""PAU_MODALITY_UNDECLARED"",""SOLUTION_REVIEW_REQUIRED""]"
"cand-0fd8fa07-9cdc-5062-a576-55dbeac13975","ex-a6304a4a-3e51-56e8-a7b8-f5bb4679e9c1","5","3","[""ANSWER_MISSING"",""MODALITIES_MISSING"",""MODALITY_UNDEMONSTRATED"",""SOLUTION_MISSING"",""UNMAPPED_TOPIC"",""MATH_REPRESENTATION_UNDECLARED"",""PAU_MODALITY_UNDECLARED"",""SOLUTION_REVIEW_REQUIRED""]"
"cand-3e255812-43f1-5bff-b4fa-83d196199c41","ex-3dd6fc8c-59e9-5f44-885f-7d93af8ab811","3","2","[""ANSWER_MISSING"",""CHOICES_REQUIRED"",""SOLUTION_MISSING"",""PAU_MODALITY_UNDECLARED"",""SOLUTION_REVIEW_REQUIRED""]"
"cand-95b07b71-0a61-5501-bd00-b8094585302d","ex-dedd4f79-3ba8-5399-b60f-e4743bc69bb5","5","2","[""ANSWER_MISSING"",""MODALITIES_MISSING"",""MODALITY_UNDEMONSTRATED"",""SOLUTION_MISSING"",""UNMAPPED_TOPIC"",""PAU_MODALITY_UNDECLARED"",""SOLUTION_REVIEW_REQUIRED""]"
"cand-5a33217c-070d-50b9-b20e-060d0d9d7683","ex-c3590805-bb90-576d-bd99-27d52d8d3f97","7","3","[""ANSWER_MISSING"",""COMMUNITY_UNMAPPED"",""MODALITIES_MISSING"",""MODALITY_UNDEMONSTRATED"",""PAU_COMMUNITY_MISSING"",""SOLUTION_MISSING"",""UNMAPPED_TOPIC"",""MATH_REPRESENTATION_UNDECLARED"",""PAU_MODALITY_UNDECLARED"",""SOLUTION_REVIEW_REQUIRED""]"
"cand-cf6f6e68-bcc7-5b2f-adc2-a6855b034262","ex-cbde9c80-2e8f-50de-8add-11991ddb1277","3","2","[""ANSWER_MISSING"",""CHOICES_REQUIRED"",""SOLUTION_MISSING"",""PAU_MODALITY_UNDECLARED"",""SOLUTION_REVIEW_REQUIRED""]"
"cand-f516220c-1572-57dd-8a65-4dfb987f23f7","ex-d4095983-ea63-5562-9961-1bd960728726","7","2","[""ANSWER_MISSING"",""COMMUNITY_UNMAPPED"",""MODALITIES_MISSING"",""MODALITY_UNDEMONSTRATED"",""PAU_COMMUNITY_MISSING"",""SOLUTION_MISSING"",""UNMAPPED_TOPIC"",""PAU_MODALITY_UNDECLARED"",""SOLUTION_REVIEW_REQUIRED""]"
"cand-fa2b0615-9a1e-5a9a-aa4e-4fd213327453","ex-d368566a-537d-5028-a877-d34c6471ec95","3","2","[""ANSWER_MISSING"",""CHOICES_REQUIRED"",""SOLUTION_MISSING"",""PAU_MODALITY_UNDECLARED"",""SOLUTION_REVIEW_REQUIRED""]"
"cand-93012fa2-1a2e-5c6b-867e-841f1e990902","ex-a30906d8-85bb-5122-8565-51ca84cd803d","7","3","[""ANSWER_MISSING"",""COMMUNITY_UNMAPPED"",""MODALITIES_MISSING"",""MODALITY_UNDEMONSTRATED"",""PAU_COMMUNITY_MISSING"",""SOLUTION_MISSING"",""UNMAPPED_TOPIC"",""MATH_REPRESENTATION_UNDECLARED"",""PAU_MODALITY_UNDECLARED"",""SOLUTION_REVIEW_REQUIRED""]"
"cand-99bfd8fa-4f5d-58f6-9c65-9a2db546b491","ex-d6ce639f-8ced-5a1e-8eac-d13714e018fb","3","2","[""ANSWER_MISSING"",""CHOICES_REQUIRED"",""SOLUTION_MISSING"",""PAU_MODALITY_UNDECLARED"",""SOLUTION_REVIEW_REQUIRED""]"
"cand-583c3d82-a3f1-5fc0-b9df-23e75d6a924f","ex-4f4d48f0-5fc9-5d08-91aa-ace8ef7ebdf0","3","2","[""ANSWER_MISSING"",""CHOICES_REQUIRED"",""SOLUTION_MISSING"",""PAU_MODALITY_UNDECLARED"",""SOLUTION_REVIEW_REQUIRED""]"
"cand-c942d163-ca9d-54b6-ad5b-c1fefb6a35ec","ex-8eccf510-d5d3-53f9-a4c0-73d1ad3de216","5","4","[""ANSWER_MISSING"",""MODALITIES_MISSING"",""MODALITY_UNDEMONSTRATED"",""SOLUTION_MISSING"",""UNMAPPED_TOPIC"",""MATH_REPRESENTATION_UNDECLARED"",""PAU_DETAIL_INCOMPLETE"",""PAU_MODALITY_UNDECLARED"",""SOLUTION_REVIEW_REQUIRED""]"
"cand-6394249a-cb85-5a56-906d-9a3507ae121a","ex-4f1ea74b-eaa5-5dae-a95d-c96af96c4513","3","3","[""ANSWER_MISSING"",""CHOICES_REQUIRED"",""SOLUTION_MISSING"",""PAU_DETAIL_INCOMPLETE"",""PAU_MODALITY_UNDECLARED"",""SOLUTION_REVIEW_REQUIRED""]"
"cand-5bfc9a44-cb03-5cff-a12a-e27cb8894ade","ex-22e81b6d-ce1f-526f-8287-62787d5d4f37","5","2","[""ANSWER_MISSING"",""MODALITIES_MISSING"",""MODALITY_UNDEMONSTRATED"",""SOLUTION_MISSING"",""UNMAPPED_TOPIC"",""PAU_MODALITY_UNDECLARED"",""SOLUTION_REVIEW_REQUIRED""]"
"cand-02c4ce25-a94e-545c-8892-4a6599825a80","ex-58452c0b-9a4e-5a07-85a9-57d6b9c3bd5f","7","3","[""ANSWER_MISSING"",""COMMUNITY_UNMAPPED"",""MODALITIES_MISSING"",""MODALITY_UNDEMONSTRATED"",""PAU_COMMUNITY_MISSING"",""SOLUTION_MISSING"",""UNMAPPED_TOPIC"",""MATH_REPRESENTATION_UNDECLARED"",""PAU_MODALITY_UNDECLARED"",""SOLUTION_REVIEW_REQUIRED""]"
"cand-f272cc51-8e4f-556b-b964-5e739c072269","ex-db80d847-1e90-587a-bd80-e377e1a007bc","3","2","[""ANSWER_MISSING"",""CHOICES_REQUIRED"",""SOLUTION_MISSING"",""PAU_MODALITY_UNDECLARED"",""SOLUTION_REVIEW_REQUIRED""]"
"cand-c987cacf-f9ef-5647-9860-afd34dca1fcb","ex-47112e24-cdc7-5e01-81e5-b26978003efc","7","2","[""ANSWER_MISSING"",""COMMUNITY_UNMAPPED"",""MODALITIES_MISSING"",""MODALITY_UNDEMONSTRATED"",""PAU_COMMUNITY_MISSING"",""SOLUTION_MISSING"",""UNMAPPED_TOPIC"",""PAU_MODALITY_UNDECLARED"",""SOLUTION_REVIEW_REQUIRED""]"
"cand-826cde8c-f42e-55bb-ac9c-fb4c812866a8","ex-ff9a5c58-1c14-5a72-be9f-d2ea25e5a603","3","2","[""ANSWER_MISSING"",""CHOICES_REQUIRED"",""SOLUTION_MISSING"",""PAU_MODALITY_UNDECLARED"",""SOLUTION_REVIEW_REQUIRED""]"
"cand-8eefa890-5e28-52da-8c77-3e431f885cbb","ex-0fe94068-a583-57f7-bea7-8f86a26942d0","7","2","[""ANSWER_MISSING"",""COMMUNITY_UNMAPPED"",""MODALITIES_MISSING"",""MODALITY_UNDEMONSTRATED"",""PAU_COMMUNITY_MISSING"",""SOLUTION_MISSING"",""UNMAPPED_TOPIC"",""PAU_MODALITY_UNDECLARED"",""SOLUTION_REVIEW_REQUIRED""]"
"cand-22fd24fa-518a-5bd2-958a-3d823637fb8f","ex-eef1746b-2b08-5152-940e-17486134ef4b","3","2","[""ANSWER_MISSING"",""CHOICES_REQUIRED"",""SOLUTION_MISSING"",""PAU_MODALITY_UNDECLARED"",""SOLUTION_REVIEW_REQUIRED""]"
"cand-6c67461c-807e-5d95-b841-e1d715a6bf26","ex-81570485-2fd2-553b-9248-2dd077631730","3","2","[""ANSWER_MISSING"",""CHOICES_REQUIRED"",""SOLUTION_MISSING"",""PAU_MODALITY_UNDECLARED"",""SOLUTION_REVIEW_REQUIRED""]"
"cand-311998c7-c81c-50d8-94aa-0ed51abe72f2","ex-886d86ab-b4e9-5304-a4fb-f51ab687ba80","5","3","[""ANSWER_MISSING"",""MODALITIES_MISSING"",""MODALITY_UNDEMONSTRATED"",""SOLUTION_MISSING"",""UNMAPPED_TOPIC"",""MATH_REPRESENTATION_UNDECLARED"",""PAU_MODALITY_UNDECLARED"",""SOLUTION_REVIEW_REQUIRED""]"
"cand-608281e5-8bab-5e20-bfd2-af88b14a8474","ex-ad1d7107-7a20-519f-a008-f860be15728e","3","2","[""ANSWER_MISSING"",""CHOICES_REQUIRED"",""SOLUTION_MISSING"",""PAU_MODALITY_UNDECLARED"",""SOLUTION_REVIEW_REQUIRED""]"
"cand-bfb39db0-a7dd-57ca-956c-2977b81d78a5","ex-bdf722cf-5f78-5535-912f-383532c6ed67","5","2","[""ANSWER_MISSING"",""MODALITIES_MISSING"",""MODALITY_UNDEMONSTRATED"",""SOLUTION_MISSING"",""UNMAPPED_TOPIC"",""PAU_MODALITY_UNDECLARED"",""SOLUTION_REVIEW_REQUIRED""]"
"cand-3ae2e42c-36c9-5c81-b12e-3f73b057815c","ex-f5fc7177-8b73-5b48-b110-9c89016192f1","7","2","[""ANSWER_MISSING"",""COMMUNITY_UNMAPPED"",""MODALITIES_MISSING"",""MODALITY_UNDEMONSTRATED"",""PAU_COMMUNITY_MISSING"",""SOLUTION_MISSING"",""UNMAPPED_TOPIC"",""PAU_MODALITY_UNDECLARED"",""SOLUTION_REVIEW_REQUIRED""]"
"cand-77a10614-7f76-5d1d-b695-bdd920b9b8ec","ex-ab1c0c67-61b1-5047-ae79-224c03ce7e02","7","2","[""ANSWER_MISSING"",""COMMUNITY_UNMAPPED"",""MODALITIES_MISSING"",""MODALITY_UNDEMONSTRATED"",""PAU_COMMUNITY_MISSING"",""SOLUTION_MISSING"",""UNMAPPED_TOPIC"",""PAU_MODALITY_UNDECLARED"",""SOLUTION_REVIEW_REQUIRED""]"
"cand-f37661ad-83b5-5a89-b6da-9c75ecfa28c4","ex-dac11360-ed92-5a82-996d-a179e63e676d","5","4","[""ANSWER_MISSING"",""MODALITIES_MISSING"",""MODALITY_UNDEMONSTRATED"",""SOLUTION_MISSING"",""UNMAPPED_TOPIC"",""MATH_REPRESENTATION_UNDECLARED"",""PAU_DETAIL_INCOMPLETE"",""PAU_MODALITY_UNDECLARED"",""SOLUTION_REVIEW_REQUIRED""]"
"cand-9c877976-b7c6-5f1b-8528-43f804b2f8d7","ex-e5888b9d-6455-5230-8680-fcb07bf0ba53","3","3","[""ANSWER_MISSING"",""CHOICES_REQUIRED"",""SOLUTION_MISSING"",""PAU_DETAIL_INCOMPLETE"",""PAU_MODALITY_UNDECLARED"",""SOLUTION_REVIEW_REQUIRED""]"
"cand-ca69bea7-6041-588b-8895-478006a2a8a4","ex-ea0dc294-9a32-55f9-a16b-59cb709f00d7","5","2","[""ANSWER_MISSING"",""MODALITIES_MISSING"",""MODALITY_UNDEMONSTRATED"",""SOLUTION_MISSING"",""UNMAPPED_TOPIC"",""PAU_MODALITY_UNDECLARED"",""SOLUTION_REVIEW_REQUIRED""]"
"cand-1909b1df-2063-5142-8b17-e677e7c70ad0","ex-f40c3194-7041-58d2-94e2-7d88b078cd67","5","2","[""ANSWER_MISSING"",""MODALITIES_MISSING"",""MODALITY_UNDEMONSTRATED"",""SOLUTION_MISSING"",""UNMAPPED_TOPIC"",""PAU_MODALITY_UNDECLARED"",""SOLUTION_REVIEW_REQUIRED""]"
"cand-340913f0-deba-5c93-87e8-b7de9fcb3cd0","ex-4988dfdb-4a7a-5b6c-865f-097c371b9e5c","3","2","[""ANSWER_MISSING"",""CHOICES_REQUIRED"",""SOLUTION_MISSING"",""PAU_MODALITY_UNDECLARED"",""SOLUTION_REVIEW_REQUIRED""]"
"cand-51912b8d-c2f5-5afb-9d88-c022babbdc49","ex-48f9a073-708b-5ca0-ad42-5ca696373702","5","2","[""ANSWER_MISSING"",""MODALITIES_MISSING"",""MODALITY_UNDEMONSTRATED"",""SOLUTION_MISSING"",""UNMAPPED_TOPIC"",""PAU_MODALITY_UNDECLARED"",""SOLUTION_REVIEW_REQUIRED""]"
"cand-39ee9723-a6bc-5a4f-9051-5a15f8516b05","ex-3781ebd7-f10e-5438-85f3-4f3be7c61438","3","2","[""ANSWER_MISSING"",""CHOICES_REQUIRED"",""SOLUTION_MISSING"",""PAU_MODALITY_UNDECLARED"",""SOLUTION_REVIEW_REQUIRED""]"
"cand-eb7c03d7-a480-530a-a589-b48647c3a8d4","ex-cddcd36b-6988-5757-846d-7de52918e842","5","3","[""ANSWER_MISSING"",""MODALITIES_MISSING"",""MODALITY_UNDEMONSTRATED"",""SOLUTION_MISSING"",""UNMAPPED_TOPIC"",""PAU_DETAIL_INCOMPLETE"",""PAU_MODALITY_UNDECLARED"",""SOLUTION_REVIEW_REQUIRED""]"
"cand-58598f3d-ecb3-504e-b516-2b966ffc15d1","ex-436d929e-19ce-5e3a-b460-8340877d914e","3","3","[""ANSWER_MISSING"",""CHOICES_REQUIRED"",""SOLUTION_MISSING"",""PAU_DETAIL_INCOMPLETE"",""PAU_MODALITY_UNDECLARED"",""SOLUTION_REVIEW_REQUIRED""]"
"cand-617bcf18-2b13-52a5-b2b9-79594a1a54ae","ex-49f3dc71-9dd6-5540-9d8d-3325ddb248f1","5","3","[""ANSWER_MISSING"",""MODALITIES_MISSING"",""MODALITY_UNDEMONSTRATED"",""SOLUTION_MISSING"",""UNMAPPED_TOPIC"",""PAU_DETAIL_INCOMPLETE"",""PAU_MODALITY_UNDECLARED"",""SOLUTION_REVIEW_REQUIRED""]"
"cand-b39002eb-e5df-5b97-9fb9-c354b28a9550","ex-0bde1a0d-6d97-5d2f-ba1f-b7f1d1669623","3","3","[""ANSWER_MISSING"",""CHOICES_REQUIRED"",""SOLUTION_MISSING"",""PAU_DETAIL_INCOMPLETE"",""PAU_MODALITY_UNDECLARED"",""SOLUTION_REVIEW_REQUIRED""]"
"cand-754006ec-f01f-55c1-8bdc-ce604ad2c6d0","ex-6e0161ff-c033-5686-aea7-c0f55c2b9d13","5","4","[""ANSWER_MISSING"",""MODALITIES_MISSING"",""MODALITY_UNDEMONSTRATED"",""SOLUTION_MISSING"",""UNMAPPED_TOPIC"",""MATH_REPRESENTATION_UNDECLARED"",""PAU_DETAIL_INCOMPLETE"",""PAU_MODALITY_UNDECLARED"",""SOLUTION_REVIEW_REQUIRED""]"
"cand-8b8f25cd-53c7-56af-9ed1-1091821f24ef","ex-a8afbd83-b956-505b-9733-7e16125748e2","3","3","[""ANSWER_MISSING"",""CHOICES_REQUIRED"",""SOLUTION_MISSING"",""PAU_DETAIL_INCOMPLETE"",""PAU_MODALITY_UNDECLARED"",""SOLUTION_REVIEW_REQUIRED""]"
"cand-0eedd783-30fa-539b-896b-3bce97609dd1","ex-e4f4beca-9c18-5922-848e-d6111411eaf7","5","3","[""ANSWER_MISSING"",""MODALITIES_MISSING"",""MODALITY_UNDEMONSTRATED"",""SOLUTION_MISSING"",""UNMAPPED_TOPIC"",""PAU_DETAIL_INCOMPLETE"",""PAU_MODALITY_UNDECLARED"",""SOLUTION_REVIEW_REQUIRED""]"
"cand-4b3f45cd-71fb-5716-be21-8c6db7f7153c","ex-3f8548c8-1517-51c0-a628-793173fbbe55","5","4","[""ANSWER_MISSING"",""MODALITIES_MISSING"",""MODALITY_UNDEMONSTRATED"",""SOLUTION_MISSING"",""UNMAPPED_TOPIC"",""MATH_REPRESENTATION_UNDECLARED"",""PAU_DETAIL_INCOMPLETE"",""PAU_MODALITY_UNDECLARED"",""SOLUTION_REVIEW_REQUIRED""]"
"cand-f52a7dca-72f3-5ed0-955f-720f6b545c98","ex-ffaa5a92-286a-5d52-9dd0-9a2d02c88a6a","3","3","[""ANSWER_MISSING"",""CHOICES_REQUIRED"",""SOLUTION_MISSING"",""PAU_DETAIL_INCOMPLETE"",""PAU_MODALITY_UNDECLARED"",""SOLUTION_REVIEW_REQUIRED""]"
"cand-3e773899-b187-5a83-9354-cefda17f2e5f","ex-3359a6ea-4a70-57e1-9edf-6bc1945d1692","5","3","[""ANSWER_MISSING"",""MODALITIES_MISSING"",""MODALITY_UNDEMONSTRATED"",""SOLUTION_MISSING"",""UNMAPPED_TOPIC"",""PAU_DETAIL_INCOMPLETE"",""PAU_MODALITY_UNDECLARED"",""SOLUTION_REVIEW_REQUIRED""]"
"cand-3194de7c-bcda-597a-94f8-05c43e30fdcd","ex-0bc859aa-8730-5fcd-82ff-ad681197e1b9","3","3","[""ANSWER_MISSING"",""CHOICES_REQUIRED"",""SOLUTION_MISSING"",""PAU_DETAIL_INCOMPLETE"",""PAU_MODALITY_UNDECLARED"",""SOLUTION_REVIEW_REQUIRED""]"
"cand-1f09c339-b084-53bc-8725-601b045ba1ae","ex-55174993-eeca-5574-8fa1-7d1b9796cd0e","5","2","[""ANSWER_MISSING"",""MODALITIES_MISSING"",""MODALITY_UNDEMONSTRATED"",""SOLUTION_MISSING"",""UNMAPPED_TOPIC"",""PAU_MODALITY_UNDECLARED"",""SOLUTION_REVIEW_REQUIRED""]"
"cand-2a92afc7-b02f-573b-8181-1aaf8e5736ee","ex-2f91bf2e-ef37-5ce4-a9ec-978993046fdb","5","2","[""ANSWER_MISSING"",""MODALITIES_MISSING"",""MODALITY_UNDEMONSTRATED"",""SOLUTION_MISSING"",""UNMAPPED_TOPIC"",""PAU_MODALITY_UNDECLARED"",""SOLUTION_REVIEW_REQUIRED""]"
"cand-d3dfb921-3d84-5ebe-a5d8-852bc488d729","ex-9454c195-9440-5673-9422-3441a648c094","3","2","[""ANSWER_MISSING"",""CHOICES_REQUIRED"",""SOLUTION_MISSING"",""PAU_MODALITY_UNDECLARED"",""SOLUTION_REVIEW_REQUIRED""]"
"cand-c8e71f2f-140c-5efa-9573-526b461d0261","ex-f55c2d1b-f8d1-5d90-b495-3162de726764","5","2","[""ANSWER_MISSING"",""MODALITIES_MISSING"",""MODALITY_UNDEMONSTRATED"",""SOLUTION_MISSING"",""UNMAPPED_TOPIC"",""PAU_MODALITY_UNDECLARED"",""SOLUTION_REVIEW_REQUIRED""]"
"cand-4a812b38-208d-56cd-bbac-9eb032435b17","ex-3422e6d8-5cd6-5721-a629-c666ee473764","3","2","[""ANSWER_MISSING"",""CHOICES_REQUIRED"",""SOLUTION_MISSING"",""PAU_MODALITY_UNDECLARED"",""SOLUTION_REVIEW_REQUIRED""]"
"cand-93360a43-8da1-5781-add4-5fb49c940bab","ex-3f29187c-7281-5941-9ea4-ab68509e74f8","3","2","[""ANSWER_MISSING"",""CHOICES_REQUIRED"",""SOLUTION_MISSING"",""PAU_MODALITY_UNDECLARED"",""SOLUTION_REVIEW_REQUIRED""]"
"cand-9168879e-8bd9-5135-ac91-eea5fa167faf","ex-9496780d-2e30-5693-bd3f-1aa473d447e2","5","2","[""ANSWER_MISSING"",""MODALITIES_MISSING"",""MODALITY_UNDEMONSTRATED"",""SOLUTION_MISSING"",""UNMAPPED_TOPIC"",""PAU_MODALITY_UNDECLARED"",""SOLUTION_REVIEW_REQUIRED""]"
"cand-21186518-7ebe-5f0f-8708-5d08bb4bb5e7","ex-cbfcce21-dd1f-568e-b663-8c90742f1481","3","2","[""ANSWER_MISSING"",""CHOICES_REQUIRED"",""SOLUTION_MISSING"",""PAU_MODALITY_UNDECLARED"",""SOLUTION_REVIEW_REQUIRED""]"
"cand-1b71a296-d9b7-5a09-a9b8-cbfdefb1b8bb","ex-23a32f46-a38a-5ae1-aab9-49b8c66fec01","5","4","[""ANSWER_MISSING"",""MODALITIES_MISSING"",""MODALITY_UNDEMONSTRATED"",""SOLUTION_MISSING"",""UNMAPPED_TOPIC"",""MATH_REPRESENTATION_UNDECLARED"",""PAU_DETAIL_INCOMPLETE"",""PAU_MODALITY_UNDECLARED"",""SOLUTION_REVIEW_REQUIRED""]"
"cand-a04a13e7-6970-5398-9bbd-1b883399b4c3","ex-e900405e-6968-56f3-96d1-c07d8f6864aa","3","3","[""ANSWER_MISSING"",""CHOICES_REQUIRED"",""SOLUTION_MISSING"",""PAU_DETAIL_INCOMPLETE"",""PAU_MODALITY_UNDECLARED"",""SOLUTION_REVIEW_REQUIRED""]"
"cand-62af27d9-0004-5840-8ff9-51a81ec7ec74","ex-1ff5cad7-265c-5e49-9cc8-c852fc3e25e7","5","2","[""ANSWER_MISSING"",""MODALITIES_MISSING"",""MODALITY_UNDEMONSTRATED"",""SOLUTION_MISSING"",""UNMAPPED_TOPIC"",""PAU_MODALITY_UNDECLARED"",""SOLUTION_REVIEW_REQUIRED""]"
"cand-605b0e8a-7e3b-5f10-8560-6139c0fbf136","ex-8b09dc81-3ea8-5e05-80d1-7784bfd54cbe","3","2","[""ANSWER_MISSING"",""CHOICES_REQUIRED"",""SOLUTION_MISSING"",""PAU_MODALITY_UNDECLARED"",""SOLUTION_REVIEW_REQUIRED""]"
"cand-14cfd09b-0b5b-5745-b232-2aa3997db668","ex-6fb29331-d04b-502d-90b0-e3e8842f3f5f","5","3","[""ANSWER_MISSING"",""MODALITIES_MISSING"",""MODALITY_UNDEMONSTRATED"",""SOLUTION_MISSING"",""UNMAPPED_TOPIC"",""MATH_REPRESENTATION_UNDECLARED"",""PAU_MODALITY_UNDECLARED"",""SOLUTION_REVIEW_REQUIRED""]"
"cand-385b9be3-f07a-52e1-bdc1-87083d9e1fa4","ex-e6f52047-3621-5b4a-85dd-d247f8c93c14","3","2","[""ANSWER_MISSING"",""CHOICES_REQUIRED"",""SOLUTION_MISSING"",""PAU_MODALITY_UNDECLARED"",""SOLUTION_REVIEW_REQUIRED""]"
"cand-929d66de-3f28-5c06-9bfd-732320ebf390","ex-fa2c9e6d-680d-525b-a09d-92be0f6b10f9","5","2","[""ANSWER_MISSING"",""MODALITIES_MISSING"",""MODALITY_UNDEMONSTRATED"",""SOLUTION_MISSING"",""UNMAPPED_TOPIC"",""PAU_MODALITY_UNDECLARED"",""SOLUTION_REVIEW_REQUIRED""]"
"cand-f74bc1af-e5fb-536c-a89b-7de9006cdba9","ex-b0d8fd7f-fb82-5a9c-a09b-69aa1f255bad","3","2","[""ANSWER_MISSING"",""CHOICES_REQUIRED"",""SOLUTION_MISSING"",""PAU_MODALITY_UNDECLARED"",""SOLUTION_REVIEW_REQUIRED""]"
"cand-b6670ed8-e14e-592b-93e7-015421c502a5","ex-b25ced1a-6dde-5f15-a30a-1193b2230717","5","2","[""ANSWER_MISSING"",""MODALITIES_MISSING"",""MODALITY_UNDEMONSTRATED"",""SOLUTION_MISSING"",""UNMAPPED_TOPIC"",""PAU_MODALITY_UNDECLARED"",""SOLUTION_REVIEW_REQUIRED""]"
"cand-a481535b-5b93-5571-9d12-35cfe11ce82b","ex-d894f557-d083-5721-b698-ce865723af29","3","2","[""ANSWER_MISSING"",""CHOICES_REQUIRED"",""SOLUTION_MISSING"",""PAU_MODALITY_UNDECLARED"",""SOLUTION_REVIEW_REQUIRED""]"
"cand-4949161c-5676-5b3a-a580-5e698e6ec19a","ex-120ded94-9947-58bd-9168-62aa29ed10c7","5","2","[""ANSWER_MISSING"",""MODALITIES_MISSING"",""MODALITY_UNDEMONSTRATED"",""SOLUTION_MISSING"",""UNMAPPED_TOPIC"",""PAU_MODALITY_UNDECLARED"",""SOLUTION_REVIEW_REQUIRED""]"
"cand-317bf96e-6e50-5380-94ba-6f9f08f2565b","ex-89e05ae0-d24b-5118-b34a-e7f37d51ef5c","3","2","[""ANSWER_MISSING"",""CHOICES_REQUIRED"",""SOLUTION_MISSING"",""PAU_MODALITY_UNDECLARED"",""SOLUTION_REVIEW_REQUIRED""]"
"cand-2bdfcb62-a592-580b-a5d2-933c444c780e","ex-bede7bd8-21e1-5980-83a9-3ca27d6d23b4","5","2","[""ANSWER_MISSING"",""MODALITIES_MISSING"",""MODALITY_UNDEMONSTRATED"",""SOLUTION_MISSING"",""UNMAPPED_TOPIC"",""PAU_MODALITY_UNDECLARED"",""SOLUTION_REVIEW_REQUIRED""]"
"cand-3f6c6c17-d9dc-55ec-aa43-ace0a387ad2f","ex-6e21234a-c664-595c-8be3-399a6f9eb1fc","3","2","[""ANSWER_MISSING"",""CHOICES_REQUIRED"",""SOLUTION_MISSING"",""PAU_MODALITY_UNDECLARED"",""SOLUTION_REVIEW_REQUIRED""]"
"cand-b99d143c-54ed-598b-be28-611e2f98c5f4","ex-1846cde0-4f57-51e5-abdc-f2a1d4462611","5","4","[""ANSWER_MISSING"",""MODALITIES_MISSING"",""MODALITY_UNDEMONSTRATED"",""SOLUTION_MISSING"",""UNMAPPED_TOPIC"",""MATH_REPRESENTATION_UNDECLARED"",""PAU_DETAIL_INCOMPLETE"",""PAU_MODALITY_UNDECLARED"",""SOLUTION_REVIEW_REQUIRED""]"
"cand-5a640d65-6de7-5c14-a416-b7f94e02c995","ex-9230f5c3-9163-5154-85bc-5e39a5eef0bd","3","3","[""ANSWER_MISSING"",""CHOICES_REQUIRED"",""SOLUTION_MISSING"",""PAU_DETAIL_INCOMPLETE"",""PAU_MODALITY_UNDECLARED"",""SOLUTION_REVIEW_REQUIRED""]"
"cand-195b0a04-2c7a-539e-b328-968fb9feb65a","ex-8e8c3f85-bcd6-52e2-b70d-0c31276b7084","5","4","[""ANSWER_MISSING"",""MODALITIES_MISSING"",""MODALITY_UNDEMONSTRATED"",""SOLUTION_MISSING"",""UNMAPPED_TOPIC"",""MATH_REPRESENTATION_UNDECLARED"",""PAU_DETAIL_INCOMPLETE"",""PAU_MODALITY_UNDECLARED"",""SOLUTION_REVIEW_REQUIRED""]"
"cand-400426f5-a455-51a1-86d0-c3d528a5c29b","ex-ae5a46a7-c61a-5f27-8136-ad89c9fa777a","3","3","[""ANSWER_MISSING"",""CHOICES_REQUIRED"",""SOLUTION_MISSING"",""PAU_DETAIL_INCOMPLETE"",""PAU_MODALITY_UNDECLARED"",""SOLUTION_REVIEW_REQUIRED""]"
"cand-4252eb98-fee0-53c5-8a0a-c1700f0588b5","ex-b118bde4-198c-55e3-8150-8e547bc9306c","5","3","[""ANSWER_MISSING"",""MODALITIES_MISSING"",""MODALITY_UNDEMONSTRATED"",""SOLUTION_MISSING"",""UNMAPPED_TOPIC"",""MATH_REPRESENTATION_UNDECLARED"",""PAU_MODALITY_UNDECLARED"",""SOLUTION_REVIEW_REQUIRED""]"
"cand-d1525fb0-a0ac-5ca6-8a66-5261db8df1dd","ex-b42bffe6-d5e1-5d6f-a80a-b8c4a56c83ef","3","2","[""ANSWER_MISSING"",""CHOICES_REQUIRED"",""SOLUTION_MISSING"",""PAU_MODALITY_UNDECLARED"",""SOLUTION_REVIEW_REQUIRED""]"
"cand-7f6bc800-8b5d-5467-b044-2ed5e72e1190","ex-d06da6f4-8f80-59fe-8758-8adf72ef718b","5","2","[""ANSWER_MISSING"",""MODALITIES_MISSING"",""MODALITY_UNDEMONSTRATED"",""SOLUTION_MISSING"",""UNMAPPED_TOPIC"",""PAU_MODALITY_UNDECLARED"",""SOLUTION_REVIEW_REQUIRED""]"
"cand-76a5d6ef-6291-57c9-ac38-1fdeb65af28c","ex-1479158f-970b-5d42-902f-e2a241dc8e60","5","3","[""ANSWER_MISSING"",""MODALITIES_MISSING"",""MODALITY_UNDEMONSTRATED"",""SOLUTION_MISSING"",""UNMAPPED_TOPIC"",""MATH_REPRESENTATION_UNDECLARED"",""PAU_MODALITY_UNDECLARED"",""SOLUTION_REVIEW_REQUIRED""]"
"cand-e74fb48f-14e6-5720-83f4-f1d46481270b","ex-b9eb760e-d876-5bee-b758-ce0053c3e66a","3","2","[""ANSWER_MISSING"",""CHOICES_REQUIRED"",""SOLUTION_MISSING"",""PAU_MODALITY_UNDECLARED"",""SOLUTION_REVIEW_REQUIRED""]"
"cand-02f9047c-30c3-5017-90d1-71e00c53a473","ex-56a9b006-8723-5fce-a69d-1d91c72314cb","5","3","[""ANSWER_MISSING"",""MODALITIES_MISSING"",""MODALITY_UNDEMONSTRATED"",""SOLUTION_MISSING"",""UNMAPPED_TOPIC"",""MATH_REPRESENTATION_UNDECLARED"",""PAU_MODALITY_UNDECLARED"",""SOLUTION_REVIEW_REQUIRED""]"
"cand-b881673b-4f60-5bbf-ad6a-8546a4643bd2","ex-25662a75-7e5e-5935-903f-0d41aa138462","5","3","[""ANSWER_MISSING"",""MODALITIES_MISSING"",""MODALITY_UNDEMONSTRATED"",""SOLUTION_MISSING"",""UNMAPPED_TOPIC"",""MATH_REPRESENTATION_UNDECLARED"",""PAU_MODALITY_UNDECLARED"",""SOLUTION_REVIEW_REQUIRED""]"
"cand-5644aeb0-3502-5ed0-bb18-d31c90fe153b","ex-fc3e6f71-d9c6-51e1-becd-9cdfd74e2b2f","3","2","[""ANSWER_MISSING"",""CHOICES_REQUIRED"",""SOLUTION_MISSING"",""PAU_MODALITY_UNDECLARED"",""SOLUTION_REVIEW_REQUIRED""]"
"cand-fa1ff942-e122-52fb-a89c-446cd1bb7e71","ex-95c7cf8b-f5da-5058-9e9a-f9796490d432","5","4","[""ANSWER_MISSING"",""MODALITIES_MISSING"",""MODALITY_UNDEMONSTRATED"",""SOLUTION_MISSING"",""UNMAPPED_TOPIC"",""MATH_REPRESENTATION_UNDECLARED"",""PAU_DETAIL_INCOMPLETE"",""PAU_MODALITY_UNDECLARED"",""SOLUTION_REVIEW_REQUIRED""]"
"cand-1e99f2d6-c969-559f-a234-fcaf2ed97fa7","ex-732d4fbc-ec07-5af9-b079-79540f99de4c","3","3","[""ANSWER_MISSING"",""CHOICES_REQUIRED"",""SOLUTION_MISSING"",""PAU_DETAIL_INCOMPLETE"",""PAU_MODALITY_UNDECLARED"",""SOLUTION_REVIEW_REQUIRED""]"
"cand-6b04c279-eb8c-5133-b319-69b4034b789c","ex-670a2f81-8419-5bfa-ae79-31f555fee068","5","2","[""ANSWER_MISSING"",""MODALITIES_MISSING"",""MODALITY_UNDEMONSTRATED"",""SOLUTION_MISSING"",""UNMAPPED_TOPIC"",""PAU_MODALITY_UNDECLARED"",""SOLUTION_REVIEW_REQUIRED""]"
"cand-07fc8b22-67c8-507c-9528-fbffdcb85683","ex-a2935973-af7e-5a17-ac20-966ff39de224","3","2","[""ANSWER_MISSING"",""CHOICES_REQUIRED"",""SOLUTION_MISSING"",""PAU_MODALITY_UNDECLARED"",""SOLUTION_REVIEW_REQUIRED""]"
"cand-458ad483-8f96-517b-ba31-3fe11d347dd1","ex-6392af61-960d-5ac1-8b14-0787bbe6971b","5","3","[""ANSWER_MISSING"",""MODALITIES_MISSING"",""MODALITY_UNDEMONSTRATED"",""SOLUTION_MISSING"",""UNMAPPED_TOPIC"",""MATH_REPRESENTATION_UNDECLARED"",""PAU_MODALITY_UNDECLARED"",""SOLUTION_REVIEW_REQUIRED""]"
"cand-69ae97fc-0b3a-5ed8-83a4-9e2d1cccc214","ex-4ec436f1-c6db-5088-b24d-359776768c6b","3","2","[""ANSWER_MISSING"",""CHOICES_REQUIRED"",""SOLUTION_MISSING"",""PAU_MODALITY_UNDECLARED"",""SOLUTION_REVIEW_REQUIRED""]"
"cand-55e21956-44d0-546d-a7e2-49807aaa9e1a","ex-795ad7da-0308-5d81-90b7-6678265f5496","5","3","[""ANSWER_MISSING"",""MODALITIES_MISSING"",""MODALITY_UNDEMONSTRATED"",""SOLUTION_MISSING"",""UNMAPPED_TOPIC"",""MATH_REPRESENTATION_UNDECLARED"",""PAU_MODALITY_UNDECLARED"",""SOLUTION_REVIEW_REQUIRED""]"
"cand-d033cd76-35be-53b7-a490-072af8f1694b","ex-e63ca3a6-ba00-51e3-94bf-00e325526b33","7","2","[""ANSWER_MISSING"",""COMMUNITY_UNMAPPED"",""MODALITIES_MISSING"",""MODALITY_UNDEMONSTRATED"",""PAU_COMMUNITY_MISSING"",""SOLUTION_MISSING"",""UNMAPPED_TOPIC"",""PAU_MODALITY_UNDECLARED"",""SOLUTION_REVIEW_REQUIRED""]"
"cand-288cc540-ac4b-5fa9-aa41-c2b6c6d360c1","ex-4b6db77e-1d54-5cc7-8018-551a48931d9b","3","2","[""ANSWER_MISSING"",""CHOICES_REQUIRED"",""SOLUTION_MISSING"",""PAU_MODALITY_UNDECLARED"",""SOLUTION_REVIEW_REQUIRED""]"
"cand-6b032b99-257a-5c3d-8696-26d178b86015","ex-7bca83c8-997c-565c-a119-b66ac8b643c0","3","2","[""ANSWER_MISSING"",""CHOICES_REQUIRED"",""SOLUTION_MISSING"",""PAU_MODALITY_UNDECLARED"",""SOLUTION_REVIEW_REQUIRED""]"
"cand-cb238c34-b97d-500f-9d1e-ef0abd8b4c1d","ex-4167df52-f2bf-5fae-a7e7-7c901e57db5e","5","3","[""ANSWER_MISSING"",""MODALITIES_MISSING"",""MODALITY_UNDEMONSTRATED"",""SOLUTION_MISSING"",""UNMAPPED_TOPIC"",""PAU_DETAIL_INCOMPLETE"",""PAU_MODALITY_UNDECLARED"",""SOLUTION_REVIEW_REQUIRED""]"
"cand-932dc0b6-0168-50ab-a56d-293d5d58d176","ex-26318072-03aa-57ae-9965-084cdb879ec2","3","3","[""ANSWER_MISSING"",""CHOICES_REQUIRED"",""SOLUTION_MISSING"",""PAU_DETAIL_INCOMPLETE"",""PAU_MODALITY_UNDECLARED"",""SOLUTION_REVIEW_REQUIRED""]"
"cand-ef0e46e0-4b06-52f5-9ed8-628ad716230d","ex-31be501a-b672-57dc-8995-ccb6871d40ed","5","2","[""ANSWER_MISSING"",""MODALITIES_MISSING"",""MODALITY_UNDEMONSTRATED"",""SOLUTION_MISSING"",""UNMAPPED_TOPIC"",""PAU_MODALITY_UNDECLARED"",""SOLUTION_REVIEW_REQUIRED""]"
"cand-59795e50-c27f-5525-9468-21d5f7cae934","ex-b0d5025a-cc86-52dd-8b9f-d5ce8fce4cf7","7","3","[""ANSWER_MISSING"",""COMMUNITY_UNMAPPED"",""MODALITIES_MISSING"",""MODALITY_UNDEMONSTRATED"",""PAU_COMMUNITY_MISSING"",""SOLUTION_MISSING"",""UNMAPPED_TOPIC"",""MATH_REPRESENTATION_UNDECLARED"",""PAU_MODALITY_UNDECLARED"",""SOLUTION_REVIEW_REQUIRED""]"
"cand-a1cf1e4d-2d7b-5259-b66b-3c1514856297","ex-4925794a-e1c2-5ca1-b799-79835c8bf050","3","2","[""ANSWER_MISSING"",""CHOICES_REQUIRED"",""SOLUTION_MISSING"",""PAU_MODALITY_UNDECLARED"",""SOLUTION_REVIEW_REQUIRED""]"
"cand-45dbf560-aeb6-5453-ae7f-0c673d61be2b","ex-0f9511c5-fbef-57b4-b417-6cdf2b9fe541","3","2","[""ANSWER_MISSING"",""CHOICES_REQUIRED"",""SOLUTION_MISSING"",""PAU_MODALITY_UNDECLARED"",""SOLUTION_REVIEW_REQUIRED""]"
"cand-70115208-ab6d-59b0-a278-d71d5299c096","ex-eae5fb4b-0025-5da9-96d3-74deacd370c8","5","2","[""ANSWER_MISSING"",""MODALITIES_MISSING"",""MODALITY_UNDEMONSTRATED"",""SOLUTION_MISSING"",""UNMAPPED_TOPIC"",""PAU_MODALITY_UNDECLARED"",""SOLUTION_REVIEW_REQUIRED""]"
"cand-3674a456-572a-5853-846f-c2189c4bbb1a","ex-fa204faa-6b9e-555c-a963-f2ec59cb6c76","3","2","[""ANSWER_MISSING"",""CHOICES_REQUIRED"",""SOLUTION_MISSING"",""PAU_MODALITY_UNDECLARED"",""SOLUTION_REVIEW_REQUIRED""]"
"cand-847d393f-f985-5f10-852b-ac9973c479f5","ex-8484fa92-1cf9-5c6b-94aa-ea58664818ee","5","3","[""ANSWER_MISSING"",""MODALITIES_MISSING"",""MODALITY_UNDEMONSTRATED"",""SOLUTION_MISSING"",""UNMAPPED_TOPIC"",""MATH_REPRESENTATION_UNDECLARED"",""PAU_MODALITY_UNDECLARED"",""SOLUTION_REVIEW_REQUIRED""]"
"cand-8a14f697-a762-5fc3-800a-d979f65305ca","ex-08d00ee9-8d9f-57ea-a527-7bb4fc2ffe59","7","2","[""ANSWER_MISSING"",""COMMUNITY_UNMAPPED"",""MODALITIES_MISSING"",""MODALITY_UNDEMONSTRATED"",""PAU_COMMUNITY_MISSING"",""SOLUTION_MISSING"",""UNMAPPED_TOPIC"",""PAU_MODALITY_UNDECLARED"",""SOLUTION_REVIEW_REQUIRED""]"
"cand-d212d031-62d1-5227-a9ef-1ddb54d9a62b","ex-84f23e39-737b-52e6-90fc-4fe811ca4621","3","2","[""ANSWER_MISSING"",""CHOICES_REQUIRED"",""SOLUTION_MISSING"",""PAU_MODALITY_UNDECLARED"",""SOLUTION_REVIEW_REQUIRED""]"
"cand-111d9da2-4d0b-51fe-b940-19c9ff11ae05","ex-b81723d5-648c-57c9-97d1-ee647fdc3dbe","5","2","[""ANSWER_MISSING"",""MODALITIES_MISSING"",""MODALITY_UNDEMONSTRATED"",""SOLUTION_MISSING"",""UNMAPPED_TOPIC"",""PAU_MODALITY_UNDECLARED"",""SOLUTION_REVIEW_REQUIRED""]"
"cand-91ca43ae-c110-5ff5-85c8-87cd131167c8","ex-9511f2c0-f670-5502-83af-19d687294e22","5","3","[""ANSWER_MISSING"",""MODALITIES_MISSING"",""MODALITY_UNDEMONSTRATED"",""SOLUTION_MISSING"",""UNMAPPED_TOPIC"",""MATH_REPRESENTATION_UNDECLARED"",""PAU_MODALITY_UNDECLARED"",""SOLUTION_REVIEW_REQUIRED""]"
"cand-0735be66-3dc2-5780-b0f7-e170d7d4022b","ex-a682f242-f2c9-5da6-a44c-5a70cac1dc20","3","2","[""ANSWER_MISSING"",""CHOICES_REQUIRED"",""SOLUTION_MISSING"",""PAU_MODALITY_UNDECLARED"",""SOLUTION_REVIEW_REQUIRED""]"
"cand-da2b9a45-63f5-54c1-9a70-1b35116bbe48","ex-bd2d4e81-edb8-5954-907c-39197f0e3a92","3","2","[""ANSWER_MISSING"",""CHOICES_REQUIRED"",""SOLUTION_MISSING"",""PAU_MODALITY_UNDECLARED"",""SOLUTION_REVIEW_REQUIRED""]"
"cand-43d226c0-b3ac-5ea0-8e28-1f4ce2408cc0","ex-c93f1717-c842-55d8-90c9-1e94b683ac52","5","4","[""ANSWER_MISSING"",""MODALITIES_MISSING"",""MODALITY_UNDEMONSTRATED"",""SOLUTION_MISSING"",""UNMAPPED_TOPIC"",""MATH_REPRESENTATION_UNDECLARED"",""PAU_DETAIL_INCOMPLETE"",""PAU_MODALITY_UNDECLARED"",""SOLUTION_REVIEW_REQUIRED""]"
"cand-bd236a0f-696e-571c-bc19-ef274c96be1f","ex-bb3ef402-cf8a-5793-ac3a-caa9dfc2213a","3","3","[""ANSWER_MISSING"",""CHOICES_REQUIRED"",""SOLUTION_MISSING"",""PAU_DETAIL_INCOMPLETE"",""PAU_MODALITY_UNDECLARED"",""SOLUTION_REVIEW_REQUIRED""]"
"cand-1b3a3aae-40d9-565a-8464-1109cf53af2b","ex-5bdcc397-aa8f-5f1e-9b0f-8b8e3d85c301","5","2","[""ANSWER_MISSING"",""MODALITIES_MISSING"",""MODALITY_UNDEMONSTRATED"",""SOLUTION_MISSING"",""UNMAPPED_TOPIC"",""PAU_MODALITY_UNDECLARED"",""SOLUTION_REVIEW_REQUIRED""]"
"cand-30b1e076-e47c-59b1-96c1-caada29f7a36","ex-cc6833ec-c418-537d-a295-a81f7006d80c","7","3","[""ANSWER_MISSING"",""COMMUNITY_UNMAPPED"",""MODALITIES_MISSING"",""MODALITY_UNDEMONSTRATED"",""PAU_COMMUNITY_MISSING"",""SOLUTION_MISSING"",""UNMAPPED_TOPIC"",""MATH_REPRESENTATION_UNDECLARED"",""PAU_MODALITY_UNDECLARED"",""SOLUTION_REVIEW_REQUIRED""]"
"cand-f9b7b6ed-29b4-505f-b1ce-74a3ae92bf3b","ex-dfce9269-15f6-5fe6-bdc4-ce580b08c58c","3","2","[""ANSWER_MISSING"",""CHOICES_REQUIRED"",""SOLUTION_MISSING"",""PAU_MODALITY_UNDECLARED"",""SOLUTION_REVIEW_REQUIRED""]"
"cand-7c72114f-e5bd-5611-a225-860e1d40694e","ex-3388abc0-1d83-5ed8-bfcc-c26d45b2915a","3","2","[""ANSWER_MISSING"",""CHOICES_REQUIRED"",""SOLUTION_MISSING"",""PAU_MODALITY_UNDECLARED"",""SOLUTION_REVIEW_REQUIRED""]"
"cand-68c608b3-c816-5d35-a01a-1b7784e955d4","ex-58c94343-50b4-552f-b67a-7d66e7fd2963","5","3","[""ANSWER_MISSING"",""MODALITIES_MISSING"",""MODALITY_UNDEMONSTRATED"",""SOLUTION_MISSING"",""UNMAPPED_TOPIC"",""MATH_REPRESENTATION_UNDECLARED"",""PAU_MODALITY_UNDECLARED"",""SOLUTION_REVIEW_REQUIRED""]"
"cand-0d8cf4e0-8b0b-54ea-9d0d-c73c6e53c4e1","ex-cf94df17-7b5c-5163-9abe-8b8251d835c9","3","2","[""ANSWER_MISSING"",""CHOICES_REQUIRED"",""SOLUTION_MISSING"",""PAU_MODALITY_UNDECLARED"",""SOLUTION_REVIEW_REQUIRED""]"
"cand-4e16a05f-04f8-5eec-98b4-fd6d7c93ae01","ex-a34d1456-ea58-5040-a17d-b5174441a884","5","3","[""ANSWER_MISSING"",""MODALITIES_MISSING"",""MODALITY_UNDEMONSTRATED"",""SOLUTION_MISSING"",""UNMAPPED_TOPIC"",""PAU_DETAIL_INCOMPLETE"",""PAU_MODALITY_UNDECLARED"",""SOLUTION_REVIEW_REQUIRED""]"
"cand-66c8cf45-8247-5086-8663-638f31db5ea7","ex-64303ffe-2721-52fe-9d2c-0b9ee1a93d45","3","3","[""ANSWER_MISSING"",""CHOICES_REQUIRED"",""SOLUTION_MISSING"",""PAU_DETAIL_INCOMPLETE"",""PAU_MODALITY_UNDECLARED"",""SOLUTION_REVIEW_REQUIRED""]"
"cand-eb20fa0e-eb8b-580c-a1e5-f7a65080a202","ex-a0f1dc5a-3d04-5c11-a5b6-9345d68f0592","5","2","[""ANSWER_MISSING"",""MODALITIES_MISSING"",""MODALITY_UNDEMONSTRATED"",""SOLUTION_MISSING"",""UNMAPPED_TOPIC"",""PAU_MODALITY_UNDECLARED"",""SOLUTION_REVIEW_REQUIRED""]"
"cand-e44b6915-17ab-5a22-944b-9ec7238b27bf","ex-353db172-4a4c-5f01-b8be-cc312c8ef5ff","3","2","[""ANSWER_MISSING"",""CHOICES_REQUIRED"",""SOLUTION_MISSING"",""PAU_MODALITY_UNDECLARED"",""SOLUTION_REVIEW_REQUIRED""]"
"cand-0bcb2f12-b2e1-53df-859b-3a6175635e9e","ex-3ae29932-b4b4-53cc-92bf-3e45ca95456b","5","3","[""ANSWER_MISSING"",""MODALITIES_MISSING"",""MODALITY_UNDEMONSTRATED"",""SOLUTION_MISSING"",""UNMAPPED_TOPIC"",""MATH_REPRESENTATION_UNDECLARED"",""PAU_MODALITY_UNDECLARED"",""SOLUTION_REVIEW_REQUIRED""]"
"cand-1cc846d6-e3c3-5797-a9aa-a4d9ee042f67","ex-dd41ed5c-137b-5cb6-8816-1b02a8e4e75b","5","2","[""ANSWER_MISSING"",""MODALITIES_MISSING"",""MODALITY_UNDEMONSTRATED"",""SOLUTION_MISSING"",""UNMAPPED_TOPIC"",""PAU_MODALITY_UNDECLARED"",""SOLUTION_REVIEW_REQUIRED""]"
"cand-da1be8b4-6fb8-5c90-9041-25470816cd7d","ex-178cfa7e-0cf8-5fca-b285-eeae7627f832","3","2","[""ANSWER_MISSING"",""CHOICES_REQUIRED"",""SOLUTION_MISSING"",""PAU_MODALITY_UNDECLARED"",""SOLUTION_REVIEW_REQUIRED""]"
"cand-5c0a0674-efdd-5d72-98c9-91b3c366ecba","ex-3f172244-07ef-56c0-b2b9-1cf95956ac23","5","2","[""ANSWER_MISSING"",""MODALITIES_MISSING"",""MODALITY_UNDEMONSTRATED"",""SOLUTION_MISSING"",""UNMAPPED_TOPIC"",""PAU_MODALITY_UNDECLARED"",""SOLUTION_REVIEW_REQUIRED""]"
"cand-dd695607-1ee4-5351-bd43-850109538f0a","ex-bb9c6a5f-14cf-54ed-8e94-36040f9e9296","3","2","[""ANSWER_MISSING"",""CHOICES_REQUIRED"",""SOLUTION_MISSING"",""PAU_MODALITY_UNDECLARED"",""SOLUTION_REVIEW_REQUIRED""]"
"cand-ece553c9-6f39-5f6a-9f20-369cc339ec57","ex-44cb9738-a9de-5614-9435-ce27f9880a83","5","3","[""ANSWER_MISSING"",""MODALITIES_MISSING"",""MODALITY_UNDEMONSTRATED"",""SOLUTION_MISSING"",""UNMAPPED_TOPIC"",""MATH_REPRESENTATION_UNDECLARED"",""PAU_MODALITY_UNDECLARED"",""SOLUTION_REVIEW_REQUIRED""]"
"cand-918b64eb-0512-505a-9d3d-e754c6013e13","ex-2c9dba2f-2baa-5933-afd2-0641e8bf8b56","3","2","[""ANSWER_MISSING"",""CHOICES_REQUIRED"",""SOLUTION_MISSING"",""PAU_MODALITY_UNDECLARED"",""SOLUTION_REVIEW_REQUIRED""]"
"cand-04a7839f-2b9f-59f0-852e-8b660f9a76ec","ex-9ffb6c06-6a4d-5a14-a868-0107736caa92","3","2","[""ANSWER_MISSING"",""CHOICES_REQUIRED"",""SOLUTION_MISSING"",""PAU_MODALITY_UNDECLARED"",""SOLUTION_REVIEW_REQUIRED""]"
"cand-a0da2f58-c1c7-50c8-9a3b-03d0964c021b","ex-b330ca16-19c9-5349-a315-2b830d9920cc","5","2","[""ANSWER_MISSING"",""MODALITIES_MISSING"",""MODALITY_UNDEMONSTRATED"",""SOLUTION_MISSING"",""UNMAPPED_TOPIC"",""PAU_MODALITY_UNDECLARED"",""SOLUTION_REVIEW_REQUIRED""]"
"cand-7223e1b8-b72d-5ad0-8c0f-84a1974af9db","ex-f2d181b4-60e8-5637-919b-3b749436441b","5","2","[""ANSWER_MISSING"",""MODALITIES_MISSING"",""MODALITY_UNDEMONSTRATED"",""SOLUTION_MISSING"",""UNMAPPED_TOPIC"",""PAU_MODALITY_UNDECLARED"",""SOLUTION_REVIEW_REQUIRED""]"
"cand-748843ce-6e2e-51e3-93c4-9cd6484449fb","ex-2af80973-274f-5ef9-84c2-0ba839cd5b7f","3","2","[""ANSWER_MISSING"",""CHOICES_REQUIRED"",""SOLUTION_MISSING"",""PAU_MODALITY_UNDECLARED"",""SOLUTION_REVIEW_REQUIRED""]"
"cand-c0f37611-e6df-5f71-ad5c-4d18dbb0398b","ex-fdc7836c-c087-58ae-9b50-664853c09bbb","3","2","[""ANSWER_MISSING"",""CHOICES_REQUIRED"",""SOLUTION_MISSING"",""PAU_MODALITY_UNDECLARED"",""SOLUTION_REVIEW_REQUIRED""]"
"cand-c40e76f8-d35a-5bc6-a8b2-1a3d6e977f3b","ex-13b1fdd0-b675-5b4c-8256-89612877ba45","5","4","[""ANSWER_MISSING"",""MODALITIES_MISSING"",""MODALITY_UNDEMONSTRATED"",""SOLUTION_MISSING"",""UNMAPPED_TOPIC"",""MATH_REPRESENTATION_UNDECLARED"",""PAU_DETAIL_INCOMPLETE"",""PAU_MODALITY_UNDECLARED"",""SOLUTION_REVIEW_REQUIRED""]"
"cand-2fa3b2cc-b51d-51b4-8132-3cab0dd8700d","ex-f6384f55-15e0-5576-a0b1-c784e6d0d54b","3","3","[""ANSWER_MISSING"",""CHOICES_REQUIRED"",""SOLUTION_MISSING"",""PAU_DETAIL_INCOMPLETE"",""PAU_MODALITY_UNDECLARED"",""SOLUTION_REVIEW_REQUIRED""]"
"cand-435370ea-7376-5be5-8ffd-2b6d2e282a3b","ex-a87ef6c7-92d9-5257-ac06-5d74a053f03c","5","3","[""ANSWER_MISSING"",""MODALITIES_MISSING"",""MODALITY_UNDEMONSTRATED"",""SOLUTION_MISSING"",""UNMAPPED_TOPIC"",""PAU_DETAIL_INCOMPLETE"",""PAU_MODALITY_UNDECLARED"",""SOLUTION_REVIEW_REQUIRED""]"
"cand-7cee29ca-9286-593e-8ca7-3d9c15c3b349","ex-60efac11-e1f0-52e4-8388-9b41251dc6c6","3","3","[""ANSWER_MISSING"",""CHOICES_REQUIRED"",""SOLUTION_MISSING"",""PAU_DETAIL_INCOMPLETE"",""PAU_MODALITY_UNDECLARED"",""SOLUTION_REVIEW_REQUIRED""]"
"cand-5f038d59-ccd7-5b5b-8797-de021dadba6f","ex-652e72e2-07a8-57b6-ae26-0ee77ae9d428","5","3","[""ANSWER_MISSING"",""MODALITIES_MISSING"",""MODALITY_UNDEMONSTRATED"",""SOLUTION_MISSING"",""UNMAPPED_TOPIC"",""MATH_REPRESENTATION_UNDECLARED"",""PAU_MODALITY_UNDECLARED"",""SOLUTION_REVIEW_REQUIRED""]"
"cand-4fcc8de3-2b82-5961-ac7c-36f104c45c9c","ex-294a1031-9d85-525e-93a0-1abf61b41b17","7","2","[""ANSWER_MISSING"",""COMMUNITY_UNMAPPED"",""MODALITIES_MISSING"",""MODALITY_UNDEMONSTRATED"",""PAU_COMMUNITY_MISSING"",""SOLUTION_MISSING"",""UNMAPPED_TOPIC"",""PAU_MODALITY_UNDECLARED"",""SOLUTION_REVIEW_REQUIRED""]"
"cand-7adaade8-e471-5a06-8eea-3667a48fdd34","ex-1654ea9e-b35b-5bb1-bdf3-42f8af46ad1f","3","2","[""ANSWER_MISSING"",""CHOICES_REQUIRED"",""SOLUTION_MISSING"",""PAU_MODALITY_UNDECLARED"",""SOLUTION_REVIEW_REQUIRED""]"
"cand-2e41fe96-89a2-560e-9cfa-a8602a2941ef","ex-6259c657-eb49-5f35-b17d-397cb4a49dab","3","2","[""ANSWER_MISSING"",""CHOICES_REQUIRED"",""SOLUTION_MISSING"",""PAU_MODALITY_UNDECLARED"",""SOLUTION_REVIEW_REQUIRED""]"
"cand-2725544c-58fa-5a25-859a-1089551b5225","ex-ccea6d57-8d8d-5711-a05f-9eb99072f0d5","5","3","[""ANSWER_MISSING"",""MODALITIES_MISSING"",""MODALITY_UNDEMONSTRATED"",""SOLUTION_MISSING"",""UNMAPPED_TOPIC"",""PAU_DETAIL_INCOMPLETE"",""PAU_MODALITY_UNDECLARED"",""SOLUTION_REVIEW_REQUIRED""]"
"cand-aea10efd-02da-5fc5-959c-2be958938009","ex-1e90db77-43c4-5d22-b512-13b5cd2edfd0","3","3","[""ANSWER_MISSING"",""CHOICES_REQUIRED"",""SOLUTION_MISSING"",""PAU_DETAIL_INCOMPLETE"",""PAU_MODALITY_UNDECLARED"",""SOLUTION_REVIEW_REQUIRED""]"
"cand-3dff8b7c-f4b3-5f9d-9cb6-c86ca1bcdc6e","ex-9fc45f1b-ba91-5aa0-adf9-24df61b2b33a","5","2","[""ANSWER_MISSING"",""MODALITIES_MISSING"",""MODALITY_UNDEMONSTRATED"",""SOLUTION_MISSING"",""UNMAPPED_TOPIC"",""PAU_MODALITY_UNDECLARED"",""SOLUTION_REVIEW_REQUIRED""]"
"cand-ff4fdcde-a371-51a3-87b6-033d5048bfca","ex-a6b00c21-610f-58fe-8b3e-2a6b2bf51b38","3","2","[""ANSWER_MISSING"",""CHOICES_REQUIRED"",""SOLUTION_MISSING"",""PAU_MODALITY_UNDECLARED"",""SOLUTION_REVIEW_REQUIRED""]"
"cand-4d316360-b436-5895-851f-97aafb08706b","ex-d55aedfb-30e0-561d-8df3-86a8329bbd79","5","2","[""ANSWER_MISSING"",""MODALITIES_MISSING"",""MODALITY_UNDEMONSTRATED"",""SOLUTION_MISSING"",""UNMAPPED_TOPIC"",""PAU_MODALITY_UNDECLARED"",""SOLUTION_REVIEW_REQUIRED""]"
"cand-72fbab59-d53d-5a05-8297-43ed574367d0","ex-a5705ac8-7f4e-5814-9321-71c2c41b7517","3","2","[""ANSWER_MISSING"",""CHOICES_REQUIRED"",""SOLUTION_MISSING"",""PAU_MODALITY_UNDECLARED"",""SOLUTION_REVIEW_REQUIRED""]"
"cand-ffe36b7a-6b43-5923-bdd2-711e414ffda9","ex-d04a958c-8d39-574b-a017-1df0d9d33d31","5","2","[""ANSWER_MISSING"",""MODALITIES_MISSING"",""MODALITY_UNDEMONSTRATED"",""SOLUTION_MISSING"",""UNMAPPED_TOPIC"",""PAU_MODALITY_UNDECLARED"",""SOLUTION_REVIEW_REQUIRED""]"
"cand-ec6e275c-eb19-5a3c-a44c-7fb3273d8c8f","ex-09323767-ba40-5320-8f53-90958569b4ef","5","2","[""ANSWER_MISSING"",""MODALITIES_MISSING"",""MODALITY_UNDEMONSTRATED"",""SOLUTION_MISSING"",""UNMAPPED_TOPIC"",""PAU_MODALITY_UNDECLARED"",""SOLUTION_REVIEW_REQUIRED""]"
"cand-c95e4b40-c7f1-5df9-82fa-b305110c236b","ex-216103dd-21ef-51ad-9620-e52f687ae24c","3","2","[""ANSWER_MISSING"",""CHOICES_REQUIRED"",""SOLUTION_MISSING"",""PAU_MODALITY_UNDECLARED"",""SOLUTION_REVIEW_REQUIRED""]"
"cand-69358050-0c03-58d5-bf4b-0184c5fe1e36","ex-54651acd-c854-522e-b6c2-1d0e71b6b5c8","5","3","[""ANSWER_MISSING"",""MODALITIES_MISSING"",""MODALITY_UNDEMONSTRATED"",""SOLUTION_MISSING"",""UNMAPPED_TOPIC"",""MATH_REPRESENTATION_UNDECLARED"",""PAU_MODALITY_UNDECLARED"",""SOLUTION_REVIEW_REQUIRED""]"
"cand-ee455221-ebd8-524b-91e7-fbce3ae1bd6d","ex-e434098a-4ec2-5960-a4dc-d0cfdb9f14b0","3","2","[""ANSWER_MISSING"",""CHOICES_REQUIRED"",""SOLUTION_MISSING"",""PAU_MODALITY_UNDECLARED"",""SOLUTION_REVIEW_REQUIRED""]"
"cand-442a5617-db7e-5eb2-af96-0cf22bc3af66","ex-5d711dc9-13de-5ce0-96f0-5719e445edfc","3","2","[""ANSWER_MISSING"",""CHOICES_REQUIRED"",""SOLUTION_MISSING"",""PAU_MODALITY_UNDECLARED"",""SOLUTION_REVIEW_REQUIRED""]"
"cand-4cbf2db4-1c2f-57df-84d6-5df1bacb3f0c","ex-f78fc720-ce89-503f-86eb-01c46ba69ef7","5","3","[""ANSWER_MISSING"",""MODALITIES_MISSING"",""MODALITY_UNDEMONSTRATED"",""SOLUTION_MISSING"",""UNMAPPED_TOPIC"",""MATH_REPRESENTATION_UNDECLARED"",""PAU_MODALITY_UNDECLARED"",""SOLUTION_REVIEW_REQUIRED""]"
"cand-d0eeeb7d-2d87-5c09-a8e9-9396d637608a","ex-c5199f0a-76f8-5dc1-ad1f-742fd8a83207","3","2","[""ANSWER_MISSING"",""CHOICES_REQUIRED"",""SOLUTION_MISSING"",""PAU_MODALITY_UNDECLARED"",""SOLUTION_REVIEW_REQUIRED""]"
"cand-fa439b7b-daba-5cdf-9e1b-b2aaec4c3f2d","ex-cd99d6b7-91c7-56bb-af1f-6e114125f8bb","5","2","[""ANSWER_MISSING"",""MODALITIES_MISSING"",""MODALITY_UNDEMONSTRATED"",""SOLUTION_MISSING"",""UNMAPPED_TOPIC"",""PAU_MODALITY_UNDECLARED"",""SOLUTION_REVIEW_REQUIRED""]"
"cand-b9488ebb-2805-5ab4-88c9-46446be0591a","ex-42667570-0016-569f-8100-3acd70396629","3","2","[""ANSWER_MISSING"",""CHOICES_REQUIRED"",""SOLUTION_MISSING"",""PAU_MODALITY_UNDECLARED"",""SOLUTION_REVIEW_REQUIRED""]"
"cand-4e10150e-aa3f-583d-a056-c732eab24579","ex-5a5b9b8c-a7d0-5917-b3fe-8ac571d66934","5","3","[""ANSWER_MISSING"",""MODALITIES_MISSING"",""MODALITY_UNDEMONSTRATED"",""SOLUTION_MISSING"",""UNMAPPED_TOPIC"",""PAU_DETAIL_INCOMPLETE"",""PAU_MODALITY_UNDECLARED"",""SOLUTION_REVIEW_REQUIRED""]"
"cand-9e50c016-3c6c-5d56-97b6-a91f670472de","ex-5d5cab8e-25f7-5194-8aac-eb85a1af620f","3","3","[""ANSWER_MISSING"",""CHOICES_REQUIRED"",""SOLUTION_MISSING"",""PAU_DETAIL_INCOMPLETE"",""PAU_MODALITY_UNDECLARED"",""SOLUTION_REVIEW_REQUIRED""]"
"cand-898011e8-c79b-5a3a-b2d1-641750a87fb9","ex-d15d37af-4858-5e63-8952-b0e768aafb64","5","3","[""ANSWER_MISSING"",""MODALITIES_MISSING"",""MODALITY_UNDEMONSTRATED"",""SOLUTION_MISSING"",""UNMAPPED_TOPIC"",""PAU_DETAIL_INCOMPLETE"",""PAU_MODALITY_UNDECLARED"",""SOLUTION_REVIEW_REQUIRED""]"
"cand-18f3da56-bf08-54e4-a172-19251a843475","ex-111040a8-e910-5972-916b-7006ea87b74a","3","3","[""ANSWER_MISSING"",""CHOICES_REQUIRED"",""SOLUTION_MISSING"",""PAU_DETAIL_INCOMPLETE"",""PAU_MODALITY_UNDECLARED"",""SOLUTION_REVIEW_REQUIRED""]"
"cand-2647780b-4afb-5c3f-85b4-89e6736d1171","ex-644c8abd-7621-5481-9562-904767f04b43","5","3","[""ANSWER_MISSING"",""MODALITIES_MISSING"",""MODALITY_UNDEMONSTRATED"",""SOLUTION_MISSING"",""UNMAPPED_TOPIC"",""PAU_DETAIL_INCOMPLETE"",""PAU_MODALITY_UNDECLARED"",""SOLUTION_REVIEW_REQUIRED""]"
"cand-f0d42306-7723-5e8c-bbc3-3ae8497cf255","ex-3c2b7813-12e1-50ec-833e-ccf9cf79da5f","3","3","[""ANSWER_MISSING"",""CHOICES_REQUIRED"",""SOLUTION_MISSING"",""PAU_DETAIL_INCOMPLETE"",""PAU_MODALITY_UNDECLARED"",""SOLUTION_REVIEW_REQUIRED""]"
"cand-608ecc2d-5cd4-5ca1-959f-c4fa012e9bd8","ex-a23e8216-d264-56de-bc73-3d5471a6ad58","5","4","[""ANSWER_MISSING"",""MODALITIES_MISSING"",""MODALITY_UNDEMONSTRATED"",""SOLUTION_MISSING"",""UNMAPPED_TOPIC"",""MATH_REPRESENTATION_UNDECLARED"",""PAU_DETAIL_INCOMPLETE"",""PAU_MODALITY_UNDECLARED"",""SOLUTION_REVIEW_REQUIRED""]"
"cand-3bc3b413-ace9-5379-a950-59927770fb3c","ex-40c78353-5221-5982-9038-096e108f0f57","3","3","[""ANSWER_MISSING"",""CHOICES_REQUIRED"",""SOLUTION_MISSING"",""PAU_DETAIL_INCOMPLETE"",""PAU_MODALITY_UNDECLARED"",""SOLUTION_REVIEW_REQUIRED""]"
"cand-46ddb3ff-d302-5845-96eb-4d42b8474678","ex-26ede4da-7031-5f92-807c-2d1b3b54a760","5","4","[""ANSWER_MISSING"",""MODALITIES_MISSING"",""MODALITY_UNDEMONSTRATED"",""SOLUTION_MISSING"",""UNMAPPED_TOPIC"",""MATH_REPRESENTATION_UNDECLARED"",""PAU_DETAIL_INCOMPLETE"",""PAU_MODALITY_UNDECLARED"",""SOLUTION_REVIEW_REQUIRED""]"
"cand-31947259-906a-51ef-9c56-b7dfacfd2a35","ex-a788517e-efae-556b-8300-8015c58820d7","3","3","[""ANSWER_MISSING"",""CHOICES_REQUIRED"",""SOLUTION_MISSING"",""PAU_DETAIL_INCOMPLETE"",""PAU_MODALITY_UNDECLARED"",""SOLUTION_REVIEW_REQUIRED""]"
"cand-f4bef6b8-43b1-5205-9ef4-c18cb01f241e","ex-9f2db4bc-badc-5537-8c20-23d6c76907a2","5","2","[""ANSWER_MISSING"",""MODALITIES_MISSING"",""MODALITY_UNDEMONSTRATED"",""SOLUTION_MISSING"",""UNMAPPED_TOPIC"",""PAU_MODALITY_UNDECLARED"",""SOLUTION_REVIEW_REQUIRED""]"
"cand-ebe35853-68c1-5f39-9458-12ac2d899b27","ex-ce1829c6-d0d0-5095-97c1-7fa0a7faa0d5","3","2","[""ANSWER_MISSING"",""CHOICES_REQUIRED"",""SOLUTION_MISSING"",""PAU_MODALITY_UNDECLARED"",""SOLUTION_REVIEW_REQUIRED""]"
"cand-c1ba9926-8fef-5b3a-8d1c-923169fbde6a","ex-0bfec524-4eb2-5dd5-af79-661b445273d3","5","4","[""ANSWER_MISSING"",""MODALITIES_MISSING"",""MODALITY_UNDEMONSTRATED"",""SOLUTION_MISSING"",""UNMAPPED_TOPIC"",""MATH_REPRESENTATION_UNDECLARED"",""PAU_DETAIL_INCOMPLETE"",""PAU_MODALITY_UNDECLARED"",""SOLUTION_REVIEW_REQUIRED""]"
"cand-eba64c76-c5f0-54a9-9e73-8e6008cb6970","ex-74526c30-c6c3-56e8-b22d-45f9fe9b0d69","3","3","[""ANSWER_MISSING"",""CHOICES_REQUIRED"",""SOLUTION_MISSING"",""PAU_DETAIL_INCOMPLETE"",""PAU_MODALITY_UNDECLARED"",""SOLUTION_REVIEW_REQUIRED""]"
"cand-96f866fe-dc96-5de9-ab86-55441cd958cc","ex-4d865738-53ee-5a37-84a8-2069f4f99ad8","5","4","[""ANSWER_MISSING"",""MODALITIES_MISSING"",""MODALITY_UNDEMONSTRATED"",""SOLUTION_MISSING"",""UNMAPPED_TOPIC"",""MATH_REPRESENTATION_UNDECLARED"",""PAU_DETAIL_INCOMPLETE"",""PAU_MODALITY_UNDECLARED"",""SOLUTION_REVIEW_REQUIRED""]"
"cand-1eaad264-f257-5222-911a-3340cf346cc3","ex-89f79422-c2b1-5088-98f5-bfbd16568d16","3","3","[""ANSWER_MISSING"",""CHOICES_REQUIRED"",""SOLUTION_MISSING"",""PAU_DETAIL_INCOMPLETE"",""PAU_MODALITY_UNDECLARED"",""SOLUTION_REVIEW_REQUIRED""]"
"cand-590902a8-0dc3-5de0-8cdc-feb214a06f05","ex-af7e9d64-5e6c-5692-a500-f400a9f72ba5","5","3","[""ANSWER_MISSING"",""MODALITIES_MISSING"",""MODALITY_UNDEMONSTRATED"",""SOLUTION_MISSING"",""UNMAPPED_TOPIC"",""MATH_REPRESENTATION_UNDECLARED"",""PAU_MODALITY_UNDECLARED"",""SOLUTION_REVIEW_REQUIRED""]"
"cand-8da1bfaa-3c41-59a7-b083-3971ec3543ce","ex-2e03ab24-62bb-536f-924b-8826c9344d6a","3","2","[""ANSWER_MISSING"",""CHOICES_REQUIRED"",""SOLUTION_MISSING"",""PAU_MODALITY_UNDECLARED"",""SOLUTION_REVIEW_REQUIRED""]"
"cand-bf7eff6c-ba85-5619-acb2-f43ea4eccec2","ex-493e6e64-5bf0-54de-bf4e-a2b070b9c524","5","2","[""ANSWER_MISSING"",""MODALITIES_MISSING"",""MODALITY_UNDEMONSTRATED"",""SOLUTION_MISSING"",""UNMAPPED_TOPIC"",""PAU_MODALITY_UNDECLARED"",""SOLUTION_REVIEW_REQUIRED""]"
"cand-cc13252e-7545-5f0b-814e-08dc681d4e56","ex-75195e1d-8cf9-5f8f-b6a9-e1f8c4735fce","3","2","[""ANSWER_MISSING"",""CHOICES_REQUIRED"",""SOLUTION_MISSING"",""PAU_MODALITY_UNDECLARED"",""SOLUTION_REVIEW_REQUIRED""]"
"cand-53b2ab95-d87e-56b9-89d9-5d459bfcd882","ex-a8b2a1ae-e034-5f37-873a-074ddfe99cbf","5","4","[""ANSWER_MISSING"",""MODALITIES_MISSING"",""MODALITY_UNDEMONSTRATED"",""SOLUTION_MISSING"",""UNMAPPED_TOPIC"",""MATH_REPRESENTATION_UNDECLARED"",""PAU_DETAIL_INCOMPLETE"",""PAU_MODALITY_UNDECLARED"",""SOLUTION_REVIEW_REQUIRED""]"
"cand-3f7e9382-7b42-565b-be91-8ac7d9f4bc40","ex-e4041111-b436-5408-aa84-c4f3908cf449","3","3","[""ANSWER_MISSING"",""CHOICES_REQUIRED"",""SOLUTION_MISSING"",""PAU_DETAIL_INCOMPLETE"",""PAU_MODALITY_UNDECLARED"",""SOLUTION_REVIEW_REQUIRED""]"
"cand-0d616d06-04df-59ea-a835-d71f14517325","ex-cd57f33b-175d-5a3d-a07c-d8ea934426a9","5","3","[""ANSWER_MISSING"",""MODALITIES_MISSING"",""MODALITY_UNDEMONSTRATED"",""SOLUTION_MISSING"",""UNMAPPED_TOPIC"",""PAU_DETAIL_INCOMPLETE"",""PAU_MODALITY_UNDECLARED"",""SOLUTION_REVIEW_REQUIRED""]"
"cand-904c62d3-631f-5e63-8511-93892ffbc710","ex-c5c3418b-f489-5401-96cb-867b39d00eae","3","3","[""ANSWER_MISSING"",""CHOICES_REQUIRED"",""SOLUTION_MISSING"",""PAU_DETAIL_INCOMPLETE"",""PAU_MODALITY_UNDECLARED"",""SOLUTION_REVIEW_REQUIRED""]"
"cand-dee47ce2-a5d7-551f-946a-98593ed831bf","ex-ef113913-4ea1-5a3c-a042-d1cced86e440","5","3","[""ANSWER_MISSING"",""MODALITIES_MISSING"",""MODALITY_UNDEMONSTRATED"",""SOLUTION_MISSING"",""UNMAPPED_TOPIC"",""MATH_REPRESENTATION_UNDECLARED"",""PAU_MODALITY_UNDECLARED"",""SOLUTION_REVIEW_REQUIRED""]"
"cand-2a4a7320-eccb-59e3-bb0e-7e18d11f7f92","ex-28e61f8d-be7f-51c4-bb2a-07484a0cc8a7","5","2","[""ANSWER_MISSING"",""MODALITIES_MISSING"",""MODALITY_UNDEMONSTRATED"",""SOLUTION_MISSING"",""UNMAPPED_TOPIC"",""PAU_MODALITY_UNDECLARED"",""SOLUTION_REVIEW_REQUIRED""]"
"cand-ad098cef-1512-5215-915b-3cb9a5132fcf","ex-699dcf27-9161-50a9-a65c-d529d6ff78f5","5","3","[""ANSWER_MISSING"",""MODALITIES_MISSING"",""MODALITY_UNDEMONSTRATED"",""SOLUTION_MISSING"",""UNMAPPED_TOPIC"",""MATH_REPRESENTATION_UNDECLARED"",""PAU_MODALITY_UNDECLARED"",""SOLUTION_REVIEW_REQUIRED""]"
"cand-32b8dfaa-457b-5a9c-9b2c-235a0c8fbebe","ex-3198e38d-a28a-596c-9246-bab332f27179","3","2","[""ANSWER_MISSING"",""CHOICES_REQUIRED"",""SOLUTION_MISSING"",""PAU_MODALITY_UNDECLARED"",""SOLUTION_REVIEW_REQUIRED""]"
"cand-64f56df0-4ae9-5ef6-80f8-47e82521e600","ex-235c99c6-df67-5c87-8e70-cd5392e24a96","5","3","[""ANSWER_MISSING"",""MODALITIES_MISSING"",""MODALITY_UNDEMONSTRATED"",""SOLUTION_MISSING"",""UNMAPPED_TOPIC"",""PAU_DETAIL_INCOMPLETE"",""PAU_MODALITY_UNDECLARED"",""SOLUTION_REVIEW_REQUIRED""]"
"cand-f897c95a-0a0a-5d9d-bb36-73d2385bbf0f","ex-b5daf9d3-ebc7-5da5-a632-488e5ea8601f","3","3","[""ANSWER_MISSING"",""CHOICES_REQUIRED"",""SOLUTION_MISSING"",""PAU_DETAIL_INCOMPLETE"",""PAU_MODALITY_UNDECLARED"",""SOLUTION_REVIEW_REQUIRED""]"
"cand-0f24f279-1a35-5032-8338-13eca7e856c6","ex-2f87da1a-602a-52c3-a5f3-06d44aad7b6e","5","3","[""ANSWER_MISSING"",""MODALITIES_MISSING"",""MODALITY_UNDEMONSTRATED"",""SOLUTION_MISSING"",""UNMAPPED_TOPIC"",""PAU_DETAIL_INCOMPLETE"",""PAU_MODALITY_UNDECLARED"",""SOLUTION_REVIEW_REQUIRED""]"
"cand-ed346c43-84b4-59ff-a07a-4e030d73d193","ex-d1b617c4-2f7e-5c15-9b51-83e6d6dad1e5","3","3","[""ANSWER_MISSING"",""CHOICES_REQUIRED"",""SOLUTION_MISSING"",""PAU_DETAIL_INCOMPLETE"",""PAU_MODALITY_UNDECLARED"",""SOLUTION_REVIEW_REQUIRED""]"
"cand-3aa511d4-4b20-5da3-849f-10ae05f95c38","ex-b9248c0e-18d5-54eb-b614-7734763ab3eb","5","2","[""ANSWER_MISSING"",""MODALITIES_MISSING"",""MODALITY_UNDEMONSTRATED"",""SOLUTION_MISSING"",""UNMAPPED_TOPIC"",""PAU_MODALITY_UNDECLARED"",""SOLUTION_REVIEW_REQUIRED""]"
"cand-5ec0920f-ee1c-5ad5-9544-a37f88ca8398","ex-57e7d9ae-f395-5f84-9049-f75d96948697","3","2","[""ANSWER_MISSING"",""CHOICES_REQUIRED"",""SOLUTION_MISSING"",""PAU_MODALITY_UNDECLARED"",""SOLUTION_REVIEW_REQUIRED""]"
"cand-01b5acd3-1788-5096-9890-681192fbf5c4","ex-628e5334-7fd3-55f2-be96-bf9b058084c8","5","3","[""ANSWER_MISSING"",""MODALITIES_MISSING"",""MODALITY_UNDEMONSTRATED"",""SOLUTION_MISSING"",""UNMAPPED_TOPIC"",""MATH_REPRESENTATION_UNDECLARED"",""PAU_MODALITY_UNDECLARED"",""SOLUTION_REVIEW_REQUIRED""]"
"cand-5ea7f8d0-e527-5356-a988-e0255802f4c1","ex-19176e21-6622-5fee-9923-a206d9575bcb","3","2","[""ANSWER_MISSING"",""CHOICES_REQUIRED"",""SOLUTION_MISSING"",""PAU_MODALITY_UNDECLARED"",""SOLUTION_REVIEW_REQUIRED""]"
"cand-674bbfca-6b23-570b-b7e0-b1acceeba131","ex-bc492ca7-8187-5200-b252-b1a0e91dd39f","5","2","[""ANSWER_MISSING"",""MODALITIES_MISSING"",""MODALITY_UNDEMONSTRATED"",""SOLUTION_MISSING"",""UNMAPPED_TOPIC"",""PAU_MODALITY_UNDECLARED"",""SOLUTION_REVIEW_REQUIRED""]"
"cand-204650aa-230e-5dfc-a6ed-b71a145a3b83","ex-21fe47d7-6ad1-5fe2-b72b-544178d48421","3","2","[""ANSWER_MISSING"",""CHOICES_REQUIRED"",""SOLUTION_MISSING"",""PAU_MODALITY_UNDECLARED"",""SOLUTION_REVIEW_REQUIRED""]"
"cand-e301b8bf-0a6a-5e1b-b97d-ff3ca2b03536","ex-e5626dc4-2457-5d46-b075-f6ab81233890","5","2","[""ANSWER_MISSING"",""MODALITIES_MISSING"",""MODALITY_UNDEMONSTRATED"",""SOLUTION_MISSING"",""UNMAPPED_TOPIC"",""PAU_MODALITY_UNDECLARED"",""SOLUTION_REVIEW_REQUIRED""]"
"cand-e85a0933-9bd7-52a5-ad85-39c5e9424c3c","ex-241847e0-17ad-5f1e-ad16-2d77cfc812b6","7","2","[""ANSWER_MISSING"",""COMMUNITY_UNMAPPED"",""MODALITIES_MISSING"",""MODALITY_UNDEMONSTRATED"",""PAU_COMMUNITY_MISSING"",""SOLUTION_MISSING"",""UNMAPPED_TOPIC"",""PAU_MODALITY_UNDECLARED"",""SOLUTION_REVIEW_REQUIRED""]"
"cand-c9d20f6c-e0aa-5c89-ba85-25747bdb7711","ex-f84d8776-58b3-53ea-8421-2bb2686353c0","3","2","[""ANSWER_MISSING"",""CHOICES_REQUIRED"",""SOLUTION_MISSING"",""PAU_MODALITY_UNDECLARED"",""SOLUTION_REVIEW_REQUIRED""]"
"cand-9fc72768-7291-5b42-acd5-4445cfa519f8","ex-313df470-e2f2-5f9e-a1a7-9d063f61f3a3","3","2","[""ANSWER_MISSING"",""CHOICES_REQUIRED"",""SOLUTION_MISSING"",""PAU_MODALITY_UNDECLARED"",""SOLUTION_REVIEW_REQUIRED""]"
"cand-4a0ac45b-40a9-5ffb-b4b7-85c6f3f00572","ex-d4e43a2c-8212-5208-8c72-31df3e1c3f8b","5","3","[""ANSWER_MISSING"",""MODALITIES_MISSING"",""MODALITY_UNDEMONSTRATED"",""SOLUTION_MISSING"",""UNMAPPED_TOPIC"",""MATH_REPRESENTATION_UNDECLARED"",""PAU_MODALITY_UNDECLARED"",""SOLUTION_REVIEW_REQUIRED""]"
"cand-a355fb56-d3a7-5b63-be2c-1973eb9597bc","ex-771fbe37-f5bd-5b01-bd71-c5f1bd17bf0b","3","2","[""ANSWER_MISSING"",""CHOICES_REQUIRED"",""SOLUTION_MISSING"",""PAU_MODALITY_UNDECLARED"",""SOLUTION_REVIEW_REQUIRED""]"
"cand-5aaf7cd2-5af2-55a3-a3e1-e40b189f9b35","ex-ba9d1aab-d059-5231-b79b-9baeaf7957ea","5","3","[""ANSWER_MISSING"",""MODALITIES_MISSING"",""MODALITY_UNDEMONSTRATED"",""SOLUTION_MISSING"",""UNMAPPED_TOPIC"",""MATH_REPRESENTATION_UNDECLARED"",""PAU_MODALITY_UNDECLARED"",""SOLUTION_REVIEW_REQUIRED""]"
"cand-0471d743-a2bd-54b9-a88c-387e12256ff2","ex-40e9a7cb-2f24-5561-8217-4ed0e8f18cf8","3","2","[""ANSWER_MISSING"",""CHOICES_REQUIRED"",""SOLUTION_MISSING"",""PAU_MODALITY_UNDECLARED"",""SOLUTION_REVIEW_REQUIRED""]"
"cand-ea495f96-804b-5ac7-8f2f-221f1e7b314b","ex-52133d84-174b-5cbd-b816-4e9a47b33837","5","2","[""ANSWER_MISSING"",""MODALITIES_MISSING"",""MODALITY_UNDEMONSTRATED"",""SOLUTION_MISSING"",""UNMAPPED_TOPIC"",""PAU_MODALITY_UNDECLARED"",""SOLUTION_REVIEW_REQUIRED""]"
"cand-dd643dfa-030e-5044-aedd-b5e99874fc85","ex-b61dc6ec-94e0-59cd-98b6-0e948886429a","3","2","[""ANSWER_MISSING"",""CHOICES_REQUIRED"",""SOLUTION_MISSING"",""PAU_MODALITY_UNDECLARED"",""SOLUTION_REVIEW_REQUIRED""]"
"cand-19cf4ca6-4764-56d5-9c51-19d2a215bcf9","ex-af43ea5f-dbea-5792-a6c4-34782c669013","5","3","[""ANSWER_MISSING"",""MODALITIES_MISSING"",""MODALITY_UNDEMONSTRATED"",""SOLUTION_MISSING"",""UNMAPPED_TOPIC"",""PAU_DETAIL_INCOMPLETE"",""PAU_MODALITY_UNDECLARED"",""SOLUTION_REVIEW_REQUIRED""]"
"cand-283e8ec9-b7da-53fe-9cd9-770ef01e2236","ex-0df4c7c4-5ebf-5069-92b0-fba412bc5412","3","3","[""ANSWER_MISSING"",""CHOICES_REQUIRED"",""SOLUTION_MISSING"",""PAU_DETAIL_INCOMPLETE"",""PAU_MODALITY_UNDECLARED"",""SOLUTION_REVIEW_REQUIRED""]"
"cand-9a0d334e-1026-5d29-89d2-d6f97b3b4ef0","ex-64130c50-3873-5ffd-95a8-b1eb199fe112","5","3","[""ANSWER_MISSING"",""MODALITIES_MISSING"",""MODALITY_UNDEMONSTRATED"",""SOLUTION_MISSING"",""UNMAPPED_TOPIC"",""MATH_REPRESENTATION_UNDECLARED"",""PAU_MODALITY_UNDECLARED"",""SOLUTION_REVIEW_REQUIRED""]"
"cand-3804de42-61a0-527a-a0a1-970923ef447c","ex-e570b457-ebab-5643-bc5b-da6f867ba679","3","2","[""ANSWER_MISSING"",""CHOICES_REQUIRED"",""SOLUTION_MISSING"",""PAU_MODALITY_UNDECLARED"",""SOLUTION_REVIEW_REQUIRED""]"
"cand-3127b945-9b94-5daa-9d3d-6c0cee846d33","ex-b48af95c-ef11-59d3-839e-3886b224a8dc","5","3","[""ANSWER_MISSING"",""MODALITIES_MISSING"",""MODALITY_UNDEMONSTRATED"",""SOLUTION_MISSING"",""UNMAPPED_TOPIC"",""MATH_REPRESENTATION_UNDECLARED"",""PAU_MODALITY_UNDECLARED"",""SOLUTION_REVIEW_REQUIRED""]"
"cand-7d3e8936-0aea-5716-abf5-0cae092d2d08","ex-32d9214f-358b-5746-9a0c-bdbb24b7e47a","3","2","[""ANSWER_MISSING"",""CHOICES_REQUIRED"",""SOLUTION_MISSING"",""PAU_MODALITY_UNDECLARED"",""SOLUTION_REVIEW_REQUIRED""]"
"cand-1ad1932b-8267-5a55-aba7-dddd2e083708","ex-1b0057fb-7563-5213-b299-b45600e7e1d3","5","2","[""ANSWER_MISSING"",""MODALITIES_MISSING"",""MODALITY_UNDEMONSTRATED"",""SOLUTION_MISSING"",""UNMAPPED_TOPIC"",""PAU_MODALITY_UNDECLARED"",""SOLUTION_REVIEW_REQUIRED""]"
"cand-b988330a-b224-5a5a-9bc0-01bf100223bc","ex-131fa8c5-ba7e-5075-84ca-35ad2794be21","3","2","[""ANSWER_MISSING"",""CHOICES_REQUIRED"",""SOLUTION_MISSING"",""PAU_MODALITY_UNDECLARED"",""SOLUTION_REVIEW_REQUIRED""]"
"cand-1219a243-6282-596f-98c1-d59420edc5f0","ex-47fca64f-3607-55bb-aef2-01491cc97d17","5","4","[""ANSWER_MISSING"",""MODALITIES_MISSING"",""MODALITY_UNDEMONSTRATED"",""SOLUTION_MISSING"",""UNMAPPED_TOPIC"",""MATH_REPRESENTATION_UNDECLARED"",""PAU_DETAIL_INCOMPLETE"",""PAU_MODALITY_UNDECLARED"",""SOLUTION_REVIEW_REQUIRED""]"
"cand-44b493bf-c45f-5027-844f-13c8fd874945","ex-f2b244b6-1f27-5cad-98a6-64ef7c49824e","3","3","[""ANSWER_MISSING"",""CHOICES_REQUIRED"",""SOLUTION_MISSING"",""PAU_DETAIL_INCOMPLETE"",""PAU_MODALITY_UNDECLARED"",""SOLUTION_REVIEW_REQUIRED""]"
"cand-681aba2b-5bb0-518d-b92c-8484b2e28c44","ex-5b63ce7a-b148-5b46-b56e-2117a9375a15","5","4","[""ANSWER_MISSING"",""MODALITIES_MISSING"",""MODALITY_UNDEMONSTRATED"",""SOLUTION_MISSING"",""UNMAPPED_TOPIC"",""MATH_REPRESENTATION_UNDECLARED"",""PAU_DETAIL_INCOMPLETE"",""PAU_MODALITY_UNDECLARED"",""SOLUTION_REVIEW_REQUIRED""]"
"cand-1a94d3a6-b75a-5ea9-bbaf-b9ff7cb064c9","ex-7607ceb6-1df5-567c-ba2d-a40619525b76","3","3","[""ANSWER_MISSING"",""CHOICES_REQUIRED"",""SOLUTION_MISSING"",""PAU_DETAIL_INCOMPLETE"",""PAU_MODALITY_UNDECLARED"",""SOLUTION_REVIEW_REQUIRED""]"
"cand-b4d02446-7b9a-5520-9993-79a199905a69","ex-e7c24dab-2665-5505-99fd-88be90bcb491","5","4","[""ANSWER_MISSING"",""MODALITIES_MISSING"",""MODALITY_UNDEMONSTRATED"",""SOLUTION_MISSING"",""UNMAPPED_TOPIC"",""MATH_REPRESENTATION_UNDECLARED"",""PAU_DETAIL_INCOMPLETE"",""PAU_MODALITY_UNDECLARED"",""SOLUTION_REVIEW_REQUIRED""]"
"cand-49b08b0a-f056-5613-bcca-8c6728c30995","ex-0fd46619-2571-500f-a007-7ed4aa693a69","3","3","[""ANSWER_MISSING"",""CHOICES_REQUIRED"",""SOLUTION_MISSING"",""PAU_DETAIL_INCOMPLETE"",""PAU_MODALITY_UNDECLARED"",""SOLUTION_REVIEW_REQUIRED""]"
"cand-7fb75e86-b3e3-5ce5-8fee-3b94339183e6","ex-bf17dd8e-5072-558c-8ef0-34d5c6454aea","5","4","[""ANSWER_MISSING"",""MODALITIES_MISSING"",""MODALITY_UNDEMONSTRATED"",""SOLUTION_MISSING"",""UNMAPPED_TOPIC"",""MATH_REPRESENTATION_UNDECLARED"",""PAU_DETAIL_INCOMPLETE"",""PAU_MODALITY_UNDECLARED"",""SOLUTION_REVIEW_REQUIRED""]"
"cand-23bbf461-5695-5e53-bb2e-46ceca80458a","ex-219c99c4-3200-51f0-a2c0-00da48186f0b","3","3","[""ANSWER_MISSING"",""CHOICES_REQUIRED"",""SOLUTION_MISSING"",""PAU_DETAIL_INCOMPLETE"",""PAU_MODALITY_UNDECLARED"",""SOLUTION_REVIEW_REQUIRED""]"
"cand-baffb918-d026-5b69-8da7-ac5e045628da","ex-d96fc942-964a-5a2e-864b-b98694f13af3","5","3","[""ANSWER_MISSING"",""MODALITIES_MISSING"",""MODALITY_UNDEMONSTRATED"",""SOLUTION_MISSING"",""UNMAPPED_TOPIC"",""MATH_REPRESENTATION_UNDECLARED"",""PAU_MODALITY_UNDECLARED"",""SOLUTION_REVIEW_REQUIRED""]"
"cand-d9a9a449-cade-5074-a235-e914b949534d","ex-d2bbcd77-9961-55ea-87a4-f224b36c294d","3","2","[""ANSWER_MISSING"",""CHOICES_REQUIRED"",""SOLUTION_MISSING"",""PAU_MODALITY_UNDECLARED"",""SOLUTION_REVIEW_REQUIRED""]"
"cand-48c5dbac-643a-569a-9a47-3e40b7c0c035","ex-b9508207-bcd2-554e-a262-caa6e670a595","5","2","[""ANSWER_MISSING"",""MODALITIES_MISSING"",""MODALITY_UNDEMONSTRATED"",""SOLUTION_MISSING"",""UNMAPPED_TOPIC"",""PAU_MODALITY_UNDECLARED"",""SOLUTION_REVIEW_REQUIRED""]"
"cand-aff9b165-ec2a-5296-be1d-91870c63b0d5","ex-50859e11-1bf3-5615-b9e4-e337cbe32e55","3","2","[""ANSWER_MISSING"",""CHOICES_REQUIRED"",""SOLUTION_MISSING"",""PAU_MODALITY_UNDECLARED"",""SOLUTION_REVIEW_REQUIRED""]"
"cand-2982fdd6-aec7-55df-871a-9f1a33da6a6b","ex-d6524ab3-de15-5dd0-b664-1bd58eab2a98","5","2","[""ANSWER_MISSING"",""MODALITIES_MISSING"",""MODALITY_UNDEMONSTRATED"",""SOLUTION_MISSING"",""UNMAPPED_TOPIC"",""PAU_MODALITY_UNDECLARED"",""SOLUTION_REVIEW_REQUIRED""]"
"cand-2368523c-6c83-5e53-acfd-681b0b3de029","ex-c315c138-b6c9-5ec4-94ad-04d98b5c185c","3","2","[""ANSWER_MISSING"",""CHOICES_REQUIRED"",""SOLUTION_MISSING"",""PAU_MODALITY_UNDECLARED"",""SOLUTION_REVIEW_REQUIRED""]"
"cand-676bf5e6-a094-5c27-b2d7-d170e75b572c","ex-0e7448a7-1913-5295-9206-4261d701311c","5","3","[""ANSWER_MISSING"",""MODALITIES_MISSING"",""MODALITY_UNDEMONSTRATED"",""SOLUTION_MISSING"",""UNMAPPED_TOPIC"",""MATH_REPRESENTATION_UNDECLARED"",""PAU_MODALITY_UNDECLARED"",""SOLUTION_REVIEW_REQUIRED""]"
"cand-0af74c8f-01bc-589a-8ce0-84fa78ede654","ex-7384a4ec-0efb-5896-ab5f-516e6ba3212c","3","2","[""ANSWER_MISSING"",""CHOICES_REQUIRED"",""SOLUTION_MISSING"",""PAU_MODALITY_UNDECLARED"",""SOLUTION_REVIEW_REQUIRED""]"
"cand-3fe29362-335f-5e26-b526-3c0cd471dc57","ex-a0621dab-a04c-5bbf-b3d8-f88d052edd93","5","2","[""ANSWER_MISSING"",""MODALITIES_MISSING"",""MODALITY_UNDEMONSTRATED"",""SOLUTION_MISSING"",""UNMAPPED_TOPIC"",""PAU_MODALITY_UNDECLARED"",""SOLUTION_REVIEW_REQUIRED""]"
"cand-cf71271e-0aaa-5421-9f01-8e77dd2fefd2","ex-79b85901-0bcc-549c-94db-23d37c2a54ed","3","2","[""ANSWER_MISSING"",""CHOICES_REQUIRED"",""SOLUTION_MISSING"",""PAU_MODALITY_UNDECLARED"",""SOLUTION_REVIEW_REQUIRED""]"
"cand-eaf7c146-9c01-5a7a-a9eb-c9f4d2c0ae1e","ex-09129b7a-0493-5c89-8a25-4d0b8a79513b","5","3","[""ANSWER_MISSING"",""MODALITIES_MISSING"",""MODALITY_UNDEMONSTRATED"",""SOLUTION_MISSING"",""UNMAPPED_TOPIC"",""PAU_DETAIL_INCOMPLETE"",""PAU_MODALITY_UNDECLARED"",""SOLUTION_REVIEW_REQUIRED""]"
"cand-584dc601-cb53-5f57-b516-ec315ca84d89","ex-ccde3bae-e4d5-5008-a8dc-b3b5fc7bba0b","3","3","[""ANSWER_MISSING"",""CHOICES_REQUIRED"",""SOLUTION_MISSING"",""PAU_DETAIL_INCOMPLETE"",""PAU_MODALITY_UNDECLARED"",""SOLUTION_REVIEW_REQUIRED""]"
"cand-284939d3-60aa-588d-8337-195a10cfed16","ex-ef8bd541-b798-586c-b91b-1b0750b19307","5","3","[""ANSWER_MISSING"",""MODALITIES_MISSING"",""MODALITY_UNDEMONSTRATED"",""SOLUTION_MISSING"",""UNMAPPED_TOPIC"",""MATH_REPRESENTATION_UNDECLARED"",""PAU_MODALITY_UNDECLARED"",""SOLUTION_REVIEW_REQUIRED""]"
"cand-e9172e95-155f-5ae7-8596-abd759bf7614","ex-25e510c6-931b-50fc-93ba-54b1f06564c8","3","2","[""ANSWER_MISSING"",""CHOICES_REQUIRED"",""SOLUTION_MISSING"",""PAU_MODALITY_UNDECLARED"",""SOLUTION_REVIEW_REQUIRED""]"
"cand-5f19d713-3ac0-5287-9185-7ecdf5bb02fb","ex-3f70e8f4-46d9-53c4-a992-459431230384","5","3","[""ANSWER_MISSING"",""MODALITIES_MISSING"",""MODALITY_UNDEMONSTRATED"",""SOLUTION_MISSING"",""UNMAPPED_TOPIC"",""MATH_REPRESENTATION_UNDECLARED"",""PAU_MODALITY_UNDECLARED"",""SOLUTION_REVIEW_REQUIRED""]"
"cand-c5d6425b-f19a-581b-a3e8-85068fb678f1","ex-bdaa1851-b12a-5f4b-ab49-359730da63e7","3","2","[""ANSWER_MISSING"",""CHOICES_REQUIRED"",""SOLUTION_MISSING"",""PAU_MODALITY_UNDECLARED"",""SOLUTION_REVIEW_REQUIRED""]"
"cand-2829bc6b-f0c1-583d-b590-28a14c75db7b","ex-397094f7-9481-5906-b04f-bbe5395966bf","5","2","[""ANSWER_MISSING"",""MODALITIES_MISSING"",""MODALITY_UNDEMONSTRATED"",""SOLUTION_MISSING"",""UNMAPPED_TOPIC"",""PAU_MODALITY_UNDECLARED"",""SOLUTION_REVIEW_REQUIRED""]"
"cand-12c898dd-547d-5ef2-ac10-fb1849a84771","ex-3ebc06c5-859b-53ce-bcf8-6f1727d7aced","5","3","[""ANSWER_MISSING"",""MODALITIES_MISSING"",""MODALITY_UNDEMONSTRATED"",""SOLUTION_MISSING"",""UNMAPPED_TOPIC"",""MATH_REPRESENTATION_UNDECLARED"",""PAU_MODALITY_UNDECLARED"",""SOLUTION_REVIEW_REQUIRED""]"
"cand-62478fd9-f363-53c6-b371-6853532c1053","ex-1e165849-6dfc-5c48-b169-d47d17646f68","3","2","[""ANSWER_MISSING"",""CHOICES_REQUIRED"",""SOLUTION_MISSING"",""PAU_MODALITY_UNDECLARED"",""SOLUTION_REVIEW_REQUIRED""]"
"cand-8c769281-4f2c-5da4-8bf2-345dbf9364da","ex-92881ed6-976c-5216-9909-68261fdade32","5","2","[""ANSWER_MISSING"",""MODALITIES_MISSING"",""MODALITY_UNDEMONSTRATED"",""SOLUTION_MISSING"",""UNMAPPED_TOPIC"",""PAU_MODALITY_UNDECLARED"",""SOLUTION_REVIEW_REQUIRED""]"
"cand-fbfcbe5b-59b9-54fa-b3f7-d0a06752d6a9","ex-301f9b0d-4352-5a28-acb1-24cf7595fc0e","3","2","[""ANSWER_MISSING"",""CHOICES_REQUIRED"",""SOLUTION_MISSING"",""PAU_MODALITY_UNDECLARED"",""SOLUTION_REVIEW_REQUIRED""]"
"cand-bb89fe50-3a0e-51db-bd3e-105c7f7f19b2","ex-85c411b1-10a0-5e15-912d-d286cb92acba","3","2","[""ANSWER_MISSING"",""CHOICES_REQUIRED"",""SOLUTION_MISSING"",""PAU_MODALITY_UNDECLARED"",""SOLUTION_REVIEW_REQUIRED""]"
"cand-2ad5c09f-0589-5576-9201-6687c598b872","ex-2e3c50c5-beb7-543f-8042-01a651f846e2","5","2","[""ANSWER_MISSING"",""MODALITIES_MISSING"",""MODALITY_UNDEMONSTRATED"",""SOLUTION_MISSING"",""UNMAPPED_TOPIC"",""PAU_MODALITY_UNDECLARED"",""SOLUTION_REVIEW_REQUIRED""]"
"cand-6a6c3ef9-e9b1-59ff-b148-1d7fa41ee5af","ex-f14611f0-2788-52de-af14-177c5821224f","7","2","[""ANSWER_MISSING"",""COMMUNITY_UNMAPPED"",""MODALITIES_MISSING"",""MODALITY_UNDEMONSTRATED"",""PAU_COMMUNITY_MISSING"",""SOLUTION_MISSING"",""UNMAPPED_TOPIC"",""PAU_MODALITY_UNDECLARED"",""SOLUTION_REVIEW_REQUIRED""]"
"cand-8add76d2-6d52-5176-ac54-ce13b7338e94","ex-955d8b0f-8a84-5e1b-af25-63a9d6f58016","3","2","[""ANSWER_MISSING"",""CHOICES_REQUIRED"",""SOLUTION_MISSING"",""PAU_MODALITY_UNDECLARED"",""SOLUTION_REVIEW_REQUIRED""]"
"cand-f72d95f8-87e0-58b7-aa77-d4f700867a3b","ex-15880bd8-8fe9-5392-b311-34c671311423","3","2","[""ANSWER_MISSING"",""CHOICES_REQUIRED"",""SOLUTION_MISSING"",""PAU_MODALITY_UNDECLARED"",""SOLUTION_REVIEW_REQUIRED""]"
"cand-cc4b15cf-8b53-5db1-9ef1-c260a1903f60","ex-1877a95e-2a9a-527c-82b2-fe473a0d5d25","5","2","[""ANSWER_MISSING"",""MODALITIES_MISSING"",""MODALITY_UNDEMONSTRATED"",""SOLUTION_MISSING"",""UNMAPPED_TOPIC"",""PAU_MODALITY_UNDECLARED"",""SOLUTION_REVIEW_REQUIRED""]"
"cand-a7f7eea1-59ca-5bbb-9115-2a1763b384e3","ex-9129e366-dc67-5390-86c3-29f19ad2c13a","3","2","[""ANSWER_MISSING"",""CHOICES_REQUIRED"",""SOLUTION_MISSING"",""PAU_MODALITY_UNDECLARED"",""SOLUTION_REVIEW_REQUIRED""]"
"cand-1f1b6976-bb72-5ab8-8b84-c97bf69dcce4","ex-bf23bbd7-e095-513e-b9c5-1df5582f270a","5","3","[""ANSWER_MISSING"",""MODALITIES_MISSING"",""MODALITY_UNDEMONSTRATED"",""SOLUTION_MISSING"",""UNMAPPED_TOPIC"",""PAU_DETAIL_INCOMPLETE"",""PAU_MODALITY_UNDECLARED"",""SOLUTION_REVIEW_REQUIRED""]"
"cand-398b08a1-5b20-5de6-9767-26226edf8f80","ex-e16a9138-7c44-57b9-950c-1f97a41cb433","3","3","[""ANSWER_MISSING"",""CHOICES_REQUIRED"",""SOLUTION_MISSING"",""PAU_DETAIL_INCOMPLETE"",""PAU_MODALITY_UNDECLARED"",""SOLUTION_REVIEW_REQUIRED""]"
"cand-120961ed-94a9-5f8b-ae08-59a73db8c036","ex-64c274c0-e8e6-5587-acf6-87f6cbecc515","5","3","[""ANSWER_MISSING"",""MODALITIES_MISSING"",""MODALITY_UNDEMONSTRATED"",""SOLUTION_MISSING"",""UNMAPPED_TOPIC"",""MATH_REPRESENTATION_UNDECLARED"",""PAU_MODALITY_UNDECLARED"",""SOLUTION_REVIEW_REQUIRED""]"
"cand-77934aba-6c44-58c4-a41c-4da929b5f643","ex-19042951-7841-52b0-b049-d5a1485c8f47","3","2","[""ANSWER_MISSING"",""CHOICES_REQUIRED"",""SOLUTION_MISSING"",""PAU_MODALITY_UNDECLARED"",""SOLUTION_REVIEW_REQUIRED""]"
"cand-c1dabcf8-38c6-5dd7-8437-e42b169e4cf2","ex-2e4da84b-5a79-5b2f-940f-0c20ffb2039e","5","2","[""ANSWER_MISSING"",""MODALITIES_MISSING"",""MODALITY_UNDEMONSTRATED"",""SOLUTION_MISSING"",""UNMAPPED_TOPIC"",""PAU_MODALITY_UNDECLARED"",""SOLUTION_REVIEW_REQUIRED""]"
"cand-a5d7cea3-4842-55cb-be12-8f26888423bc","ex-611cf895-4975-5c5e-90cc-04796bdc1b6c","7","2","[""ANSWER_MISSING"",""COMMUNITY_UNMAPPED"",""MODALITIES_MISSING"",""MODALITY_UNDEMONSTRATED"",""PAU_COMMUNITY_MISSING"",""SOLUTION_MISSING"",""UNMAPPED_TOPIC"",""PAU_MODALITY_UNDECLARED"",""SOLUTION_REVIEW_REQUIRED""]"
"cand-e82c1f39-f28e-55d6-9ab3-1e51f7217ab2","ex-d8182531-0663-5953-aabe-7599de7c8adf","3","2","[""ANSWER_MISSING"",""CHOICES_REQUIRED"",""SOLUTION_MISSING"",""PAU_MODALITY_UNDECLARED"",""SOLUTION_REVIEW_REQUIRED""]"
"cand-80c58526-fea8-5d0c-8b8a-ebe0bc808ee7","ex-fb025ccf-a799-532c-a954-91b07207002e","3","2","[""ANSWER_MISSING"",""CHOICES_REQUIRED"",""SOLUTION_MISSING"",""PAU_MODALITY_UNDECLARED"",""SOLUTION_REVIEW_REQUIRED""]"
"cand-ad714f4f-b096-54e6-b11a-496f8353a07f","ex-e200faf9-1a60-5c93-9d11-9c6f0f4e3e48","5","2","[""ANSWER_MISSING"",""MODALITIES_MISSING"",""MODALITY_UNDEMONSTRATED"",""SOLUTION_MISSING"",""UNMAPPED_TOPIC"",""PAU_MODALITY_UNDECLARED"",""SOLUTION_REVIEW_REQUIRED""]"
"cand-ae294d2c-da15-55ab-bbff-fe0e912f1f30","ex-75eb16f4-d46b-5a6c-83b6-90180276af01","5","3","[""ANSWER_MISSING"",""MODALITIES_MISSING"",""MODALITY_UNDEMONSTRATED"",""SOLUTION_MISSING"",""UNMAPPED_TOPIC"",""PAU_DETAIL_INCOMPLETE"",""PAU_MODALITY_UNDECLARED"",""SOLUTION_REVIEW_REQUIRED""]"
"cand-b17a3f6f-8cbf-5ff3-beb9-a49498aeabda","ex-2e001ac7-07e2-5f77-b082-c426cb17d2cb","3","3","[""ANSWER_MISSING"",""CHOICES_REQUIRED"",""SOLUTION_MISSING"",""PAU_DETAIL_INCOMPLETE"",""PAU_MODALITY_UNDECLARED"",""SOLUTION_REVIEW_REQUIRED""]"
"cand-d11eca2e-a241-551a-a802-6b09ee2c7a7a","ex-e9e3fa0f-56a1-585a-84db-1beb8b364ae6","5","3","[""ANSWER_MISSING"",""MODALITIES_MISSING"",""MODALITY_UNDEMONSTRATED"",""SOLUTION_MISSING"",""UNMAPPED_TOPIC"",""PAU_DETAIL_INCOMPLETE"",""PAU_MODALITY_UNDECLARED"",""SOLUTION_REVIEW_REQUIRED""]"
"cand-53233a1e-a8be-5693-b005-5cdc38a3a671","ex-4736baa2-238c-57e6-b6ba-bfeeaa09d809","3","3","[""ANSWER_MISSING"",""CHOICES_REQUIRED"",""SOLUTION_MISSING"",""PAU_DETAIL_INCOMPLETE"",""PAU_MODALITY_UNDECLARED"",""SOLUTION_REVIEW_REQUIRED""]"
"cand-36db9133-cc06-5829-a6be-6d70ccde4243","ex-5bc55806-bdcd-585f-a6b5-12762d085baa","5","2","[""ANSWER_MISSING"",""MODALITIES_MISSING"",""MODALITY_UNDEMONSTRATED"",""SOLUTION_MISSING"",""UNMAPPED_TOPIC"",""PAU_MODALITY_UNDECLARED"",""SOLUTION_REVIEW_REQUIRED""]"
"cand-de31f2a4-7075-51c0-b993-6b208eedeb1b","ex-dab72f5a-61c3-5d64-ad14-653a02e44592","5","2","[""ANSWER_MISSING"",""MODALITIES_MISSING"",""MODALITY_UNDEMONSTRATED"",""SOLUTION_MISSING"",""UNMAPPED_TOPIC"",""PAU_MODALITY_UNDECLARED"",""SOLUTION_REVIEW_REQUIRED""]"
"cand-6d2a7445-0613-50b9-8bbf-549bfe91ca68","ex-8af317dc-0e4f-5f2a-9355-a0460852b620","3","2","[""ANSWER_MISSING"",""CHOICES_REQUIRED"",""SOLUTION_MISSING"",""PAU_MODALITY_UNDECLARED"",""SOLUTION_REVIEW_REQUIRED""]"
"cand-bb77e69e-9849-5953-8e1d-8fd990d1cc8b","ex-23d5e629-a1ed-5317-ba58-4613c7448f4e","3","2","[""ANSWER_MISSING"",""CHOICES_REQUIRED"",""SOLUTION_MISSING"",""PAU_MODALITY_UNDECLARED"",""SOLUTION_REVIEW_REQUIRED""]"
"cand-318d7eb0-d016-5366-86c0-9ad46b53afdf","ex-091025eb-42fb-5618-8e89-b6cdd3055fb3","5","4","[""ANSWER_MISSING"",""MODALITIES_MISSING"",""MODALITY_UNDEMONSTRATED"",""SOLUTION_MISSING"",""UNMAPPED_TOPIC"",""MATH_REPRESENTATION_UNDECLARED"",""PAU_DETAIL_INCOMPLETE"",""PAU_MODALITY_UNDECLARED"",""SOLUTION_REVIEW_REQUIRED""]"
"cand-fb65ffad-647d-5505-bee0-289015035feb","ex-5359d346-4f98-5d57-974e-165d69acce64","3","3","[""ANSWER_MISSING"",""CHOICES_REQUIRED"",""SOLUTION_MISSING"",""PAU_DETAIL_INCOMPLETE"",""PAU_MODALITY_UNDECLARED"",""SOLUTION_REVIEW_REQUIRED""]"
"cand-e3a08f0b-8411-5aa1-a2b3-62cda7d3e44c","ex-5f63da14-68b8-51b9-b05e-713d4516e44d","5","2","[""ANSWER_MISSING"",""MODALITIES_MISSING"",""MODALITY_UNDEMONSTRATED"",""SOLUTION_MISSING"",""UNMAPPED_TOPIC"",""PAU_MODALITY_UNDECLARED"",""SOLUTION_REVIEW_REQUIRED""]"
"cand-f9f11a8d-608e-5ed7-a281-665147396127","ex-e1374c3e-ab08-57aa-bc2a-17f6b2dad258","3","2","[""ANSWER_MISSING"",""CHOICES_REQUIRED"",""SOLUTION_MISSING"",""PAU_MODALITY_UNDECLARED"",""SOLUTION_REVIEW_REQUIRED""]"
"cand-4fad0a04-94d6-5bf0-bdd4-4ff520ffa71d","ex-4a29f86e-1ffb-5791-ad8a-5c0e0c2ed6bf","5","3","[""ANSWER_MISSING"",""MODALITIES_MISSING"",""MODALITY_UNDEMONSTRATED"",""SOLUTION_MISSING"",""UNMAPPED_TOPIC"",""PAU_DETAIL_INCOMPLETE"",""PAU_MODALITY_UNDECLARED"",""SOLUTION_REVIEW_REQUIRED""]"
"cand-16b384db-43fd-59c3-ae68-69abb0b4e485","ex-d857cfde-97d2-58e5-9e87-81f98ab415d5","3","3","[""ANSWER_MISSING"",""CHOICES_REQUIRED"",""SOLUTION_MISSING"",""PAU_DETAIL_INCOMPLETE"",""PAU_MODALITY_UNDECLARED"",""SOLUTION_REVIEW_REQUIRED""]"
"cand-935ec9c6-b595-5d1e-9604-78f1e158f1c7","ex-88f3a7da-4938-5fb2-88d3-27e840c3d71c","5","2","[""ANSWER_MISSING"",""MODALITIES_MISSING"",""MODALITY_UNDEMONSTRATED"",""SOLUTION_MISSING"",""UNMAPPED_TOPIC"",""PAU_MODALITY_UNDECLARED"",""SOLUTION_REVIEW_REQUIRED""]"
"cand-88c6c4df-b1f3-5bf3-a618-328f95418a1d","ex-8dce4b59-18c1-526a-b2ee-36cad6e6ccb4","3","2","[""ANSWER_MISSING"",""CHOICES_REQUIRED"",""SOLUTION_MISSING"",""PAU_MODALITY_UNDECLARED"",""SOLUTION_REVIEW_REQUIRED""]"
"cand-fb5bcbfc-f64e-58b9-a437-d5a141e02def","ex-218bea69-ecab-511f-ae59-45b3e3a3f4a3","5","2","[""ANSWER_MISSING"",""CHOICES_REQUIRED"",""COMMUNITY_UNMAPPED"",""PAU_COMMUNITY_MISSING"",""SOLUTION_MISSING"",""PAU_MODALITY_UNDECLARED"",""SOLUTION_REVIEW_REQUIRED""]"
"cand-6a439c35-e2cc-551c-a69e-cbcb0def3a6b","ex-839748bc-b697-5a88-a4fd-daa472f43ffe","5","2","[""ANSWER_MISSING"",""CHOICES_REQUIRED"",""COMMUNITY_UNMAPPED"",""PAU_COMMUNITY_MISSING"",""SOLUTION_MISSING"",""PAU_MODALITY_UNDECLARED"",""SOLUTION_REVIEW_REQUIRED""]"
"cand-3e834d38-c3b8-545b-860d-537a79c2f4d5","ex-12f7cde3-c0f9-547f-bd32-23bdf05ac359","5","2","[""ANSWER_MISSING"",""CHOICES_REQUIRED"",""COMMUNITY_UNMAPPED"",""PAU_COMMUNITY_MISSING"",""SOLUTION_MISSING"",""PAU_MODALITY_UNDECLARED"",""SOLUTION_REVIEW_REQUIRED""]"
"cand-53db3521-b9fb-5b68-a2ec-209395797cb4","ex-7b8ab3d1-cbab-58e0-8ea5-05cc97c49fdb","5","2","[""ANSWER_MISSING"",""CHOICES_REQUIRED"",""COMMUNITY_UNMAPPED"",""PAU_COMMUNITY_MISSING"",""SOLUTION_MISSING"",""PAU_MODALITY_UNDECLARED"",""SOLUTION_REVIEW_REQUIRED""]"
"cand-b1c3138c-fc93-50d6-af3d-994f14be6c32","ex-76915de0-14dc-5c44-b44b-25256b543a91","5","2","[""ANSWER_MISSING"",""CHOICES_REQUIRED"",""COMMUNITY_UNMAPPED"",""PAU_COMMUNITY_MISSING"",""SOLUTION_MISSING"",""PAU_MODALITY_UNDECLARED"",""SOLUTION_REVIEW_REQUIRED""]"
"cand-24001b86-659a-5298-aba6-de915c5bac2c","ex-96090aa5-fa60-5d9a-beb2-170b55d1e6d9","5","2","[""ANSWER_MISSING"",""CHOICES_REQUIRED"",""COMMUNITY_UNMAPPED"",""PAU_COMMUNITY_MISSING"",""SOLUTION_MISSING"",""PAU_MODALITY_UNDECLARED"",""SOLUTION_REVIEW_REQUIRED""]"
"cand-44270103-8e29-539c-8e53-6e6ecb9e87d2","ex-8cabf432-7a78-58eb-90d3-c645250484da","5","3","[""ANSWER_MISSING"",""MODALITIES_MISSING"",""MODALITY_UNDEMONSTRATED"",""SOLUTION_MISSING"",""UNMAPPED_TOPIC"",""MATH_REPRESENTATION_UNDECLARED"",""PAU_MODALITY_UNDECLARED"",""SOLUTION_REVIEW_REQUIRED""]"
"cand-6629e2c3-662d-5bd3-b32b-13adf72d5f01","ex-18f83025-64b3-557a-b806-3eee5f4c07fd","3","2","[""ANSWER_MISSING"",""CHOICES_REQUIRED"",""SOLUTION_MISSING"",""PAU_MODALITY_UNDECLARED"",""SOLUTION_REVIEW_REQUIRED""]"
"cand-217d71db-9f2f-5782-9469-b2742162fd99","ex-eeee8055-5a2b-564a-8a01-6db315bb0080","5","2","[""ANSWER_MISSING"",""MODALITIES_MISSING"",""MODALITY_UNDEMONSTRATED"",""SOLUTION_MISSING"",""UNMAPPED_TOPIC"",""PAU_MODALITY_UNDECLARED"",""SOLUTION_REVIEW_REQUIRED""]"
"cand-b8a7b45c-7d58-5c87-9106-32079f723821","ex-8507eb0d-d7b9-50f7-bd10-66d555c0450f","3","2","[""ANSWER_MISSING"",""CHOICES_REQUIRED"",""SOLUTION_MISSING"",""PAU_MODALITY_UNDECLARED"",""SOLUTION_REVIEW_REQUIRED""]"
"cand-1cb09461-648c-560d-b531-8f2166bf5e75","ex-c77d4adb-39c5-52c0-9fdb-19d9e32d4507","5","2","[""ANSWER_MISSING"",""MODALITIES_MISSING"",""MODALITY_UNDEMONSTRATED"",""SOLUTION_MISSING"",""UNMAPPED_TOPIC"",""PAU_MODALITY_UNDECLARED"",""SOLUTION_REVIEW_REQUIRED""]"
"cand-7cbfe942-090b-5809-a46f-2ec674a4ac74","ex-0fc66848-4573-5bae-9578-4f4a6a97f153","3","2","[""ANSWER_MISSING"",""CHOICES_REQUIRED"",""SOLUTION_MISSING"",""PAU_MODALITY_UNDECLARED"",""SOLUTION_REVIEW_REQUIRED""]"
"cand-f7c38cf5-b397-538e-9dfe-a34204bebd6d","ex-26c0b76b-1c89-5a8a-b600-6faff26332cf","5","3","[""ANSWER_MISSING"",""MODALITIES_MISSING"",""MODALITY_UNDEMONSTRATED"",""SOLUTION_MISSING"",""UNMAPPED_TOPIC"",""MATH_REPRESENTATION_UNDECLARED"",""PAU_MODALITY_UNDECLARED"",""SOLUTION_REVIEW_REQUIRED""]"
"cand-cd19a326-c90a-5a77-99de-607243032ab6","ex-c77620d9-a8be-5aee-9dc7-a86a04bd1016","3","2","[""ANSWER_MISSING"",""CHOICES_REQUIRED"",""SOLUTION_MISSING"",""PAU_MODALITY_UNDECLARED"",""SOLUTION_REVIEW_REQUIRED""]"
"cand-3b864ed0-4e51-5d80-b8d0-40caa4cb66eb","ex-7519fa72-ecd5-542a-9421-a016e99aff17","5","3","[""ANSWER_MISSING"",""MODALITIES_MISSING"",""MODALITY_UNDEMONSTRATED"",""SOLUTION_MISSING"",""UNMAPPED_TOPIC"",""MATH_REPRESENTATION_UNDECLARED"",""PAU_MODALITY_UNDECLARED"",""SOLUTION_REVIEW_REQUIRED""]"
"cand-37c005f7-ebab-5a37-8190-139efed1cb50","ex-85407e70-fb68-5754-b776-7f1cd9a16ccd","3","2","[""ANSWER_MISSING"",""CHOICES_REQUIRED"",""SOLUTION_MISSING"",""PAU_MODALITY_UNDECLARED"",""SOLUTION_REVIEW_REQUIRED""]"
"cand-a3fa349b-8834-5557-8c0d-afeaccda8327","ex-725d11dd-11bb-5f3b-b8bb-36c0e5207f24","5","3","[""ANSWER_MISSING"",""MODALITIES_MISSING"",""MODALITY_UNDEMONSTRATED"",""SOLUTION_MISSING"",""UNMAPPED_TOPIC"",""PAU_DETAIL_INCOMPLETE"",""PAU_MODALITY_UNDECLARED"",""SOLUTION_REVIEW_REQUIRED""]"
"cand-df5085eb-cd6a-54f7-9bd3-9f82adb807ea","ex-94f37c23-6eae-5582-bb07-0c46cc4291c5","3","3","[""ANSWER_MISSING"",""CHOICES_REQUIRED"",""SOLUTION_MISSING"",""PAU_DETAIL_INCOMPLETE"",""PAU_MODALITY_UNDECLARED"",""SOLUTION_REVIEW_REQUIRED""]"
"cand-089a8924-6e76-59c5-b3f4-7caaf8e6ab99","ex-3172f274-e8a8-52f9-94cc-cd74e92b38ab","5","3","[""ANSWER_MISSING"",""MODALITIES_MISSING"",""MODALITY_UNDEMONSTRATED"",""SOLUTION_MISSING"",""UNMAPPED_TOPIC"",""PAU_DETAIL_INCOMPLETE"",""PAU_MODALITY_UNDECLARED"",""SOLUTION_REVIEW_REQUIRED""]"
"cand-975f244a-7b19-509c-9080-1d0b733b6cad","ex-cce49ae3-c78a-54d2-8b9f-8ee8d05ac401","3","3","[""ANSWER_MISSING"",""CHOICES_REQUIRED"",""SOLUTION_MISSING"",""PAU_DETAIL_INCOMPLETE"",""PAU_MODALITY_UNDECLARED"",""SOLUTION_REVIEW_REQUIRED""]"
"cand-05015519-6823-57c4-8346-75aad87c4a52","ex-76acca3b-96dc-5dde-b7e1-451faab2e2ce","5","3","[""ANSWER_MISSING"",""MODALITIES_MISSING"",""MODALITY_UNDEMONSTRATED"",""SOLUTION_MISSING"",""UNMAPPED_TOPIC"",""MATH_REPRESENTATION_UNDECLARED"",""PAU_MODALITY_UNDECLARED"",""SOLUTION_REVIEW_REQUIRED""]"
"cand-ba5dc573-0048-557f-96fb-4883c6e70bf2","ex-4081a3b4-ec1c-53e7-b4ea-39c824fb266c","3","2","[""ANSWER_MISSING"",""CHOICES_REQUIRED"",""SOLUTION_MISSING"",""PAU_MODALITY_UNDECLARED"",""SOLUTION_REVIEW_REQUIRED""]"
"cand-755c2a61-cc67-5994-a81d-a1e50fdaf903","ex-ee56efd7-f607-54bd-bc91-81d942c02340","5","4","[""ANSWER_MISSING"",""MODALITIES_MISSING"",""MODALITY_UNDEMONSTRATED"",""SOLUTION_MISSING"",""UNMAPPED_TOPIC"",""MATH_REPRESENTATION_UNDECLARED"",""PAU_DETAIL_INCOMPLETE"",""PAU_MODALITY_UNDECLARED"",""SOLUTION_REVIEW_REQUIRED""]"
"cand-4c28d1d3-0359-5f6a-8986-c4f9052b10bb","ex-0df51709-6fea-5801-914e-fb9fcd97af2b","3","3","[""ANSWER_MISSING"",""CHOICES_REQUIRED"",""SOLUTION_MISSING"",""PAU_DETAIL_INCOMPLETE"",""PAU_MODALITY_UNDECLARED"",""SOLUTION_REVIEW_REQUIRED""]"
"cand-b956b5c0-3e2b-564b-8e39-b7b6317bc522","ex-6c3c94e9-c00d-5fba-8d15-97d6e6d4d63b","5","3","[""ANSWER_MISSING"",""MODALITIES_MISSING"",""MODALITY_UNDEMONSTRATED"",""SOLUTION_MISSING"",""UNMAPPED_TOPIC"",""PAU_DETAIL_INCOMPLETE"",""PAU_MODALITY_UNDECLARED"",""SOLUTION_REVIEW_REQUIRED""]"
"cand-802b0ae2-a9df-5752-bdbb-342f7e8d8f48","ex-9d0527fd-2cff-58ed-8061-af9b819c382c","3","3","[""ANSWER_MISSING"",""CHOICES_REQUIRED"",""SOLUTION_MISSING"",""PAU_DETAIL_INCOMPLETE"",""PAU_MODALITY_UNDECLARED"",""SOLUTION_REVIEW_REQUIRED""]"
"cand-4b7eb6e0-cc8b-5285-bbd4-bb02377d2d08","ex-8a9a6c41-f7c5-5671-a115-3a6acd7de782","5","3","[""ANSWER_MISSING"",""MODALITIES_MISSING"",""MODALITY_UNDEMONSTRATED"",""SOLUTION_MISSING"",""UNMAPPED_TOPIC"",""PAU_DETAIL_INCOMPLETE"",""PAU_MODALITY_UNDECLARED"",""SOLUTION_REVIEW_REQUIRED""]"
"cand-0d3ae0c0-806f-52b4-96d0-0796e2eeaf75","ex-2afd158f-2bab-5085-9324-41f0ddeb8d81","3","3","[""ANSWER_MISSING"",""CHOICES_REQUIRED"",""SOLUTION_MISSING"",""PAU_DETAIL_INCOMPLETE"",""PAU_MODALITY_UNDECLARED"",""SOLUTION_REVIEW_REQUIRED""]"
"cand-fa95654a-4dec-564c-b6ff-527c28240ca3","ex-11b23404-9e8a-5104-a21f-478beefa267b","5","2","[""ANSWER_MISSING"",""MODALITIES_MISSING"",""MODALITY_UNDEMONSTRATED"",""SOLUTION_MISSING"",""UNMAPPED_TOPIC"",""PAU_MODALITY_UNDECLARED"",""SOLUTION_REVIEW_REQUIRED""]"
"cand-1d685263-6aa7-55f1-9662-48f87e7dd555","ex-dc6fccb2-4751-5250-955c-fc7c686ade51","3","2","[""ANSWER_MISSING"",""CHOICES_REQUIRED"",""SOLUTION_MISSING"",""PAU_MODALITY_UNDECLARED"",""SOLUTION_REVIEW_REQUIRED""]"
"cand-8bfb2d02-22dc-5886-9347-44d86d06fcd8","ex-200220f0-18dc-508a-b329-d3caa298d170","5","4","[""ANSWER_MISSING"",""MODALITIES_MISSING"",""MODALITY_UNDEMONSTRATED"",""SOLUTION_MISSING"",""UNMAPPED_TOPIC"",""MATH_REPRESENTATION_UNDECLARED"",""PAU_DETAIL_INCOMPLETE"",""PAU_MODALITY_UNDECLARED"",""SOLUTION_REVIEW_REQUIRED""]"
"cand-a42ae3f2-ed25-59ca-b1a3-542d8a0e87f8","ex-62a96a60-f609-5e0c-9c32-795815190c96","3","3","[""ANSWER_MISSING"",""CHOICES_REQUIRED"",""SOLUTION_MISSING"",""PAU_DETAIL_INCOMPLETE"",""PAU_MODALITY_UNDECLARED"",""SOLUTION_REVIEW_REQUIRED""]"
"cand-752dbf84-d81c-514b-99db-4e0524422f33","ex-121baac0-569f-56bf-a2cc-451d42166f3a","5","2","[""ANSWER_MISSING"",""MODALITIES_MISSING"",""MODALITY_UNDEMONSTRATED"",""SOLUTION_MISSING"",""UNMAPPED_TOPIC"",""PAU_MODALITY_UNDECLARED"",""SOLUTION_REVIEW_REQUIRED""]"
"cand-f919415e-de5a-5628-a055-c6d561dbd780","ex-41fdca7f-6705-53fd-8fd6-256a74b442dd","7","2","[""ANSWER_MISSING"",""COMMUNITY_UNMAPPED"",""MODALITIES_MISSING"",""MODALITY_UNDEMONSTRATED"",""PAU_COMMUNITY_MISSING"",""SOLUTION_MISSING"",""UNMAPPED_TOPIC"",""PAU_MODALITY_UNDECLARED"",""SOLUTION_REVIEW_REQUIRED""]"
"cand-3fc9ea42-d50e-57bc-9d9a-df91afc4f439","ex-c2570293-e332-5270-ba1d-842c2a3a3679","3","2","[""ANSWER_MISSING"",""CHOICES_REQUIRED"",""SOLUTION_MISSING"",""PAU_MODALITY_UNDECLARED"",""SOLUTION_REVIEW_REQUIRED""]"
"cand-21edf0b1-be29-50a7-9ece-06b4e2b5230a","ex-ebc01415-5b3a-57f5-a453-6f4f7eafe9f3","3","2","[""ANSWER_MISSING"",""CHOICES_REQUIRED"",""SOLUTION_MISSING"",""PAU_MODALITY_UNDECLARED"",""SOLUTION_REVIEW_REQUIRED""]"
"cand-88220509-5b04-5ce7-9b4c-4acce72d10b9","ex-f21c3119-411b-5395-8ae4-750bfe496f43","5","3","[""ANSWER_MISSING"",""MODALITIES_MISSING"",""MODALITY_UNDEMONSTRATED"",""SOLUTION_MISSING"",""UNMAPPED_TOPIC"",""PAU_DETAIL_INCOMPLETE"",""PAU_MODALITY_UNDECLARED"",""SOLUTION_REVIEW_REQUIRED""]"
"cand-ccb50ce2-bd02-5dac-8d06-b8e81a917734","ex-69863d98-1ce5-5c1d-88bf-dca7799ef06a","3","3","[""ANSWER_MISSING"",""CHOICES_REQUIRED"",""SOLUTION_MISSING"",""PAU_DETAIL_INCOMPLETE"",""PAU_MODALITY_UNDECLARED"",""SOLUTION_REVIEW_REQUIRED""]"
"cand-0be0ac5a-ef89-5232-aeb5-778201b29f13","ex-e9859d1f-d078-5a1d-9208-7ad92a914d17","5","3","[""ANSWER_MISSING"",""MODALITIES_MISSING"",""MODALITY_UNDEMONSTRATED"",""SOLUTION_MISSING"",""UNMAPPED_TOPIC"",""MATH_REPRESENTATION_UNDECLARED"",""PAU_MODALITY_UNDECLARED"",""SOLUTION_REVIEW_REQUIRED""]"
"cand-0e970f4d-a5f5-5d38-95b9-13c6303a18b2","ex-322c884c-7e6d-5864-83b9-3075f61b8ee2","3","2","[""ANSWER_MISSING"",""CHOICES_REQUIRED"",""SOLUTION_MISSING"",""PAU_MODALITY_UNDECLARED"",""SOLUTION_REVIEW_REQUIRED""]"
"cand-b0bf85a7-5a7b-50bd-b474-5453543cb74f","ex-d5dffb54-392e-5319-aaa9-02428372855e","5","2","[""ANSWER_MISSING"",""MODALITIES_MISSING"",""MODALITY_UNDEMONSTRATED"",""SOLUTION_MISSING"",""UNMAPPED_TOPIC"",""PAU_MODALITY_UNDECLARED"",""SOLUTION_REVIEW_REQUIRED""]"
"cand-db482099-6bfb-5f02-996e-bea80b5a564e","ex-6442bd14-681a-5373-b48a-11ee7eb95b4e","3","2","[""ANSWER_MISSING"",""CHOICES_REQUIRED"",""SOLUTION_MISSING"",""PAU_MODALITY_UNDECLARED"",""SOLUTION_REVIEW_REQUIRED""]"
"cand-9374abb7-ed47-5493-b059-82fbb5c7d390","ex-dca6c12f-c5ef-5a8d-a9b5-1f99bb7cd647","5","3","[""ANSWER_MISSING"",""MODALITIES_MISSING"",""MODALITY_UNDEMONSTRATED"",""SOLUTION_MISSING"",""UNMAPPED_TOPIC"",""PAU_DETAIL_INCOMPLETE"",""PAU_MODALITY_UNDECLARED"",""SOLUTION_REVIEW_REQUIRED""]"
"cand-3f93a307-4bf2-5ce2-b3fa-3afdc2fd6caf","ex-44662077-91cb-552b-8224-dc92d2fbb4ae","3","3","[""ANSWER_MISSING"",""CHOICES_REQUIRED"",""SOLUTION_MISSING"",""PAU_DETAIL_INCOMPLETE"",""PAU_MODALITY_UNDECLARED"",""SOLUTION_REVIEW_REQUIRED""]"
"cand-ab2872ff-41fe-53e1-a3ad-d003106e7717","ex-734ca724-465e-5fcb-b610-af2de061097b","5","3","[""ANSWER_MISSING"",""MODALITIES_MISSING"",""MODALITY_UNDEMONSTRATED"",""SOLUTION_MISSING"",""UNMAPPED_TOPIC"",""MATH_REPRESENTATION_UNDECLARED"",""PAU_MODALITY_UNDECLARED"",""SOLUTION_REVIEW_REQUIRED""]"
"cand-0078f3a6-3909-577e-933b-90881950422a","ex-8ec53ed8-2db0-5ecc-b371-2a1270eed7c0","3","2","[""ANSWER_MISSING"",""CHOICES_REQUIRED"",""SOLUTION_MISSING"",""PAU_MODALITY_UNDECLARED"",""SOLUTION_REVIEW_REQUIRED""]"
"cand-48d796b6-47c4-5641-8734-b06d91bac276","ex-9a0f0b8f-115b-5c9a-ba53-77a080441f38","5","2","[""ANSWER_MISSING"",""MODALITIES_MISSING"",""MODALITY_UNDEMONSTRATED"",""SOLUTION_MISSING"",""UNMAPPED_TOPIC"",""PAU_MODALITY_UNDECLARED"",""SOLUTION_REVIEW_REQUIRED""]"
"cand-027e56ad-3b22-5572-bbb2-87600a11ac2a","ex-3cabf73d-202b-5483-a920-e7268cab7d99","7","2","[""ANSWER_MISSING"",""COMMUNITY_UNMAPPED"",""MODALITIES_MISSING"",""MODALITY_UNDEMONSTRATED"",""PAU_COMMUNITY_MISSING"",""SOLUTION_MISSING"",""UNMAPPED_TOPIC"",""PAU_MODALITY_UNDECLARED"",""SOLUTION_REVIEW_REQUIRED""]"
"cand-3b33131f-131f-5e3b-9f0d-f2fc4bd15bb1","ex-1b5047d3-27e8-5111-a285-1ee591bc91ea","3","2","[""ANSWER_MISSING"",""CHOICES_REQUIRED"",""SOLUTION_MISSING"",""PAU_MODALITY_UNDECLARED"",""SOLUTION_REVIEW_REQUIRED""]"
"cand-266e7508-84a6-5bb5-aba5-d44809728ef1","ex-d0e0d16c-6de9-5223-9b1a-c5e7d9f8950b","3","2","[""ANSWER_MISSING"",""CHOICES_REQUIRED"",""SOLUTION_MISSING"",""PAU_MODALITY_UNDECLARED"",""SOLUTION_REVIEW_REQUIRED""]"
"cand-670524d2-3971-5c31-b874-e8239f8b4733","ex-fba3aea5-6af9-5190-b672-b8aa32f6d407","5","4","[""ANSWER_MISSING"",""MODALITIES_MISSING"",""MODALITY_UNDEMONSTRATED"",""SOLUTION_MISSING"",""UNMAPPED_TOPIC"",""MATH_REPRESENTATION_UNDECLARED"",""PAU_DETAIL_INCOMPLETE"",""PAU_MODALITY_UNDECLARED"",""SOLUTION_REVIEW_REQUIRED""]"
"cand-664f9e68-11ff-500f-998c-487695e37e32","ex-614d64ae-7040-59ca-8676-fd4eeb0bb0eb","3","3","[""ANSWER_MISSING"",""CHOICES_REQUIRED"",""SOLUTION_MISSING"",""PAU_DETAIL_INCOMPLETE"",""PAU_MODALITY_UNDECLARED"",""SOLUTION_REVIEW_REQUIRED""]"
"cand-6bacee71-72a8-5815-ad4b-3809b2a194b3","ex-b6bbfa6e-f3d7-5165-89fc-658cbf89d23b","5","2","[""ANSWER_MISSING"",""MODALITIES_MISSING"",""MODALITY_UNDEMONSTRATED"",""SOLUTION_MISSING"",""UNMAPPED_TOPIC"",""PAU_MODALITY_UNDECLARED"",""SOLUTION_REVIEW_REQUIRED""]"
"cand-796372d2-cda4-55fc-aa00-387fe8295d9e","ex-027c8512-b524-5983-a77e-86dffe99842a","5","2","[""ANSWER_MISSING"",""MODALITIES_MISSING"",""MODALITY_UNDEMONSTRATED"",""SOLUTION_MISSING"",""UNMAPPED_TOPIC"",""PAU_MODALITY_UNDECLARED"",""SOLUTION_REVIEW_REQUIRED""]"
"cand-6bf60102-45d5-5d8a-88cf-0de4d179e220","ex-bb6a04b7-52e6-5d95-8486-6351648dade8","5","3","[""ANSWER_MISSING"",""MODALITIES_MISSING"",""MODALITY_UNDEMONSTRATED"",""SOLUTION_MISSING"",""UNMAPPED_TOPIC"",""MATH_REPRESENTATION_UNDECLARED"",""PAU_MODALITY_UNDECLARED"",""SOLUTION_REVIEW_REQUIRED""]"
"cand-4b74736b-d81b-5e66-b218-9c5e1d39ff60","ex-15ec0aca-d723-569c-a6c1-52cb0b72707a","3","2","[""ANSWER_MISSING"",""CHOICES_REQUIRED"",""SOLUTION_MISSING"",""PAU_MODALITY_UNDECLARED"",""SOLUTION_REVIEW_REQUIRED""]"
"cand-2961f9b8-a8c3-589e-a797-16c84dc4faed","ex-14aed6db-1a26-5899-8c69-09bf76aa0dcc","5","3","[""ANSWER_MISSING"",""MODALITIES_MISSING"",""MODALITY_UNDEMONSTRATED"",""SOLUTION_MISSING"",""UNMAPPED_TOPIC"",""PAU_DETAIL_INCOMPLETE"",""PAU_MODALITY_UNDECLARED"",""SOLUTION_REVIEW_REQUIRED""]"
"cand-44054600-0c43-5a68-9771-40c9c6320346","ex-6ad9c6c3-0151-5e1e-9be7-37eaf0f29c38","3","3","[""ANSWER_MISSING"",""CHOICES_REQUIRED"",""SOLUTION_MISSING"",""PAU_DETAIL_INCOMPLETE"",""PAU_MODALITY_UNDECLARED"",""SOLUTION_REVIEW_REQUIRED""]"
"cand-e80adac5-4387-528f-8581-f6ae8c8df8db","ex-eba3a413-d173-5963-a953-e3d9af261172","5","4","[""ANSWER_MISSING"",""MODALITIES_MISSING"",""MODALITY_UNDEMONSTRATED"",""SOLUTION_MISSING"",""UNMAPPED_TOPIC"",""MATH_REPRESENTATION_UNDECLARED"",""PAU_DETAIL_INCOMPLETE"",""PAU_MODALITY_UNDECLARED"",""SOLUTION_REVIEW_REQUIRED""]"
"cand-9be3f68e-6289-5991-8cd8-05561d89ba31","ex-3a0669fa-7138-583e-b90f-8514864d8c7c","3","3","[""ANSWER_MISSING"",""CHOICES_REQUIRED"",""SOLUTION_MISSING"",""PAU_DETAIL_INCOMPLETE"",""PAU_MODALITY_UNDECLARED"",""SOLUTION_REVIEW_REQUIRED""]"
"cand-6afeb3c0-8928-5237-b498-10a1681851d9","ex-7505f182-4789-5e11-989b-06ea08f012b6","5","2","[""ANSWER_MISSING"",""MODALITIES_MISSING"",""MODALITY_UNDEMONSTRATED"",""SOLUTION_MISSING"",""UNMAPPED_TOPIC"",""PAU_MODALITY_UNDECLARED"",""SOLUTION_REVIEW_REQUIRED""]"
"cand-6e4bca06-9e7a-5a61-a141-4e9dd655cd65","ex-9739faf0-1121-521c-bde9-e1ce7041d8bf","3","2","[""ANSWER_MISSING"",""CHOICES_REQUIRED"",""SOLUTION_MISSING"",""PAU_MODALITY_UNDECLARED"",""SOLUTION_REVIEW_REQUIRED""]"
"cand-ad47b858-6e07-582a-8521-113e8721b876","ex-02858d80-dc94-5f3c-b0ed-d65026688d6b","5","2","[""ANSWER_MISSING"",""MODALITIES_MISSING"",""MODALITY_UNDEMONSTRATED"",""SOLUTION_MISSING"",""UNMAPPED_TOPIC"",""PAU_MODALITY_UNDECLARED"",""SOLUTION_REVIEW_REQUIRED""]"
"cand-3f2f8729-065d-5405-983e-068c24077380","ex-14e7ba7f-2e65-59d2-9615-ad8a5f9cf2a1","3","2","[""ANSWER_MISSING"",""CHOICES_REQUIRED"",""SOLUTION_MISSING"",""PAU_MODALITY_UNDECLARED"",""SOLUTION_REVIEW_REQUIRED""]"
"cand-cbc97f78-3c55-5468-a2d9-1979f60bd71d","ex-36ddcfef-038b-515a-b2fa-0590a89c4587","5","3","[""ANSWER_MISSING"",""MODALITIES_MISSING"",""MODALITY_UNDEMONSTRATED"",""SOLUTION_MISSING"",""UNMAPPED_TOPIC"",""MATH_REPRESENTATION_UNDECLARED"",""PAU_MODALITY_UNDECLARED"",""SOLUTION_REVIEW_REQUIRED""]"
"cand-696d0fd2-9df3-5b2e-b8c2-bc9dad899045","ex-76aaa7b9-dad0-51c1-974d-8b091a08bfde","3","2","[""ANSWER_MISSING"",""CHOICES_REQUIRED"",""SOLUTION_MISSING"",""PAU_MODALITY_UNDECLARED"",""SOLUTION_REVIEW_REQUIRED""]"
"cand-f092d342-cec7-5659-bd68-a651c6446c88","ex-28c9ebd8-0ccc-5495-b5d6-3dea20e1e333","5","3","[""ANSWER_MISSING"",""MODALITIES_MISSING"",""MODALITY_UNDEMONSTRATED"",""SOLUTION_MISSING"",""UNMAPPED_TOPIC"",""MATH_REPRESENTATION_UNDECLARED"",""PAU_MODALITY_UNDECLARED"",""SOLUTION_REVIEW_REQUIRED""]"
"cand-26db9653-0fda-5638-bf10-9358c2049c10","ex-9d3cb03d-8daa-5cf0-98d1-c921150aef1a","7","3","[""ANSWER_MISSING"",""COMMUNITY_UNMAPPED"",""MODALITIES_MISSING"",""MODALITY_UNDEMONSTRATED"",""PAU_COMMUNITY_MISSING"",""SOLUTION_MISSING"",""UNMAPPED_TOPIC"",""MATH_REPRESENTATION_UNDECLARED"",""PAU_MODALITY_UNDECLARED"",""SOLUTION_REVIEW_REQUIRED""]"
"cand-a0d98c2c-c26f-5a77-8c84-f4e934bfa197","ex-9ba11126-bc1d-5ac5-9330-fbe2131ea552","3","2","[""ANSWER_MISSING"",""CHOICES_REQUIRED"",""SOLUTION_MISSING"",""PAU_MODALITY_UNDECLARED"",""SOLUTION_REVIEW_REQUIRED""]"
"cand-ed17404f-1f8c-5d93-8d19-7e6ba919cca9","ex-32e94674-113f-5d7e-9eeb-906f4ce7f8d2","3","2","[""ANSWER_MISSING"",""CHOICES_REQUIRED"",""SOLUTION_MISSING"",""PAU_MODALITY_UNDECLARED"",""SOLUTION_REVIEW_REQUIRED""]"
"cand-1fead476-9b52-5e94-9ef3-7f895a80604a","ex-684d209e-7ef9-5dde-b084-4c9938dc1d9b","5","4","[""ANSWER_MISSING"",""MODALITIES_MISSING"",""MODALITY_UNDEMONSTRATED"",""SOLUTION_MISSING"",""UNMAPPED_TOPIC"",""MATH_REPRESENTATION_UNDECLARED"",""PAU_DETAIL_INCOMPLETE"",""PAU_MODALITY_UNDECLARED"",""SOLUTION_REVIEW_REQUIRED""]"
"cand-5407aa88-7328-5d50-8ae5-8ff40c9b53d2","ex-610cb513-f7ab-52c8-a424-e7beb91b26d9","3","3","[""ANSWER_MISSING"",""CHOICES_REQUIRED"",""SOLUTION_MISSING"",""PAU_DETAIL_INCOMPLETE"",""PAU_MODALITY_UNDECLARED"",""SOLUTION_REVIEW_REQUIRED""]"
"cand-866dc0f8-e357-5372-b54c-87b7333c820c","ex-0378436f-69c5-5b0e-9a09-b9f6ffb78475","5","2","[""ANSWER_MISSING"",""CHOICES_REQUIRED"",""COMMUNITY_UNMAPPED"",""PAU_COMMUNITY_MISSING"",""SOLUTION_MISSING"",""PAU_MODALITY_UNDECLARED"",""SOLUTION_REVIEW_REQUIRED""]"
"cand-3d0ecf3b-6780-531b-a8df-7c2f1f9e81d3","ex-e3ffa12a-a187-5dd9-9851-ae4db3327a47","7","2","[""ANSWER_MISSING"",""COMMUNITY_UNMAPPED"",""MODALITIES_MISSING"",""MODALITY_UNDEMONSTRATED"",""PAU_COMMUNITY_MISSING"",""SOLUTION_MISSING"",""UNMAPPED_TOPIC"",""PAU_MODALITY_UNDECLARED"",""SOLUTION_REVIEW_REQUIRED""]"
"cand-bb14d85c-76fd-5a9f-9e0a-0563a7d420ad","ex-de683b28-30f3-59b7-9a12-316f9813352d","7","2","[""ANSWER_MISSING"",""COMMUNITY_UNMAPPED"",""MODALITIES_MISSING"",""MODALITY_UNDEMONSTRATED"",""PAU_COMMUNITY_MISSING"",""SOLUTION_MISSING"",""UNMAPPED_TOPIC"",""PAU_MODALITY_UNDECLARED"",""SOLUTION_REVIEW_REQUIRED""]"
"cand-c43ade3a-101f-5a46-812d-6178f7e10c01","ex-1eb956ea-da69-5a87-a97c-509da759a373","5","2","[""ANSWER_MISSING"",""MODALITIES_MISSING"",""MODALITY_UNDEMONSTRATED"",""SOLUTION_MISSING"",""UNMAPPED_TOPIC"",""PAU_MODALITY_UNDECLARED"",""SOLUTION_REVIEW_REQUIRED""]"
"cand-ead9e0d7-8f51-5491-8074-9b48cbcece5f","ex-2bb0151f-6d36-54a5-80f6-3632e5c8136e","3","2","[""ANSWER_MISSING"",""CHOICES_REQUIRED"",""SOLUTION_MISSING"",""PAU_MODALITY_UNDECLARED"",""SOLUTION_REVIEW_REQUIRED""]"
"cand-d8fe31de-676a-535a-82e6-d9dae207cd8b","ex-2824a6ef-fdbf-51c0-a7af-36ba8abd3cfd","5","4","[""ANSWER_MISSING"",""MODALITIES_MISSING"",""MODALITY_UNDEMONSTRATED"",""SOLUTION_MISSING"",""UNMAPPED_TOPIC"",""MATH_REPRESENTATION_UNDECLARED"",""PAU_DETAIL_INCOMPLETE"",""PAU_MODALITY_UNDECLARED"",""SOLUTION_REVIEW_REQUIRED""]"
"cand-eaee4190-9c09-52d3-a9d3-c84d515d2da0","ex-1f5d0ea5-1af5-57de-9f41-545c674b9380","3","3","[""ANSWER_MISSING"",""CHOICES_REQUIRED"",""SOLUTION_MISSING"",""PAU_DETAIL_INCOMPLETE"",""PAU_MODALITY_UNDECLARED"",""SOLUTION_REVIEW_REQUIRED""]"
"cand-4d2e1360-934e-5768-a745-5d5e7c4cb6dc","ex-6ad4c941-14df-5f7c-b088-6b835ecae09b","5","3","[""ANSWER_MISSING"",""MODALITIES_MISSING"",""MODALITY_UNDEMONSTRATED"",""SOLUTION_MISSING"",""UNMAPPED_TOPIC"",""PAU_DETAIL_INCOMPLETE"",""PAU_MODALITY_UNDECLARED"",""SOLUTION_REVIEW_REQUIRED""]"
"cand-e95b94e5-428b-53af-8096-a91883ae0190","ex-64109275-d928-5747-b500-6be98541247e","3","3","[""ANSWER_MISSING"",""CHOICES_REQUIRED"",""SOLUTION_MISSING"",""PAU_DETAIL_INCOMPLETE"",""PAU_MODALITY_UNDECLARED"",""SOLUTION_REVIEW_REQUIRED""]"
"cand-3bb20da0-a641-55dc-8530-fe1d2bf83ead","ex-6fb2f409-6ad4-56ae-8b62-4cd789e52c78","5","2","[""ANSWER_MISSING"",""MODALITIES_MISSING"",""MODALITY_UNDEMONSTRATED"",""SOLUTION_MISSING"",""UNMAPPED_TOPIC"",""PAU_MODALITY_UNDECLARED"",""SOLUTION_REVIEW_REQUIRED""]"
"cand-a2098a6a-2c26-5717-9847-d8897ee77ad4","ex-b53cd440-2023-5fa7-914c-6a15925aa0b9","3","2","[""ANSWER_MISSING"",""CHOICES_REQUIRED"",""SOLUTION_MISSING"",""PAU_MODALITY_UNDECLARED"",""SOLUTION_REVIEW_REQUIRED""]"
"cand-91a8e7cd-1baa-5885-a3d4-123c16d5224f","ex-1c65b1cc-3223-542b-a02a-46838aa296f8","5","2","[""ANSWER_MISSING"",""MODALITIES_MISSING"",""MODALITY_UNDEMONSTRATED"",""SOLUTION_MISSING"",""UNMAPPED_TOPIC"",""PAU_MODALITY_UNDECLARED"",""SOLUTION_REVIEW_REQUIRED""]"
"cand-cceb9cd2-0c40-5a39-b81b-e7b0acb2e9bf","ex-83f55f1c-7786-524a-aeee-133ff4521b57","7","2","[""ANSWER_MISSING"",""COMMUNITY_UNMAPPED"",""MODALITIES_MISSING"",""MODALITY_UNDEMONSTRATED"",""PAU_COMMUNITY_MISSING"",""SOLUTION_MISSING"",""UNMAPPED_TOPIC"",""PAU_MODALITY_UNDECLARED"",""SOLUTION_REVIEW_REQUIRED""]"
"cand-d6bbc924-3a60-5818-bdbb-4c3931861068","ex-ce764259-96d8-5644-9471-1a9fd8178598","3","2","[""ANSWER_MISSING"",""CHOICES_REQUIRED"",""SOLUTION_MISSING"",""PAU_MODALITY_UNDECLARED"",""SOLUTION_REVIEW_REQUIRED""]"
"cand-241b5f4f-b6c4-5c98-b6da-a8c0ff106f94","ex-2250b10c-cca3-5af3-ae6e-56281c1771d9","3","2","[""ANSWER_MISSING"",""CHOICES_REQUIRED"",""SOLUTION_MISSING"",""PAU_MODALITY_UNDECLARED"",""SOLUTION_REVIEW_REQUIRED""]"
"cand-d26e3ee1-463c-5acb-80bd-7e45a4fedf5c","ex-cb5c9185-fed3-5c6a-a275-55fb06f1d035","5","3","[""ANSWER_MISSING"",""MODALITIES_MISSING"",""MODALITY_UNDEMONSTRATED"",""SOLUTION_MISSING"",""UNMAPPED_TOPIC"",""PAU_DETAIL_INCOMPLETE"",""PAU_MODALITY_UNDECLARED"",""SOLUTION_REVIEW_REQUIRED""]"
"cand-93c99661-05f5-57aa-8cf3-4311382ead4b","ex-88df3a7a-b6df-5f82-be86-e6e131e55e55","3","3","[""ANSWER_MISSING"",""CHOICES_REQUIRED"",""SOLUTION_MISSING"",""PAU_DETAIL_INCOMPLETE"",""PAU_MODALITY_UNDECLARED"",""SOLUTION_REVIEW_REQUIRED""]"
"cand-1003f21e-fbd5-5809-b80a-9d92f3a532db","ex-6dfe66c2-b5ca-53d2-b15c-569a0a4ab5af","5","3","[""ANSWER_MISSING"",""MODALITIES_MISSING"",""MODALITY_UNDEMONSTRATED"",""SOLUTION_MISSING"",""UNMAPPED_TOPIC"",""MATH_REPRESENTATION_UNDECLARED"",""PAU_MODALITY_UNDECLARED"",""SOLUTION_REVIEW_REQUIRED""]"
"cand-e94bf6b3-83dc-5f7d-9550-7da24cf79afa","ex-019de555-c1a8-54e5-8c9b-6238dd315d1b","3","2","[""ANSWER_MISSING"",""CHOICES_REQUIRED"",""SOLUTION_MISSING"",""PAU_MODALITY_UNDECLARED"",""SOLUTION_REVIEW_REQUIRED""]"
"cand-abec6ef8-b59d-572e-bb1d-df5aec27f6a2","ex-09a8c318-b772-5eb0-8baf-a31483951f73","5","2","[""ANSWER_MISSING"",""CHOICES_REQUIRED"",""COMMUNITY_UNMAPPED"",""PAU_COMMUNITY_MISSING"",""SOLUTION_MISSING"",""PAU_MODALITY_UNDECLARED"",""SOLUTION_REVIEW_REQUIRED""]"
"cand-fe36eea9-2447-52b0-b5d2-2c42e18072d8","ex-a45c1217-d838-5543-a996-c8b1413d2931","5","2","[""ANSWER_MISSING"",""CHOICES_REQUIRED"",""COMMUNITY_UNMAPPED"",""PAU_COMMUNITY_MISSING"",""SOLUTION_MISSING"",""PAU_MODALITY_UNDECLARED"",""SOLUTION_REVIEW_REQUIRED""]"
"cand-e763380c-97f8-5a8e-9038-4e3c2a89630b","ex-04517ac1-6f6c-5e9f-add6-9f6cc79ad133","5","2","[""ANSWER_MISSING"",""CHOICES_REQUIRED"",""COMMUNITY_UNMAPPED"",""PAU_COMMUNITY_MISSING"",""SOLUTION_MISSING"",""PAU_MODALITY_UNDECLARED"",""SOLUTION_REVIEW_REQUIRED""]"
"cand-9c2943d7-e91a-5b0e-a24b-1da47fef491e","ex-046b6bed-e5ba-50dd-bf67-53109aa11d70","5","2","[""ANSWER_MISSING"",""CHOICES_REQUIRED"",""COMMUNITY_UNMAPPED"",""PAU_COMMUNITY_MISSING"",""SOLUTION_MISSING"",""PAU_MODALITY_UNDECLARED"",""SOLUTION_REVIEW_REQUIRED""]"
"cand-4758215d-0af0-515d-9707-1e8e26f3c61e","ex-d2efc86b-998f-5288-8632-67a1477fa507","5","2","[""ANSWER_MISSING"",""CHOICES_REQUIRED"",""COMMUNITY_UNMAPPED"",""PAU_COMMUNITY_MISSING"",""SOLUTION_MISSING"",""PAU_MODALITY_UNDECLARED"",""SOLUTION_REVIEW_REQUIRED""]"
"cand-8e75cdd1-7085-5d0a-a2fe-6afb70eacb0a","ex-60e6d983-65cc-5c2b-89bb-e67f7648f1a2","5","2","[""ANSWER_MISSING"",""CHOICES_REQUIRED"",""COMMUNITY_UNMAPPED"",""PAU_COMMUNITY_MISSING"",""SOLUTION_MISSING"",""PAU_MODALITY_UNDECLARED"",""SOLUTION_REVIEW_REQUIRED""]"
"cand-bbd235cc-f3b7-5cfa-8726-6f302a1b641f","ex-e2f6105c-024b-59c3-80cb-f6ccb94e100a","5","2","[""ANSWER_MISSING"",""CHOICES_REQUIRED"",""COMMUNITY_UNMAPPED"",""PAU_COMMUNITY_MISSING"",""SOLUTION_MISSING"",""PAU_MODALITY_UNDECLARED"",""SOLUTION_REVIEW_REQUIRED""]"
"cand-0259921d-ca8f-5e37-aed1-947b224207b6","ex-6942e2b5-dc27-5cd8-a60b-ebaf97a4885f","5","2","[""ANSWER_MISSING"",""CHOICES_REQUIRED"",""COMMUNITY_UNMAPPED"",""PAU_COMMUNITY_MISSING"",""SOLUTION_MISSING"",""PAU_MODALITY_UNDECLARED"",""SOLUTION_REVIEW_REQUIRED""]"
"cand-d8d80a0c-1e1c-58c1-9cf3-d44059fb9c88","ex-609a15e4-1ece-593c-b148-135c35c326d8","7","2","[""ANSWER_MISSING"",""COMMUNITY_UNMAPPED"",""MODALITIES_MISSING"",""MODALITY_UNDEMONSTRATED"",""PAU_COMMUNITY_MISSING"",""SOLUTION_MISSING"",""UNMAPPED_TOPIC"",""PAU_MODALITY_UNDECLARED"",""SOLUTION_REVIEW_REQUIRED""]"
"cand-fa9c6406-64ce-540f-9feb-212d849455fa","ex-14cbcf9f-2920-5557-b0dc-b5d74e13e439","5","2","[""ANSWER_MISSING"",""MODALITIES_MISSING"",""MODALITY_UNDEMONSTRATED"",""SOLUTION_MISSING"",""UNMAPPED_TOPIC"",""PAU_MODALITY_UNDECLARED"",""SOLUTION_REVIEW_REQUIRED""]"
"cand-3e38cf73-32f6-5909-9995-a4982cf40211","ex-d8fc9f2a-984c-59a0-aa27-ec0c1a567a35","5","2","[""ANSWER_MISSING"",""MODALITIES_MISSING"",""MODALITY_UNDEMONSTRATED"",""SOLUTION_MISSING"",""UNMAPPED_TOPIC"",""PAU_MODALITY_UNDECLARED"",""SOLUTION_REVIEW_REQUIRED""]"
"cand-5a6a99fd-54d3-5856-bd8a-17584f1265fc","ex-2643c922-247d-57e4-a141-b17db00e6ee3","5","2","[""ANSWER_MISSING"",""MODALITIES_MISSING"",""MODALITY_UNDEMONSTRATED"",""SOLUTION_MISSING"",""UNMAPPED_TOPIC"",""PAU_MODALITY_UNDECLARED"",""SOLUTION_REVIEW_REQUIRED""]"
"cand-0802424b-aa4f-5466-8cdd-e0e4418f55a5","ex-f697b7d3-b19d-5790-95e7-06a55a82643b","3","2","[""ANSWER_MISSING"",""CHOICES_REQUIRED"",""SOLUTION_MISSING"",""PAU_MODALITY_UNDECLARED"",""SOLUTION_REVIEW_REQUIRED""]"
"cand-3add2694-e8a1-5648-b9c8-dc19e4bd7f68","ex-0c0379a3-a5c0-59a2-b2f5-ad1c11ab6817","5","2","[""ANSWER_MISSING"",""MODALITIES_MISSING"",""MODALITY_UNDEMONSTRATED"",""SOLUTION_MISSING"",""UNMAPPED_TOPIC"",""PAU_MODALITY_UNDECLARED"",""SOLUTION_REVIEW_REQUIRED""]"
"cand-9e7d30ff-f25e-5b6c-8468-a5aa57a2f763","ex-34fca524-2f1b-58a4-8978-064e78b6de97","5","2","[""ANSWER_MISSING"",""MODALITIES_MISSING"",""MODALITY_UNDEMONSTRATED"",""SOLUTION_MISSING"",""UNMAPPED_TOPIC"",""PAU_MODALITY_UNDECLARED"",""SOLUTION_REVIEW_REQUIRED""]"
"cand-6a84ffae-04d1-5714-a570-b8f679031e89","ex-0c720d6d-b7f6-5a9b-a757-e92c727d0ab9","3","2","[""ANSWER_MISSING"",""CHOICES_REQUIRED"",""SOLUTION_MISSING"",""PAU_MODALITY_UNDECLARED"",""SOLUTION_REVIEW_REQUIRED""]"
"cand-4a58fb6a-cd9c-542e-982a-f6931ccb31f7","ex-5fe37d67-693f-5040-9a6d-3187d4d0ae24","3","2","[""ANSWER_MISSING"",""CHOICES_REQUIRED"",""SOLUTION_MISSING"",""PAU_MODALITY_UNDECLARED"",""SOLUTION_REVIEW_REQUIRED""]"
"cand-3aefff3c-55d0-5deb-951e-17f7ea4f7185","ex-a309b0f0-f3e7-5933-a992-547ea382be0e","5","2","[""ANSWER_MISSING"",""MODALITIES_MISSING"",""MODALITY_UNDEMONSTRATED"",""SOLUTION_MISSING"",""UNMAPPED_TOPIC"",""PAU_MODALITY_UNDECLARED"",""SOLUTION_REVIEW_REQUIRED""]"
"cand-f70d0ab5-38c4-5358-8732-6fa65d6bdcbd","ex-b24c6364-9592-56a1-bcfd-983a577d049d","3","2","[""ANSWER_MISSING"",""CHOICES_REQUIRED"",""SOLUTION_MISSING"",""PAU_MODALITY_UNDECLARED"",""SOLUTION_REVIEW_REQUIRED""]"
"cand-8233b774-80ae-57c5-a13b-8344a7c6e59d","ex-a90ff311-60e6-541f-afe7-4b8dd8d3d3c4","5","2","[""ANSWER_MISSING"",""MODALITIES_MISSING"",""MODALITY_UNDEMONSTRATED"",""SOLUTION_MISSING"",""UNMAPPED_TOPIC"",""PAU_MODALITY_UNDECLARED"",""SOLUTION_REVIEW_REQUIRED""]"
"cand-4c739e8b-1536-5f64-b7cd-e285e1767bc7","ex-80666fa8-7699-5cbd-be60-fc0df7004aa5","3","2","[""ANSWER_MISSING"",""CHOICES_REQUIRED"",""SOLUTION_MISSING"",""PAU_MODALITY_UNDECLARED"",""SOLUTION_REVIEW_REQUIRED""]"
"cand-d24f1c3e-d27c-52e6-bfce-9f0ddf7b0ec9","ex-18a2c1cc-6a71-5742-80e6-f84838f25705","5","2","[""ANSWER_MISSING"",""MODALITIES_MISSING"",""MODALITY_UNDEMONSTRATED"",""SOLUTION_MISSING"",""UNMAPPED_TOPIC"",""PAU_MODALITY_UNDECLARED"",""SOLUTION_REVIEW_REQUIRED""]"
"cand-d606c2a4-17c1-5a3e-9fbd-edc415288dcd","ex-d0afe7bb-2cfd-5d05-9cd1-a58fb62260c4","5","2","[""ANSWER_MISSING"",""MODALITIES_MISSING"",""MODALITY_UNDEMONSTRATED"",""SOLUTION_MISSING"",""UNMAPPED_TOPIC"",""PAU_MODALITY_UNDECLARED"",""SOLUTION_REVIEW_REQUIRED""]"
"cand-666ebfa1-43ed-5222-9a7d-26e2d47de5a3","ex-82a5fc38-58ec-5cdb-8ebd-bb722307bc91","3","2","[""ANSWER_MISSING"",""CHOICES_REQUIRED"",""SOLUTION_MISSING"",""PAU_MODALITY_UNDECLARED"",""SOLUTION_REVIEW_REQUIRED""]"
"cand-00c5cba0-6017-5af3-b685-752ff248ffad","ex-56c4fd8f-ac66-50df-9fa6-c76e470c2797","5","2","[""ANSWER_MISSING"",""MODALITIES_MISSING"",""MODALITY_UNDEMONSTRATED"",""SOLUTION_MISSING"",""UNMAPPED_TOPIC"",""PAU_MODALITY_UNDECLARED"",""SOLUTION_REVIEW_REQUIRED""]"
"cand-4814a73a-4946-580c-be60-9e5de8b979d1","ex-6b7c8371-6e82-579d-85a7-2d6f2c528edd","3","2","[""ANSWER_MISSING"",""CHOICES_REQUIRED"",""SOLUTION_MISSING"",""PAU_MODALITY_UNDECLARED"",""SOLUTION_REVIEW_REQUIRED""]"
"cand-e1e1a4c2-d8f2-5ede-bb32-af9128f0a92a","ex-1dde036e-c441-5601-944b-2de933e44a2c","5","2","[""ANSWER_MISSING"",""MODALITIES_MISSING"",""MODALITY_UNDEMONSTRATED"",""SOLUTION_MISSING"",""UNMAPPED_TOPIC"",""PAU_MODALITY_UNDECLARED"",""SOLUTION_REVIEW_REQUIRED""]"
"cand-df90c608-584c-5601-8ddf-8e7de466f461","ex-61ab87d4-0a95-5dc7-86ac-0eee907815b5","5","2","[""ANSWER_MISSING"",""MODALITIES_MISSING"",""MODALITY_UNDEMONSTRATED"",""SOLUTION_MISSING"",""UNMAPPED_TOPIC"",""PAU_MODALITY_UNDECLARED"",""SOLUTION_REVIEW_REQUIRED""]"
"cand-806f86c6-1b2e-506b-8e48-9524e7554546","ex-358dfddb-ce6f-56a8-8108-4e4938dd9857","3","2","[""ANSWER_MISSING"",""CHOICES_REQUIRED"",""SOLUTION_MISSING"",""PAU_MODALITY_UNDECLARED"",""SOLUTION_REVIEW_REQUIRED""]"
"cand-56fe8b18-2ae4-5afe-a072-99c66f2d0356","ex-057c1a93-fde8-525e-8c9c-c69262368aaa","5","2","[""ANSWER_MISSING"",""MODALITIES_MISSING"",""MODALITY_UNDEMONSTRATED"",""SOLUTION_MISSING"",""UNMAPPED_TOPIC"",""PAU_MODALITY_UNDECLARED"",""SOLUTION_REVIEW_REQUIRED""]"
"cand-ce67e310-cb4e-5489-9c8a-54ed78ca4f29","ex-e703383a-8807-59e9-b4b7-63fe3041bdb3","3","2","[""ANSWER_MISSING"",""CHOICES_REQUIRED"",""SOLUTION_MISSING"",""PAU_MODALITY_UNDECLARED"",""SOLUTION_REVIEW_REQUIRED""]"
"cand-e857fa23-ce20-5502-a4f6-dba6cdeac171","ex-7e773a90-57c9-5790-9c73-1fe399395d6c","5","2","[""ANSWER_MISSING"",""MODALITIES_MISSING"",""MODALITY_UNDEMONSTRATED"",""SOLUTION_MISSING"",""UNMAPPED_TOPIC"",""PAU_MODALITY_UNDECLARED"",""SOLUTION_REVIEW_REQUIRED""]"
"cand-6fee1393-6b19-5417-9f92-bb2f83653e9f","ex-50f5e580-6216-556c-b50e-5ef23c3a63e8","3","2","[""ANSWER_MISSING"",""CHOICES_REQUIRED"",""SOLUTION_MISSING"",""PAU_MODALITY_UNDECLARED"",""SOLUTION_REVIEW_REQUIRED""]"
"cand-c79b422e-c2fe-55a1-85c9-345ced6d921a","ex-6cca4b96-f162-516c-aa55-091bad146de9","5","2","[""ANSWER_MISSING"",""MODALITIES_MISSING"",""MODALITY_UNDEMONSTRATED"",""SOLUTION_MISSING"",""UNMAPPED_TOPIC"",""PAU_MODALITY_UNDECLARED"",""SOLUTION_REVIEW_REQUIRED""]"
"cand-2c121cbd-82ba-5457-bc77-1168d8135d7e","ex-24742980-86eb-51f1-9588-f1b6a67f8cdb","3","2","[""ANSWER_MISSING"",""CHOICES_REQUIRED"",""SOLUTION_MISSING"",""PAU_MODALITY_UNDECLARED"",""SOLUTION_REVIEW_REQUIRED""]"
"cand-915fd934-20ba-5a85-b635-83ddab3c66e4","ex-616df0f3-4fb9-59c9-80f9-437012d17378","5","2","[""ANSWER_MISSING"",""MODALITIES_MISSING"",""MODALITY_UNDEMONSTRATED"",""SOLUTION_MISSING"",""UNMAPPED_TOPIC"",""PAU_MODALITY_UNDECLARED"",""SOLUTION_REVIEW_REQUIRED""]"
"cand-61666a6e-7897-5941-8323-c310aae58bf7","ex-a7d0c012-f58d-51f7-9731-fcd79281b197","5","2","[""ANSWER_MISSING"",""MODALITIES_MISSING"",""MODALITY_UNDEMONSTRATED"",""SOLUTION_MISSING"",""UNMAPPED_TOPIC"",""PAU_MODALITY_UNDECLARED"",""SOLUTION_REVIEW_REQUIRED""]"
"cand-11d740f0-af3d-5902-93fe-c129cd2d7be6","ex-a528454b-2705-5392-b41c-bd0430ed6152","3","2","[""ANSWER_MISSING"",""CHOICES_REQUIRED"",""SOLUTION_MISSING"",""PAU_MODALITY_UNDECLARED"",""SOLUTION_REVIEW_REQUIRED""]"
"cand-08da6f87-91cc-5639-bd0d-e2646754e0b9","ex-78202495-d206-5986-8ae7-0138ff08fdbb","5","2","[""ANSWER_MISSING"",""MODALITIES_MISSING"",""MODALITY_UNDEMONSTRATED"",""SOLUTION_MISSING"",""UNMAPPED_TOPIC"",""PAU_MODALITY_UNDECLARED"",""SOLUTION_REVIEW_REQUIRED""]"
"cand-4d236d7f-84ca-577e-869f-f29cfd10e46e","ex-e31efbcc-79c8-5ae9-88c0-f02412ac9210","3","2","[""ANSWER_MISSING"",""CHOICES_REQUIRED"",""SOLUTION_MISSING"",""PAU_MODALITY_UNDECLARED"",""SOLUTION_REVIEW_REQUIRED""]"
"cand-f7f71de4-5516-5ebd-b6d8-944a42549fab","ex-d0bac1c0-8ec1-5ede-ac58-26af7d042303","5","2","[""ANSWER_MISSING"",""MODALITIES_MISSING"",""MODALITY_UNDEMONSTRATED"",""SOLUTION_MISSING"",""UNMAPPED_TOPIC"",""PAU_MODALITY_UNDECLARED"",""SOLUTION_REVIEW_REQUIRED""]"
"cand-f9a34bb2-5505-5497-81f2-053fff190da2","ex-bb56ed11-6a6a-5c65-8c7d-355e802fa0f2","3","2","[""ANSWER_MISSING"",""CHOICES_REQUIRED"",""SOLUTION_MISSING"",""PAU_MODALITY_UNDECLARED"",""SOLUTION_REVIEW_REQUIRED""]"
"cand-9e475abb-cdc6-559f-ae7f-8f774d406c40","ex-4f1437a0-ab87-5b1b-a4e9-73c91e09d9eb","5","2","[""ANSWER_MISSING"",""MODALITIES_MISSING"",""MODALITY_UNDEMONSTRATED"",""SOLUTION_MISSING"",""UNMAPPED_TOPIC"",""PAU_MODALITY_UNDECLARED"",""SOLUTION_REVIEW_REQUIRED""]"
"cand-5fadfbe3-c9c1-5391-b654-9c1376424e84","ex-f0fc3d94-90cb-5118-a9f4-1778b6b5c52f","3","2","[""ANSWER_MISSING"",""CHOICES_REQUIRED"",""SOLUTION_MISSING"",""PAU_MODALITY_UNDECLARED"",""SOLUTION_REVIEW_REQUIRED""]"
"cand-39aa4667-d00c-556a-9928-ebc26a90c892","ex-4ad1f321-324e-5f4d-92ee-3ea12486d2f6","5","2","[""ANSWER_MISSING"",""MODALITIES_MISSING"",""MODALITY_UNDEMONSTRATED"",""SOLUTION_MISSING"",""UNMAPPED_TOPIC"",""PAU_MODALITY_UNDECLARED"",""SOLUTION_REVIEW_REQUIRED""]"
"cand-8ee3f764-35d7-545f-9a5b-c80f186c7c63","ex-9def1193-de72-53fc-9bfe-745d0431a317","3","2","[""ANSWER_MISSING"",""CHOICES_REQUIRED"",""SOLUTION_MISSING"",""PAU_MODALITY_UNDECLARED"",""SOLUTION_REVIEW_REQUIRED""]"
"cand-5708d311-0e3a-5805-bae4-0239348f50e1","ex-28d0f507-386e-565f-9af1-006836a57344","5","2","[""ANSWER_MISSING"",""MODALITIES_MISSING"",""MODALITY_UNDEMONSTRATED"",""SOLUTION_MISSING"",""UNMAPPED_TOPIC"",""PAU_MODALITY_UNDECLARED"",""SOLUTION_REVIEW_REQUIRED""]"
"cand-d41fd412-6567-5d04-afc4-76783d3ea735","ex-4f86dfcf-d767-5aa8-aa07-0831c78a0e18","3","2","[""ANSWER_MISSING"",""CHOICES_REQUIRED"",""SOLUTION_MISSING"",""PAU_MODALITY_UNDECLARED"",""SOLUTION_REVIEW_REQUIRED""]"
"cand-b6ca6f06-c0e3-520b-9709-0114616e5fd7","ex-e3545202-52ce-51b4-bf55-f55b1aa3cb46","5","2","[""ANSWER_MISSING"",""MODALITIES_MISSING"",""MODALITY_UNDEMONSTRATED"",""SOLUTION_MISSING"",""UNMAPPED_TOPIC"",""PAU_MODALITY_UNDECLARED"",""SOLUTION_REVIEW_REQUIRED""]"
"cand-4f39360a-3cfb-560a-bd34-18aa571f1886","ex-0eb553e3-d1d3-597b-b3e6-cbdacd290a32","3","2","[""ANSWER_MISSING"",""CHOICES_REQUIRED"",""SOLUTION_MISSING"",""PAU_MODALITY_UNDECLARED"",""SOLUTION_REVIEW_REQUIRED""]"
"cand-296f5a3c-f172-5322-b150-8a3157918f9a","ex-f79d7261-1eab-545a-ba57-1c2666fa89ef","5","2","[""ANSWER_MISSING"",""MODALITIES_MISSING"",""MODALITY_UNDEMONSTRATED"",""SOLUTION_MISSING"",""UNMAPPED_TOPIC"",""PAU_MODALITY_UNDECLARED"",""SOLUTION_REVIEW_REQUIRED""]"
"cand-3328b6c6-6f6a-529f-aa80-05fdf31e68e0","ex-2b037950-9fd4-5016-a0c9-22c14f76345e","3","2","[""ANSWER_MISSING"",""CHOICES_REQUIRED"",""SOLUTION_MISSING"",""PAU_MODALITY_UNDECLARED"",""SOLUTION_REVIEW_REQUIRED""]"
"cand-5cfc18a1-b1a3-5c83-9f38-3b8bbd039b09","ex-bfd17d2f-7861-5b75-8703-12ff442d25ff","5","3","[""ANSWER_MISSING"",""MODALITIES_MISSING"",""MODALITY_UNDEMONSTRATED"",""SOLUTION_MISSING"",""UNMAPPED_TOPIC"",""MATH_REPRESENTATION_UNDECLARED"",""PAU_MODALITY_UNDECLARED"",""SOLUTION_REVIEW_REQUIRED""]"
"cand-14142200-9df4-5e04-b065-84671ca8ed5e","ex-dc6ca454-7307-5459-8784-e53efd4f51ee","5","2","[""ANSWER_MISSING"",""MODALITIES_MISSING"",""MODALITY_UNDEMONSTRATED"",""SOLUTION_MISSING"",""UNMAPPED_TOPIC"",""PAU_MODALITY_UNDECLARED"",""SOLUTION_REVIEW_REQUIRED""]"
"cand-fe780800-ac46-5caa-94b3-7975b8064c1f","ex-1b3ac3ea-947f-5cfb-9372-66c8c8d9f68d","3","2","[""ANSWER_MISSING"",""CHOICES_REQUIRED"",""SOLUTION_MISSING"",""PAU_MODALITY_UNDECLARED"",""SOLUTION_REVIEW_REQUIRED""]"
