candidateId,courseId,field,rawValue,reason
"cand-8a6a0c68-8d28-563e-86f2-4dbe7efa25b9","1bach-mates","block","sin-determinar","UNMAPPED_BLOCK"
"cand-7a3c6615-1df0-5a03-8343-871076b028d5","1bach-mates","block","sin-determinar","UNMAPPED_BLOCK"
"cand-e807d64d-2258-54dc-9df8-aeb228fd5674","1bach-mates","block","sin-determinar","UNMAPPED_BLOCK"
"cand-840e2694-f2f0-56ea-9027-38e1a398cdf2","1bach-mates","block","sin-determinar","UNMAPPED_BLOCK"
"cand-0f2ee517-411b-5c7f-86e9-07d2c0a9cd9c","1bach-mates","block","sin-determinar","UNMAPPED_BLOCK"
"cand-a41aaf5b-d0ef-5702-aa15-d1ed4cb0f341","1bach-mates","block","sin-determinar","UNMAPPED_BLOCK"
"cand-469339b8-75a2-5ac7-86c7-a34e675652a9","1bach-mates","block","sin-determinar","UNMAPPED_BLOCK"
"cand-f3e932e2-1ecc-5766-bb1c-f88e5ffd6b1e","1bach-mates","block","sin-determinar","UNMAPPED_BLOCK"
"cand-9acad28b-a009-503c-9029-4cf5377717da","1bach-mates","block","sin-determinar","UNMAPPED_BLOCK"
"cand-e8bf4a98-aa6c-5918-9f58-d4f56819ca4a","1bach-mates","block","sin-determinar","UNMAPPED_BLOCK"
"cand-98782be0-af2e-5e11-be1f-847f3647e5cd","1bach-mates","block","sin-determinar","UNMAPPED_BLOCK"
"cand-6f2ce3de-1227-5778-aab1-d452c1d44f78","1bach-mates","block","sin-determinar","UNMAPPED_BLOCK"
"cand-4e3ab6ea-92eb-58de-a2ae-b0681a730d5c","1bach-ccss","block","sin-determinar","UNMAPPED_BLOCK"
"cand-e78d10cc-8030-59e2-8e4a-c66364f3f11c","1bach-ccss","block","sin-determinar","UNMAPPED_BLOCK"
"cand-ee6cd0db-8488-5162-b7fb-aabf72dea236","1bach-ccss","block","sin-determinar","UNMAPPED_BLOCK"
"cand-6e9eff9e-2d7c-5d0e-bb39-04720743e12f","1bach-ccss","block","sin-determinar","UNMAPPED_BLOCK"
"cand-983a76a6-3ee9-5981-91c7-3344f6f85197","1bach-ccss","block","sin-determinar","UNMAPPED_BLOCK"
"cand-130ddce3-321b-5470-911b-39219dd62bf4","1bach-ccss","block","sin-determinar","UNMAPPED_BLOCK"
"cand-3f1f70a2-9fee-5859-a67e-08c5206c53e2","1bach-ccss","block","sin-determinar","UNMAPPED_BLOCK"
"cand-5a4bb696-075a-5d46-bf5d-7c97a6ded376","1bach-ccss","block","sin-determinar","UNMAPPED_BLOCK"
"cand-d3b35e6b-6d08-590b-a799-bbb399e1f420","1bach-ccss","block","sin-determinar","UNMAPPED_BLOCK"
"cand-38684f09-3204-5fcb-8e21-1d231e6be89f","1bach-ccss","block","sin-determinar","UNMAPPED_BLOCK"
"cand-718caa4e-94e8-5ca3-9129-f316eb4faae2","1bach-ccss","block","sin-determinar","UNMAPPED_BLOCK"
"cand-2a47109d-fda6-5bbb-806e-7639586581b5","1bach-ccss","block","sin-determinar","UNMAPPED_BLOCK"
"cand-fbc9b80f-7f6f-5fa0-a1d7-3240002527c2","1bach-ccss","block","sin-determinar","UNMAPPED_BLOCK"
"cand-fd8423a7-1d71-5261-af45-c0f22fac9223","1bach-ccss","block","sin-determinar","UNMAPPED_BLOCK"
"cand-116c7154-5235-5c92-aa27-1bef2dc296cb","1bach-ccss","block","sin-determinar","UNMAPPED_BLOCK"
"cand-e5f68656-30a0-5a2c-8ee0-a4827ae91c6a","1bach-ccss","block","sin-determinar","UNMAPPED_BLOCK"
"cand-2585d388-a359-5dfe-92fb-0d0383b15cce","1bach-ccss","block","sin-determinar","UNMAPPED_BLOCK"
"cand-42505896-add3-57c0-8b7a-44bf408232d8","1bach-ccss","block","sin-determinar","UNMAPPED_BLOCK"
"cand-7e84ccf7-ec4d-5a5f-9f77-4bc6acea6ad4","1bach-ccss","block","sin-determinar","UNMAPPED_BLOCK"
"cand-0e914741-094d-5751-be3c-99cda6fbf5b8","1bach-ccss","block","sin-determinar","UNMAPPED_BLOCK"
"cand-59f04730-0f63-5d35-a264-51d44ea1d687","1bach-ccss","block","sin-determinar","UNMAPPED_BLOCK"
"cand-3a630485-194c-54a7-95c3-0fe8b32feac1","1bach-ccss","block","sin-determinar","UNMAPPED_BLOCK"
"cand-d4eea943-2d92-5621-ba02-8b1dad77102a","1bach-ccss","block","sin-determinar","UNMAPPED_BLOCK"
"cand-67413e2b-0347-52db-baca-7c7f0a2a65f0","1bach-ccss","block","sin-determinar","UNMAPPED_BLOCK"
"cand-51811e74-37fc-5336-8460-b9765db15ec8","1bach-ccss","block","sin-determinar","UNMAPPED_BLOCK"
"cand-4a61b33d-ea8d-59b9-9f72-95bfc77c3662","1bach-ccss","block","sin-determinar","UNMAPPED_BLOCK"
"cand-1e7b57ad-47c2-5efb-bc87-e34366110b45","1bach-ccss","block","sin-determinar","UNMAPPED_BLOCK"
"cand-f425ede5-feab-5b49-b2f3-eca592456560","1bach-ccss","block","sin-determinar","UNMAPPED_BLOCK"
"cand-be1f7a6b-bf95-5956-ac55-efe1fd459e85","1bach-ccss","block","sin-determinar","UNMAPPED_BLOCK"
"cand-74a2dc28-329d-5e7f-b5c3-00f80b762122","1bach-ccss","block","sin-determinar","UNMAPPED_BLOCK"
"cand-b9f85f19-2e5f-5cd8-9ab8-1c451adc9020","1bach-ccss","block","sin-determinar","UNMAPPED_BLOCK"
"cand-c303040c-6562-5da5-9fc4-295128f8d9f0","1bach-ccss","block","sin-determinar","UNMAPPED_BLOCK"
"cand-c1d5203a-ed92-5de0-95fd-741bdcad4af0","1bach-ccss","block","sin-determinar","UNMAPPED_BLOCK"
"cand-060e1cc0-9e12-577d-bc71-fc33a41d9512","1bach-ccss","block","sin-determinar","UNMAPPED_BLOCK"
"cand-a0ad9167-87b3-577a-8fac-76903ec0f9e7","1bach-ccss","block","sin-determinar","UNMAPPED_BLOCK"
"cand-e810c1a0-8e44-55cf-8937-839679f9ded0","1bach-ccss","block","sin-determinar","UNMAPPED_BLOCK"
"cand-6907c9a4-37e2-5086-a8d1-3ce9b77f051b","1bach-ccss","block","sin-determinar","UNMAPPED_BLOCK"
"cand-66b60e6e-23d3-59ec-a2d3-3fcb12b9f17f","1bach-ccss","block","sin-determinar","UNMAPPED_BLOCK"
"cand-b3400ec6-ee79-5809-a980-63a6845f4892","1bach-ccss","block","sin-determinar","UNMAPPED_BLOCK"
"cand-f853e9d7-ea72-5399-a399-aa9cc4c27695","1bach-ccss","block","sin-determinar","UNMAPPED_BLOCK"
"cand-ebff8a37-c47f-552d-aaaa-0e8059cabac4","1bach-ccss","block","sin-determinar","UNMAPPED_BLOCK"
"cand-74eb59aa-1b3c-5f5d-af2a-28a563d6610c","1bach-ccss","block","sin-determinar","UNMAPPED_BLOCK"
"cand-a727594e-73ca-540d-a771-e68027e47fee","1bach-ccss","block","sin-determinar","UNMAPPED_BLOCK"
"cand-901e7c26-b884-57a2-bfe9-032d1586dd6a","1bach-ccss","block","sin-determinar","UNMAPPED_BLOCK"
"cand-27d71576-7387-5be6-9af3-e6a6700b3e7d","1bach-ccss","block","sin-determinar","UNMAPPED_BLOCK"
"cand-b17c26d4-017b-5f58-8715-0b8ed989076c","1bach-ccss","block","sin-determinar","UNMAPPED_BLOCK"
"cand-55fd08bb-7a66-587d-9b99-ded1267c8bd2","1bach-ccss","block","sin-determinar","UNMAPPED_BLOCK"
"cand-6e91360f-877a-57c7-ae65-7fb06da2690f","1bach-ccss","block","sin-determinar","UNMAPPED_BLOCK"
"cand-b9148ac8-6eaa-55a5-a9f0-664b423918a0","1bach-ccss","block","sin-determinar","UNMAPPED_BLOCK"
"cand-fe79a5cb-3c81-5400-b013-ab63bee2abdc","1bach-ccss","block","sin-determinar","UNMAPPED_BLOCK"
"cand-dfbdb6f8-fdff-5b63-b9d6-f8a7d60a383c","1bach-ccss","block","sin-determinar","UNMAPPED_BLOCK"
"cand-f5d7a091-2222-5f3d-936b-edc2e9fda443","1bach-ccss","block","sin-determinar","UNMAPPED_BLOCK"
"cand-d5ae966e-89fc-5d9d-8079-649edc652474","1bach-ccss","block","sin-determinar","UNMAPPED_BLOCK"
"cand-40ead876-9667-530a-8449-0dc7a51982e8","1bach-ccss","block","sin-determinar","UNMAPPED_BLOCK"
"cand-9d5f736d-3fd6-5b0e-985f-18d1e98123f8","1bach-ccss","block","sin-determinar","UNMAPPED_BLOCK"
"cand-109ac323-a879-52bb-9e7f-ae75bd51d298","1bach-ccss","block","sin-determinar","UNMAPPED_BLOCK"
"cand-e8ad6c70-9929-5e24-a9eb-73d898cf3c59","1bach-ccss","block","sin-determinar","UNMAPPED_BLOCK"
"cand-c30b4aec-3c49-5439-8bf5-f39e81f132d0","1bach-ccss","block","sin-determinar","UNMAPPED_BLOCK"
"cand-0e241902-2e1c-50ab-b13a-7491ad359c93","1bach-ccss","block","sin-determinar","UNMAPPED_BLOCK"
"cand-8a1fd97e-bbdb-5ed2-a324-958963817f7c","1bach-ccss","block","sin-determinar","UNMAPPED_BLOCK"
"cand-5330db24-4ed9-5a0f-94b0-97b8f028af4d","1bach-ccss","block","sin-determinar","UNMAPPED_BLOCK"
"cand-5c3a2f39-b497-563d-9f57-2256eb279f5a","1bach-ccss","block","sin-determinar","UNMAPPED_BLOCK"
"cand-18428d91-915c-55f5-815a-18647a5cb33c","1bach-ccss","block","sin-determinar","UNMAPPED_BLOCK"
"cand-0b1140ec-f68c-5548-a3b2-e0e2f4fdd034","1bach-ccss","block","sin-determinar","UNMAPPED_BLOCK"
"cand-514db0d4-d8f3-5af6-9293-6b706ba76cd4","1bach-ccss","block","sin-determinar","UNMAPPED_BLOCK"
"cand-fa195bea-9867-5f04-8558-340dcd8baa2d","1bach-ccss","block","sin-determinar","UNMAPPED_BLOCK"
"cand-b76b3981-eb73-5926-833d-6f32cc6f3cca","1bach-ccss","block","sin-determinar","UNMAPPED_BLOCK"
"cand-1685ec80-caf1-5f89-ac98-d4ed8796abae","1bach-ccss","block","sin-determinar","UNMAPPED_BLOCK"
"cand-4c7db99b-21f0-5246-941d-e9e542b6119c","1bach-ccss","block","sin-determinar","UNMAPPED_BLOCK"
"cand-b71e7a0c-44a3-53f0-98af-eaf40e1eebad","1bach-ccss","block","sin-determinar","UNMAPPED_BLOCK"
"cand-50ee9334-ddd3-55de-a55b-b08f6f5440e7","1bach-ccss","block","sin-determinar","UNMAPPED_BLOCK"
"cand-68845420-8a16-5a2d-82c5-87e3f02ee482","1bach-ccss","block","sin-determinar","UNMAPPED_BLOCK"
"cand-29d0ef0e-0b2a-5203-9b39-14f5ceb17e56","1bach-ccss","block","sin-determinar","UNMAPPED_BLOCK"
"cand-8da02429-85ed-5fad-8da7-319dcd95c7eb","1bach-ccss","block","sin-determinar","UNMAPPED_BLOCK"
"cand-d645ca22-905e-5619-9cff-7ed7ae4d34c4","1bach-ccss","block","sin-determinar","UNMAPPED_BLOCK"
"cand-42a25db0-4dc8-5115-91cb-86e129db3fae","1bach-ccss","block","sin-determinar","UNMAPPED_BLOCK"
"cand-f97c42c3-c332-5f5f-b38b-b523731044db","1bach-ccss","block","sin-determinar","UNMAPPED_BLOCK"
"cand-8def8346-c092-5fba-9c27-20be63e88e0e","1bach-ccss","block","sin-determinar","UNMAPPED_BLOCK"
"cand-b8fdb98b-4dc2-506a-adfd-99a0d0b7573d","1bach-ccss","block","sin-determinar","UNMAPPED_BLOCK"
"cand-d2c9d8ee-0d01-5015-8de7-c6ffd5b923f7","1bach-ccss","block","sin-determinar","UNMAPPED_BLOCK"
"cand-76ea067f-397d-57e0-a63c-830fe280e16a","1bach-ccss","block","sin-determinar","UNMAPPED_BLOCK"
"cand-74fff524-fe32-59ac-bb57-ec8edc5618a1","1bach-ccss","block","sin-determinar","UNMAPPED_BLOCK"
"cand-d04e18cb-ddd2-5840-bf62-fa3b34f1ce98","1bach-ccss","block","sin-determinar","UNMAPPED_BLOCK"
"cand-e7822aa6-f1bd-5e4c-97f6-d3a34f91bcab","1bach-ccss","block","sin-determinar","UNMAPPED_BLOCK"
"cand-8b14e84a-28fb-5f67-b551-03d06074f148","1bach-ccss","block","sin-determinar","UNMAPPED_BLOCK"
"cand-0cae559a-467c-5080-9e0e-9623c1a4d071","1bach-mates","block","sin-determinar","UNMAPPED_BLOCK"
"cand-f47c87a0-64bc-5ffe-be50-a74a0ca4e132","1bach-mates","block","sin-determinar","UNMAPPED_BLOCK"
"cand-f6d38b93-da54-5f5d-9c6a-f655d4f44af5","1bach-mates","block","sin-determinar","UNMAPPED_BLOCK"
"cand-2fc605b7-04a2-589c-9f36-af0a313e5913","1bach-mates","block","sin-determinar","UNMAPPED_BLOCK"
"cand-8c86a8a3-cb53-54a8-8e49-da8cdddd5106","1bach-mates","block","sin-determinar","UNMAPPED_BLOCK"
"cand-e11d28f7-a7b5-514a-a9b1-89c25bca6090","1bach-mates","block","sin-determinar","UNMAPPED_BLOCK"
"cand-04170a4e-bfe3-50ac-b30e-7b4aacf1966d","1bach-mates","block","sin-determinar","UNMAPPED_BLOCK"
"cand-62194f74-eac8-5d1c-b1a8-2a630857c674","1bach-mates","block","sin-determinar","UNMAPPED_BLOCK"
"cand-3f203625-b41e-582b-8813-4c9819985709","1bach-mates","block","sin-determinar","UNMAPPED_BLOCK"
"cand-13667a6d-8e21-53ee-aace-034e35dd7382","1bach-mates","block","sin-determinar","UNMAPPED_BLOCK"
"cand-c789e569-1e00-5f67-9e66-3775e579f3e9","1bach-mates","block","sin-determinar","UNMAPPED_BLOCK"
"cand-b94c7e95-e72f-5da5-840f-128aa0fad375","1bach-mates","block","sin-determinar","UNMAPPED_BLOCK"
"cand-a6d36200-6df8-59dc-8b04-9243ca12cc62","1bach-mates","block","sin-determinar","UNMAPPED_BLOCK"
"cand-5ddcfe28-4149-53e5-b89a-1be741713a62","1bach-mates","block","sin-determinar","UNMAPPED_BLOCK"
"cand-439a07ca-9369-5ebe-a596-e0d5735f7888","1bach-mates","block","sin-determinar","UNMAPPED_BLOCK"
"cand-6cf2a6d3-de78-50e2-8a61-c1ab35a00216","1bach-mates","block","sin-determinar","UNMAPPED_BLOCK"
"cand-2e2e08fe-d686-5f2d-a50e-a50e71a238af","1bach-mates","block","sin-determinar","UNMAPPED_BLOCK"
"cand-b3b4d055-d4f1-5011-a1d3-a81b57ead1b9","1bach-mates","block","sin-determinar","UNMAPPED_BLOCK"
"cand-3d2f6a44-dd2d-5c52-85b4-06c593560d3a","1bach-mates","block","sin-determinar","UNMAPPED_BLOCK"
"cand-e4e8aaa4-ba36-5788-9da5-a13bfe806f7e","1bach-mates","block","sin-determinar","UNMAPPED_BLOCK"
"cand-f4560a70-ec14-5bf0-a8a4-b65109ddbd1a","1bach-mates","block","sin-determinar","UNMAPPED_BLOCK"
"cand-317f5f1c-51d4-5780-a8c1-1119d7d96013","1bach-mates","block","sin-determinar","UNMAPPED_BLOCK"
"cand-aa5c39c0-d226-58cd-b921-dc2a84295588","1bach-mates","block","sin-determinar","UNMAPPED_BLOCK"
"cand-97439cd5-d8ca-5c2f-a5b7-376af57bda23","1bach-mates","block","sin-determinar","UNMAPPED_BLOCK"
"cand-33e312d0-e00b-5e5c-9f87-a1926b1b9d24","1bach-mates","block","sin-determinar","UNMAPPED_BLOCK"
"cand-83bddd4c-298f-511e-9c3f-8c47b8a4fca2","1bach-mates","block","sin-determinar","UNMAPPED_BLOCK"
"cand-d987ce40-8f6c-5d17-8375-5bd0d17fc8d2","1bach-mates","block","sin-determinar","UNMAPPED_BLOCK"
"cand-9d761ad9-2149-53c6-b4f8-c5c3962412ab","1bach-mates","block","sin-determinar","UNMAPPED_BLOCK"
"cand-85f9093e-5ca6-5fed-824a-76a79735f817","1bach-mates","block","sin-determinar","UNMAPPED_BLOCK"
"cand-d1514124-83da-5621-84af-7cb581ed7930","1bach-mates","block","sin-determinar","UNMAPPED_BLOCK"
"cand-1f51ef89-a8f9-54b4-8cfa-66eafdf00e11","1bach-mates","block","sin-determinar","UNMAPPED_BLOCK"
"cand-c9217049-5311-575a-bbfc-9a7081f1a171","1bach-mates","block","sin-determinar","UNMAPPED_BLOCK"
"cand-d6824891-ec98-53d3-b336-69d23d267f19","1bach-mates","block","sin-determinar","UNMAPPED_BLOCK"
"cand-27cf668b-f186-50d5-a1ee-ef3ebb37ecd0","1bach-mates","block","sin-determinar","UNMAPPED_BLOCK"
"cand-034ef671-bb54-59ac-a294-a9158dc67d19","1eso","block","sin-determinar","UNMAPPED_BLOCK"
"cand-53c8e03c-de04-533b-aa33-a133ae18a9dd","1eso","block","sin-determinar","UNMAPPED_BLOCK"
"cand-0834eb47-5cbe-5cc2-a38b-43fa5336fc4b","1eso","block","sin-determinar","UNMAPPED_BLOCK"
"cand-ce379376-8909-5393-994e-bc721c4cd784","1eso","block","sin-determinar","UNMAPPED_BLOCK"
"cand-9bd11696-9fd7-5942-a685-376805f58cb2","1eso","block","sin-determinar","UNMAPPED_BLOCK"
"cand-f795fe4c-e0df-5f95-b848-6e3a8a4720df","1eso","block","sin-determinar","UNMAPPED_BLOCK"
"cand-37ff5006-dbb7-5504-a496-e61cd8044c2e","1eso","block","sin-determinar","UNMAPPED_BLOCK"
"cand-6faffc80-c116-5fd7-8b17-16f1264b4074","1eso","block","sin-determinar","UNMAPPED_BLOCK"
"cand-891dc52c-dc4a-5179-af67-ce31370d6c69","1eso","block","sin-determinar","UNMAPPED_BLOCK"
"cand-9721f2e5-2cd2-5756-84e7-9a3ad1edd558","1eso","block","sin-determinar","UNMAPPED_BLOCK"
"cand-5719248e-2ab0-57e2-83a1-3e37d644cda9","1eso","block","sin-determinar","UNMAPPED_BLOCK"
"cand-9d2007da-481b-54e1-9bfc-d0606b7ce6c6","1eso","block","sin-determinar","UNMAPPED_BLOCK"
"cand-83032aa8-b8b8-5ad5-994c-78374b99be7f","1eso","block","sin-determinar","UNMAPPED_BLOCK"
"cand-e6209222-2419-5efb-8253-794a4c7a7dd4","1eso","block","sin-determinar","UNMAPPED_BLOCK"
"cand-df1e8da1-233c-5f88-9928-41b11dbb557e","1eso","block","sin-determinar","UNMAPPED_BLOCK"
"cand-c0f78f9e-3af6-5759-93c4-8676f62ce3be","1eso","block","sin-determinar","UNMAPPED_BLOCK"
"cand-4cb87666-9fd2-569b-98b8-a94f9b80899f","1eso","block","sin-determinar","UNMAPPED_BLOCK"
"cand-886c6bc4-de1d-5512-8b8e-67ec6f6cb7a5","1eso","block","sin-determinar","UNMAPPED_BLOCK"
"cand-ec3f876b-dbe8-592d-b705-0bdfc787aafb","1eso","block","sin-determinar","UNMAPPED_BLOCK"
"cand-e3ce8eb5-ba86-534e-917f-0f9428f88d96","1eso","block","sin-determinar","UNMAPPED_BLOCK"
"cand-184c94b8-5f62-5a0c-a473-524af8ed72c6","1eso","block","sin-determinar","UNMAPPED_BLOCK"
"cand-8a17dd9e-5bd3-5c14-8ad6-c30c1db6742b","1eso","block","sin-determinar","UNMAPPED_BLOCK"
"cand-b370e634-263c-518e-a7a1-42ec9876a4a3","1eso","block","sin-determinar","UNMAPPED_BLOCK"
"cand-1cab7bab-4d88-5ca0-85c4-54962588f406","1eso","block","sin-determinar","UNMAPPED_BLOCK"
"cand-e9a81507-d6e6-5b42-8087-145872a89cbf","1eso","block","sin-determinar","UNMAPPED_BLOCK"
"cand-7a74733b-579e-53c1-8eb4-57f0a83c796a","1eso","block","sin-determinar","UNMAPPED_BLOCK"
"cand-4df46a0c-8e74-5d7d-a729-44941da02183","1eso","block","sin-determinar","UNMAPPED_BLOCK"
"cand-6576b03e-a531-547d-a101-b5fdd6c9a364","1eso","block","sin-determinar","UNMAPPED_BLOCK"
"cand-24be4e4f-9f06-5523-9224-21fdc54696e7","1eso","block","sin-determinar","UNMAPPED_BLOCK"
"cand-bc2d66a4-0d66-5de6-8bda-aa2d1c41df39","1eso","block","sin-determinar","UNMAPPED_BLOCK"
"cand-811cd351-9cc0-56c9-89cf-c6074ecb672d","1eso","block","sin-determinar","UNMAPPED_BLOCK"
"cand-5c3e3996-840f-5ceb-937f-7825db9f26a2","1eso","block","sin-determinar","UNMAPPED_BLOCK"
"cand-e51afab1-140f-5fa9-a53f-466a63d68868","1eso","block","sin-determinar","UNMAPPED_BLOCK"
"cand-ea0f3dbe-05cd-540a-be9d-75a8bfe1c7d5","1eso","block","sin-determinar","UNMAPPED_BLOCK"
"cand-d5bc9b97-e115-5f87-833c-c229bdb73edb","1eso","block","sin-determinar","UNMAPPED_BLOCK"
"cand-f1b69fc3-ac35-511b-8745-cdf2a9a23606","1eso","block","sin-determinar","UNMAPPED_BLOCK"
"cand-e0373cad-4e64-59c3-8187-87254f8f1ff4","1eso","block","sin-determinar","UNMAPPED_BLOCK"
"cand-63cfb5ce-7440-5166-813a-a51a080f5fd3","1eso","block","sin-determinar","UNMAPPED_BLOCK"
"cand-fbbe4755-88fe-5b0b-ac6b-7f77660add94","1eso","block","sin-determinar","UNMAPPED_BLOCK"
"cand-9d1d77e5-e25b-560c-a553-d8640515c55a","1eso","block","sin-determinar","UNMAPPED_BLOCK"
"cand-9fc0dfab-2dd4-51e0-9805-e444bffd46de","1eso","block","sin-determinar","UNMAPPED_BLOCK"
"cand-c5608aed-001d-59e5-80a4-7ab36fc0f2fc","1eso","block","sin-determinar","UNMAPPED_BLOCK"
"cand-248b513d-4208-52b6-bbc0-5d4c2dc5baa6","1eso","block","sin-determinar","UNMAPPED_BLOCK"
"cand-089cc8ea-359b-5498-8b2d-1b90e00da6c2","1eso","block","sin-determinar","UNMAPPED_BLOCK"
"cand-b69d1c10-26b0-5de2-bbe3-9965b6890a50","1eso","block","sin-determinar","UNMAPPED_BLOCK"
"cand-789c19f5-5357-5f28-a80a-8d614046836c","1eso","block","sin-determinar","UNMAPPED_BLOCK"
"cand-43a90e23-c90a-5abb-8145-cd66c8b26540","1eso","block","sin-determinar","UNMAPPED_BLOCK"
"cand-ae53c0dc-e75d-5132-8d8f-b6a5bf9aad14","1eso","block","sin-determinar","UNMAPPED_BLOCK"
"cand-350eafe2-c2c3-5c57-92b0-d7db160ff559","1eso","block","sin-determinar","UNMAPPED_BLOCK"
"cand-c319edd3-05cf-5de5-aa6c-a3f1748bad51","1eso","block","sin-determinar","UNMAPPED_BLOCK"
"cand-e4205365-73ae-5ddd-b4a7-56af2d1bb6a6","1eso","block","sin-determinar","UNMAPPED_BLOCK"
"cand-ee5d8ea2-1326-508f-9c88-f33842038f2c","1eso","block","sin-determinar","UNMAPPED_BLOCK"
"cand-f27eb277-1a83-5e87-a228-fdac2a8436e5","1eso","block","sin-determinar","UNMAPPED_BLOCK"
"cand-ec8a24ad-8374-58d2-a10b-8f6d895355d5","1eso","block","sin-determinar","UNMAPPED_BLOCK"
"cand-cf1aaadd-c1ef-5512-9e4c-72d50120399d","1eso","block","sin-determinar","UNMAPPED_BLOCK"
"cand-67228b57-f7fd-507b-9b66-efcf5804452f","1eso","block","sin-determinar","UNMAPPED_BLOCK"
"cand-10397590-ae63-50b4-b03f-442375c22c2d","1eso","block","sin-determinar","UNMAPPED_BLOCK"
"cand-54d81bd0-646c-5cf9-9ab6-d326c699b141","1eso","block","sin-determinar","UNMAPPED_BLOCK"
"cand-2b12b590-6817-5092-a397-f5dda76cc244","1eso","block","sin-determinar","UNMAPPED_BLOCK"
"cand-7b9b2491-8ff2-5282-b6c8-6cf28b62ad4c","1eso","block","sin-determinar","UNMAPPED_BLOCK"
"cand-e0c3aa75-32ca-5593-bde4-3f2f391a746f","1eso","block","sin-determinar","UNMAPPED_BLOCK"
"cand-b0eb0068-1ebc-5f70-be4c-bee4c9a496b1","1eso","block","sin-determinar","UNMAPPED_BLOCK"
"cand-c4bb8370-6e12-503a-ae3a-a196cfa6d37b","1eso","block","sin-determinar","UNMAPPED_BLOCK"
"cand-53c0a608-70da-5cbb-b943-f1bd06b9fc95","1eso","block","sin-determinar","UNMAPPED_BLOCK"
"cand-fabfdf60-00fc-5013-9ff2-417ad49bd365","1eso","block","sin-determinar","UNMAPPED_BLOCK"
"cand-543e927d-998f-5c7b-9375-45f247eba5ef","1eso","block","sin-determinar","UNMAPPED_BLOCK"
"cand-a84d4c0b-6e47-56f4-b4e0-36528ba37cb5","1eso","block","sin-determinar","UNMAPPED_BLOCK"
"cand-3e3ee85f-a242-51f5-bb4e-624973c95177","1eso","block","sin-determinar","UNMAPPED_BLOCK"
"cand-ea39f6cf-d575-5c40-acec-c4dcc6ae16b6","1eso","block","sin-determinar","UNMAPPED_BLOCK"
"cand-88bee065-d08b-5720-a701-13d8a3640260","1eso","block","sin-determinar","UNMAPPED_BLOCK"
"cand-a736f4ff-00b6-53d6-b90f-b6e1eddf852e","1eso","block","sin-determinar","UNMAPPED_BLOCK"
"cand-5f7ab0c3-c001-52e6-8408-6efa11f2de26","1eso","block","sin-determinar","UNMAPPED_BLOCK"
"cand-b5e172f3-c305-5aa1-820b-508637308363","1eso","block","sin-determinar","UNMAPPED_BLOCK"
"cand-0cea3802-8116-5769-aace-564adb63db59","1eso","block","sin-determinar","UNMAPPED_BLOCK"
"cand-9d87e900-9ed2-5444-8cef-a9fa2c556433","1eso","block","sin-determinar","UNMAPPED_BLOCK"
"cand-56876213-cfbc-5cae-b7b7-363f0d8e4778","1eso","block","sin-determinar","UNMAPPED_BLOCK"
"cand-2076a642-3515-50ad-829a-e5293c088f3f","1eso","block","sin-determinar","UNMAPPED_BLOCK"
"cand-ce12306c-a5b2-54d5-8234-9f366959d470","1eso","block","sin-determinar","UNMAPPED_BLOCK"
"cand-24fecb2d-a0ef-508f-9caf-88532649947a","1eso","block","sin-determinar","UNMAPPED_BLOCK"
"cand-76a09401-36a5-54f0-b4d2-8b97f3f7674b","1eso","block","sin-determinar","UNMAPPED_BLOCK"
"cand-1a5b4b06-8317-5ffe-8fee-f8904bd3e797","1eso","block","sin-determinar","UNMAPPED_BLOCK"
"cand-e48741d1-3306-5932-a820-32e761c443aa","1eso","block","sin-determinar","UNMAPPED_BLOCK"
"cand-401c6f5c-4d79-5911-8a57-89e16a954482","1eso","block","sin-determinar","UNMAPPED_BLOCK"
"cand-afa99deb-c9cc-5240-8aab-5bf0e5870c38","1eso","block","sin-determinar","UNMAPPED_BLOCK"
"cand-a53b8324-0b17-54bb-ac30-d400c3ef91ee","1eso","block","sin-determinar","UNMAPPED_BLOCK"
"cand-4b8b71ce-001c-554d-8a22-fb29f6744f1e","1eso","block","sin-determinar","UNMAPPED_BLOCK"
"cand-f169d88a-04cd-5a57-bd81-26b8072d07c8","1eso","block","sin-determinar","UNMAPPED_BLOCK"
"cand-c3c80d81-fe86-54f0-9f7d-b96769e878d9","1eso","block","sin-determinar","UNMAPPED_BLOCK"
"cand-be6ab1aa-b838-5b23-ab4d-a1fcb85572ab","1eso","block","sin-determinar","UNMAPPED_BLOCK"
"cand-312c3563-f1e5-5d3c-8960-68b4748dba52","1eso","block","sin-determinar","UNMAPPED_BLOCK"
"cand-5ca3b4af-9e39-54a4-b1f7-a50651874c4d","1eso","block","sin-determinar","UNMAPPED_BLOCK"
"cand-978c99f9-92d7-567c-ba70-beee366600e1","1eso","block","sin-determinar","UNMAPPED_BLOCK"
"cand-537256eb-ce8b-59a6-83eb-9c1a9d5b5051","1eso","block","sin-determinar","UNMAPPED_BLOCK"
"cand-d3a876ac-c6ac-53ab-922c-8204c501f9b8","1eso","block","sin-determinar","UNMAPPED_BLOCK"
"cand-c2290dec-f0e9-5d7d-aab0-a8f4a058db5a","1eso","block","sin-determinar","UNMAPPED_BLOCK"
"cand-b65d14ef-b4c0-553e-bc0b-571a2eeb4612","1eso","block","sin-determinar","UNMAPPED_BLOCK"
"cand-e2e7f27a-a514-5293-b9b1-6b6b4eb90215","1eso","block","sin-determinar","UNMAPPED_BLOCK"
"cand-3d152738-f7ba-5328-93b4-dea868d700da","1eso","block","sin-determinar","UNMAPPED_BLOCK"
"cand-c7d69874-2c37-53aa-b832-5842a4f03984","1eso","block","sin-determinar","UNMAPPED_BLOCK"
"cand-8b59823e-7b62-513f-9a06-8d91beaed568","1eso","block","sin-determinar","UNMAPPED_BLOCK"
"cand-4e1aa833-d4bd-5a20-9387-1fdc1324e297","1eso","block","sin-determinar","UNMAPPED_BLOCK"
"cand-1b5e7183-7f0d-5941-8d12-5ab8eb48d496","1eso","block","sin-determinar","UNMAPPED_BLOCK"
"cand-932aa0f4-94a0-5a97-bc56-6af5b8bb1abb","1eso","block","sin-determinar","UNMAPPED_BLOCK"
"cand-07861ceb-bfa9-56f6-a3b7-ff6a92ec6e33","1eso","block","sin-determinar","UNMAPPED_BLOCK"
"cand-7a9141de-6611-5a00-9689-67e6ac6e7b20","1eso","block","sin-determinar","UNMAPPED_BLOCK"
"cand-65384ad5-7d07-58f1-ae61-311233279bad","1eso","block","sin-determinar","UNMAPPED_BLOCK"
"cand-ba711e8d-9f6f-551d-956d-10fef01963cc","1eso","block","sin-determinar","UNMAPPED_BLOCK"
"cand-44ce6f18-bf51-5056-abb6-8d7f3f0b2fd8","1eso","block","sin-determinar","UNMAPPED_BLOCK"
"cand-3df3c2fe-fc92-59dc-9a86-54867dd5aa61","1eso","block","sin-determinar","UNMAPPED_BLOCK"
"cand-86eff1b9-902e-524c-b0a3-b2f52abb4aa9","1eso","block","sin-determinar","UNMAPPED_BLOCK"
"cand-fc493a74-1eb6-5fcd-a8b7-423b0b99bbac","1eso","block","sin-determinar","UNMAPPED_BLOCK"
"cand-114ceba8-e751-5ef3-ac79-c878d2ebd6a2","1eso","block","sin-determinar","UNMAPPED_BLOCK"
"cand-3a79cd1f-1502-536c-a667-f6a37d55a446","1eso","block","sin-determinar","UNMAPPED_BLOCK"
"cand-dbbf088c-56f3-5617-96b1-6f5f57f4a31b","1eso","block","sin-determinar","UNMAPPED_BLOCK"
"cand-dbe58b52-5562-5607-93f4-95cd0e6e98b8","1eso","block","sin-determinar","UNMAPPED_BLOCK"
"cand-49d9af3a-40c6-53c1-871a-6bff38400149","1eso","block","sin-determinar","UNMAPPED_BLOCK"
"cand-b5ba8b6f-68b2-554e-9575-487ea3eef97c","1eso","block","sin-determinar","UNMAPPED_BLOCK"
"cand-af80daa4-2f3e-561c-851f-bd93c46fa3d4","1eso","block","sin-determinar","UNMAPPED_BLOCK"
"cand-8da3ba12-7cb6-5c54-8974-ae0c9309c760","1eso","block","sin-determinar","UNMAPPED_BLOCK"
"cand-bc422408-a8c2-5c18-afb6-8c2a2e576e55","1eso","block","sin-determinar","UNMAPPED_BLOCK"
"cand-3dcaa2d9-e20d-5c10-b465-3ef1830f655c","1eso","block","sin-determinar","UNMAPPED_BLOCK"
"cand-8fdd5bd4-67bb-551f-952e-0271a1b710b0","1eso","block","sin-determinar","UNMAPPED_BLOCK"
"cand-dd47a491-551f-527f-a08e-ecbdf044bbe9","1eso","block","sin-determinar","UNMAPPED_BLOCK"
"cand-2763b270-0fd1-51c5-84e1-cc196f8956e6","1eso","block","sin-determinar","UNMAPPED_BLOCK"
"cand-1e81a0d3-a4c2-57b4-96e4-f07d5d1c8ee7","1eso","block","sin-determinar","UNMAPPED_BLOCK"
"cand-4aad912a-5c00-5a47-8b6f-8753e9b3e49b","1eso","block","sin-determinar","UNMAPPED_BLOCK"
"cand-8e1c6942-727c-5049-b57c-d9603bb201e3","1eso","block","sin-determinar","UNMAPPED_BLOCK"
"cand-b84daf5c-2ffc-5432-b08f-c0e51497bd27","1eso","block","sin-determinar","UNMAPPED_BLOCK"
"cand-ed6f1f9b-986f-5172-b5fb-50cc0250313a","1eso","block","sin-determinar","UNMAPPED_BLOCK"
"cand-75a111d8-c912-5483-b52d-ef940e610586","1eso","block","sin-determinar","UNMAPPED_BLOCK"
"cand-b22a2e8d-33d8-5b3a-8097-b00fe2da3aa9","1eso","block","sin-determinar","UNMAPPED_BLOCK"
"cand-dccbb9a9-c348-51ea-b1d9-e106c34ff39a","1eso","block","sin-determinar","UNMAPPED_BLOCK"
"cand-3b48ea6f-2501-5ec6-a42d-db4221e782d6","1eso","block","sin-determinar","UNMAPPED_BLOCK"
"cand-5ab8c627-b695-5580-87ef-e3d42ec81da0","1eso","block","sin-determinar","UNMAPPED_BLOCK"
"cand-3b44e3e4-f5a0-513d-9d3b-20a52b538a80","1eso","block","sin-determinar","UNMAPPED_BLOCK"
"cand-53ed968a-0947-52a2-8134-76c903e8f290","1eso","block","sin-determinar","UNMAPPED_BLOCK"
"cand-2279a066-ad64-5e48-ab22-b8100aac6d5d","1eso","block","sin-determinar","UNMAPPED_BLOCK"
"cand-f10ecd59-5aa3-5417-888c-aa867d77c147","1eso","block","sin-determinar","UNMAPPED_BLOCK"
"cand-97b1f743-8a2c-5347-802a-7f54ce4580d8","1eso","block","sin-determinar","UNMAPPED_BLOCK"
"cand-0e589e64-cf6a-51e4-a72a-294d849827bb","1eso","block","sin-determinar","UNMAPPED_BLOCK"
"cand-58d85113-c313-56f7-9629-de7f31008c42","1eso","block","sin-determinar","UNMAPPED_BLOCK"
"cand-7032d724-efa9-582d-be95-736bd678b605","1eso","block","sin-determinar","UNMAPPED_BLOCK"
"cand-d6815025-17f0-5f0f-929a-12e1b5411b09","1eso","block","sin-determinar","UNMAPPED_BLOCK"
"cand-2b1e1ae4-edaf-5754-af71-fdc6ebf24d19","1eso","block","sin-determinar","UNMAPPED_BLOCK"
"cand-14246b62-19d5-5861-b450-10a2645d636c","1eso","block","sin-determinar","UNMAPPED_BLOCK"
"cand-dde38935-426f-5288-98d1-373332278fc0","1eso","block","sin-determinar","UNMAPPED_BLOCK"
"cand-306f6a6e-60c6-53af-bf3a-8097bf91d26e","1eso","block","sin-determinar","UNMAPPED_BLOCK"
"cand-604fc7d5-9688-5e2c-aae5-656890caf939","1eso","block","sin-determinar","UNMAPPED_BLOCK"
"cand-e3e0d663-147c-5bd6-8372-c78fe8d25334","1eso","block","sin-determinar","UNMAPPED_BLOCK"
"cand-3069ecdd-fd36-57d2-a82c-f65fd99a39d3","1eso","block","sin-determinar","UNMAPPED_BLOCK"
"cand-328cd194-3a0d-5b42-802c-87c0e2643611","1eso","block","sin-determinar","UNMAPPED_BLOCK"
"cand-2ad1c1b8-5107-5ac0-bdda-2f379146900a","1eso","block","sin-determinar","UNMAPPED_BLOCK"
"cand-ae3637c4-3f75-51dc-b264-ee3c8c661505","1eso","block","sin-determinar","UNMAPPED_BLOCK"
"cand-eb2d6f43-2303-5724-b44e-aefd0cdedc29","1eso","block","sin-determinar","UNMAPPED_BLOCK"
"cand-72992c97-3d4a-5d37-8407-748845a972bc","1eso","block","sin-determinar","UNMAPPED_BLOCK"
"cand-cefa5f0c-e864-5d2f-b0f8-c2e0580e2284","1eso","block","sin-determinar","UNMAPPED_BLOCK"
"cand-4d214574-015a-565e-a67e-ae01b204d663","1eso","block","sin-determinar","UNMAPPED_BLOCK"
"cand-9de6d64d-2960-5bd3-9056-ecdd949405a2","1eso","block","sin-determinar","UNMAPPED_BLOCK"
"cand-7974b037-351b-5881-8014-55bb592aa306","1eso","block","sin-determinar","UNMAPPED_BLOCK"
"cand-ea70ac16-e282-5002-bace-579972e76856","1eso","block","sin-determinar","UNMAPPED_BLOCK"
"cand-3eca20b3-c0c5-5936-b595-6be1792ac8ff","1eso","block","sin-determinar","UNMAPPED_BLOCK"
"cand-4b017208-b2a5-54d9-b4cc-073fca8188e4","1eso","block","sin-determinar","UNMAPPED_BLOCK"
"cand-df82c0b9-2287-5b99-9ba3-316ac4ae214f","1eso","block","sin-determinar","UNMAPPED_BLOCK"
"cand-1123da6a-f8f2-5b5e-909b-25e2b7dc2996","1eso","block","sin-determinar","UNMAPPED_BLOCK"
"cand-46e623cc-7f8c-585e-997c-550a9f38048d","1eso","block","sin-determinar","UNMAPPED_BLOCK"
"cand-d97d1087-e852-57a2-88e0-7025ed977bed","1eso","block","sin-determinar","UNMAPPED_BLOCK"
"cand-a8a2715b-1ac3-5be1-a453-59dc3f8b78b0","1eso","block","sin-determinar","UNMAPPED_BLOCK"
"cand-cc30ce3d-2098-5faf-bc09-3e0cbe7720a6","1eso","block","sin-determinar","UNMAPPED_BLOCK"
"cand-06de00f2-4b00-5866-ac01-ba07b7cd2f36","1eso","block","sin-determinar","UNMAPPED_BLOCK"
"cand-88516ef6-f307-5f63-ba00-89b4ff8dd1ef","1eso","block","sin-determinar","UNMAPPED_BLOCK"
"cand-a8e3721b-ac29-5bc2-ac5c-fa6aad2a3142","1eso","block","sin-determinar","UNMAPPED_BLOCK"
"cand-3b02d2bf-b576-55d7-8034-4a1ccfe561d3","1eso","block","sin-determinar","UNMAPPED_BLOCK"
"cand-c96f1eea-58e4-5f35-9c08-e95456ba21b4","1eso","block","sin-determinar","UNMAPPED_BLOCK"
"cand-35ff95f5-6c5a-52b6-8c41-d3c7b726f059","1eso","block","sin-determinar","UNMAPPED_BLOCK"
"cand-3ca08f4e-05f0-5401-800f-9700ba7563a5","1eso","block","sin-determinar","UNMAPPED_BLOCK"
"cand-ba115cb2-3d26-5f6c-a249-b80265641803","1eso","block","sin-determinar","UNMAPPED_BLOCK"
"cand-39925896-ac41-53b6-8dcc-f96b3be24b83","1eso","block","sin-determinar","UNMAPPED_BLOCK"
"cand-b5c5b57e-54dc-54dc-8ecb-ebcc379488e0","1eso","block","sin-determinar","UNMAPPED_BLOCK"
"cand-39bb17a3-0cdb-5258-a2eb-f8ab177dfab4","1eso","block","sin-determinar","UNMAPPED_BLOCK"
"cand-6da7c71c-e7f9-5b50-b90f-4464a159317d","1eso","block","sin-determinar","UNMAPPED_BLOCK"
"cand-bf3afb39-c675-57c3-beb6-5d9271ad3ba1","1eso","block","sin-determinar","UNMAPPED_BLOCK"
"cand-a140cc13-255a-5ebb-80af-7988b7f3553a","1eso","block","sin-determinar","UNMAPPED_BLOCK"
"cand-6c4ea1e0-22c0-5ea6-a5d0-02798aa89658","1eso","block","sin-determinar","UNMAPPED_BLOCK"
"cand-f97f26ee-0d04-58f1-9739-beb66ec15b71","1eso","block","sin-determinar","UNMAPPED_BLOCK"
"cand-e99b0a6b-a41b-58da-b219-5754b5f2f70e","1eso","block","sin-determinar","UNMAPPED_BLOCK"
"cand-9c6bfa4e-8a10-53d0-ba15-77af6d993172","1eso","block","sin-determinar","UNMAPPED_BLOCK"
"cand-af556583-63fe-575e-b4d5-bf488050df2b","1eso","block","sin-determinar","UNMAPPED_BLOCK"
"cand-a24a2cd9-b94a-56c0-88ca-63c5d4bccd81","1eso","block","sin-determinar","UNMAPPED_BLOCK"
"cand-3320fb3f-2efb-5a44-9b00-f1d8fbe2da20","1eso","block","sin-determinar","UNMAPPED_BLOCK"
"cand-28fe2fd5-d42e-5ff6-8d8e-f73cef70dec2","1eso","block","sin-determinar","UNMAPPED_BLOCK"
"cand-d56184ad-4851-54d4-be24-84c8c041787d","1eso","block","sin-determinar","UNMAPPED_BLOCK"
"cand-37035713-59db-520d-83e0-643681d89eab","1eso","block","sin-determinar","UNMAPPED_BLOCK"
"cand-6da5c4a0-a49b-5905-a844-ae03226236ba","1eso","block","sin-determinar","UNMAPPED_BLOCK"
"cand-34f1b76c-8d78-5a41-a6fb-1919c2063a01","1eso","block","sin-determinar","UNMAPPED_BLOCK"
"cand-4a50a18c-3cbb-5325-aa72-bf35689e854d","1eso","block","sin-determinar","UNMAPPED_BLOCK"
"cand-4c0e3bb0-7dd4-59f2-8412-e28b3ee821f6","1eso","block","sin-determinar","UNMAPPED_BLOCK"
"cand-ad918a6a-1d19-5342-b1c2-d6a932efa7b6","1eso","block","sin-determinar","UNMAPPED_BLOCK"
"cand-521cb51a-4f0f-509c-aea3-dceb671f3b6c","1eso","block","sin-determinar","UNMAPPED_BLOCK"
"cand-6984aa7a-9aef-5ea6-84b8-aa89d9d716bb","1eso","block","sin-determinar","UNMAPPED_BLOCK"
"cand-9cef6c09-7761-5dee-8e00-c6554d208c49","1eso","block","sin-determinar","UNMAPPED_BLOCK"
"cand-d88cd761-b833-5ea6-89f3-8343a333a40e","1eso","block","sin-determinar","UNMAPPED_BLOCK"
"cand-70e28a33-269e-5616-aac8-5378659a439e","1eso","block","sin-determinar","UNMAPPED_BLOCK"
"cand-cce35f9d-344d-55cc-a6d2-d6a68fdc218e","1eso","block","sin-determinar","UNMAPPED_BLOCK"
"cand-e3365ce7-627a-5136-8f45-560a38dfe337","1eso","block","sin-determinar","UNMAPPED_BLOCK"
"cand-80adc29d-cc5c-5728-b804-98c1986a1602","1eso","block","sin-determinar","UNMAPPED_BLOCK"
"cand-1ce90a31-2d43-5827-b233-cb04b86c67d4","1eso","block","sin-determinar","UNMAPPED_BLOCK"
"cand-03e9172a-edcb-53fc-84ca-17d31cda0998","1eso","block","sin-determinar","UNMAPPED_BLOCK"
"cand-3a5dc132-321d-55e7-8f30-2a044e8953cf","1eso","block","sin-determinar","UNMAPPED_BLOCK"
"cand-b04dfbf6-4602-5712-a291-48580d8cf879","1eso","block","sin-determinar","UNMAPPED_BLOCK"
"cand-e14dd92e-8db1-5642-ba62-0bd7716176d9","1eso","block","sin-determinar","UNMAPPED_BLOCK"
"cand-f4054df6-59db-5d6c-acd4-832a6f04ee14","1eso","block","sin-determinar","UNMAPPED_BLOCK"
"cand-95a87a32-b5bc-537d-a7ef-5df7f64978fd","1eso","block","sin-determinar","UNMAPPED_BLOCK"
"cand-46ba567a-91f8-5051-b2b0-6ca3c82372fe","1eso","block","sin-determinar","UNMAPPED_BLOCK"
"cand-4604ac0c-d3f9-5733-8b41-5dcb86feccdf","1eso","block","sin-determinar","UNMAPPED_BLOCK"
"cand-064bac26-aa7d-55ea-b40d-97b33785259c","1eso","block","sin-determinar","UNMAPPED_BLOCK"
"cand-142861d2-fbd4-5c99-b5f1-17bd1c3dbb4b","1eso","block","sin-determinar","UNMAPPED_BLOCK"
"cand-86908374-bda7-5dde-b739-0a76eb8ee512","1eso","block","sin-determinar","UNMAPPED_BLOCK"
"cand-93ae8560-1d60-5f54-800e-fe32e48f1504","1eso","block","sin-determinar","UNMAPPED_BLOCK"
"cand-82ee7ce6-7c47-547a-85a8-81657f797e7a","1eso","block","sin-determinar","UNMAPPED_BLOCK"
"cand-e54b4ad2-b3b7-52ee-ae83-fcd5e1286e9e","1eso","block","sin-determinar","UNMAPPED_BLOCK"
"cand-3137ad77-b585-5ba2-947c-ac74bc991888","1eso","block","sin-determinar","UNMAPPED_BLOCK"
"cand-944d2f68-eb7b-5a99-97ee-4ccd627bf817","1eso","block","sin-determinar","UNMAPPED_BLOCK"
"cand-34b9f074-fe5c-5cdd-acc2-c81dc526121d","1eso","block","sin-determinar","UNMAPPED_BLOCK"
"cand-30c4f7a7-67b2-5a5b-b504-3c36db92e5ca","1eso","block","sin-determinar","UNMAPPED_BLOCK"
"cand-add260f5-06a0-52a3-adcc-d149fcd4f9e2","1eso","block","sin-determinar","UNMAPPED_BLOCK"
"cand-109daf6e-7c71-5c73-be10-7486cd4b97d6","1eso","block","sin-determinar","UNMAPPED_BLOCK"
"cand-47e4ee93-770b-5386-8567-6a36aab817da","1eso","block","sin-determinar","UNMAPPED_BLOCK"
"cand-20bcbcfd-64b8-542f-85b8-b6fe8cc0d93f","1eso","block","sin-determinar","UNMAPPED_BLOCK"
"cand-451162f7-70d0-5ca4-a130-a052aa06618f","1eso","block","sin-determinar","UNMAPPED_BLOCK"
"cand-a41e80a7-f08f-51a7-bc4e-5b6ef03883dc","1eso","block","sin-determinar","UNMAPPED_BLOCK"
"cand-247e7c8f-d56f-54f1-9b78-ab393211e0d4","1eso","block","sin-determinar","UNMAPPED_BLOCK"
"cand-cfe8ac17-75b0-5c78-9e27-e5f78af2f00c","1eso","block","sin-determinar","UNMAPPED_BLOCK"
"cand-1c9dd5be-0803-5147-935d-7d7340d4fe88","1eso","block","sin-determinar","UNMAPPED_BLOCK"
"cand-77e56c8a-896c-5f27-b56f-060f74d4e0e4","1eso","block","sin-determinar","UNMAPPED_BLOCK"
"cand-07951775-d388-58e5-b5ec-0a09c5bb34f0","1eso","block","sin-determinar","UNMAPPED_BLOCK"
"cand-16ebcb9f-9bac-53f1-8ab7-0f7b64af6c7c","1eso","block","sin-determinar","UNMAPPED_BLOCK"
"cand-f24be02a-eab3-5a21-b9f3-daa93165bfdb","1eso","block","sin-determinar","UNMAPPED_BLOCK"
"cand-5f311e59-d27b-5eb4-8237-c38695a536ee","1eso","block","sin-determinar","UNMAPPED_BLOCK"
"cand-6f32be9a-cc62-54bd-ac1d-8d1bc4d56fcb","1eso","block","sin-determinar","UNMAPPED_BLOCK"
"cand-f0044f65-f17f-5a79-a21a-963f8c5502c5","1eso","block","sin-determinar","UNMAPPED_BLOCK"
"cand-b0a7eb90-f861-5b23-9464-14a6e5d17f65","1eso","block","sin-determinar","UNMAPPED_BLOCK"
"cand-d5244102-a2a7-5661-a306-06f368d5ddad","1eso","block","sin-determinar","UNMAPPED_BLOCK"
"cand-bdba65bd-153e-565c-9f84-7b72ff9680cb","1eso","block","sin-determinar","UNMAPPED_BLOCK"
"cand-6dbcb58e-4711-5761-8304-cfe220407204","1eso","block","sin-determinar","UNMAPPED_BLOCK"
"cand-b12f52fa-0d60-582b-ac3d-b40b11e5ca30","1eso","block","sin-determinar","UNMAPPED_BLOCK"
"cand-8615f783-0176-5843-8ab1-b62c99803df4","1eso","block","sin-determinar","UNMAPPED_BLOCK"
"cand-1d8498c9-3fce-5fe5-8e5f-2987d4a20f55","1eso","block","sin-determinar","UNMAPPED_BLOCK"
"cand-1ea3db9d-c26f-5913-933e-bae04b813b32","1eso","block","sin-determinar","UNMAPPED_BLOCK"
"cand-c6abc701-81b9-5749-a1d0-a6035bb2f0af","1eso","block","sin-determinar","UNMAPPED_BLOCK"
"cand-66a97fbd-79a0-5732-ad5b-abbaab24252d","1eso","block","sin-determinar","UNMAPPED_BLOCK"
"cand-cc4f9e87-8777-5a5f-ba8f-561d085233f2","1eso","block","sin-determinar","UNMAPPED_BLOCK"
"cand-2925c1ae-8db2-5bfd-a082-f6690c0e7730","1eso","block","sin-determinar","UNMAPPED_BLOCK"
"cand-09f065f3-2329-5247-a619-54a3132d09f4","1eso","block","sin-determinar","UNMAPPED_BLOCK"
"cand-4038f7bc-0971-583a-9380-47b79c27a63a","1eso","block","sin-determinar","UNMAPPED_BLOCK"
"cand-9da9f1ac-e567-5539-bad6-f1511a1b0f4f","1eso","block","sin-determinar","UNMAPPED_BLOCK"
"cand-9b09ce0a-3bb6-5967-90d1-9db57e8f4c5b","1eso","block","sin-determinar","UNMAPPED_BLOCK"
"cand-91c67198-87af-51ec-8d1b-c9f9bb87dbaa","1eso","block","sin-determinar","UNMAPPED_BLOCK"
"cand-64b1dd66-2ee4-5028-8226-4ead35f983ad","1eso","block","sin-determinar","UNMAPPED_BLOCK"
"cand-f1372e5b-6327-5ce7-b895-b0c87fe88c1a","1eso","block","sin-determinar","UNMAPPED_BLOCK"
"cand-50196b8e-ede4-5ae7-bc2d-14a2291185ed","1eso","block","sin-determinar","UNMAPPED_BLOCK"
"cand-8be43237-7501-5072-bf17-c2b0af7a4cef","1eso","block","sin-determinar","UNMAPPED_BLOCK"
"cand-1cc16486-8984-5aed-b8bd-e4106eb44568","1eso","block","sin-determinar","UNMAPPED_BLOCK"
"cand-7656065a-bfa4-5e80-bfee-3948e9cc7572","1eso","block","sin-determinar","UNMAPPED_BLOCK"
"cand-1ed57953-ec81-5f33-b611-738a9c1a5a39","1eso","block","sin-determinar","UNMAPPED_BLOCK"
"cand-de80a830-28ea-54a7-8ef1-6b6626e52715","1eso","block","sin-determinar","UNMAPPED_BLOCK"
"cand-64845a3a-64ae-5f2b-aa81-56c91b86f078","1eso","block","sin-determinar","UNMAPPED_BLOCK"
"cand-214c4c9c-d1d7-5bef-95b7-3268436cb2a7","1eso","block","sin-determinar","UNMAPPED_BLOCK"
"cand-102a80ec-1cb4-5025-b4de-61588c11bdb6","1eso","block","sin-determinar","UNMAPPED_BLOCK"
"cand-1587509f-b102-5d57-b72d-3bf37b1c3f2d","1eso","block","sin-determinar","UNMAPPED_BLOCK"
"cand-8f9a0274-5679-5e92-aed0-2025f0ca8a44","1eso","block","sin-determinar","UNMAPPED_BLOCK"
"cand-cfd40010-3e31-5488-a2f1-5eaa81dc2747","1eso","block","sin-determinar","UNMAPPED_BLOCK"
"cand-ddf208cb-c20e-53f8-9275-aed19328f22e","1eso","block","sin-determinar","UNMAPPED_BLOCK"
"cand-73efbc9f-d461-505c-82c5-f5bfc0aae112","1eso","block","sin-determinar","UNMAPPED_BLOCK"
"cand-504fc5cb-101a-569a-96f4-e058feef6332","1eso","block","sin-determinar","UNMAPPED_BLOCK"
"cand-e98f3783-47e6-525b-a252-b5444b8fabd0","1eso","block","sin-determinar","UNMAPPED_BLOCK"
"cand-10fced43-8f82-595a-934a-293db84f39aa","1eso","block","sin-determinar","UNMAPPED_BLOCK"
"cand-f1621483-4475-5dbb-a432-d103f8d3a5b4","1eso","block","sin-determinar","UNMAPPED_BLOCK"
"cand-1fd1b854-ef56-5b35-bd60-7fdc237ab567","1eso","block","sin-determinar","UNMAPPED_BLOCK"
"cand-e21a292c-8c25-5b98-a854-7d4b3a261b2a","1eso","block","sin-determinar","UNMAPPED_BLOCK"
"cand-34891799-98da-5b24-9ae2-a8b0155dc2ef","1eso","block","sin-determinar","UNMAPPED_BLOCK"
"cand-2b6f7aca-10fa-5f4f-99b9-01ecf5099016","1eso","block","sin-determinar","UNMAPPED_BLOCK"
"cand-a81396ed-bc70-59ce-b21d-9db0aebc3a91","1eso","block","sin-determinar","UNMAPPED_BLOCK"
"cand-033950b5-5ec8-53f3-9d4e-fa916d596387","1eso","block","sin-determinar","UNMAPPED_BLOCK"
"cand-b471e8c7-7d55-53d8-b8d0-6d06d154ac5d","1eso","block","sin-determinar","UNMAPPED_BLOCK"
"cand-a464175c-1604-52ff-84c1-5f896ff0478f","1eso","block","sin-determinar","UNMAPPED_BLOCK"
"cand-c877e093-5c4f-5e3e-be2f-0d982f566e50","1eso","block","sin-determinar","UNMAPPED_BLOCK"
"cand-3e26aff1-c0d7-5bc7-98bf-fa6fdced4f3e","1eso","block","sin-determinar","UNMAPPED_BLOCK"
"cand-90578059-5322-57a7-9727-cd50a2fec670","1eso","block","sin-determinar","UNMAPPED_BLOCK"
"cand-27fb1074-6402-564b-848c-5716f7203008","1eso","block","sin-determinar","UNMAPPED_BLOCK"
"cand-23c84ae7-3c2c-5b09-ac17-d878d39a7fb9","1eso","block","sin-determinar","UNMAPPED_BLOCK"
"cand-4d5178bc-b177-588a-924c-9a28cd3c05ca","1eso","block","sin-determinar","UNMAPPED_BLOCK"
"cand-f18e80b0-d79a-5fa8-a6b4-2ddabc3b7f04","1eso","block","sin-determinar","UNMAPPED_BLOCK"
"cand-19ad9afb-dd41-5d81-b636-95cf19561a61","1eso","block","sin-determinar","UNMAPPED_BLOCK"
"cand-acbc3cb8-4637-5f45-a628-becb1bd91076","1eso","block","sin-determinar","UNMAPPED_BLOCK"
"cand-986dbeb1-0c6b-50a2-b9de-31856acc1a2c","1eso","block","sin-determinar","UNMAPPED_BLOCK"
"cand-d1108487-ac4a-5796-b5cc-ca6f00a89bed","1eso","block","sin-determinar","UNMAPPED_BLOCK"
"cand-a69b7c58-d44e-5597-b620-1634ed7ee250","1eso","block","sin-determinar","UNMAPPED_BLOCK"
"cand-65c11c40-308f-557c-9b64-c74a35aac4d8","1eso","block","sin-determinar","UNMAPPED_BLOCK"
"cand-75fff7cb-2c75-5f01-8eaa-5bce272eabd7","1eso","block","sin-determinar","UNMAPPED_BLOCK"
"cand-a084007d-305d-5e64-ab2f-484dcc33fa87","1eso","block","sin-determinar","UNMAPPED_BLOCK"
"cand-8e53646f-ff83-5799-adab-eb42d6168069","1eso","block","sin-determinar","UNMAPPED_BLOCK"
"cand-be0b5354-cbd5-5b78-a506-69b8d8ea65b8","1eso","block","sin-determinar","UNMAPPED_BLOCK"
"cand-f5570093-2e0e-5d46-bb09-a18031139343","1eso","block","sin-determinar","UNMAPPED_BLOCK"
"cand-ad742b42-5363-5062-89f6-ac8572eab19d","1eso","block","sin-determinar","UNMAPPED_BLOCK"
"cand-28fddd4b-25a8-5b49-bcca-4372b69297fd","1eso","block","sin-determinar","UNMAPPED_BLOCK"
"cand-b3b083b8-3db5-55cd-97f5-a03283ca7625","1eso","block","sin-determinar","UNMAPPED_BLOCK"
"cand-e4611120-ee80-549c-b744-cd89da2861c3","1eso","block","sin-determinar","UNMAPPED_BLOCK"
"cand-6ea4c18a-4388-5b44-86d6-0c05ab8efa6a","1eso","block","sin-determinar","UNMAPPED_BLOCK"
"cand-bb0fccbb-c555-56eb-bd32-9fda1658db1b","1eso","block","sin-determinar","UNMAPPED_BLOCK"
"cand-900903a3-2405-56e4-9a17-c53f5236946d","1eso","block","sin-determinar","UNMAPPED_BLOCK"
"cand-c97d7259-1452-55ca-9180-8b9b3f401e7c","1eso","block","sin-determinar","UNMAPPED_BLOCK"
"cand-8b279b13-d275-52e0-9d3d-0a72cd7ccd6d","1eso","block","sin-determinar","UNMAPPED_BLOCK"
"cand-2e45f386-1fa4-5d29-af3c-2c5aca2cbb47","1eso","block","sin-determinar","UNMAPPED_BLOCK"
"cand-ddc4abb2-4888-532e-a6ea-f4e2ba8d6739","1eso","block","sin-determinar","UNMAPPED_BLOCK"
"cand-bc79a6ed-4411-5b58-b6a6-ec6d22121fda","1eso","block","sin-determinar","UNMAPPED_BLOCK"
"cand-1104ff21-36a6-5149-9882-204e2b62d2fd","1eso","block","sin-determinar","UNMAPPED_BLOCK"
"cand-b29adb51-de5c-58d0-886c-0d5513b5b083","1eso","block","sin-determinar","UNMAPPED_BLOCK"
"cand-4508fcb4-bb85-5b8b-b42c-1a02a6589d48","1eso","block","sin-determinar","UNMAPPED_BLOCK"
"cand-ab9dda6a-25ba-59e6-b9ff-8c0f911e882c","1eso","block","sin-determinar","UNMAPPED_BLOCK"
"cand-361623a9-e6d7-5451-8576-d17c19dd4108","1eso","block","sin-determinar","UNMAPPED_BLOCK"
"cand-eecd2117-c2ca-5ff3-8121-e49b112713fd","1eso","block","sin-determinar","UNMAPPED_BLOCK"
"cand-05bf6040-7a18-5369-bc19-941b86bf332c","1eso","block","sin-determinar","UNMAPPED_BLOCK"
"cand-c41a4eba-556f-5ccd-9748-436341eeef20","1eso","block","sin-determinar","UNMAPPED_BLOCK"
"cand-950031ab-8351-56b3-8b29-15c44a68fdf5","1eso","block","sin-determinar","UNMAPPED_BLOCK"
"cand-4cc3ba01-3d87-5caf-8673-03dd3f9cceff","1eso","block","sin-determinar","UNMAPPED_BLOCK"
"cand-15dfffab-e6bd-5447-9529-89464aebd406","1eso","block","sin-determinar","UNMAPPED_BLOCK"
"cand-8f82b9d1-f977-5cf9-8beb-7c16e04d6f13","1eso","block","sin-determinar","UNMAPPED_BLOCK"
"cand-c0abdd12-8959-57fe-bdbc-40243a03b82e","1eso","block","sin-determinar","UNMAPPED_BLOCK"
"cand-9c920844-fd1f-53e7-8a43-fd3f48560207","1eso","block","sin-determinar","UNMAPPED_BLOCK"
"cand-1f87bbed-995f-52df-922c-1eec24ad075f","1eso","block","sin-determinar","UNMAPPED_BLOCK"
"cand-a5c97e06-cf3b-57c8-a33e-bc8d69f4de16","1eso","block","sin-determinar","UNMAPPED_BLOCK"
"cand-359217d7-1d15-51a4-a5fc-e2e69ea59ee1","1eso","block","sin-determinar","UNMAPPED_BLOCK"
"cand-94ed19a3-c368-59be-bada-48ae1d892829","1eso","block","sin-determinar","UNMAPPED_BLOCK"
"cand-d9aa9b87-c48a-5ae3-a070-8b05af60f1f0","1eso","block","sin-determinar","UNMAPPED_BLOCK"
"cand-4056b567-6e53-51cf-9449-e69c87b7b95c","1eso","block","sin-determinar","UNMAPPED_BLOCK"
"cand-bb813793-90cc-54c9-a277-b2bf9f483f9b","1eso","block","sin-determinar","UNMAPPED_BLOCK"
"cand-f6eb666b-1974-5a3a-afac-6191e7c45b5f","1eso","block","sin-determinar","UNMAPPED_BLOCK"
"cand-b431ec28-4f68-56ec-8841-83fe80a7b86d","1eso","block","sin-determinar","UNMAPPED_BLOCK"
"cand-9b79b2da-108b-581f-9f89-45c92b460618","1eso","block","sin-determinar","UNMAPPED_BLOCK"
"cand-c8d5d3bc-bbbc-5958-b996-f030a3ad8504","1eso","block","sin-determinar","UNMAPPED_BLOCK"
"cand-57f3a391-3d93-5177-a90a-e200f428f58a","1eso","block","sin-determinar","UNMAPPED_BLOCK"
"cand-abab59fe-2108-5fd2-92b9-201ba1b387ed","1eso","block","sin-determinar","UNMAPPED_BLOCK"
"cand-91f05c54-6da5-53f6-a693-d8d18f67061b","1eso","block","sin-determinar","UNMAPPED_BLOCK"
"cand-407dd023-ff9d-5519-9ad7-d9002eb0f058","1eso","block","sin-determinar","UNMAPPED_BLOCK"
"cand-fbd2d45e-88f8-527c-a6be-5b713922955e","1eso","block","sin-determinar","UNMAPPED_BLOCK"
"cand-09999945-bddf-5937-bc82-dd0a22a94a37","1eso","block","sin-determinar","UNMAPPED_BLOCK"
"cand-06cadade-3ead-5dd6-ad1a-46067a9e0add","1eso","block","sin-determinar","UNMAPPED_BLOCK"
"cand-68a03b68-0329-5468-aebb-b8c98782a18b","1eso","block","sin-determinar","UNMAPPED_BLOCK"
"cand-d1a9afe4-16fc-5263-96dc-4964bc729315","1eso","block","sin-determinar","UNMAPPED_BLOCK"
"cand-fc838c39-e9d8-573b-a483-c9ffbad99f2c","1eso","block","sin-determinar","UNMAPPED_BLOCK"
"cand-1cb6970c-4981-5ba6-ae35-e6b85de66c2b","1eso","block","sin-determinar","UNMAPPED_BLOCK"
"cand-57ffd51b-7dbf-5f90-a2bb-8497c3f16aba","1eso","block","sin-determinar","UNMAPPED_BLOCK"
"cand-8a0b2f9f-3ec0-5483-add1-e1f45923907a","1eso","block","sin-determinar","UNMAPPED_BLOCK"
"cand-73e70dc8-454f-5523-98c5-e7400a6aa042","1eso","block","sin-determinar","UNMAPPED_BLOCK"
"cand-e5b2dd9a-0433-5406-bdc4-ba92b235e7e7","1eso","block","sin-determinar","UNMAPPED_BLOCK"
"cand-b808366d-828c-5888-b264-5fea453fa7cb","1eso","block","sin-determinar","UNMAPPED_BLOCK"
"cand-052a99db-5c83-56f6-a476-a9e909c38998","1eso","block","sin-determinar","UNMAPPED_BLOCK"
"cand-8ba417d4-6342-53de-88c3-7466ed938664","1eso","block","sin-determinar","UNMAPPED_BLOCK"
"cand-28038485-6e8b-5e9f-8fa4-55e127bb2e51","1eso","block","sin-determinar","UNMAPPED_BLOCK"
"cand-e5b8a06b-184f-50aa-9bf6-53397d98c3ad","1eso","block","sin-determinar","UNMAPPED_BLOCK"
"cand-d4e9b534-9f49-5980-a461-830456d4be5e","1eso","block","sin-determinar","UNMAPPED_BLOCK"
"cand-e28945cf-1e4d-5e80-8fcc-4b9fda38db8b","1eso","block","sin-determinar","UNMAPPED_BLOCK"
"cand-3d010804-d153-525d-a759-782d5b6cc293","1eso","block","sin-determinar","UNMAPPED_BLOCK"
"cand-ff6abe1d-e371-5bba-80e7-f7f846f2749d","1eso","block","sin-determinar","UNMAPPED_BLOCK"
"cand-5e4776c2-6a0c-5fac-901d-abbcc8fa2a0d","1eso","block","sin-determinar","UNMAPPED_BLOCK"
"cand-9db94f5a-6859-5cb7-9d29-3f2b2f9f2ac4","1eso","block","sin-determinar","UNMAPPED_BLOCK"
"cand-b6908b80-a74b-5338-a236-80b2d7b7bd92","1eso","block","sin-determinar","UNMAPPED_BLOCK"
"cand-e246e6ab-eec4-5ff7-a2a5-13f10e903204","1eso","block","sin-determinar","UNMAPPED_BLOCK"
"cand-b61ec397-a78f-57b6-8b2b-0c26f05d62af","1eso","block","sin-determinar","UNMAPPED_BLOCK"
"cand-4d8733d9-8ec2-5467-81dd-a8ad189d2644","1eso","block","sin-determinar","UNMAPPED_BLOCK"
"cand-c20a3c39-3ed9-5e00-a4e2-62faf82198a0","1eso","block","sin-determinar","UNMAPPED_BLOCK"
"cand-61315c90-aaf0-50d7-a263-ec199a69f33d","1eso","block","sin-determinar","UNMAPPED_BLOCK"
"cand-8a582192-b09c-5984-890f-859368691e86","1eso","block","sin-determinar","UNMAPPED_BLOCK"
"cand-70e39d74-8938-58fa-b9bd-3ed96c2f6ba3","1eso","block","sin-determinar","UNMAPPED_BLOCK"
"cand-53db353e-de01-513f-a765-d4ac3f779941","1eso","block","sin-determinar","UNMAPPED_BLOCK"
"cand-6423bc4c-eb2b-5940-ad98-0fa27aa44316","1eso","block","sin-determinar","UNMAPPED_BLOCK"
"cand-8ebd75f1-9873-53fb-9572-b63a90d39dce","1eso","block","sin-determinar","UNMAPPED_BLOCK"
"cand-9ab4b1e6-3c6e-554b-a882-26597dec1ed1","1eso","block","sin-determinar","UNMAPPED_BLOCK"
"cand-a4d3e370-b1ad-5b59-bd32-55a1aac6ad01","1eso","block","sin-determinar","UNMAPPED_BLOCK"
"cand-acc818da-d95b-5687-8f84-d696a262f7f6","1eso","block","sin-determinar","UNMAPPED_BLOCK"
"cand-b27a5c24-6b95-5d3e-a091-3d99bb0dee7e","1eso","block","sin-determinar","UNMAPPED_BLOCK"
"cand-11baef4e-d6e0-5b9e-a6ab-0295fb8a8b68","1eso","block","sin-determinar","UNMAPPED_BLOCK"
"cand-903d0468-cea0-5f89-a7f1-c8f8156d5746","1eso","block","sin-determinar","UNMAPPED_BLOCK"
"cand-2c836fd9-5a11-5c8b-a4a6-ed6b9f3b8ce9","1eso","block","sin-determinar","UNMAPPED_BLOCK"
"cand-f9c890cf-176b-52aa-b3cd-f41c8f7a2ac7","1eso","block","sin-determinar","UNMAPPED_BLOCK"
"cand-d93c5424-d28c-5bf9-bf5b-9cd83c8df3fa","1eso","block","sin-determinar","UNMAPPED_BLOCK"
"cand-702ab2c2-9951-556b-a8d4-c417ad40c487","1eso","block","sin-determinar","UNMAPPED_BLOCK"
"cand-5144b49f-48f8-59d1-a78a-d877f8dd1dbc","1eso","block","sin-determinar","UNMAPPED_BLOCK"
"cand-a9be5f9d-4cf2-5229-8773-3a0f6f0a9f90","1eso","block","sin-determinar","UNMAPPED_BLOCK"
"cand-7f3822fe-cc40-5f99-8ed2-ac1ae5dcde6d","1eso","block","sin-determinar","UNMAPPED_BLOCK"
"cand-1bfa6e27-bc48-51aa-987f-c7fc7d9f9b4a","1eso","block","sin-determinar","UNMAPPED_BLOCK"
"cand-ac00d52d-d656-50e2-97eb-6a3186600ff1","1eso","block","sin-determinar","UNMAPPED_BLOCK"
"cand-bbc30618-0245-5532-8e29-01571c89640a","1eso","block","sin-determinar","UNMAPPED_BLOCK"
"cand-c0473422-092f-50dc-b84f-cb85dcc28b9c","1eso","block","sin-determinar","UNMAPPED_BLOCK"
"cand-59fb1a1e-a7ff-5c61-99a7-115959854a24","1eso","block","sin-determinar","UNMAPPED_BLOCK"
"cand-18f9c5f6-f202-5fa3-b47a-ab02e3897954","1eso","block","sin-determinar","UNMAPPED_BLOCK"
"cand-537a5a8e-f067-5c07-9407-28f08975e4f1","1eso","block","sin-determinar","UNMAPPED_BLOCK"
"cand-0b87e4ab-ff68-5d86-acd0-b24fa1345f66","1eso","block","sin-determinar","UNMAPPED_BLOCK"
"cand-f5d35fae-805a-5f24-9880-aba204ac33bd","1eso","block","sin-determinar","UNMAPPED_BLOCK"
"cand-220fb867-ff7b-5fca-b6d4-23ad0e31f760","1eso","block","sin-determinar","UNMAPPED_BLOCK"
"cand-108394d3-707e-57d1-914b-fffb9348904e","1eso","block","sin-determinar","UNMAPPED_BLOCK"
"cand-3cef94ff-9f2d-569d-b2dc-4773f530a65f","1eso","block","sin-determinar","UNMAPPED_BLOCK"
"cand-7551c4e2-0bef-5210-8cca-2987391885c8","1eso","block","sin-determinar","UNMAPPED_BLOCK"
"cand-5d03adf1-3bb4-56e9-8745-242573619591","1eso","block","sin-determinar","UNMAPPED_BLOCK"
"cand-1171b115-1ecd-5c07-b94f-018ab0d0972f","1eso","block","sin-determinar","UNMAPPED_BLOCK"
"cand-0aa79c1e-383b-5866-9cf3-1f67774b2f7f","1eso","block","sin-determinar","UNMAPPED_BLOCK"
"cand-26564a5f-54d8-5d7c-9ca3-f3bcae9232be","1eso","block","sin-determinar","UNMAPPED_BLOCK"
"cand-809ee0ea-9153-5cf7-8ec2-276b1d677f86","1eso","block","sin-determinar","UNMAPPED_BLOCK"
"cand-d76f687c-880a-55d2-8054-b2906997f340","1eso","block","sin-determinar","UNMAPPED_BLOCK"
"cand-b66017b7-a19a-5953-85d1-e1274afb6712","1eso","block","sin-determinar","UNMAPPED_BLOCK"
"cand-bf554081-62bb-5bce-b4d5-5504fcec6ba3","1eso","block","sin-determinar","UNMAPPED_BLOCK"
"cand-f299258d-6db4-5257-8f41-051024cb36fe","1eso","block","sin-determinar","UNMAPPED_BLOCK"
"cand-a4d0ddac-8b84-5b8c-a78b-71ecc51d0546","1eso","block","sin-determinar","UNMAPPED_BLOCK"
"cand-1651db3f-a2e1-5bd8-b4da-f580fb01baab","1eso","block","sin-determinar","UNMAPPED_BLOCK"
"cand-6cf5bb84-6863-5c76-8f03-6831dded2a82","1eso","block","sin-determinar","UNMAPPED_BLOCK"
"cand-bbb84114-005a-5ea4-96cf-cdbe2224dfd5","1eso","block","sin-determinar","UNMAPPED_BLOCK"
"cand-4d3606d3-2caf-5aae-9d37-80491c44492b","1eso","block","sin-determinar","UNMAPPED_BLOCK"
"cand-15ac6f5c-35b8-5396-9a55-96ed1a1e9d0e","1eso","block","sin-determinar","UNMAPPED_BLOCK"
"cand-cfaab983-ef14-5a99-8fc3-d97d435f8e99","1eso","block","sin-determinar","UNMAPPED_BLOCK"
"cand-19f269a0-01e2-59ea-9cdb-15774ced394a","1eso","block","sin-determinar","UNMAPPED_BLOCK"
"cand-0ee716c7-071c-5228-b306-bbc97f3d3ed3","1eso","block","sin-determinar","UNMAPPED_BLOCK"
"cand-fb87c620-2990-576d-a017-915f27a2711b","1eso","block","sin-determinar","UNMAPPED_BLOCK"
"cand-14aff6f3-1828-539f-9a76-f62ca4b68bfe","1eso","block","sin-determinar","UNMAPPED_BLOCK"
"cand-0b894aca-6838-5867-bd38-b64ce7e171ee","1eso","block","sin-determinar","UNMAPPED_BLOCK"
"cand-7a4afe3e-24c8-5223-8864-4d4ea5145d4b","1eso","block","sin-determinar","UNMAPPED_BLOCK"
"cand-e3db2bca-2625-5947-af43-618acf6f18fc","1eso","block","sin-determinar","UNMAPPED_BLOCK"
"cand-0b07638e-6bc3-5a31-96a5-98ee91790e6d","1eso","block","sin-determinar","UNMAPPED_BLOCK"
"cand-4d592a4e-64cf-5f89-83d0-d88f699a7859","1eso","block","sin-determinar","UNMAPPED_BLOCK"
"cand-83a9c5a6-b093-56c1-ad21-3151a8b0f4b1","1eso","block","sin-determinar","UNMAPPED_BLOCK"
"cand-8148c092-0465-514b-8df7-083b8892dbbe","1eso","block","sin-determinar","UNMAPPED_BLOCK"
"cand-8f9c5d16-decb-5c31-9079-0dd546cc187e","1eso","block","sin-determinar","UNMAPPED_BLOCK"
"cand-91df1f1c-63ca-5734-9133-e320c7ada9fe","1eso","block","sin-determinar","UNMAPPED_BLOCK"
"cand-7443af99-9223-587e-b3e5-e1031c230c75","1eso","block","sin-determinar","UNMAPPED_BLOCK"
"cand-c9bdf7d4-6353-5336-827a-b3569cbaccbe","1eso","block","sin-determinar","UNMAPPED_BLOCK"
"cand-55070f03-d4cc-5b44-b965-b0bd1dbc683a","1eso","block","sin-determinar","UNMAPPED_BLOCK"
"cand-74eb1844-648d-55bc-a001-661122068daf","1eso","block","sin-determinar","UNMAPPED_BLOCK"
"cand-3091e5d2-3531-59e4-b2cd-b54c20d22341","1eso","block","sin-determinar","UNMAPPED_BLOCK"
"cand-f0a99170-e5ac-5392-9626-14f6c3b573a1","1eso","block","sin-determinar","UNMAPPED_BLOCK"
"cand-bf08d715-8ace-5ab3-962b-366f52bfe82e","1eso","block","sin-determinar","UNMAPPED_BLOCK"
"cand-6cc836d0-14c3-590d-b09c-ea074e6a9f38","1eso","block","sin-determinar","UNMAPPED_BLOCK"
"cand-22612f8e-8d9e-5731-a0bb-4eeba18e67ce","1eso","block","sin-determinar","UNMAPPED_BLOCK"
"cand-1d986862-874a-50f7-b3a1-afbd6c9a085b","1eso","block","sin-determinar","UNMAPPED_BLOCK"
"cand-db2f4586-6bb1-556f-aa16-4b234f4f0ddd","1eso","block","sin-determinar","UNMAPPED_BLOCK"
"cand-df8d563c-cb00-5a43-bd1d-ddaab670b81f","1eso","block","sin-determinar","UNMAPPED_BLOCK"
"cand-43954dfc-3196-5759-a0d5-b61756c35a51","1eso","block","sin-determinar","UNMAPPED_BLOCK"
"cand-0769acaa-2cbc-58c5-8901-d8fc832e959c","1eso","block","sin-determinar","UNMAPPED_BLOCK"
"cand-9d0dbfba-1161-5c8a-9f0b-7a8d9c62c672","1eso","block","sin-determinar","UNMAPPED_BLOCK"
"cand-83a3cb64-e444-58db-a0b3-65436aeabc4d","1eso","block","sin-determinar","UNMAPPED_BLOCK"
"cand-076e58b6-b777-55ab-962d-50ba1ee3240b","1eso","block","sin-determinar","UNMAPPED_BLOCK"
"cand-8e8bd06e-5980-5b13-8c2e-f566683785e5","1eso","block","sin-determinar","UNMAPPED_BLOCK"
"cand-4487f7a2-b86c-5928-baab-18a6bf435f82","1eso","block","sin-determinar","UNMAPPED_BLOCK"
"cand-d962b760-61ff-56a1-8c3d-3b9f5f8cbd1c","1eso","block","sin-determinar","UNMAPPED_BLOCK"
"cand-059d6a34-d161-5738-b629-44700689dc69","1eso","block","sin-determinar","UNMAPPED_BLOCK"
"cand-0d9c9273-ff43-5353-8bf6-409820a14d1d","1eso","block","sin-determinar","UNMAPPED_BLOCK"
"cand-3a5cd469-a58a-5d01-9511-994db8a1ed1d","1eso","block","sin-determinar","UNMAPPED_BLOCK"
"cand-f7751f3f-3565-5dd8-bc44-bea1031a7f29","1eso","block","sin-determinar","UNMAPPED_BLOCK"
"cand-ca07199c-d275-53ca-89d6-7efe0cad86e2","1eso","block","sin-determinar","UNMAPPED_BLOCK"
"cand-1e5770a7-d422-576b-99df-1ece76f2c06b","1eso","block","sin-determinar","UNMAPPED_BLOCK"
"cand-05ed63c2-f9f2-5cac-a7d9-c8aa780424de","1eso","block","sin-determinar","UNMAPPED_BLOCK"
"cand-df284a8e-68e0-5fb8-959e-484bd80a70a5","1eso","block","sin-determinar","UNMAPPED_BLOCK"
"cand-f652c6fe-228b-5686-8140-7d74a9fde628","1eso","block","sin-determinar","UNMAPPED_BLOCK"
"cand-6fd8988d-3d08-5485-912d-348c72464c2a","1eso","block","sin-determinar","UNMAPPED_BLOCK"
"cand-01d4be7f-b89b-58c9-a5fc-62bb103cff44","1eso","block","sin-determinar","UNMAPPED_BLOCK"
"cand-25a9da83-db07-5699-900c-20c0a05ee6ca","1eso","block","sin-determinar","UNMAPPED_BLOCK"
"cand-91533fbf-3998-55b2-aa14-7fca0d773183","1eso","block","sin-determinar","UNMAPPED_BLOCK"
"cand-5876fdc0-7844-5d41-b274-754707de1213","1eso","block","sin-determinar","UNMAPPED_BLOCK"
"cand-7715acc7-f303-5ff9-b74e-eb0d90db5e5f","1eso","block","sin-determinar","UNMAPPED_BLOCK"
"cand-04955675-deba-5ce6-b678-f171001ce194","1eso","block","sin-determinar","UNMAPPED_BLOCK"
"cand-b4dfd91e-48ae-5777-a1a8-d0b3256aa7ce","1eso","block","sin-determinar","UNMAPPED_BLOCK"
"cand-b138c3f6-08e6-501c-80d9-ae35f09424d7","1eso","block","sin-determinar","UNMAPPED_BLOCK"
"cand-659148bf-c062-5377-9090-d58716d7b8d8","1eso","block","sin-determinar","UNMAPPED_BLOCK"
"cand-b358921c-54df-5b86-94de-603796efae35","1eso","block","sin-determinar","UNMAPPED_BLOCK"
"cand-1c21ba0a-a3e8-5d4d-b2b5-4b17b9e058e9","1eso","block","sin-determinar","UNMAPPED_BLOCK"
"cand-999f7505-8464-5e2b-bf58-2d2765195a88","1eso","block","sin-determinar","UNMAPPED_BLOCK"
"cand-7bd84850-1b6e-5875-b24c-f69e525be0b8","1eso","block","sin-determinar","UNMAPPED_BLOCK"
"cand-6b8fe755-25b4-525a-885d-7094715061dd","1eso","block","sin-determinar","UNMAPPED_BLOCK"
"cand-cceeeee5-8a46-5600-9ccc-cf260c158d26","1eso","block","sin-determinar","UNMAPPED_BLOCK"
"cand-e7a935a0-2810-5126-a183-5927a242df10","1eso","block","sin-determinar","UNMAPPED_BLOCK"
"cand-586381f5-bad1-5844-a7a4-9c56831210d0","1eso","block","sin-determinar","UNMAPPED_BLOCK"
"cand-667c71ea-696a-5187-8c3b-faf030a74b83","1eso","block","sin-determinar","UNMAPPED_BLOCK"
"cand-1778600d-2355-5437-a755-47aa1516247b","1eso","block","sin-determinar","UNMAPPED_BLOCK"
"cand-8b7c2078-c3d9-5b03-9efa-958c2f3383f1","1eso","block","sin-determinar","UNMAPPED_BLOCK"
"cand-4e90b127-fac4-5dcb-8250-1ded1cccd06b","1eso","block","sin-determinar","UNMAPPED_BLOCK"
"cand-d8839607-1663-54a8-9a8f-c9296d02ad52","1eso","block","sin-determinar","UNMAPPED_BLOCK"
"cand-353a57b5-5ba4-53c0-9bcc-7b07da31ab34","1eso","block","sin-determinar","UNMAPPED_BLOCK"
"cand-3685d050-dace-5b93-b8bf-cc5c810c2727","1eso","block","sin-determinar","UNMAPPED_BLOCK"
"cand-ac7276dd-8106-57d5-974f-704d66a29fa6","1eso","block","sin-determinar","UNMAPPED_BLOCK"
"cand-888a2c07-c22f-5676-83ac-df7e8d63e3cf","1eso","block","sin-determinar","UNMAPPED_BLOCK"
"cand-1ace2358-9a95-5c38-b7ef-fdd7eda5db34","1eso","block","sin-determinar","UNMAPPED_BLOCK"
"cand-402f75e1-2f94-53b3-bf5c-1ab04a0bdf9f","1eso","block","sin-determinar","UNMAPPED_BLOCK"
"cand-d522eb85-929a-5028-9052-a7e4b3241a9f","1eso","block","sin-determinar","UNMAPPED_BLOCK"
"cand-7112c044-d09c-53f2-8d89-f38d2d535e2d","1eso","block","sin-determinar","UNMAPPED_BLOCK"
"cand-5fcfd4ea-5df0-52f5-a642-127bb74737ca","1eso","block","sin-determinar","UNMAPPED_BLOCK"
"cand-cfa405e4-e642-5e84-8ed3-63797f7c1e1b","1eso","block","sin-determinar","UNMAPPED_BLOCK"
"cand-094624a9-1b53-5674-b42f-163d151dbd50","1eso","block","sin-determinar","UNMAPPED_BLOCK"
"cand-e53a091f-bf2d-5091-a718-d9db9ef8055b","1eso","block","sin-determinar","UNMAPPED_BLOCK"
"cand-7afbf327-7853-58d1-97c9-a4d62758d30c","1eso","block","sin-determinar","UNMAPPED_BLOCK"
"cand-33dda2e0-1543-58d3-b93d-74f7a3c7377f","1eso","block","sin-determinar","UNMAPPED_BLOCK"
"cand-01b9a100-c368-57b5-8433-8a01365029b1","1eso","block","sin-determinar","UNMAPPED_BLOCK"
"cand-99e61f28-77fe-5a47-bd91-39bb32b9c9e6","1eso","block","sin-determinar","UNMAPPED_BLOCK"
"cand-b7b27345-5cec-5f9f-9bd3-05885b8be1f3","1eso","block","sin-determinar","UNMAPPED_BLOCK"
"cand-dad198f0-882c-5e5c-af1a-9ff61f36bfb7","1eso","block","sin-determinar","UNMAPPED_BLOCK"
"cand-785bca7c-716f-5c21-8889-4aeeef23075d","1eso","block","sin-determinar","UNMAPPED_BLOCK"
"cand-08d29956-589a-5da9-8bdc-5e981ab7ae25","1eso","block","sin-determinar","UNMAPPED_BLOCK"
"cand-59446cd0-4c60-5db4-88e5-17197b13ab49","1eso","block","sin-determinar","UNMAPPED_BLOCK"
"cand-87e14e94-bc85-5021-8f17-fbe932877fdc","1eso","block","sin-determinar","UNMAPPED_BLOCK"
"cand-d354da40-41cb-57d0-a1ae-f566802df1c7","1eso","block","sin-determinar","UNMAPPED_BLOCK"
"cand-19268f77-3f30-5844-8747-35fb4b274dc7","1eso","block","sin-determinar","UNMAPPED_BLOCK"
"cand-3b99cd44-60c9-55e4-86b9-6d84f0b32c64","1eso","block","sin-determinar","UNMAPPED_BLOCK"
"cand-abce08aa-3b80-508e-9eb1-5c6c6f3fef9a","1eso","block","sin-determinar","UNMAPPED_BLOCK"
"cand-7f047fc3-9241-5998-b7f0-c64adba3317b","1eso","block","sin-determinar","UNMAPPED_BLOCK"
"cand-afc30d58-664d-5cdb-9dac-d2cd43d7f544","1eso","block","sin-determinar","UNMAPPED_BLOCK"
"cand-90f7c0bd-4b47-546c-9179-9ca332f17905","1eso","block","sin-determinar","UNMAPPED_BLOCK"
"cand-795b9b79-f560-5f6b-9663-ce8a3b7b579b","1eso","block","sin-determinar","UNMAPPED_BLOCK"
"cand-962c0e54-10e2-5342-8410-19b3b73ae307","1eso","block","sin-determinar","UNMAPPED_BLOCK"
"cand-288ab695-0ade-5fb3-8cbf-0ea1ed8fc82a","1eso","block","sin-determinar","UNMAPPED_BLOCK"
"cand-66b52d4f-1a7b-5d26-a0ef-94593b945028","1eso","block","sin-determinar","UNMAPPED_BLOCK"
"cand-5d0d42e8-517a-5a9e-8c42-da8fe9b94e97","1eso","block","sin-determinar","UNMAPPED_BLOCK"
"cand-ddf10188-6909-5b40-9891-9ed976b89629","1eso","block","sin-determinar","UNMAPPED_BLOCK"
"cand-6140bacc-8341-5ba8-93e2-6d110ed0ad16","1eso","block","sin-determinar","UNMAPPED_BLOCK"
"cand-2b1ba9af-397c-5f25-a22b-9a081800a1eb","1eso","block","sin-determinar","UNMAPPED_BLOCK"
"cand-9053b04e-1748-5ded-b4b4-518464d8c0d4","1eso","block","sin-determinar","UNMAPPED_BLOCK"
"cand-f5bcd480-d83a-5091-8d75-30bd1d9f4b53","1eso","block","sin-determinar","UNMAPPED_BLOCK"
"cand-16e1f291-2923-50dd-b2b9-1574db8a4f13","1eso","block","sin-determinar","UNMAPPED_BLOCK"
"cand-a17de21e-6a77-58a6-98a9-74e9a98bef1a","1eso","block","sin-determinar","UNMAPPED_BLOCK"
"cand-e9d40fb0-2987-588b-8d61-8ddb24f39cb3","1eso","block","sin-determinar","UNMAPPED_BLOCK"
"cand-51e66e28-023d-50eb-9923-b5b15ee7fe8f","1eso","block","sin-determinar","UNMAPPED_BLOCK"
"cand-afc17aa7-ec76-5918-b4ee-60c934083c90","1eso","block","sin-determinar","UNMAPPED_BLOCK"
"cand-0aaa7d21-e44b-56d9-98ba-58e1e5f0c90d","1eso","block","sin-determinar","UNMAPPED_BLOCK"
"cand-bf4922a2-de42-5e23-9c86-b3dd38d6c533","1eso","block","sin-determinar","UNMAPPED_BLOCK"
"cand-109a56bd-91af-56d5-b202-7c0a5f498bd9","1eso","block","sin-determinar","UNMAPPED_BLOCK"
"cand-371bb650-5d36-5c68-acbe-15b76c372470","1eso","block","sin-determinar","UNMAPPED_BLOCK"
"cand-c2a10233-cf2d-5879-a15b-0c3c359a6dc9","1eso","block","sin-determinar","UNMAPPED_BLOCK"
"cand-4e06053d-f98c-5002-bbca-190d7a3114d4","1eso","block","sin-determinar","UNMAPPED_BLOCK"
"cand-0ea8b390-1ccd-5283-958c-498730300830","1eso","block","sin-determinar","UNMAPPED_BLOCK"
"cand-dbdabf90-b8b4-5bfc-bdde-0cd336f5efe9","1eso","block","sin-determinar","UNMAPPED_BLOCK"
"cand-f639d920-80d5-5892-8f12-de9f99183fce","1eso","block","sin-determinar","UNMAPPED_BLOCK"
"cand-1d20ce58-6548-5ae8-8601-b04428ab2477","1eso","block","sin-determinar","UNMAPPED_BLOCK"
"cand-2ddaca24-2ff0-59bb-9a24-fc2cf357e003","1eso","block","sin-determinar","UNMAPPED_BLOCK"
"cand-b8aabc05-c760-5b13-aa0f-24d11734a561","1eso","block","sin-determinar","UNMAPPED_BLOCK"
"cand-449c18f0-68d4-5dfe-bd13-04bc6fa67c59","1eso","block","sin-determinar","UNMAPPED_BLOCK"
"cand-5bc1669b-1eb0-54c9-a547-16883144facf","1eso","block","sin-determinar","UNMAPPED_BLOCK"
"cand-2d69f116-6092-5b7a-bef0-1c1679552e3d","1eso","block","sin-determinar","UNMAPPED_BLOCK"
"cand-d29ea8bc-e993-5d30-9272-bfcb557ea9ae","1eso","block","sin-determinar","UNMAPPED_BLOCK"
"cand-df2d24e4-8e02-51f8-9108-4049416d1ec9","1eso","block","sin-determinar","UNMAPPED_BLOCK"
"cand-8bcfa57f-defa-58b2-b683-ae5700864ec4","1eso","block","sin-determinar","UNMAPPED_BLOCK"
"cand-7c812c80-feaa-56eb-abfb-1a08484a916a","1eso","block","sin-determinar","UNMAPPED_BLOCK"
"cand-d3822841-053b-5cc6-a661-220c50d5183b","1eso","block","sin-determinar","UNMAPPED_BLOCK"
"cand-eec314e8-d82d-56cb-b7bf-5dcc279c1404","1eso","block","sin-determinar","UNMAPPED_BLOCK"
"cand-1d6b1f53-1463-5519-83ed-6c4e151aec15","1eso","block","sin-determinar","UNMAPPED_BLOCK"
"cand-874c2436-7936-5f64-8785-58f824584933","1eso","block","sin-determinar","UNMAPPED_BLOCK"
"cand-96486b8c-b057-50aa-b114-ba76e53ccf86","1eso","block","sin-determinar","UNMAPPED_BLOCK"
"cand-837a2bd0-efba-527c-b5b1-99a8c7708971","1eso","block","sin-determinar","UNMAPPED_BLOCK"
"cand-80f0f11f-5d39-57ef-8f85-01bf309d7bb7","1eso","block","sin-determinar","UNMAPPED_BLOCK"
"cand-60c85ebb-c853-5dc4-a56d-afdfb355d2ef","1eso","block","sin-determinar","UNMAPPED_BLOCK"
"cand-a8ae47c5-f9d3-5444-95bc-d30dacb50ac8","1eso","block","sin-determinar","UNMAPPED_BLOCK"
"cand-8b2af416-dea1-5d6b-88ac-ef26032b47da","1eso","block","sin-determinar","UNMAPPED_BLOCK"
"cand-07830356-5a91-5160-817a-d9a8ce45c0e9","1eso","block","sin-determinar","UNMAPPED_BLOCK"
"cand-88ae09cc-0433-5aba-9a7f-2d403439a1f2","1eso","block","sin-determinar","UNMAPPED_BLOCK"
"cand-f07e9605-ea0b-561d-ac3a-67e6aa1ef83d","1eso","block","sin-determinar","UNMAPPED_BLOCK"
"cand-feefa710-e176-58e6-a389-716a02af0037","1eso","block","sin-determinar","UNMAPPED_BLOCK"
"cand-72e2849f-ca83-5cce-9832-ba74c957be1e","1eso","block","sin-determinar","UNMAPPED_BLOCK"
"cand-2ee86bcf-3005-5426-ae70-57a76c3d4fe8","1eso","block","sin-determinar","UNMAPPED_BLOCK"
"cand-45211dfd-8120-56da-a980-de6953330442","1eso","block","sin-determinar","UNMAPPED_BLOCK"
"cand-e77799e6-98ba-544c-93da-f2a2aaa2e51d","1eso","block","sin-determinar","UNMAPPED_BLOCK"
"cand-4b9f8b4d-1c13-5ce6-9c81-cd3c134583d9","1eso","block","sin-determinar","UNMAPPED_BLOCK"
"cand-202ead72-8615-57da-a08a-3e1e786111a4","1eso","block","sin-determinar","UNMAPPED_BLOCK"
"cand-0fa90e06-3113-5786-adf0-0b0d9116ff4d","1eso","block","sin-determinar","UNMAPPED_BLOCK"
"cand-5bbabd47-c025-597a-8a90-d18b38a52b51","1eso","block","sin-determinar","UNMAPPED_BLOCK"
"cand-ddbca0b3-e47c-515e-a5f1-b7dd492cf5ff","1eso","block","sin-determinar","UNMAPPED_BLOCK"
"cand-e69e3acb-67e6-521c-86b6-d1a84b067395","1eso","block","sin-determinar","UNMAPPED_BLOCK"
"cand-a618739b-cb8d-5002-a992-2c1c3e74a7e2","1eso","block","sin-determinar","UNMAPPED_BLOCK"
"cand-82eda209-4d92-51d1-91ee-ecb18caadf08","1eso","block","sin-determinar","UNMAPPED_BLOCK"
"cand-c4a01a5c-aacc-57b9-bda4-551f687d3276","1eso","block","sin-determinar","UNMAPPED_BLOCK"
"cand-ca0feaed-3a2e-565b-8691-a1dc2f611065","1eso","block","sin-determinar","UNMAPPED_BLOCK"
"cand-087290c3-0486-591f-95e4-c1529b306331","1eso","block","sin-determinar","UNMAPPED_BLOCK"
"cand-d9785fdc-4f00-5937-92b5-4a398d960a1c","1eso","block","sin-determinar","UNMAPPED_BLOCK"
"cand-52e30f3b-5c41-5a3c-a22d-da40ba572f52","1eso","block","sin-determinar","UNMAPPED_BLOCK"
"cand-3d8a67da-f030-5f67-845f-a27c259c6670","1eso","block","sin-determinar","UNMAPPED_BLOCK"
"cand-3905e4e8-c949-57f5-85cb-091a67c37e2d","1eso","block","sin-determinar","UNMAPPED_BLOCK"
"cand-4af8af9c-cd79-52b0-900a-b71a04b26b7d","1eso","block","sin-determinar","UNMAPPED_BLOCK"
"cand-8e80a9bd-9129-5198-835b-5d66029d8c71","1eso","block","sin-determinar","UNMAPPED_BLOCK"
"cand-6c4c8d4c-6b28-5e53-9305-2d733a9e5b41","1eso","block","sin-determinar","UNMAPPED_BLOCK"
"cand-d95c9b66-2fe8-51f9-a22d-8f02773919a9","1eso","block","sin-determinar","UNMAPPED_BLOCK"
"cand-edafea19-7bee-5199-9861-b5045bca0541","1eso","block","sin-determinar","UNMAPPED_BLOCK"
"cand-db286fa9-1620-5495-864b-e8a478806c75","1eso","block","sin-determinar","UNMAPPED_BLOCK"
"cand-a60d63c7-3e3e-5d62-9e39-dafd284c585d","1eso","block","sin-determinar","UNMAPPED_BLOCK"
"cand-ed19ca35-f4d7-5b0e-ba6a-07dfff1a15ec","1eso","block","sin-determinar","UNMAPPED_BLOCK"
"cand-a7781620-fb78-5524-840f-031f426b2ff8","1eso","block","sin-determinar","UNMAPPED_BLOCK"
"cand-fefacebd-b966-560b-8fed-a9b8c2592223","1eso","block","sin-determinar","UNMAPPED_BLOCK"
"cand-c51c6962-12b0-5a12-87c1-e48a8afbc7af","1eso","block","sin-determinar","UNMAPPED_BLOCK"
"cand-310def8d-7a3f-5f81-9b5e-7743fd7937ab","1eso","block","sin-determinar","UNMAPPED_BLOCK"
"cand-4830e958-58bf-571e-90a8-abc5d0bd7edf","1eso","block","sin-determinar","UNMAPPED_BLOCK"
"cand-30af5b30-5a0c-508d-bdcb-4839ad7d4015","1eso","block","sin-determinar","UNMAPPED_BLOCK"
"cand-6f31f69e-c403-5755-afd6-84e759e33ecd","1eso","block","sin-determinar","UNMAPPED_BLOCK"
"cand-c59cd755-4da1-58af-99f6-7008cf13e7f5","1eso","block","sin-determinar","UNMAPPED_BLOCK"
"cand-58611b7c-c606-5764-8cbb-dbdc925e33bd","1eso","block","sin-determinar","UNMAPPED_BLOCK"
"cand-33db102c-71f6-5689-a719-9bf2df754d28","1eso","block","sin-determinar","UNMAPPED_BLOCK"
"cand-312bc011-72a3-54e9-a83d-c4dd575e8d54","1eso","block","sin-determinar","UNMAPPED_BLOCK"
"cand-141473a1-42a3-503d-801e-a1213fd09615","1eso","block","sin-determinar","UNMAPPED_BLOCK"
"cand-9fa67fdf-1604-5ac5-bbff-5d412db438eb","1eso","block","sin-determinar","UNMAPPED_BLOCK"
"cand-79bc0141-5ab7-5b4a-9a0a-a16036583c60","1eso","block","sin-determinar","UNMAPPED_BLOCK"
"cand-8cadaf8b-7322-5c12-8121-0b8e4af8513a","1eso","block","sin-determinar","UNMAPPED_BLOCK"
"cand-03bd7876-cdf6-5cbe-b28e-676ff369b79a","1eso","block","sin-determinar","UNMAPPED_BLOCK"
"cand-95234697-9beb-5bef-af1f-ca434e230929","1eso","block","sin-determinar","UNMAPPED_BLOCK"
"cand-c5145b88-a0f4-5626-b840-018a75fd31d5","1eso","block","sin-determinar","UNMAPPED_BLOCK"
"cand-0ffc36e9-880a-5553-9e4a-fe5798c7f992","1eso","block","sin-determinar","UNMAPPED_BLOCK"
"cand-25be5432-5b49-5494-b477-d3ad923d0745","1eso","block","sin-determinar","UNMAPPED_BLOCK"
"cand-9f39ca04-1950-5d72-ab6a-b5740fefb997","1eso","block","sin-determinar","UNMAPPED_BLOCK"
"cand-8b6b1801-6ac9-5511-a794-3d21e36882b9","1eso","block","sin-determinar","UNMAPPED_BLOCK"
"cand-39aed608-09fc-57da-89dd-89df752cb3e2","1eso","block","sin-determinar","UNMAPPED_BLOCK"
"cand-01265571-4e96-5337-a995-8d9decfdf3c0","1eso","block","sin-determinar","UNMAPPED_BLOCK"
"cand-08bfe4ef-6004-5e6d-8979-549b46c497b7","1eso","block","sin-determinar","UNMAPPED_BLOCK"
"cand-d9439f5d-0df5-5bee-ac44-e55f31187d9b","1eso","block","sin-determinar","UNMAPPED_BLOCK"
"cand-654048ea-6603-5c26-9c64-86257900e4da","1eso","block","sin-determinar","UNMAPPED_BLOCK"
"cand-ae98a28f-7958-5a96-b0a5-513ce7fd3576","1eso","block","sin-determinar","UNMAPPED_BLOCK"
"cand-2d8e45f4-4dda-58b0-9b28-b654bdcd7ab7","1eso","block","sin-determinar","UNMAPPED_BLOCK"
"cand-44344050-3620-5cbb-9191-f530a4d64fcf","1eso","block","sin-determinar","UNMAPPED_BLOCK"
"cand-a66da26b-bd86-5cc2-ba74-171a4f1254a4","1eso","block","sin-determinar","UNMAPPED_BLOCK"
"cand-9fe61061-203a-5b7b-9f8f-7bd2cfe2e99e","1eso","block","sin-determinar","UNMAPPED_BLOCK"
"cand-d74f1713-855d-5f0b-9b79-1226e89b2945","1eso","block","sin-determinar","UNMAPPED_BLOCK"
"cand-2885d607-8cdf-5e68-ad54-9634d23c7f82","1eso","block","sin-determinar","UNMAPPED_BLOCK"
"cand-be7d7089-f04d-5472-a1b5-13f9464caccf","1eso","block","sin-determinar","UNMAPPED_BLOCK"
"cand-5263c34f-031c-5350-92fb-f1c04318fe01","1eso","block","sin-determinar","UNMAPPED_BLOCK"
"cand-c1747ae0-3fd5-57d1-8e0d-ba04a818dc3e","1eso","block","sin-determinar","UNMAPPED_BLOCK"
"cand-ce89c27d-4220-50ab-9be9-1d3091a6a4e1","1eso","block","sin-determinar","UNMAPPED_BLOCK"
"cand-428d9bd0-5bc1-5053-825d-13c18d6e5054","1eso","block","sin-determinar","UNMAPPED_BLOCK"
"cand-e25da32d-3af1-57bf-b55b-70bc71e19a38","1eso","block","sin-determinar","UNMAPPED_BLOCK"
"cand-e451f189-d463-52a0-8ceb-32d97fafd41d","1eso","block","sin-determinar","UNMAPPED_BLOCK"
"cand-6d9def1e-b7c5-51e0-a1cd-e94b69791327","1eso","block","sin-determinar","UNMAPPED_BLOCK"
"cand-33ea6c85-8f04-54ab-9b19-57f8975c8e57","1eso","block","sin-determinar","UNMAPPED_BLOCK"
"cand-f6d8591e-3106-5bce-8631-712f548874f1","1eso","block","sin-determinar","UNMAPPED_BLOCK"
"cand-09aacffe-6c6d-5c3a-a225-1f1e4f5ee0c2","1eso","block","sin-determinar","UNMAPPED_BLOCK"
"cand-b0946448-74b3-5e02-87d6-5de0e2d4b698","1eso","block","sin-determinar","UNMAPPED_BLOCK"
"cand-fad3582c-2e4d-526f-8f46-1241e2746676","1eso","block","sin-determinar","UNMAPPED_BLOCK"
"cand-efacce8c-ecbc-5f83-9ba3-293a292ee6c2","1eso","block","sin-determinar","UNMAPPED_BLOCK"
"cand-56b5a58b-6b46-53e6-bbd3-5565801b1dfe","1eso","block","sin-determinar","UNMAPPED_BLOCK"
"cand-379e65e6-87c0-5a2b-abc2-461b2e267a9c","1eso","block","sin-determinar","UNMAPPED_BLOCK"
"cand-bd3662d2-479e-557e-8000-26faa056428b","1eso","block","sin-determinar","UNMAPPED_BLOCK"
"cand-081f4307-3692-5865-83e7-f272b760f37e","1eso","block","sin-determinar","UNMAPPED_BLOCK"
"cand-1439545f-431a-5b94-8dc8-f921f402ad5d","1eso","block","sin-determinar","UNMAPPED_BLOCK"
"cand-45b46799-0bba-5d33-b84b-77c2ce1dc668","1eso","block","sin-determinar","UNMAPPED_BLOCK"
"cand-85b7c965-1fec-5f0d-ae31-29a5effbd30e","1eso","block","sin-determinar","UNMAPPED_BLOCK"
"cand-27c45e59-b5dd-51dd-a60d-10c42a03fef0","1eso","block","sin-determinar","UNMAPPED_BLOCK"
"cand-09a3afd7-610b-5ca7-ac2d-20375a85e7a0","1eso","block","sin-determinar","UNMAPPED_BLOCK"
"cand-d3dcd88d-bfad-58e2-a362-bb1db0834819","1eso","block","sin-determinar","UNMAPPED_BLOCK"
"cand-341bb9ca-da09-559e-9e86-543b68ef8825","1eso","block","sin-determinar","UNMAPPED_BLOCK"
"cand-8a9dff33-4c01-587c-8722-035318615998","1eso","block","sin-determinar","UNMAPPED_BLOCK"
"cand-33e65496-2070-5b66-807a-70efca4c5ff1","1eso","block","sin-determinar","UNMAPPED_BLOCK"
"cand-8113b595-c442-5002-9003-4ff971f0da5c","1eso","block","sin-determinar","UNMAPPED_BLOCK"
"cand-f3d470df-c277-5ff9-ba0a-b745a6621cd5","1eso","block","sin-determinar","UNMAPPED_BLOCK"
"cand-ab60a348-e8da-58b2-b5fb-62b5b964c8ab","1eso","block","sin-determinar","UNMAPPED_BLOCK"
"cand-df0a41f3-4b76-5a5c-9b3e-bbb6a08c8df4","1eso","block","sin-determinar","UNMAPPED_BLOCK"
"cand-39672a00-9322-5eef-9bc1-dadb61ecad0c","1eso","block","sin-determinar","UNMAPPED_BLOCK"
"cand-2079e14c-0ec3-544a-bd5a-03bc0cdee909","1eso","block","sin-determinar","UNMAPPED_BLOCK"
"cand-15d26b71-a192-5a41-be2b-c109fdb85720","1eso","block","sin-determinar","UNMAPPED_BLOCK"
"cand-edd69c41-29da-5d88-a6d5-9c0aaa1606f6","1eso","block","sin-determinar","UNMAPPED_BLOCK"
"cand-a92c0e85-1e2e-5faa-93ab-a3b3ba6410f6","1eso","block","sin-determinar","UNMAPPED_BLOCK"
"cand-d9e24c9d-658f-530f-9744-95a2cfbe08af","1eso","block","sin-determinar","UNMAPPED_BLOCK"
"cand-818cfc3a-7429-5c35-89cc-6861a9192cc2","1eso","block","sin-determinar","UNMAPPED_BLOCK"
"cand-b12ec601-ba59-544e-a472-f541c2b19e7a","1eso","block","sin-determinar","UNMAPPED_BLOCK"
"cand-9d9a3ba7-b49a-5506-8578-8115972850e0","1eso","block","sin-determinar","UNMAPPED_BLOCK"
"cand-f05180d3-0726-5296-b3a8-c1535ed79f01","1eso","block","sin-determinar","UNMAPPED_BLOCK"
"cand-bc3fa7bc-ce7c-5a06-9a1c-e60bdb1ffd50","1eso","block","sin-determinar","UNMAPPED_BLOCK"
"cand-446f141c-76bc-5727-9666-622617244917","1eso","block","sin-determinar","UNMAPPED_BLOCK"
"cand-a17edab5-f58a-5dc2-820d-3426b666ed07","1eso","block","sin-determinar","UNMAPPED_BLOCK"
"cand-d7454a81-baad-592e-990c-115b4b52b893","1eso","block","sin-determinar","UNMAPPED_BLOCK"
"cand-414a4fd6-32ea-5b5a-8462-fcf559aaba60","1eso","block","sin-determinar","UNMAPPED_BLOCK"
"cand-696e9e8e-d773-54b2-b3b5-8aff6f98a5b8","1eso","block","sin-determinar","UNMAPPED_BLOCK"
"cand-7b54d77f-d6e8-5688-955c-e04b5e280e8e","1eso","block","sin-determinar","UNMAPPED_BLOCK"
"cand-bf52dbae-ad64-59fb-9667-5ac84a828cff","1eso","block","sin-determinar","UNMAPPED_BLOCK"
"cand-8da5c91f-d85a-5152-a3b5-924f614c8cc2","1eso","block","sin-determinar","UNMAPPED_BLOCK"
"cand-30d55477-2b2c-5da9-9b16-cb00703a0a3e","1eso","block","sin-determinar","UNMAPPED_BLOCK"
"cand-24d70236-ba86-5392-9dba-4229098a028f","1eso","block","sin-determinar","UNMAPPED_BLOCK"
"cand-cfce8029-7a42-530e-9821-42675b696fd5","1eso","block","sin-determinar","UNMAPPED_BLOCK"
"cand-64720c6a-1ec5-5990-8f70-d001261960a5","1eso","block","sin-determinar","UNMAPPED_BLOCK"
"cand-eef134b5-560c-58f7-b8a0-4e888f21ac86","1eso","block","sin-determinar","UNMAPPED_BLOCK"
"cand-2a6b3d5e-e493-54fc-ae50-92f0bbdccaaa","1eso","block","sin-determinar","UNMAPPED_BLOCK"
"cand-d1a302cd-3b83-53fb-8781-ea11efa4656b","1eso","block","sin-determinar","UNMAPPED_BLOCK"
"cand-3ef8b7e4-90c4-5559-81c3-d157a8a3d520","1eso","block","sin-determinar","UNMAPPED_BLOCK"
"cand-64c28519-35e3-5560-a305-3677ab15054a","1eso","block","sin-determinar","UNMAPPED_BLOCK"
"cand-67819209-3276-5a09-b508-338b647f504a","1eso","block","sin-determinar","UNMAPPED_BLOCK"
"cand-dd4b8d82-5351-538a-8623-8532832ef9ad","1eso","block","sin-determinar","UNMAPPED_BLOCK"
"cand-56ab9926-93c7-551b-ae61-cea60adb92a1","1eso","block","sin-determinar","UNMAPPED_BLOCK"
"cand-7d22389d-943f-5941-bec5-57a9a423906d","1eso","block","sin-determinar","UNMAPPED_BLOCK"
"cand-c1a737eb-03e7-5bed-ab39-8534523db274","1eso","block","sin-determinar","UNMAPPED_BLOCK"
"cand-f1ed390b-03aa-578f-87b0-fe340f2b77d4","1eso","block","sin-determinar","UNMAPPED_BLOCK"
"cand-d9dc93a5-4088-5ec0-a271-3517c7c36dac","1eso","block","sin-determinar","UNMAPPED_BLOCK"
"cand-e92cd060-edbe-5e6b-a5b1-fc8b30be5d9c","1eso","block","sin-determinar","UNMAPPED_BLOCK"
"cand-9656340c-7021-5305-86c2-0f2ef6581c13","1eso","block","sin-determinar","UNMAPPED_BLOCK"
"cand-b06ca525-25c9-5cb8-9dab-02a7a3c622dd","1eso","block","sin-determinar","UNMAPPED_BLOCK"
"cand-3b9b652d-2ca9-5455-bde2-ec2640b0d113","1eso","block","sin-determinar","UNMAPPED_BLOCK"
"cand-80a36639-9ad0-50c4-9b36-fb779bdd7678","1eso","block","sin-determinar","UNMAPPED_BLOCK"
"cand-6dce4a8f-dd94-5a3a-9c9e-fe4f5c96b85a","1eso","block","sin-determinar","UNMAPPED_BLOCK"
"cand-44595802-9d94-57a7-83a2-da01f09104c7","1eso","block","sin-determinar","UNMAPPED_BLOCK"
"cand-70b19f6b-9b00-5604-a2d2-3963620e03ba","1eso","block","sin-determinar","UNMAPPED_BLOCK"
"cand-f2004a5e-a61f-5fa6-8fe1-d46b869ab957","1eso","block","sin-determinar","UNMAPPED_BLOCK"
"cand-a2b21a43-2d9f-593f-836f-9e49ce73dee0","1eso","block","sin-determinar","UNMAPPED_BLOCK"
"cand-a00d3b09-4f67-5e80-9093-48b5eb398c9c","1eso","block","sin-determinar","UNMAPPED_BLOCK"
"cand-f4df73c1-fdb6-50f1-a7c7-f488a8b6351d","1eso","block","sin-determinar","UNMAPPED_BLOCK"
"cand-45b4421d-c16b-54bc-9286-6cb427329abf","1eso","block","sin-determinar","UNMAPPED_BLOCK"
"cand-4764c3c0-1f03-5c9b-b3f7-66b4c5f180a6","1eso","block","sin-determinar","UNMAPPED_BLOCK"
"cand-6229002f-43fb-54e6-9996-ea447b30f8e3","1eso","block","sin-determinar","UNMAPPED_BLOCK"
"cand-9f3ac1b9-48ec-51c6-a097-b1119090f3a7","1eso","block","sin-determinar","UNMAPPED_BLOCK"
"cand-95fbe084-9ade-5dbc-8444-12cceb25a662","1eso","block","sin-determinar","UNMAPPED_BLOCK"
"cand-19172b7d-82e5-53b6-a540-9dfb3ff76429","1eso","block","sin-determinar","UNMAPPED_BLOCK"
"cand-c5d3a1b9-13ea-52ec-aaf2-5062652e4bf3","1eso","block","sin-determinar","UNMAPPED_BLOCK"
"cand-064f6247-f588-50fe-91b3-e534a964f112","1eso","block","sin-determinar","UNMAPPED_BLOCK"
"cand-8b0352e7-32ed-5a74-bbf9-ebc8370d367d","1eso","block","sin-determinar","UNMAPPED_BLOCK"
"cand-474ded23-73f3-5423-8657-76ca72f83513","1eso","block","sin-determinar","UNMAPPED_BLOCK"
"cand-f859d0ed-f4e1-5c14-b243-cb010eba12e4","1eso","block","sin-determinar","UNMAPPED_BLOCK"
"cand-5b1b880e-affe-5380-a7ea-265acfc79728","1eso","block","sin-determinar","UNMAPPED_BLOCK"
"cand-35fb514f-428a-5266-b3ae-18f268950604","1eso","block","sin-determinar","UNMAPPED_BLOCK"
"cand-94bd15ec-1389-543c-bbef-c5a7773adc2a","1eso","block","sin-determinar","UNMAPPED_BLOCK"
"cand-377ad942-cbdc-5a18-a191-145d8a1b2441","1eso","block","sin-determinar","UNMAPPED_BLOCK"
"cand-0dc48883-bcf3-5271-95eb-b240582b9ab2","1eso","block","sin-determinar","UNMAPPED_BLOCK"
"cand-c68d3544-8f9b-5e6e-b390-c3a1ac276dfb","1eso","block","sin-determinar","UNMAPPED_BLOCK"
"cand-03933822-7dc8-595b-919c-653c7fe39910","1eso","block","sin-determinar","UNMAPPED_BLOCK"
"cand-fbbdbf16-124d-57b1-a027-ecab5424e285","1eso","block","sin-determinar","UNMAPPED_BLOCK"
"cand-ea4d6855-fbea-5bb1-9c6f-5547533ba77e","1eso","block","sin-determinar","UNMAPPED_BLOCK"
"cand-b6d01afd-d6a2-5e76-bc6f-8ab8eb7ebf45","1eso","block","sin-determinar","UNMAPPED_BLOCK"
"cand-801bb707-ecdc-5f13-bc3a-9bbdef476283","1eso","block","sin-determinar","UNMAPPED_BLOCK"
"cand-2f22fe92-7cf5-5550-a1c0-b5ee370274e3","1eso","block","sin-determinar","UNMAPPED_BLOCK"
"cand-0b96d008-c1bb-5b3c-b0c9-1f1cac583d0e","1eso","block","sin-determinar","UNMAPPED_BLOCK"
"cand-2d52befb-3054-557f-a372-6a0b1ad8c486","1eso","block","sin-determinar","UNMAPPED_BLOCK"
"cand-75ac30d1-8fb9-5277-9961-b1559473326d","1eso","block","sin-determinar","UNMAPPED_BLOCK"
"cand-8f57f257-a45e-5252-a2d6-371a4648b385","1eso","block","sin-determinar","UNMAPPED_BLOCK"
"cand-c84dea7a-7e6e-58e8-a8d0-c38c6a0cff32","1eso","block","sin-determinar","UNMAPPED_BLOCK"
"cand-6ff82e1f-9a75-504c-9f1b-b4c65050c154","1eso","block","sin-determinar","UNMAPPED_BLOCK"
"cand-4023918c-eb4d-5e2e-9224-075bd5e3e6e9","1eso","block","sin-determinar","UNMAPPED_BLOCK"
"cand-ea153b2a-eac1-57f8-9389-baa7d31afde2","1eso","block","sin-determinar","UNMAPPED_BLOCK"
"cand-be6c10dc-01bc-5cf8-93b0-5005205717a0","1eso","block","sin-determinar","UNMAPPED_BLOCK"
"cand-bc6d91ae-0ccd-50f4-bb30-c048243ea895","1eso","block","sin-determinar","UNMAPPED_BLOCK"
"cand-385cf7da-4c32-5e55-a45f-8f12a14c9d7c","1eso","block","sin-determinar","UNMAPPED_BLOCK"
"cand-514ee3a2-10b6-508d-afbc-c1114be86843","1eso","block","sin-determinar","UNMAPPED_BLOCK"
"cand-c7cbae14-a198-5de0-8ccd-22be3d2c6ebe","1eso","block","sin-determinar","UNMAPPED_BLOCK"
"cand-fb62e1ef-ce22-5e3f-afb5-0f22b8fc1022","1eso","block","sin-determinar","UNMAPPED_BLOCK"
"cand-2c37bfae-3ee6-5cd8-a1df-957c959e849d","1eso","block","sin-determinar","UNMAPPED_BLOCK"
"cand-c62f493b-f7e3-5667-8ef5-b134e413f36c","1eso","block","sin-determinar","UNMAPPED_BLOCK"
"cand-e9fd3972-2196-5d5b-a8ef-30e4b6e76149","1eso","block","sin-determinar","UNMAPPED_BLOCK"
"cand-2ecc5973-b1b4-5b0a-a3b2-a104b30f3ae7","1eso","block","sin-determinar","UNMAPPED_BLOCK"
"cand-a3a7aa4f-32d5-5a82-811c-72fc0b22e27a","1eso","block","sin-determinar","UNMAPPED_BLOCK"
"cand-557c2f6c-77a8-5269-bb34-8de9987a1e2c","1eso","block","sin-determinar","UNMAPPED_BLOCK"
"cand-2066504b-2b0e-53ff-ad03-b3b00ef1142c","1eso","block","sin-determinar","UNMAPPED_BLOCK"
"cand-ceecc0c7-d0aa-57d7-92d4-6b7f71c5881b","1eso","block","sin-determinar","UNMAPPED_BLOCK"
"cand-2d804674-45bb-5586-87c4-e7791910aec2","1eso","block","sin-determinar","UNMAPPED_BLOCK"
"cand-4a0ddd3f-17f1-585d-8f68-624f9775a17a","1eso","block","sin-determinar","UNMAPPED_BLOCK"
"cand-a5238240-1867-53fd-9681-492ed69e5a91","1eso","block","sin-determinar","UNMAPPED_BLOCK"
"cand-824afede-f438-58d8-a47d-dfeb47112e4d","1eso","block","sin-determinar","UNMAPPED_BLOCK"
"cand-f4c56d74-cd4a-5014-8204-9c46030cc0d8","1eso","block","sin-determinar","UNMAPPED_BLOCK"
"cand-104a812c-2371-56ca-a818-aff7e15a566d","1eso","block","sin-determinar","UNMAPPED_BLOCK"
"cand-3eacd23e-10d2-5174-92f9-f50baaa428e4","1eso","block","sin-determinar","UNMAPPED_BLOCK"
"cand-da5da8e4-5f32-513f-9555-533f61990ec4","1eso","block","sin-determinar","UNMAPPED_BLOCK"
"cand-0e0ee88a-c8ad-53be-8075-01e203571913","1eso","block","sin-determinar","UNMAPPED_BLOCK"
"cand-4f5c7109-001f-59dc-ade2-24800fea8341","1eso","block","sin-determinar","UNMAPPED_BLOCK"
"cand-a197fb17-1bc2-58c0-b30b-c4c6f7fd4613","1eso","block","sin-determinar","UNMAPPED_BLOCK"
"cand-b3cf41fa-3294-5ab6-b5f1-4b99b7a594ee","1eso","block","sin-determinar","UNMAPPED_BLOCK"
"cand-ab2d7ecc-97f2-5238-9f65-ca8b9587d3fb","1eso","block","sin-determinar","UNMAPPED_BLOCK"
"cand-8bb1acd7-a510-5a7c-9c4f-b48a672fa64b","1eso","block","sin-determinar","UNMAPPED_BLOCK"
"cand-562f8770-b360-58af-97c0-dec63512333e","1eso","block","sin-determinar","UNMAPPED_BLOCK"
"cand-69f06de0-eac5-5329-89d8-8868e61c07b3","1eso","block","sin-determinar","UNMAPPED_BLOCK"
"cand-7385829b-4d40-50bd-b692-6900aefe7eaf","1eso","block","sin-determinar","UNMAPPED_BLOCK"
"cand-df46dec5-9ee6-5f8a-bcb6-8a3630b22c46","1eso","block","sin-determinar","UNMAPPED_BLOCK"
"cand-ee3bc7c8-539e-5d16-8796-2d8c6d1bafa0","1eso","block","sin-determinar","UNMAPPED_BLOCK"
"cand-02404cf5-23f7-5c15-8b80-4c4772e471d3","1eso","block","sin-determinar","UNMAPPED_BLOCK"
"cand-0f212c81-23de-559d-8e86-add2e9c6501d","1eso","block","sin-determinar","UNMAPPED_BLOCK"
"cand-749a8d7d-30d5-5c13-8e34-65f67db0ccec","1eso","block","sin-determinar","UNMAPPED_BLOCK"
"cand-1ed91e0a-d20e-598b-85c4-d3f5382926c1","1eso","block","sin-determinar","UNMAPPED_BLOCK"
"cand-4c39c60a-8385-5282-b067-b32570a6011d","1eso","block","sin-determinar","UNMAPPED_BLOCK"
"cand-507fb0e2-1f0c-586a-a835-5ad14ec89b81","1eso","block","sin-determinar","UNMAPPED_BLOCK"
"cand-af4dac91-e3ad-568b-8cb4-84388296bcaf","1eso","block","sin-determinar","UNMAPPED_BLOCK"
"cand-0c7a1438-1c34-5960-82a8-142e2c8af641","1eso","block","sin-determinar","UNMAPPED_BLOCK"
"cand-8e1fe6f5-56a9-5bef-9377-5259c2a6fdc1","1eso","block","sin-determinar","UNMAPPED_BLOCK"
"cand-8dc061d2-a659-5e61-8380-a6d47aea1667","1eso","block","sin-determinar","UNMAPPED_BLOCK"
"cand-ade64b50-ce3c-5176-bf63-7cf7e74630a6","1eso","block","sin-determinar","UNMAPPED_BLOCK"
"cand-cf46432c-be11-5986-a016-bb86b31fb39a","1eso","block","sin-determinar","UNMAPPED_BLOCK"
"cand-94b77bce-7a7c-510d-ac57-76cd6f04e6bc","1eso","block","sin-determinar","UNMAPPED_BLOCK"
"cand-3b12acb5-4031-519a-ae18-19fbacb57c85","1eso","block","sin-determinar","UNMAPPED_BLOCK"
"cand-5bda7ac9-aa92-591f-bb52-62e8442b2c33","1eso","block","sin-determinar","UNMAPPED_BLOCK"
"cand-f6bacd77-bd3b-5539-a398-7d8086e38483","1eso","block","sin-determinar","UNMAPPED_BLOCK"
"cand-75fc7015-6b10-504c-8f7e-21279e6ae715","1eso","block","sin-determinar","UNMAPPED_BLOCK"
"cand-8fc223dd-e698-555e-9a3a-76169ba33254","1eso","block","sin-determinar","UNMAPPED_BLOCK"
"cand-b876eb0d-511d-5d21-a620-eaa691c75ec5","1eso","block","sin-determinar","UNMAPPED_BLOCK"
"cand-5a913c5d-8407-52eb-9969-67302fccd91b","1eso","block","sin-determinar","UNMAPPED_BLOCK"
"cand-10ef5768-ebe9-5b44-8725-18635ae2bc67","1eso","block","sin-determinar","UNMAPPED_BLOCK"
"cand-aed15050-8b79-5665-a97d-4000754d6603","1eso","block","sin-determinar","UNMAPPED_BLOCK"
"cand-b3f1885f-48fc-5ae4-9444-053bdbf24889","1eso","block","sin-determinar","UNMAPPED_BLOCK"
"cand-aea8fb3e-5a61-5191-ba5e-02769bd65b6d","1eso","block","sin-determinar","UNMAPPED_BLOCK"
"cand-2eda5822-54ff-5318-abed-681a679dd0bb","1eso","block","sin-determinar","UNMAPPED_BLOCK"
"cand-e8c9b11b-b65c-5d27-8c35-fa8cf4bc8db3","1eso","block","sin-determinar","UNMAPPED_BLOCK"
"cand-daca1dcf-9895-5c34-bb24-7c1e8f1c5c37","1eso","block","sin-determinar","UNMAPPED_BLOCK"
"cand-8e865b5f-e254-50f8-8c7c-2bf52f0345db","1eso","block","sin-determinar","UNMAPPED_BLOCK"
"cand-ef764d47-1139-5de9-b482-c9493e5816de","1eso","block","sin-determinar","UNMAPPED_BLOCK"
"cand-71488a61-f3af-520a-96d1-0d6072556e6b","1eso","block","sin-determinar","UNMAPPED_BLOCK"
"cand-9bfeeb65-13ae-54de-85bc-06f063bb06d8","1eso","block","sin-determinar","UNMAPPED_BLOCK"
"cand-4c6f9c8f-136e-5bb4-91bc-20ad0168743a","1eso","block","sin-determinar","UNMAPPED_BLOCK"
"cand-12694c4e-7215-5b6e-8d06-02bbb33f3d0b","1eso","block","sin-determinar","UNMAPPED_BLOCK"
"cand-60d3a393-edb9-5951-aca2-d5b9c0a1c3ff","1eso","block","sin-determinar","UNMAPPED_BLOCK"
"cand-e18a5324-c2da-53b7-bb17-e5e24648a77c","1eso","block","sin-determinar","UNMAPPED_BLOCK"
"cand-43472387-459f-500c-8be1-f7ee00d86c6e","1eso","block","sin-determinar","UNMAPPED_BLOCK"
"cand-6537f4a3-68c4-5496-808f-26f2876d02dc","1eso","block","sin-determinar","UNMAPPED_BLOCK"
"cand-3385a1d8-17dd-5692-a5d9-fd7afead866a","1eso","block","sin-determinar","UNMAPPED_BLOCK"
"cand-64b7c188-a6e1-5985-ba93-c9886f97f436","1eso","block","sin-determinar","UNMAPPED_BLOCK"
"cand-4f906ebb-1e7d-5dd5-ac33-63f8d52438c8","1eso","block","sin-determinar","UNMAPPED_BLOCK"
"cand-cfad5baa-70c9-527a-998b-ad4d621f0016","1eso","block","sin-determinar","UNMAPPED_BLOCK"
"cand-182ffb24-acad-5eef-bdb6-dc8ce0d5f6d0","1eso","block","sin-determinar","UNMAPPED_BLOCK"
"cand-df22ff16-fc1f-588f-8e49-0705190254cd","1eso","block","sin-determinar","UNMAPPED_BLOCK"
"cand-53a5a9cf-d0a6-5233-9e00-ca09b907eb9b","1eso","block","sin-determinar","UNMAPPED_BLOCK"
"cand-a930e739-8dfd-5c49-8aec-5d96d1d506a7","1eso","block","sin-determinar","UNMAPPED_BLOCK"
"cand-ec3f49b0-fecb-5920-a420-2e4dfc89d0e3","1eso","block","sin-determinar","UNMAPPED_BLOCK"
"cand-5e4b9cfa-63bc-565d-b857-952b6e811196","1eso","block","sin-determinar","UNMAPPED_BLOCK"
"cand-600cb5f0-8373-56a5-aeda-fbb55481a41e","1eso","block","sin-determinar","UNMAPPED_BLOCK"
"cand-427ec47d-9428-5acd-866c-8d2e9502d4f5","1eso","block","sin-determinar","UNMAPPED_BLOCK"
"cand-cd2168e0-db0b-5527-b0d0-7404914eed47","1eso","block","sin-determinar","UNMAPPED_BLOCK"
"cand-277ca683-ccf1-5c23-a426-ba93a8ae055b","1eso","block","sin-determinar","UNMAPPED_BLOCK"
"cand-2933c55c-efc5-5795-8118-bdf73abc4bb0","1eso","block","sin-determinar","UNMAPPED_BLOCK"
"cand-d31931af-f184-55ab-89a2-c93d51edece2","1eso","block","sin-determinar","UNMAPPED_BLOCK"
"cand-ba86297d-643b-5470-8ccc-e167b03431da","1eso","block","sin-determinar","UNMAPPED_BLOCK"
"cand-8de14bbd-1c91-518c-a68e-042f71cd94af","1eso","block","sin-determinar","UNMAPPED_BLOCK"
"cand-342b2746-5421-5a6a-8515-6b9fde576a63","1eso","block","sin-determinar","UNMAPPED_BLOCK"
"cand-5aeabb39-f05f-5b86-954e-eaad5ada8b61","1eso","block","sin-determinar","UNMAPPED_BLOCK"
"cand-1f3d4e75-015d-56fe-a90e-46630e19f04c","1eso","block","sin-determinar","UNMAPPED_BLOCK"
"cand-f5a20674-cdfc-5a0a-8217-34a9fbca2cc9","1eso","block","sin-determinar","UNMAPPED_BLOCK"
"cand-065c0cf8-2556-51c5-8b02-c730e4712845","1eso","block","sin-determinar","UNMAPPED_BLOCK"
"cand-67a3e241-9a65-5be3-8da3-6ea8a945ffe0","1eso","block","sin-determinar","UNMAPPED_BLOCK"
"cand-ca0415de-3db6-5616-a734-c08d7873b5bf","1eso","block","sin-determinar","UNMAPPED_BLOCK"
"cand-b58aa0f6-9989-5522-8484-b1bec252fd3e","1eso","block","sin-determinar","UNMAPPED_BLOCK"
"cand-0e0c1656-20bc-53db-966f-232ebb616baf","1eso","block","sin-determinar","UNMAPPED_BLOCK"
"cand-ba0ea749-74dd-5232-ae84-3d6b8c6a9ce6","1eso","block","sin-determinar","UNMAPPED_BLOCK"
"cand-64f55df3-9b72-5d05-846a-95612b00e5a8","1eso","block","sin-determinar","UNMAPPED_BLOCK"
"cand-43c4d258-93c5-5523-92e6-52509ee8570e","1eso","block","sin-determinar","UNMAPPED_BLOCK"
"cand-ad68b0df-662f-519b-85e2-500f14f81454","1eso","block","sin-determinar","UNMAPPED_BLOCK"
"cand-2d303821-db85-5f22-b9d7-2f9310d72ab2","1eso","block","sin-determinar","UNMAPPED_BLOCK"
"cand-f0f2e31f-27f4-5564-8344-9b4bbf8cc28a","1eso","block","sin-determinar","UNMAPPED_BLOCK"
"cand-b114eeff-fc81-5001-9b2d-bfc8313af423","1eso","block","sin-determinar","UNMAPPED_BLOCK"
"cand-d28f4240-5a1a-53b8-a7c5-1ea8739287eb","1eso","block","sin-determinar","UNMAPPED_BLOCK"
"cand-3af224e1-9e3c-501e-94bb-57c363fd60bf","1eso","block","sin-determinar","UNMAPPED_BLOCK"
"cand-1b5f94fd-4f07-5d27-8bd8-efc4c9b95c9a","1eso","block","sin-determinar","UNMAPPED_BLOCK"
"cand-5e55f77e-d5ae-5ca3-a469-ff4da81ea662","1eso","block","sin-determinar","UNMAPPED_BLOCK"
"cand-b10a7020-b167-56cc-a0da-9059bf1f9faf","1eso","block","sin-determinar","UNMAPPED_BLOCK"
"cand-f7aa8ed8-7bb5-50b5-b0de-b894b8ac3915","1eso","block","sin-determinar","UNMAPPED_BLOCK"
"cand-1c96eeee-aee4-50de-a81d-efb310649f95","1eso","block","sin-determinar","UNMAPPED_BLOCK"
"cand-2156238a-e36d-5a20-8846-117e1d452bfa","1eso","block","sin-determinar","UNMAPPED_BLOCK"
"cand-d21f6c88-32fa-500a-805e-5976276b7f0f","1eso","block","sin-determinar","UNMAPPED_BLOCK"
"cand-1154eb87-1adf-56d6-89aa-8cddc61e533c","1eso","block","sin-determinar","UNMAPPED_BLOCK"
"cand-7ec8f5f2-f83e-5630-8215-cdebe6683b16","1eso","block","sin-determinar","UNMAPPED_BLOCK"
"cand-8b828965-18b9-579c-a4c6-1b4a03611b1e","1eso","block","sin-determinar","UNMAPPED_BLOCK"
"cand-d8152ac9-3a43-57a4-b64d-f386e9a78e5e","1eso","block","sin-determinar","UNMAPPED_BLOCK"
"cand-d01fb448-f871-5938-90bd-5b24af34e8d8","1eso","block","sin-determinar","UNMAPPED_BLOCK"
"cand-0e4605e2-3349-537b-9904-b418ec01e849","1eso","block","sin-determinar","UNMAPPED_BLOCK"
"cand-a5a46105-e565-5b2f-b13c-30c3bd49dfe2","1eso","block","sin-determinar","UNMAPPED_BLOCK"
"cand-951167c8-8c27-5679-ac84-cea6ccbb70a3","1eso","block","sin-determinar","UNMAPPED_BLOCK"
"cand-9819a500-77ff-5b95-b9df-8c7a8086a8dc","1eso","block","sin-determinar","UNMAPPED_BLOCK"
"cand-cce4b092-756b-5786-801b-6b3595dd573d","1eso","block","sin-determinar","UNMAPPED_BLOCK"
"cand-f54960dd-5a0d-5850-93c9-c731ec9e3142","1eso","block","sin-determinar","UNMAPPED_BLOCK"
"cand-21fb080a-9c2b-578a-bd44-8f14446dfd0f","1eso","block","sin-determinar","UNMAPPED_BLOCK"
"cand-8a3d58d1-a722-5ad8-80b2-7dc3b9b8744a","1eso","block","sin-determinar","UNMAPPED_BLOCK"
"cand-f44820fb-884d-512a-b7bc-5999e19a0d82","1eso","block","sin-determinar","UNMAPPED_BLOCK"
"cand-fa5e9208-a0cb-5b3f-8aa4-68e590a785f4","1eso","block","sin-determinar","UNMAPPED_BLOCK"
"cand-57f35e41-06a4-5875-a79c-e9a02ff04cef","1eso","block","sin-determinar","UNMAPPED_BLOCK"
"cand-acace4a1-eade-556e-90a5-84081d749146","1eso","block","sin-determinar","UNMAPPED_BLOCK"
"cand-5b6fe610-da74-57b3-adf8-336d90052d00","1eso","block","sin-determinar","UNMAPPED_BLOCK"
"cand-2fab0cdd-de00-5584-af9b-14453d1be3fe","1eso","block","sin-determinar","UNMAPPED_BLOCK"
"cand-6c36cad4-d27c-5d4b-bd31-da0250c9575c","1eso","block","sin-determinar","UNMAPPED_BLOCK"
"cand-2cfa1b99-dbf1-5451-90a1-1d264019f414","1eso","block","sin-determinar","UNMAPPED_BLOCK"
"cand-39e79df9-c930-570a-802d-e2a52eea60b0","1eso","block","sin-determinar","UNMAPPED_BLOCK"
"cand-55a8da01-fdae-5818-a0eb-d77bdafac587","1eso","block","sin-determinar","UNMAPPED_BLOCK"
"cand-09678ad1-9c7e-5701-ae91-9e21e0c9249d","1eso","block","sin-determinar","UNMAPPED_BLOCK"
"cand-40f06d42-2c80-5944-af54-27b0ba3337a5","1eso","block","sin-determinar","UNMAPPED_BLOCK"
"cand-9e8c48e6-0d90-5fa2-a44b-7183d1d9b060","1eso","block","sin-determinar","UNMAPPED_BLOCK"
"cand-65936cb9-c03e-54b8-8253-54d65714792b","1eso","block","sin-determinar","UNMAPPED_BLOCK"
"cand-4a248d8c-1112-59e1-8c52-eea03e438ef8","1eso","block","sin-determinar","UNMAPPED_BLOCK"
"cand-8f64baf8-d14f-566d-a159-0708d64c6810","1eso","block","sin-determinar","UNMAPPED_BLOCK"
"cand-43977c18-8f87-561b-b616-51ae64a871f0","1eso","block","sin-determinar","UNMAPPED_BLOCK"
"cand-7c64eac9-9ba8-5b1f-8b53-1afb372bdce6","1eso","block","sin-determinar","UNMAPPED_BLOCK"
"cand-742663df-38cc-585e-aa13-1c432ff6df9a","1eso","block","sin-determinar","UNMAPPED_BLOCK"
"cand-aaf3caef-c155-5eda-86ad-9f2d36d6eaa1","1eso","block","sin-determinar","UNMAPPED_BLOCK"
"cand-8f039b9a-ea7b-5a3e-a1ef-14c18ee9fb32","1eso","block","sin-determinar","UNMAPPED_BLOCK"
"cand-f7ca18f1-7490-5398-a3f0-07ec03ad5920","1eso","block","sin-determinar","UNMAPPED_BLOCK"
"cand-43363aca-606d-505c-a082-3b064d198057","1eso","block","sin-determinar","UNMAPPED_BLOCK"
"cand-02f17362-5245-57b9-b5f6-b5fb7ce0d85d","1eso","block","sin-determinar","UNMAPPED_BLOCK"
"cand-207cfe02-8280-5c5f-9320-503b8b7f3f1e","1eso","block","sin-determinar","UNMAPPED_BLOCK"
"cand-bb9da8ce-e062-57b7-a29c-75d57f014fd5","1eso","block","sin-determinar","UNMAPPED_BLOCK"
"cand-df735264-f5e9-5fdc-b210-16f8b707fa5b","1eso","block","sin-determinar","UNMAPPED_BLOCK"
"cand-22862c23-1d7a-5c7e-8315-7453d7cc04a4","1eso","block","sin-determinar","UNMAPPED_BLOCK"
"cand-b28b0386-7405-5116-9502-d051a6cb26ae","1eso","block","sin-determinar","UNMAPPED_BLOCK"
"cand-2849bacc-ffb6-5a0d-94bb-b17b21ff55ac","1eso","block","sin-determinar","UNMAPPED_BLOCK"
"cand-97d472fd-6326-5880-8094-f394a170e242","1eso","block","sin-determinar","UNMAPPED_BLOCK"
"cand-dc8a5449-38d7-5075-b722-98763c4b2a99","1eso","block","sin-determinar","UNMAPPED_BLOCK"
"cand-bf5a86a7-c81f-5861-b7c0-becdd677083d","1eso","block","sin-determinar","UNMAPPED_BLOCK"
"cand-aa15a907-a6bc-5799-a392-e5cc3f59f1ea","1eso","block","sin-determinar","UNMAPPED_BLOCK"
"cand-4e739b27-62ff-525c-a48f-d5fd3d8c0ad0","1eso","block","sin-determinar","UNMAPPED_BLOCK"
"cand-d7a32046-0ee0-5702-8519-d1e5f75d0af7","1eso","block","sin-determinar","UNMAPPED_BLOCK"
"cand-9d7cf890-3efe-5103-b45b-6db18a2cb1d2","1eso","block","sin-determinar","UNMAPPED_BLOCK"
"cand-d6576e5b-666c-5e2b-b62c-ffe0c3ef470c","1eso","block","sin-determinar","UNMAPPED_BLOCK"
"cand-03dab2f7-f949-5ca3-afd3-c0a456190e15","1eso","block","sin-determinar","UNMAPPED_BLOCK"
"cand-3cd403fb-735d-586d-8e4c-9339e1131a7e","1eso","block","sin-determinar","UNMAPPED_BLOCK"
"cand-20ab2cf8-1935-5940-b519-5c6434905e01","1eso","block","sin-determinar","UNMAPPED_BLOCK"
"cand-04ae53aa-6c5e-53b4-a4df-d2432d19e5eb","1eso","block","sin-determinar","UNMAPPED_BLOCK"
"cand-88408665-cf87-576b-911f-efe4cfafd22e","1eso","block","sin-determinar","UNMAPPED_BLOCK"
"cand-10da4cfa-745b-5e92-b311-b5f7292032b7","1eso","block","sin-determinar","UNMAPPED_BLOCK"
"cand-dd13e99e-222e-53d4-abf1-c7bf2cc1c45d","1eso","block","sin-determinar","UNMAPPED_BLOCK"
"cand-ffa7307a-69b7-59b5-8ce0-74df2bdf43eb","1eso","block","sin-determinar","UNMAPPED_BLOCK"
"cand-8ae664c0-cd0f-5241-b38e-2a70e75a3f2b","1eso","block","sin-determinar","UNMAPPED_BLOCK"
"cand-85ededdc-3f60-5622-b6ea-942e7f27de18","1eso","block","sin-determinar","UNMAPPED_BLOCK"
"cand-5e7fc102-97ad-5d22-9772-3c2203e0acc1","1eso","block","sin-determinar","UNMAPPED_BLOCK"
"cand-3568fc42-0e58-5f83-a3d9-31139af33367","1eso","block","sin-determinar","UNMAPPED_BLOCK"
"cand-dee0c9c7-3d21-52aa-9cf1-b8b23d039b41","1eso","block","sin-determinar","UNMAPPED_BLOCK"
"cand-9b9e5218-3589-5f9d-8225-1247228dac61","1eso","block","sin-determinar","UNMAPPED_BLOCK"
"cand-f9c1ef5a-2d89-55d0-878f-fd49e7eeab22","1eso","block","sin-determinar","UNMAPPED_BLOCK"
"cand-dc6efd00-0267-50a9-8afe-21e36f64e638","1eso","block","sin-determinar","UNMAPPED_BLOCK"
"cand-bf4af575-e2a4-5a2d-a730-ee6275738cfe","1eso","block","sin-determinar","UNMAPPED_BLOCK"
"cand-5296e306-e775-51ea-ade0-acf706d5ca9a","1eso","block","sin-determinar","UNMAPPED_BLOCK"
"cand-57f5b609-be02-57d1-b7f4-1b5ff5c145b0","1eso","block","sin-determinar","UNMAPPED_BLOCK"
"cand-f4e359db-0826-5aa3-a19d-84012efd002e","1eso","block","sin-determinar","UNMAPPED_BLOCK"
"cand-86fe3a47-d220-5cc0-872a-fd9acbe3d38c","1eso","block","sin-determinar","UNMAPPED_BLOCK"
"cand-2c6d908d-022a-55d9-9ffb-4539fe980a15","1eso","block","sin-determinar","UNMAPPED_BLOCK"
"cand-fe2933e0-bd09-536f-b055-069ee79c5120","1eso","block","sin-determinar","UNMAPPED_BLOCK"
"cand-408056ea-b9f7-5f77-a4b3-cc06d20b38d0","1eso","block","sin-determinar","UNMAPPED_BLOCK"
"cand-d3c252ba-3ae6-5dfb-8281-e42372bc5a07","1eso","block","sin-determinar","UNMAPPED_BLOCK"
"cand-42928c01-d83d-55ce-8037-1dca72987b02","1eso","block","sin-determinar","UNMAPPED_BLOCK"
"cand-fb72adfa-e1f8-5616-8623-bb2714c9f966","1eso","block","sin-determinar","UNMAPPED_BLOCK"
"cand-3c6f54d3-7cbf-5402-8349-2cb364e22dfa","1eso","block","sin-determinar","UNMAPPED_BLOCK"
"cand-2ae26e90-c334-54de-a66f-c3113a17a7f3","1eso","block","sin-determinar","UNMAPPED_BLOCK"
"cand-9036d4d7-0906-58e5-9094-7be3b78bddc5","1eso","block","sin-determinar","UNMAPPED_BLOCK"
"cand-9be2b72f-13ef-535e-9ca8-78de953d6e7e","1eso","block","sin-determinar","UNMAPPED_BLOCK"
"cand-292f7838-29d7-58a1-90e0-3b0b2f21f405","1eso","block","sin-determinar","UNMAPPED_BLOCK"
"cand-3413a264-3f1e-5650-b511-c83ecc6700fa","1eso","block","sin-determinar","UNMAPPED_BLOCK"
"cand-7b4154d6-5fa6-55d1-a478-b033e28499b2","1eso","block","sin-determinar","UNMAPPED_BLOCK"
"cand-a5e8e2d4-857d-539c-ba8b-d744b007dd44","1eso","block","sin-determinar","UNMAPPED_BLOCK"
"cand-d3e88668-af82-5c12-8eaf-20ba6ee70d7c","1eso","block","sin-determinar","UNMAPPED_BLOCK"
"cand-b208f1e5-5173-592c-a59b-d13247f40f15","1eso","block","sin-determinar","UNMAPPED_BLOCK"
"cand-eab6b996-f4a1-5c35-a980-fd563f842ef0","1eso","block","sin-determinar","UNMAPPED_BLOCK"
"cand-8685086f-ece1-5932-bea0-82d4b6722b0d","1eso","block","sin-determinar","UNMAPPED_BLOCK"
"cand-e783221f-220d-5851-a1b2-1a5e764e41ed","1eso","block","sin-determinar","UNMAPPED_BLOCK"
"cand-7b1d02d9-5244-50ed-8239-11f60ca96d83","1eso","block","sin-determinar","UNMAPPED_BLOCK"
"cand-7c63502a-2aee-5cd7-b9ca-0f214c73b715","1eso","block","sin-determinar","UNMAPPED_BLOCK"
"cand-183487ea-901f-539d-8f4d-b110ad9ded31","1eso","block","sin-determinar","UNMAPPED_BLOCK"
"cand-b77e846d-6e7f-541f-9c6f-afbd35befcd0","1eso","block","sin-determinar","UNMAPPED_BLOCK"
"cand-9087468d-137d-5ab3-a4a0-595d35afce5d","1eso","block","sin-determinar","UNMAPPED_BLOCK"
"cand-6a9b3eec-8c71-5e53-9e14-164fab25973f","1eso","block","sin-determinar","UNMAPPED_BLOCK"
"cand-96540706-20ad-50bf-a361-2ed7af6c3a62","1eso","block","sin-determinar","UNMAPPED_BLOCK"
"cand-ba648c49-9739-55cf-8558-4e3dc72c9b5e","1eso","block","sin-determinar","UNMAPPED_BLOCK"
"cand-4fcb8b99-dede-534d-8be7-83491a0f524e","1eso","block","sin-determinar","UNMAPPED_BLOCK"
"cand-92be4d54-fb7a-5e14-b0f3-04ce8e33f531","1eso","block","sin-determinar","UNMAPPED_BLOCK"
"cand-53ec767f-88bd-5e78-8f06-0279599ae749","1eso","block","sin-determinar","UNMAPPED_BLOCK"
"cand-ecacae50-28d6-5aea-a66d-3a692c7ed1e6","1eso","block","sin-determinar","UNMAPPED_BLOCK"
"cand-15696815-c5b5-5ceb-8e9c-3d3537895246","1eso","block","sin-determinar","UNMAPPED_BLOCK"
"cand-b6553c1d-0b4b-550f-862f-44ccb7858fe4","1eso","block","sin-determinar","UNMAPPED_BLOCK"
"cand-034a9741-ef6f-541d-8342-00b91bb1b8d1","1eso","block","sin-determinar","UNMAPPED_BLOCK"
"cand-4224512e-1408-53b5-b750-dab7e1fbfc8a","1eso","block","sin-determinar","UNMAPPED_BLOCK"
"cand-c30c5a60-72cc-52c5-9085-e4f0664b2b43","1eso","block","sin-determinar","UNMAPPED_BLOCK"
"cand-1e979cd8-6718-565c-9174-9fa36ccfccd4","1eso","block","sin-determinar","UNMAPPED_BLOCK"
"cand-e712ffba-a353-57ef-affc-dad92293c6d8","1eso","block","sin-determinar","UNMAPPED_BLOCK"
"cand-d481939b-5e62-5f5b-8d9d-76bffe8b5d1e","1eso","block","sin-determinar","UNMAPPED_BLOCK"
"cand-8bbc330f-8b23-57d9-99b9-fb7e1aae354f","1eso","block","sin-determinar","UNMAPPED_BLOCK"
"cand-7ed9319b-82e1-5e0f-b67e-bdf62cfcc987","1eso","block","sin-determinar","UNMAPPED_BLOCK"
"cand-b1a43546-38be-59c0-8eb1-73ec30f18e1d","1eso","block","sin-determinar","UNMAPPED_BLOCK"
"cand-16794754-5d96-5a1a-a9a3-96750db637c9","1eso","block","sin-determinar","UNMAPPED_BLOCK"
"cand-03c147cf-4bbb-513f-8a71-785aff528248","1eso","block","sin-determinar","UNMAPPED_BLOCK"
"cand-7342c154-0984-5925-80eb-a6c05f4ac79b","1eso","block","sin-determinar","UNMAPPED_BLOCK"
"cand-360a4b21-2a3b-5618-a230-894bf4e7df91","1eso","block","sin-determinar","UNMAPPED_BLOCK"
"cand-5e8aed3b-61ef-5db5-82ae-84da7c951887","1eso","block","sin-determinar","UNMAPPED_BLOCK"
"cand-017c9bad-6659-5ab4-90be-f025150e6d8d","1eso","block","sin-determinar","UNMAPPED_BLOCK"
"cand-9e5e1cef-b452-5b20-84b3-2b821bab533c","1eso","block","sin-determinar","UNMAPPED_BLOCK"
"cand-c463f92d-e662-5c9a-a1eb-a092dfbb9c6c","1eso","block","sin-determinar","UNMAPPED_BLOCK"
"cand-a199e4bb-0e88-5d55-8f2e-eb3cdf4da67c","1eso","block","sin-determinar","UNMAPPED_BLOCK"
"cand-9692b22b-4c11-5eb7-8c58-0daa1076e6ca","1bach-mates","block","sin-determinar","UNMAPPED_BLOCK"
"cand-e95b7a5e-d5d0-5a0e-938d-c7a788969f2b","1bach-mates","block","sin-determinar","UNMAPPED_BLOCK"
"cand-99791f31-eda9-59bb-8f7c-5f9f9430db10","1bach-mates","block","sin-determinar","UNMAPPED_BLOCK"
"cand-ca723146-f9c4-50d3-9abb-eca87e8d1f0d","1bach-mates","block","sin-determinar","UNMAPPED_BLOCK"
"cand-02deba35-8cef-5faa-b8f1-ee1965345a0b","1bach-mates","block","sin-determinar","UNMAPPED_BLOCK"
"cand-4986eb4e-3e0e-5071-aa43-aee2729f5cf6","1bach-mates","block","sin-determinar","UNMAPPED_BLOCK"
"cand-c309a309-7c80-5291-8db0-cc97c1174031","1bach-mates","block","sin-determinar","UNMAPPED_BLOCK"
"cand-ce63b472-64c4-5662-962f-330f814ea27e","1bach-mates","block","sin-determinar","UNMAPPED_BLOCK"
"cand-743499e8-1d51-5692-b0e5-d492a4fa549e","1bach-mates","block","sin-determinar","UNMAPPED_BLOCK"
"cand-2ca34099-8686-591a-b3c8-d8fcda2fa672","1bach-mates","block","sin-determinar","UNMAPPED_BLOCK"
"cand-39934fe1-3237-5ce8-8116-b96d8b96b4e7","1bach-mates","block","sin-determinar","UNMAPPED_BLOCK"
"cand-9a38d9c6-0b5c-57e6-a0e3-a2667d8b166e","2bach-ccss","block","sin-determinar","UNMAPPED_BLOCK"
"cand-bf9a1b54-ad4f-5b62-bbe9-e7ef3a95c700","2bach-ccss","block","sin-determinar","UNMAPPED_BLOCK"
"cand-a925762c-31ec-568f-b083-9b53a1604ee5","2bach-ccss","block","sin-determinar","UNMAPPED_BLOCK"
"cand-333cc888-5b01-5ba6-943e-c5023b34b3cc","2bach-ccss","block","sin-determinar","UNMAPPED_BLOCK"
"cand-443e2f8e-772a-563e-b6aa-d2d17e1c1bc0","2bach-ccss","block","sin-determinar","UNMAPPED_BLOCK"
"cand-356aac65-eed7-5193-a372-14b563939490","2bach-ccss","block","sin-determinar","UNMAPPED_BLOCK"
"cand-1449b272-81d1-5e56-9874-eb17db5c522b","2bach-ccss","block","sin-determinar","UNMAPPED_BLOCK"
"cand-76903010-ad9b-526b-a3b6-a68f62238f44","2bach-ccss","block","sin-determinar","UNMAPPED_BLOCK"
"cand-cc8ea3ba-dfbd-5972-b836-9dc16b8fe655","2bach-ccss","block","sin-determinar","UNMAPPED_BLOCK"
"cand-87812dd0-6ed7-51a4-8641-6a8b53a7e8f5","2bach-ccss","block","sin-determinar","UNMAPPED_BLOCK"
"cand-20798b0c-e68e-5a11-b92e-951c80bbc191","2bach-ccss","block","sin-determinar","UNMAPPED_BLOCK"
"cand-0094a9c2-e4c1-5aea-b57b-f2fdc0366827","2bach-ccss","block","sin-determinar","UNMAPPED_BLOCK"
"cand-04877725-000e-59db-be20-3cded528cbf8","2bach-ccss","block","sin-determinar","UNMAPPED_BLOCK"
"cand-617d3557-f0a7-570e-89e9-47f4a9c193ee","2eso","block","sin-determinar","UNMAPPED_BLOCK"
"cand-27f3d038-26f4-559b-aa3f-ccf221912d3f","2eso","block","sin-determinar","UNMAPPED_BLOCK"
"cand-49388eb4-8fdb-5626-9e41-2261c874039e","2eso","block","sin-determinar","UNMAPPED_BLOCK"
"cand-52566712-9b8d-5a70-b49f-b60f95bad72a","2eso","block","sin-determinar","UNMAPPED_BLOCK"
"cand-f673fbbc-40e9-5a95-a9cc-a9761497af40","2eso","block","sin-determinar","UNMAPPED_BLOCK"
"cand-b2a8f84d-9580-53bc-bfec-8531f2439409","2eso","block","sin-determinar","UNMAPPED_BLOCK"
"cand-6a96aafd-9f83-5db7-8e91-f4effb96cc14","2eso","block","sin-determinar","UNMAPPED_BLOCK"
"cand-5896bc50-3071-5d98-bd87-b3379802ddb4","2eso","block","sin-determinar","UNMAPPED_BLOCK"
"cand-0500f039-6010-5ee8-a47a-de20a60eeeec","2eso","block","sin-determinar","UNMAPPED_BLOCK"
"cand-e3c99730-fe80-5022-bdbd-4b8ab564ff5e","2eso","block","sin-determinar","UNMAPPED_BLOCK"
"cand-cbfe4279-5e0e-56c4-875b-4eee59646054","2eso","block","sin-determinar","UNMAPPED_BLOCK"
"cand-b9fefbd6-16df-5eec-b1c3-026ceb08066c","2eso","block","sin-determinar","UNMAPPED_BLOCK"
"cand-66fb61bd-4429-5b6f-8db7-771a3923b3ac","2eso","block","sin-determinar","UNMAPPED_BLOCK"
"cand-e6d3c026-947e-5f6a-9130-6dd8bc99ad8e","2eso","block","sin-determinar","UNMAPPED_BLOCK"
"cand-d34263d6-4f6b-5705-8451-2b91058620c8","2eso","block","sin-determinar","UNMAPPED_BLOCK"
"cand-98f9cbfd-9b4f-5301-8bc3-f22fe2a453c3","2eso","block","sin-determinar","UNMAPPED_BLOCK"
"cand-f6ef83a4-5f7f-563d-8e24-a03b32f7180c","2eso","block","sin-determinar","UNMAPPED_BLOCK"
"cand-9f838651-5661-5079-a367-275e31b8456a","2eso","block","sin-determinar","UNMAPPED_BLOCK"
"cand-3e957b58-9ed9-5825-a58d-e31de57e3ff4","2eso","block","sin-determinar","UNMAPPED_BLOCK"
"cand-45df937f-b217-5ca9-a3a5-b676b0f82bc0","2eso","block","sin-determinar","UNMAPPED_BLOCK"
"cand-e915561b-6aba-5b99-8ba4-802c0e83d747","2eso","block","sin-determinar","UNMAPPED_BLOCK"
"cand-0dd84b16-0180-542a-8b58-03eaf213372d","2eso","block","sin-determinar","UNMAPPED_BLOCK"
"cand-d78aa7a4-5fff-5f19-9975-e2247772c012","2eso","block","sin-determinar","UNMAPPED_BLOCK"
"cand-3b2b751b-bf59-5fce-b99b-83d36fd881f0","2eso","block","sin-determinar","UNMAPPED_BLOCK"
"cand-eaec7880-2d6e-5236-a65f-2baa7244291a","2eso","block","sin-determinar","UNMAPPED_BLOCK"
"cand-2ce2bbf3-763d-5b43-bf9c-f6d8a17d9d44","2eso","block","sin-determinar","UNMAPPED_BLOCK"
"cand-b5c717fe-486a-5a9a-9dd0-e3bf052e1431","2eso","block","sin-determinar","UNMAPPED_BLOCK"
"cand-663958cd-c6e2-5602-9958-604efe304a09","2eso","block","sin-determinar","UNMAPPED_BLOCK"
"cand-903747b7-c29b-5011-b4a3-bded6762f10a","2eso","block","sin-determinar","UNMAPPED_BLOCK"
"cand-aca31884-820d-51ce-bdf4-0de36de44bc3","2eso","block","sin-determinar","UNMAPPED_BLOCK"
"cand-0eadf84e-5ac5-5cdd-94ac-eee239b4cd4d","2eso","block","sin-determinar","UNMAPPED_BLOCK"
"cand-dddc264b-6db5-5971-b595-56c9468b277e","2eso","block","sin-determinar","UNMAPPED_BLOCK"
"cand-c01cdb23-718b-5b11-9fef-7b13d4c8005c","2eso","block","sin-determinar","UNMAPPED_BLOCK"
"cand-fa4dbc39-3fd2-5964-baac-c8db2fdd1008","2eso","block","sin-determinar","UNMAPPED_BLOCK"
"cand-2e881bfe-68c7-57ed-ab5f-63e64b091654","2eso","block","sin-determinar","UNMAPPED_BLOCK"
"cand-c0144b2d-4faf-5b7f-8a23-fbc3b0c76a64","2eso","block","sin-determinar","UNMAPPED_BLOCK"
"cand-f63c7125-b48f-5e83-98b2-e349206f6f07","2eso","block","sin-determinar","UNMAPPED_BLOCK"
"cand-2d2979d0-3dc5-56b9-99f8-56734b97b0ed","2eso","block","sin-determinar","UNMAPPED_BLOCK"
"cand-e4e9255c-4f11-58d4-a493-a4cc9db1dc84","2eso","block","sin-determinar","UNMAPPED_BLOCK"
"cand-dc6ea151-1a65-5811-9a8f-0c68747053b1","2eso","block","sin-determinar","UNMAPPED_BLOCK"
"cand-34c9e402-a7d1-56e6-9b8c-16d94f0aec87","2eso","block","sin-determinar","UNMAPPED_BLOCK"
"cand-27931bcf-cb75-5ccb-bb87-1afe19769674","2eso","block","sin-determinar","UNMAPPED_BLOCK"
"cand-4e1adf7a-b63e-5a27-929f-0ab4e6c8823e","2eso","block","sin-determinar","UNMAPPED_BLOCK"
"cand-bd94118c-d120-50da-a4a4-b60ff6225253","2eso","block","sin-determinar","UNMAPPED_BLOCK"
"cand-98b8e4e8-981c-5d34-8faf-a247b787db6a","2eso","block","sin-determinar","UNMAPPED_BLOCK"
"cand-6924c049-5dfd-567f-9da3-a160031e2e7d","2eso","block","sin-determinar","UNMAPPED_BLOCK"
"cand-10627bfa-d3fa-57f4-8b8c-7b0a82f64fa3","2eso","block","sin-determinar","UNMAPPED_BLOCK"
"cand-e324c7da-c2cc-5a15-9dcf-56891f841edb","2eso","block","sin-determinar","UNMAPPED_BLOCK"
"cand-91cf9dc1-c349-5343-a285-2c5880071c0f","2eso","block","sin-determinar","UNMAPPED_BLOCK"
"cand-70acfdcb-8fbd-584e-9ff7-f44ad83d18b0","2eso","block","sin-determinar","UNMAPPED_BLOCK"
"cand-2185af88-68a6-5b79-bd56-f501fb8dbcdd","2eso","block","sin-determinar","UNMAPPED_BLOCK"
"cand-0c57ef43-a1ab-51a5-aa27-6ab8137ec20c","2eso","block","sin-determinar","UNMAPPED_BLOCK"
"cand-b49ecd3b-e43a-53d4-8b43-80d57d2853c4","2eso","block","sin-determinar","UNMAPPED_BLOCK"
"cand-a1971a64-51de-51af-b424-aef218696bdf","2eso","block","sin-determinar","UNMAPPED_BLOCK"
"cand-af0ee5d8-7008-58e0-806a-7e55bd95a656","2eso","block","sin-determinar","UNMAPPED_BLOCK"
"cand-39cb309a-ad75-5fb0-9804-65c1fef8d3d5","2eso","block","sin-determinar","UNMAPPED_BLOCK"
"cand-51ef0db4-ea0e-553b-bd7d-1eb01a3ba5a8","2eso","block","sin-determinar","UNMAPPED_BLOCK"
"cand-9851f0d3-c514-5082-bf29-a2cf927f3ea4","2eso","block","sin-determinar","UNMAPPED_BLOCK"
"cand-8e675c9c-02dd-555f-919b-685429e05a94","2eso","block","sin-determinar","UNMAPPED_BLOCK"
"cand-04bda40f-f72a-5aa8-8c33-7e6870c4e3af","2eso","block","sin-determinar","UNMAPPED_BLOCK"
"cand-9a047556-b944-58e0-995f-8d0487905797","2eso","block","sin-determinar","UNMAPPED_BLOCK"
"cand-43d2680f-a724-5ddb-852a-006ff54504a8","2eso","block","sin-determinar","UNMAPPED_BLOCK"
"cand-c1eded45-5d62-5faf-b6f0-56926e64b67a","2eso","block","sin-determinar","UNMAPPED_BLOCK"
"cand-d58708a8-1076-5fdc-9bd0-ba41b72ec2b3","2eso","block","sin-determinar","UNMAPPED_BLOCK"
"cand-552daf83-81e7-5438-9b37-ea05c763d18b","2eso","block","sin-determinar","UNMAPPED_BLOCK"
"cand-6d6b3b57-d225-5bce-bf73-491c7ae20388","2eso","block","sin-determinar","UNMAPPED_BLOCK"
"cand-ee31db58-6d31-5515-8a2d-d2fb961df075","2eso","block","sin-determinar","UNMAPPED_BLOCK"
"cand-8a02aeed-5be9-5367-9970-b7b484469357","2eso","block","sin-determinar","UNMAPPED_BLOCK"
"cand-1842813c-6a75-5f7e-8a28-3314df6e75f0","2eso","block","sin-determinar","UNMAPPED_BLOCK"
"cand-2ceb672a-4b4f-5d41-b484-8f3203b44513","2eso","block","sin-determinar","UNMAPPED_BLOCK"
"cand-c00246d0-c8b9-57b5-83d9-65d17c3a237c","2eso","block","sin-determinar","UNMAPPED_BLOCK"
"cand-317272d3-3465-5a41-86be-179ffe91099f","2eso","block","sin-determinar","UNMAPPED_BLOCK"
"cand-b2177cfd-0966-5bec-b5fb-46ab9bbf7be3","2eso","block","sin-determinar","UNMAPPED_BLOCK"
"cand-d2fb60ae-3b56-5f89-b908-b827196fe0b1","2eso","block","sin-determinar","UNMAPPED_BLOCK"
"cand-ec22672f-1cb3-555a-8802-6d90da534935","2eso","block","sin-determinar","UNMAPPED_BLOCK"
"cand-fdd74c25-fc8a-5ea7-b341-0119d0e01a6e","2eso","block","sin-determinar","UNMAPPED_BLOCK"
"cand-8fbb0985-2d31-5b85-9815-fb14a38a6211","2eso","block","sin-determinar","UNMAPPED_BLOCK"
"cand-062c22e5-68cb-56b7-b370-66b43d9a92cf","2eso","block","sin-determinar","UNMAPPED_BLOCK"
"cand-932fe0db-a109-5ae9-96ab-1aa7a7357e0b","2eso","block","sin-determinar","UNMAPPED_BLOCK"
"cand-4b1791a5-610f-593f-87a1-87f3b0ffd894","2eso","block","sin-determinar","UNMAPPED_BLOCK"
"cand-ee038648-1a79-5132-b4fc-c72838e8e501","2eso","block","sin-determinar","UNMAPPED_BLOCK"
"cand-875bc414-e26e-5d8a-ada9-e9ea90e081be","2eso","block","sin-determinar","UNMAPPED_BLOCK"
"cand-acf5642d-9506-5386-b32d-635955d5ccb7","2eso","block","sin-determinar","UNMAPPED_BLOCK"
"cand-9c40b1e4-36b2-5d43-a375-62edc150010e","2eso","block","sin-determinar","UNMAPPED_BLOCK"
"cand-a176eb01-643e-5b9a-a824-26237370f1b4","2eso","block","sin-determinar","UNMAPPED_BLOCK"
"cand-a5dc2f29-fcb4-5ae1-a1ee-af9d82a303e9","2eso","block","sin-determinar","UNMAPPED_BLOCK"
"cand-3cfb5e7f-cfa6-50f2-a521-45cb077da0ec","2eso","block","sin-determinar","UNMAPPED_BLOCK"
"cand-c2d2f427-d98d-5ab7-a0c3-a40f9505c712","2eso","block","sin-determinar","UNMAPPED_BLOCK"
"cand-bd3d6e96-f963-59fd-a506-7376c07195ca","2eso","block","sin-determinar","UNMAPPED_BLOCK"
"cand-54e8bfac-6941-5d5e-9247-84bb0f5b9ae2","2eso","block","sin-determinar","UNMAPPED_BLOCK"
"cand-eb0a23f8-b803-506e-a236-1204b247c0cf","2eso","block","sin-determinar","UNMAPPED_BLOCK"
"cand-9de6bfc7-bcbf-5b0e-8ec7-3b37caa7e118","2eso","block","sin-determinar","UNMAPPED_BLOCK"
"cand-df31e748-c4f1-5260-9bac-200d1aa4d2ef","2eso","block","sin-determinar","UNMAPPED_BLOCK"
"cand-3ada1cbf-82cf-5067-b34e-9fa6fa9db979","2eso","block","sin-determinar","UNMAPPED_BLOCK"
"cand-a55baf96-e00f-5b5f-bff6-0cff51a038e1","2eso","block","sin-determinar","UNMAPPED_BLOCK"
"cand-5427c780-5a6b-5df2-9e03-004b7efb4a3f","2eso","block","sin-determinar","UNMAPPED_BLOCK"
"cand-5d188939-a4ad-5ab7-9cb2-5a1fd3b803b5","2eso","block","sin-determinar","UNMAPPED_BLOCK"
"cand-73cf1121-1a8d-5b98-b087-5717076d9f17","2eso","block","sin-determinar","UNMAPPED_BLOCK"
"cand-ff2a514a-aefa-5f50-894c-3d72905f016b","2eso","block","sin-determinar","UNMAPPED_BLOCK"
"cand-384944a8-c610-58ef-a9e0-a589b576aa26","2eso","block","sin-determinar","UNMAPPED_BLOCK"
"cand-f85580f1-b92d-5048-9f37-17e9369e1e50","2eso","block","sin-determinar","UNMAPPED_BLOCK"
"cand-7c6b1516-0f0b-594c-9569-e84aebb88206","2eso","block","sin-determinar","UNMAPPED_BLOCK"
"cand-b697a456-1872-5a0a-b598-d0fa0e650b9f","2eso","block","sin-determinar","UNMAPPED_BLOCK"
"cand-c9aff0b7-88a9-57c7-a34d-071c402f95aa","2eso","block","sin-determinar","UNMAPPED_BLOCK"
"cand-86b4ee51-0d62-5a6f-b59e-dac21e1e8648","2eso","block","sin-determinar","UNMAPPED_BLOCK"
"cand-73dc3335-3d8d-5861-ae29-10587f012c1c","2eso","block","sin-determinar","UNMAPPED_BLOCK"
"cand-4397d14b-64fb-5008-891e-450fee710048","2eso","block","sin-determinar","UNMAPPED_BLOCK"
"cand-b207212f-8e1b-5e71-aeda-a4af6811ce53","2eso","block","sin-determinar","UNMAPPED_BLOCK"
"cand-aa49cf55-9051-5d6e-bc08-8c5782ff99fc","2eso","block","sin-determinar","UNMAPPED_BLOCK"
"cand-9f65962a-b235-5bb5-8130-b9dfb3b56920","2eso","block","sin-determinar","UNMAPPED_BLOCK"
"cand-bb1cec3a-feb5-517b-a76b-b344eb3ca954","2eso","block","sin-determinar","UNMAPPED_BLOCK"
"cand-f1fa144c-db56-5ca3-b4ce-a1bd169417e6","2eso","block","sin-determinar","UNMAPPED_BLOCK"
"cand-57c64437-48df-5848-9dab-360640b91ab3","2eso","block","sin-determinar","UNMAPPED_BLOCK"
"cand-8a0a0635-d5b0-58d1-916a-907e283df7aa","2eso","block","sin-determinar","UNMAPPED_BLOCK"
"cand-2ba698eb-9771-5551-a8cd-98acb704f652","2eso","block","sin-determinar","UNMAPPED_BLOCK"
"cand-6626de4f-d5ae-5357-bdd9-e39ab8bd248f","2eso","block","sin-determinar","UNMAPPED_BLOCK"
"cand-61cf7e4c-ee6e-535b-951f-f55a01f5670e","2eso","block","sin-determinar","UNMAPPED_BLOCK"
"cand-b10e9ef6-aed3-5baa-a9f9-0cbf9e5efba5","2eso","block","sin-determinar","UNMAPPED_BLOCK"
"cand-ba3771c5-211f-5885-b428-4a17d43fbb0b","2eso","block","sin-determinar","UNMAPPED_BLOCK"
"cand-2ce5d2f5-6a67-54c7-a8e3-d5f3f976b366","2eso","block","sin-determinar","UNMAPPED_BLOCK"
"cand-994ff63c-1877-535b-b1d5-be57d7291d6d","2eso","block","sin-determinar","UNMAPPED_BLOCK"
"cand-c87ddb0c-76c6-5f82-a3d6-06cd4c493ceb","2eso","block","sin-determinar","UNMAPPED_BLOCK"
"cand-197046f0-e1d9-5888-ae4d-5ae69e1af44e","2eso","block","sin-determinar","UNMAPPED_BLOCK"
"cand-9917d6eb-8442-5a12-9346-b1e05b811608","2eso","block","sin-determinar","UNMAPPED_BLOCK"
"cand-32ff68ba-9d09-5678-9af6-8eaeb1fe714a","2eso","block","sin-determinar","UNMAPPED_BLOCK"
"cand-1aba1aec-b793-571b-a37f-55c2da970100","2eso","block","sin-determinar","UNMAPPED_BLOCK"
"cand-b1775fde-5553-5e7e-9d26-c2dfabb1a676","2eso","block","sin-determinar","UNMAPPED_BLOCK"
"cand-b7d0349c-c788-5b90-9d3b-2f5dabc49e01","2eso","block","sin-determinar","UNMAPPED_BLOCK"
"cand-90c8dc34-7660-5de7-8d97-1be0503dfb7b","2eso","block","sin-determinar","UNMAPPED_BLOCK"
"cand-cd601f39-8ab6-5681-bb0d-c1cfdf6f6e98","2eso","block","sin-determinar","UNMAPPED_BLOCK"
"cand-30acf4a6-9756-5b56-a207-1bc2499bce83","2eso","block","sin-determinar","UNMAPPED_BLOCK"
"cand-eb2dcf0a-7bff-5c5b-b98a-04ebbd6e341c","2eso","block","sin-determinar","UNMAPPED_BLOCK"
"cand-976fbe95-683e-5ffc-81ad-e66376effcc0","2eso","block","sin-determinar","UNMAPPED_BLOCK"
"cand-cdc00823-2429-5843-b96a-5eb7324b3376","2eso","block","sin-determinar","UNMAPPED_BLOCK"
"cand-f5d7fb1c-16b0-5827-9f0f-965e3b95fe80","2eso","block","sin-determinar","UNMAPPED_BLOCK"
"cand-aa9296f8-112e-59c7-b1be-5f64cccacb5d","2eso","block","sin-determinar","UNMAPPED_BLOCK"
"cand-fda751ba-6cf8-53c8-bc14-96eff82c0462","2eso","block","sin-determinar","UNMAPPED_BLOCK"
"cand-b0a78329-c5e4-5a10-a495-d38bf92d1f47","2eso","block","sin-determinar","UNMAPPED_BLOCK"
"cand-5f5a56fb-35ad-5b6a-8776-a5b20912fd82","2eso","block","sin-determinar","UNMAPPED_BLOCK"
"cand-64cb3c5e-cfd1-59ec-9444-1cb395374066","2eso","block","sin-determinar","UNMAPPED_BLOCK"
"cand-dd09c4d5-7c7d-5a53-8d9d-eb87c09bba0b","2eso","block","sin-determinar","UNMAPPED_BLOCK"
"cand-50eedd77-d87b-5e35-a1a8-f8fdc5d40fe0","2eso","block","sin-determinar","UNMAPPED_BLOCK"
"cand-6b31bb67-0122-50c4-8766-0ea7e298ae57","2eso","block","sin-determinar","UNMAPPED_BLOCK"
"cand-b3c7a1f9-cb94-5f26-9b11-6462e7da9aab","2eso","block","sin-determinar","UNMAPPED_BLOCK"
"cand-45fb5ecb-e13e-55ba-a037-be98175ec8b4","2eso","block","sin-determinar","UNMAPPED_BLOCK"
"cand-f049f361-2cd3-5afe-8e18-754c4bd07636","2eso","block","sin-determinar","UNMAPPED_BLOCK"
"cand-6ffbb75d-1d98-5a14-ab9e-3dd10e5eb5a6","2eso","block","sin-determinar","UNMAPPED_BLOCK"
"cand-0b9732d5-880a-55ae-bd06-5c5cb4ae0822","2eso","block","sin-determinar","UNMAPPED_BLOCK"
"cand-b1518f73-361d-5cd4-bd5d-5f4a21bb6477","2eso","block","sin-determinar","UNMAPPED_BLOCK"
"cand-46f3db7f-c6e6-5324-abb2-bb42771a9975","2eso","block","sin-determinar","UNMAPPED_BLOCK"
"cand-ca6f3ab8-528c-50eb-be88-618f032de8d8","2eso","block","sin-determinar","UNMAPPED_BLOCK"
"cand-cafc6652-0a85-5857-be30-178f2c8071a6","2eso","block","sin-determinar","UNMAPPED_BLOCK"
"cand-fa19467f-c37f-5204-9d0e-3465ed9ba4c8","2eso","block","sin-determinar","UNMAPPED_BLOCK"
"cand-2fae325d-370d-5365-841b-931ff1f1afa9","2eso","block","sin-determinar","UNMAPPED_BLOCK"
"cand-923f1c74-14ac-58cf-90ec-31875a217ec9","2eso","block","sin-determinar","UNMAPPED_BLOCK"
"cand-93e5be8e-3ebc-5ee1-96f1-8c052e65ddd4","2eso","block","sin-determinar","UNMAPPED_BLOCK"
"cand-48c003fd-cc05-57af-9f89-30139d9db803","2eso","block","sin-determinar","UNMAPPED_BLOCK"
"cand-f165b634-503a-5d90-a785-0069808495cc","2eso","block","sin-determinar","UNMAPPED_BLOCK"
"cand-3195c8e5-de56-54e0-8612-123c79717caa","2eso","block","sin-determinar","UNMAPPED_BLOCK"
"cand-bca710f7-4e36-5eef-864b-2f1dbe97fb3c","2eso","block","sin-determinar","UNMAPPED_BLOCK"
"cand-0dcc698b-8c17-5507-ad3b-925bc6dc347e","2eso","block","sin-determinar","UNMAPPED_BLOCK"
"cand-088ad4ee-950e-5b2a-add5-5b3c25f6dce1","2eso","block","sin-determinar","UNMAPPED_BLOCK"
"cand-5b33997d-0164-578f-abc4-6865f126e623","2eso","block","sin-determinar","UNMAPPED_BLOCK"
"cand-e5af1ad3-d277-5a41-b790-f3a580906d02","2eso","block","sin-determinar","UNMAPPED_BLOCK"
"cand-bfee1990-2c66-5644-a558-1c701870f3a7","2eso","block","sin-determinar","UNMAPPED_BLOCK"
"cand-a88fa042-cd53-5ba1-b8e5-96b7a0bf5376","2eso","block","sin-determinar","UNMAPPED_BLOCK"
"cand-4991537a-5393-597b-8e72-fab789333490","2eso","block","sin-determinar","UNMAPPED_BLOCK"
"cand-04a380b1-bfc3-5c29-af6d-9a5833c7e851","2eso","block","sin-determinar","UNMAPPED_BLOCK"
"cand-204458e9-127e-5693-8d98-ef75b492a4b3","2eso","block","sin-determinar","UNMAPPED_BLOCK"
"cand-ac4eb3d4-f58a-53be-bb5e-15bd872d7447","2eso","block","sin-determinar","UNMAPPED_BLOCK"
"cand-6e8debe5-eda3-563a-a60d-3da0b410942c","2eso","block","sin-determinar","UNMAPPED_BLOCK"
"cand-5aabc27e-0b2d-5dc3-9dbf-92e43e1ed55f","2eso","block","sin-determinar","UNMAPPED_BLOCK"
"cand-0487646f-b730-5697-bc75-e2ef2d322b2d","2eso","block","sin-determinar","UNMAPPED_BLOCK"
"cand-2066487b-0821-594b-8558-09e2ca259a65","2eso","block","sin-determinar","UNMAPPED_BLOCK"
"cand-332551db-a520-5b2a-ade6-fe9d0f025706","2eso","block","sin-determinar","UNMAPPED_BLOCK"
"cand-61bf9c3e-0797-51cd-a1b3-5f208ce4726c","2eso","block","sin-determinar","UNMAPPED_BLOCK"
"cand-ce6c84fa-da5e-517e-878b-e2ec5100284d","2eso","block","sin-determinar","UNMAPPED_BLOCK"
"cand-bd881059-71e2-5284-adef-50c15ed18b27","2eso","block","sin-determinar","UNMAPPED_BLOCK"
"cand-e78625e1-8be0-57d0-82c4-1807e44741b9","2eso","block","sin-determinar","UNMAPPED_BLOCK"
"cand-f77c92ea-6494-52cd-8bb8-3397195aecaa","2eso","block","sin-determinar","UNMAPPED_BLOCK"
"cand-73d5972a-8143-5b47-bff8-b9b2b9c8439e","2eso","block","sin-determinar","UNMAPPED_BLOCK"
"cand-99ddc847-ca6c-5645-9763-02a72a9bcc06","2eso","block","sin-determinar","UNMAPPED_BLOCK"
"cand-3651d672-8e00-55b0-bb3e-aacb41dbdca8","2eso","block","sin-determinar","UNMAPPED_BLOCK"
"cand-42e5c86a-f096-5943-963f-a4789d5eeb89","2eso","block","sin-determinar","UNMAPPED_BLOCK"
"cand-9b6e03e6-1eef-564f-ad00-a89b21bcbfce","2eso","block","sin-determinar","UNMAPPED_BLOCK"
"cand-c71f1ba5-795e-56cf-9eef-8cf3d8624b20","2eso","block","sin-determinar","UNMAPPED_BLOCK"
"cand-46951d83-9780-5490-b165-c7950433e234","2eso","block","sin-determinar","UNMAPPED_BLOCK"
"cand-db8b6f2f-d65d-5f6e-b295-0c256685446a","2eso","block","sin-determinar","UNMAPPED_BLOCK"
"cand-1f9e2804-9179-5fe6-a63a-9abc9a71ada6","2eso","block","sin-determinar","UNMAPPED_BLOCK"
"cand-a40afd9b-f7a1-52a5-8199-10826b589be0","2eso","block","sin-determinar","UNMAPPED_BLOCK"
"cand-7cc56cef-b01c-5808-a46a-5c7ded8d8cb2","2eso","block","sin-determinar","UNMAPPED_BLOCK"
"cand-aae1d6aa-7229-5106-8482-f159b020a633","2eso","block","sin-determinar","UNMAPPED_BLOCK"
"cand-32d1942b-58b8-5978-ac0d-31a95bd744a7","2eso","block","sin-determinar","UNMAPPED_BLOCK"
"cand-50b56b4d-b2de-52c6-a45f-0e23ceb4941a","2eso","block","sin-determinar","UNMAPPED_BLOCK"
"cand-5db01c56-5fa6-5a5b-b4ef-72322eb07848","2eso","block","sin-determinar","UNMAPPED_BLOCK"
"cand-7cfa9b43-2f42-5af7-a548-2270af400341","2eso","block","sin-determinar","UNMAPPED_BLOCK"
"cand-159bb2f5-ff2b-5e7e-9114-397fd0061707","2eso","block","sin-determinar","UNMAPPED_BLOCK"
"cand-fcb9d8fa-79eb-53f8-9e15-7ce238416893","2eso","block","sin-determinar","UNMAPPED_BLOCK"
"cand-e1470931-9174-5d3c-af04-dcc1be83034f","2eso","block","sin-determinar","UNMAPPED_BLOCK"
"cand-0eae0abd-e71e-5a1e-a368-a7eff668da39","2eso","block","sin-determinar","UNMAPPED_BLOCK"
"cand-a0d5080e-53b4-523c-8842-7e58522c54bd","2eso","block","sin-determinar","UNMAPPED_BLOCK"
"cand-453a0874-72d9-53fe-84f1-966df52ed748","2eso","block","sin-determinar","UNMAPPED_BLOCK"
"cand-e741f706-caba-5900-af60-ebec45c84dba","2eso","block","sin-determinar","UNMAPPED_BLOCK"
"cand-83da86e6-df6e-50b9-b4a6-13086601f59c","2eso","block","sin-determinar","UNMAPPED_BLOCK"
"cand-58354d06-3841-5922-abc9-024fad565506","2eso","block","sin-determinar","UNMAPPED_BLOCK"
"cand-54e8fe22-3b1a-5d45-8c5e-1deead467bf6","2eso","block","sin-determinar","UNMAPPED_BLOCK"
"cand-767dc1cd-c547-5d60-a925-ab5430b53a88","2eso","block","sin-determinar","UNMAPPED_BLOCK"
"cand-0d5d41d9-4880-5e8f-b0a5-a18e01bf1435","2eso","block","sin-determinar","UNMAPPED_BLOCK"
"cand-77d3ecd9-0e89-5906-8f51-ca57a43fde48","2eso","block","sin-determinar","UNMAPPED_BLOCK"
"cand-046f3c1e-91ac-565f-9a21-e41a1115107f","2eso","block","sin-determinar","UNMAPPED_BLOCK"
"cand-814f7a30-e030-51e6-8b2a-ca6c1d7ce66e","2eso","block","sin-determinar","UNMAPPED_BLOCK"
"cand-8e8df7cf-f6ff-52f8-b0e8-193cfc0b2014","2eso","block","sin-determinar","UNMAPPED_BLOCK"
"cand-e33a9b43-7c8f-516b-81b2-0867cbd4fef6","2eso","block","sin-determinar","UNMAPPED_BLOCK"
"cand-19393d0d-a77d-531a-8ae7-cf7180e329ed","2eso","block","sin-determinar","UNMAPPED_BLOCK"
"cand-05b6a5a0-c1d9-5396-9d24-ad3e5ae44490","2eso","block","sin-determinar","UNMAPPED_BLOCK"
"cand-495ac94e-dfbc-5d35-ae48-b5ad25d8122b","2eso","block","sin-determinar","UNMAPPED_BLOCK"
"cand-ec5bbb4c-d561-5412-9934-b093fe653397","2eso","block","sin-determinar","UNMAPPED_BLOCK"
"cand-98685330-86a1-5361-b6a1-4cefa35bb01e","2eso","block","sin-determinar","UNMAPPED_BLOCK"
"cand-5fb82068-8f04-5007-80fc-5e2853aab269","2eso","block","sin-determinar","UNMAPPED_BLOCK"
"cand-809b33b7-26b2-569c-9793-3a0d9df1db3f","2eso","block","sin-determinar","UNMAPPED_BLOCK"
"cand-90c05376-acf1-5a38-b77a-fa0878395144","2eso","block","sin-determinar","UNMAPPED_BLOCK"
"cand-8fabcfb7-273e-5c65-9941-24eb9eddf50e","2eso","block","sin-determinar","UNMAPPED_BLOCK"
"cand-21e4625f-d898-5727-a74a-6ad5d7a9a737","2eso","block","sin-determinar","UNMAPPED_BLOCK"
"cand-5f0e71ed-5889-5340-af6f-597f24241819","2eso","block","sin-determinar","UNMAPPED_BLOCK"
"cand-83f43812-4569-5d17-94f3-7c2799b852be","2eso","block","sin-determinar","UNMAPPED_BLOCK"
"cand-8d9ac0f0-dc8e-54b6-950b-602946e3ce33","2eso","block","sin-determinar","UNMAPPED_BLOCK"
"cand-9bb5ce60-3c82-50ac-acd7-e246ff7e6358","2eso","block","sin-determinar","UNMAPPED_BLOCK"
"cand-64972602-727c-5be2-a2ac-99dd69bf0a3c","2eso","block","sin-determinar","UNMAPPED_BLOCK"
"cand-53bb221a-d898-51bf-ad21-aff8758ed3ca","2eso","block","sin-determinar","UNMAPPED_BLOCK"
"cand-1f0d739f-b5ec-532b-b996-dcce5ce51aa9","2eso","block","sin-determinar","UNMAPPED_BLOCK"
"cand-f7f13db9-3339-5acf-8629-4ff6b698a024","2eso","block","sin-determinar","UNMAPPED_BLOCK"
"cand-526b4d00-883d-5a3e-adb9-6129414669e8","2eso","block","sin-determinar","UNMAPPED_BLOCK"
"cand-f5080fba-22dc-526a-a6ab-e65b402c98dc","2eso","block","sin-determinar","UNMAPPED_BLOCK"
"cand-4020edbb-7910-5c73-a0af-258140666067","2eso","block","sin-determinar","UNMAPPED_BLOCK"
"cand-d6c8c4ad-b576-53a0-afd1-0069732d0afa","2eso","block","sin-determinar","UNMAPPED_BLOCK"
"cand-7806938a-29b6-5727-a2c2-426b726f90f7","2eso","block","sin-determinar","UNMAPPED_BLOCK"
"cand-cb48cb99-74b6-522a-9200-28b5a5a71ae2","2eso","block","sin-determinar","UNMAPPED_BLOCK"
"cand-ba02ecac-279d-53b7-b268-ac102e524666","2eso","block","sin-determinar","UNMAPPED_BLOCK"
"cand-4376ce39-3799-53b9-a0e9-54873e3ff014","2eso","block","sin-determinar","UNMAPPED_BLOCK"
"cand-14a9c0e9-ff19-5d95-8e95-eec36d895d7a","2eso","block","sin-determinar","UNMAPPED_BLOCK"
"cand-bdaaf120-f9b8-5d38-8950-b7e88e43091b","2eso","block","sin-determinar","UNMAPPED_BLOCK"
"cand-6f03da18-cbee-5884-97d8-52d70cc2fd8f","2eso","block","sin-determinar","UNMAPPED_BLOCK"
"cand-b4a5516e-1d26-5624-bebb-b501f5daba15","2eso","block","sin-determinar","UNMAPPED_BLOCK"
"cand-b5bb4259-d223-5163-bcce-7c27041afc01","2eso","block","sin-determinar","UNMAPPED_BLOCK"
"cand-0da745e9-413a-52ed-bbc2-213c2a89e4a3","2eso","block","sin-determinar","UNMAPPED_BLOCK"
"cand-59a4067b-5c2a-57c6-b67b-c180cdf204b2","2eso","block","sin-determinar","UNMAPPED_BLOCK"
"cand-05055be2-34ff-5624-bbf5-02322e0c4291","2eso","block","sin-determinar","UNMAPPED_BLOCK"
"cand-3776b2a5-3310-5062-b3e6-2f3fa8e5ebc8","2eso","block","sin-determinar","UNMAPPED_BLOCK"
"cand-c98fc3b8-aa9a-58b5-8724-2baa01900842","2eso","block","sin-determinar","UNMAPPED_BLOCK"
"cand-b0757ff3-a70e-5d7b-b43b-2f2e8b89907a","2eso","block","sin-determinar","UNMAPPED_BLOCK"
"cand-7efa06d3-3e90-584c-a4fc-5805002b772b","2eso","block","sin-determinar","UNMAPPED_BLOCK"
"cand-5fe667f0-35cc-5ab4-bc23-0a83cc52b88c","2eso","block","sin-determinar","UNMAPPED_BLOCK"
"cand-86973fd8-c7f6-50e5-8e08-d5ff5e8d045d","2eso","block","sin-determinar","UNMAPPED_BLOCK"
"cand-5b10121c-5c40-5ad2-9f9e-db6add2faf3b","2eso","block","sin-determinar","UNMAPPED_BLOCK"
"cand-cc7da672-7971-50b3-940d-bb0adf53ba10","2eso","block","sin-determinar","UNMAPPED_BLOCK"
"cand-59793297-ff05-57fc-924e-7378f0738a25","2eso","block","sin-determinar","UNMAPPED_BLOCK"
"cand-eed1b62d-da66-5575-ac32-240b26fe7dd6","2eso","block","sin-determinar","UNMAPPED_BLOCK"
"cand-75efbdf4-d78f-5a4b-9872-679acc19f32f","2eso","block","sin-determinar","UNMAPPED_BLOCK"
"cand-199dcd10-6316-58fa-bc1d-5105a28425ab","2eso","block","sin-determinar","UNMAPPED_BLOCK"
"cand-11d21207-ab4b-5b7d-8d07-a83d14726275","2eso","block","sin-determinar","UNMAPPED_BLOCK"
"cand-3dbe17b8-12d7-570d-bc48-69710d9feb13","2eso","block","sin-determinar","UNMAPPED_BLOCK"
"cand-b55761ea-1851-5ad7-907b-ec8a9132252e","2eso","block","sin-determinar","UNMAPPED_BLOCK"
"cand-1a207a20-abec-5041-bd05-8fe12ba2f500","2eso","block","sin-determinar","UNMAPPED_BLOCK"
"cand-ebf5e9ae-9fc0-5e8b-9753-817c29e1d256","2eso","block","sin-determinar","UNMAPPED_BLOCK"
"cand-ff79e915-4fc1-546c-8d57-a462377d84dc","2eso","block","sin-determinar","UNMAPPED_BLOCK"
"cand-1fcdcc78-d01a-568a-a995-4029743b34c3","2eso","block","sin-determinar","UNMAPPED_BLOCK"
"cand-9bff10ca-7bee-59fd-9daf-c101591d4548","2eso","block","sin-determinar","UNMAPPED_BLOCK"
"cand-1a9c0e4e-847e-5a2a-b8f3-dd53b8e6106a","2eso","block","sin-determinar","UNMAPPED_BLOCK"
"cand-efbb37a0-f3c3-5caa-8eca-e9ff27aca394","2eso","block","sin-determinar","UNMAPPED_BLOCK"
"cand-c1ef7066-a9e7-5fde-9d42-e5102ae2e8ca","2eso","block","sin-determinar","UNMAPPED_BLOCK"
"cand-ed2e9375-89ee-5d96-ac4a-5af2463a30af","2eso","block","sin-determinar","UNMAPPED_BLOCK"
"cand-f8de4d02-7b8a-5213-bda3-341e5c70d7f8","2eso","block","sin-determinar","UNMAPPED_BLOCK"
"cand-2fbf6b97-82df-5d0c-ab26-31660aa80a68","2eso","block","sin-determinar","UNMAPPED_BLOCK"
"cand-25ee50b4-a295-5c24-ab4d-05dcea744958","2eso","block","sin-determinar","UNMAPPED_BLOCK"
"cand-cce5d78a-8272-5145-826c-da0d9eeaf2b9","2eso","block","sin-determinar","UNMAPPED_BLOCK"
"cand-dcfab8e0-7593-5e78-9bef-4d030ccf8695","2eso","block","sin-determinar","UNMAPPED_BLOCK"
"cand-1fa75ece-93c9-526a-a9fe-2c147913c3d9","2eso","block","sin-determinar","UNMAPPED_BLOCK"
"cand-6dc586fd-d511-5327-b9a4-5cbccb2ac20c","2eso","block","sin-determinar","UNMAPPED_BLOCK"
"cand-90f73c49-7334-57bd-9d7a-9859a3f5d4da","2eso","block","sin-determinar","UNMAPPED_BLOCK"
"cand-56631c36-8a85-59eb-b7a5-aa05b87d24d0","2eso","block","sin-determinar","UNMAPPED_BLOCK"
"cand-ad336bed-8365-5133-9f37-cf7d3f73a9e5","2eso","block","sin-determinar","UNMAPPED_BLOCK"
"cand-228c6ff7-e394-5989-910a-7569eae08f8c","2eso","block","sin-determinar","UNMAPPED_BLOCK"
"cand-ca45e1de-0e3e-5850-a5d2-7535ffe15083","2eso","block","sin-determinar","UNMAPPED_BLOCK"
"cand-95ad8244-4c45-523a-96c3-14c833a5218e","2eso","block","sin-determinar","UNMAPPED_BLOCK"
"cand-a05fa83a-6b28-5ec1-9957-427356cb3ec8","2eso","block","sin-determinar","UNMAPPED_BLOCK"
"cand-1e888268-0112-56c7-93b8-e2cbcca77e3d","2eso","block","sin-determinar","UNMAPPED_BLOCK"
"cand-70358e83-0202-5d79-b2ac-fd06bedc0176","2eso","block","sin-determinar","UNMAPPED_BLOCK"
"cand-19a3f1c1-41ee-5ebd-9211-44e1a8e22a72","2eso","block","sin-determinar","UNMAPPED_BLOCK"
"cand-cda400bd-6076-5e35-9ea5-08f2a2abda54","2eso","block","sin-determinar","UNMAPPED_BLOCK"
"cand-ccbedcfe-62bd-589f-9d0d-5a36c37ec7ae","2eso","block","sin-determinar","UNMAPPED_BLOCK"
"cand-40e910cd-c01a-5881-8ac9-43a594d2b98a","2eso","block","sin-determinar","UNMAPPED_BLOCK"
"cand-142bcf45-c751-535d-a8a2-5f9e9748df1d","2eso","block","sin-determinar","UNMAPPED_BLOCK"
"cand-b78c3486-2aa4-5a18-8aff-778ca26fa0f5","2eso","block","sin-determinar","UNMAPPED_BLOCK"
"cand-7f26e8b0-295f-54ae-b3d3-2d967d1c414a","2eso","block","sin-determinar","UNMAPPED_BLOCK"
"cand-6232f914-a903-522d-80a0-440cd6751f29","2eso","block","sin-determinar","UNMAPPED_BLOCK"
"cand-ec6c0491-24e3-5148-a18f-8b75d2d58b48","2eso","block","sin-determinar","UNMAPPED_BLOCK"
"cand-0cd2f1c1-329a-5852-9acc-55788881a89e","2eso","block","sin-determinar","UNMAPPED_BLOCK"
"cand-05aa7c9e-d2f2-5e92-aa69-5ced1aa9b4cd","2eso","block","sin-determinar","UNMAPPED_BLOCK"
"cand-40c26871-99ae-52c2-910f-c955091cfd62","2eso","block","sin-determinar","UNMAPPED_BLOCK"
"cand-a9425c37-18e9-54b4-8470-2750c55f5d19","2eso","block","sin-determinar","UNMAPPED_BLOCK"
"cand-e54df820-e127-5e0b-b7db-07d684a99b85","2eso","block","sin-determinar","UNMAPPED_BLOCK"
"cand-03703ae1-988f-58ba-af16-b2fb56dca2d2","2eso","block","sin-determinar","UNMAPPED_BLOCK"
"cand-a113e48b-d845-5d63-872f-2fdd20ee107a","2eso","block","sin-determinar","UNMAPPED_BLOCK"
"cand-f2c445be-30a2-5f42-a311-85b4a06ed8bd","2eso","block","sin-determinar","UNMAPPED_BLOCK"
"cand-8e9b473d-c9c1-570c-873d-7964a26f1a47","2eso","block","sin-determinar","UNMAPPED_BLOCK"
"cand-030417a7-0dd0-5f85-afee-b040530901c5","2eso","block","sin-determinar","UNMAPPED_BLOCK"
"cand-21ca02f9-4d00-56ad-a865-7210c70dd145","2eso","block","sin-determinar","UNMAPPED_BLOCK"
"cand-4a3b182a-c42a-59e6-bb42-bd0ec23ec685","2eso","block","sin-determinar","UNMAPPED_BLOCK"
"cand-a76cf1d9-332f-5b7a-a994-e1d2aab27da9","2eso","block","sin-determinar","UNMAPPED_BLOCK"
"cand-e65862e2-df31-577c-856b-ae7e1fb53199","2eso","block","sin-determinar","UNMAPPED_BLOCK"
"cand-0adf723c-555f-531a-ad0d-a10dab848035","2eso","block","sin-determinar","UNMAPPED_BLOCK"
"cand-f55398af-040a-5c81-9b07-f9a61e6c8950","2eso","block","sin-determinar","UNMAPPED_BLOCK"
"cand-1e8f34d4-1c4d-5854-afaf-d297980f331d","2eso","block","sin-determinar","UNMAPPED_BLOCK"
"cand-e35bffa2-02c7-572d-9d08-b7e37087951c","2eso","block","sin-determinar","UNMAPPED_BLOCK"
"cand-9d810753-627c-591d-ad95-7697dcccc0b0","2eso","block","sin-determinar","UNMAPPED_BLOCK"
"cand-7f689e95-9837-54bb-8fa0-2cca8e30735f","2eso","block","sin-determinar","UNMAPPED_BLOCK"
"cand-9cc23324-22d5-578a-bbe9-d130f80715ca","2eso","block","sin-determinar","UNMAPPED_BLOCK"
"cand-7f60b2a2-b143-550b-8c36-26088b4dfec6","2eso","block","sin-determinar","UNMAPPED_BLOCK"
"cand-335b8cb8-4066-5235-903e-95d079cb4d1f","2eso","block","sin-determinar","UNMAPPED_BLOCK"
"cand-d3115f59-6085-5464-877f-a1f88b5a8ce5","2eso","block","sin-determinar","UNMAPPED_BLOCK"
"cand-fc78f01f-b63c-543b-9df1-0ff2fc3be8a0","2eso","block","sin-determinar","UNMAPPED_BLOCK"
"cand-d09f6f7f-88b4-5552-9349-20291a7b1742","2eso","block","sin-determinar","UNMAPPED_BLOCK"
"cand-1c99fec3-b4d6-5ffe-a9c4-bf28906896f3","2eso","block","sin-determinar","UNMAPPED_BLOCK"
"cand-edf19246-fd68-5101-980d-934d7bce1738","2eso","block","sin-determinar","UNMAPPED_BLOCK"
"cand-d8b6c2f9-adce-5ab0-9ba0-6caef72ebb69","2eso","block","sin-determinar","UNMAPPED_BLOCK"
"cand-eaf0d781-99ae-58ed-b149-47ce1fa3b703","2eso","block","sin-determinar","UNMAPPED_BLOCK"
"cand-37794767-0cff-5fc8-83ea-576b913bfe83","2eso","block","sin-determinar","UNMAPPED_BLOCK"
"cand-9268f1fc-cde6-554d-ac99-a9a6005e0f6e","2eso","block","sin-determinar","UNMAPPED_BLOCK"
"cand-41861ef8-c44f-53c7-8dbb-b414ca047529","2eso","block","sin-determinar","UNMAPPED_BLOCK"
"cand-cb9d92ec-e7bd-59c0-90d7-886557cb0070","2eso","block","sin-determinar","UNMAPPED_BLOCK"
"cand-c9dbaabb-d602-5201-833d-dc6c2c429917","2eso","block","sin-determinar","UNMAPPED_BLOCK"
"cand-b23b1ad0-a01c-53a0-877f-a31f5c9c8cad","2eso","block","sin-determinar","UNMAPPED_BLOCK"
"cand-5c6758e3-8b0d-5895-9c2b-068ec47dffd6","2eso","block","sin-determinar","UNMAPPED_BLOCK"
"cand-00a9e879-e8eb-54aa-981d-d20c073b58d3","2eso","block","sin-determinar","UNMAPPED_BLOCK"
"cand-8bf73afe-a46c-5ed7-9a7a-142bb5d69552","2eso","block","sin-determinar","UNMAPPED_BLOCK"
"cand-87832bc7-8785-594d-893e-1eb0204ffb28","2eso","block","sin-determinar","UNMAPPED_BLOCK"
"cand-ee44c807-9461-5719-acd6-51334ecfd971","2eso","block","sin-determinar","UNMAPPED_BLOCK"
"cand-38d38ef0-5b33-57de-ba43-79f0790de488","2eso","block","sin-determinar","UNMAPPED_BLOCK"
"cand-e9979702-bd59-5e0a-a2ff-be08f5a7ae61","2eso","block","sin-determinar","UNMAPPED_BLOCK"
"cand-15c9885e-2c0f-5fd0-9258-803100e8b33a","2eso","block","sin-determinar","UNMAPPED_BLOCK"
"cand-1941b85b-7abc-5a95-b83e-673df0918029","2eso","block","sin-determinar","UNMAPPED_BLOCK"
"cand-d8b17cc9-4622-53ec-901b-155ebe3b0238","2eso","block","sin-determinar","UNMAPPED_BLOCK"
"cand-ecc7cdbf-51fb-56a0-8e6c-ab8ada722bd3","2eso","block","sin-determinar","UNMAPPED_BLOCK"
"cand-e2c7aa3a-f875-5a85-a99e-b62ad48fc18c","2eso","block","sin-determinar","UNMAPPED_BLOCK"
"cand-89b2cf19-eaaf-5d93-b719-bf6ae8471e28","2eso","block","sin-determinar","UNMAPPED_BLOCK"
"cand-0586986e-3359-575b-90c6-881e1c0089fb","2eso","block","sin-determinar","UNMAPPED_BLOCK"
"cand-c40f9556-6ee2-5a58-819a-2a21493fc8a2","2eso","block","sin-determinar","UNMAPPED_BLOCK"
"cand-0b3a53cd-a109-55b4-989f-ce6f98023265","2eso","block","sin-determinar","UNMAPPED_BLOCK"
"cand-10072768-29ac-5ab7-909d-4dec98997073","2eso","block","sin-determinar","UNMAPPED_BLOCK"
"cand-e02b5722-816d-5d37-a406-145ada45c8c7","2eso","block","sin-determinar","UNMAPPED_BLOCK"
"cand-ddeaa7f8-6912-52f5-81f0-c01c568b37b7","2eso","block","sin-determinar","UNMAPPED_BLOCK"
"cand-c5bcdaea-3f1b-5575-b420-fdbd8367ef9a","2eso","block","sin-determinar","UNMAPPED_BLOCK"
"cand-53f29836-1791-5b54-b660-bd5d5857d53a","2eso","block","sin-determinar","UNMAPPED_BLOCK"
"cand-a894d85a-2d2f-5de3-a7ac-6b87ec71f320","2eso","block","sin-determinar","UNMAPPED_BLOCK"
"cand-ab9217b5-d8a8-56fc-93f4-b00508a63517","2eso","block","sin-determinar","UNMAPPED_BLOCK"
"cand-02850285-f525-575b-9065-bd02d79785f9","2eso","block","sin-determinar","UNMAPPED_BLOCK"
"cand-1aa39b25-e03a-5d0f-aa37-94bf07b4936e","2eso","block","sin-determinar","UNMAPPED_BLOCK"
"cand-ed6f2e3d-77dd-56ef-a74d-5e25c3d7b597","2eso","block","sin-determinar","UNMAPPED_BLOCK"
"cand-c178df4d-65ca-5f40-bdef-c43996e25d1a","2eso","block","sin-determinar","UNMAPPED_BLOCK"
"cand-39acfa4c-5284-5aa1-bda7-191d287eba0a","2eso","block","sin-determinar","UNMAPPED_BLOCK"
"cand-9956daf6-bad9-5c4c-8ee4-652e9682b90e","2eso","block","sin-determinar","UNMAPPED_BLOCK"
"cand-2100dcd6-5e1c-5aae-8007-55f9562853cb","2eso","block","sin-determinar","UNMAPPED_BLOCK"
"cand-91a18b95-ff81-58ca-8749-9d35cea352a5","2eso","block","sin-determinar","UNMAPPED_BLOCK"
"cand-5c528c6b-c9c8-5133-819b-4420c6ed1dce","2eso","block","sin-determinar","UNMAPPED_BLOCK"
"cand-b54be1a9-3c96-5cfb-8af1-eb8f5fc70d5e","2eso","block","sin-determinar","UNMAPPED_BLOCK"
"cand-7843bdfb-5f3a-5fd7-bb0d-48a94fcb6d5c","2eso","block","sin-determinar","UNMAPPED_BLOCK"
"cand-6bef78f0-31b5-5ba8-8d2a-6bcc5c53387f","2eso","block","sin-determinar","UNMAPPED_BLOCK"
"cand-5c1af1b4-2aff-5772-bd87-e457499c2585","2eso","block","sin-determinar","UNMAPPED_BLOCK"
"cand-75aca982-46df-5dd0-8939-25a86d5412eb","2eso","block","sin-determinar","UNMAPPED_BLOCK"
"cand-80281a46-dd3c-5c16-9bc3-ff3b17da5d2b","2eso","block","sin-determinar","UNMAPPED_BLOCK"
"cand-9f53b493-b6e1-5770-979b-8f173df403c4","2eso","block","sin-determinar","UNMAPPED_BLOCK"
"cand-28e8d089-176a-599f-a480-7e55c8698611","2eso","block","sin-determinar","UNMAPPED_BLOCK"
"cand-71c7f845-848f-5a1d-94a5-114a701646ef","2eso","block","sin-determinar","UNMAPPED_BLOCK"
"cand-82493b97-e4db-5a8a-b9ed-e5485fee6201","2eso","block","sin-determinar","UNMAPPED_BLOCK"
"cand-8133de72-7f87-59ec-8be5-97c71c7a7d89","2eso","block","sin-determinar","UNMAPPED_BLOCK"
"cand-89c78cd7-cb8a-5fa5-b7b7-d3b00d4ec003","2eso","block","sin-determinar","UNMAPPED_BLOCK"
"cand-6ff502cb-8f5d-592b-8005-e9e34c363eab","2eso","block","sin-determinar","UNMAPPED_BLOCK"
"cand-2faa9567-10e3-5721-8788-78a0cf64ab1f","2eso","block","sin-determinar","UNMAPPED_BLOCK"
"cand-f0362c1b-5b23-5663-9c11-b9bd55905678","2eso","block","sin-determinar","UNMAPPED_BLOCK"
"cand-d535b4cc-1707-5e17-bd8f-3c2cb16854e9","2eso","block","sin-determinar","UNMAPPED_BLOCK"
"cand-ed5084bd-552a-5990-b126-c88e16cc78cf","2eso","block","sin-determinar","UNMAPPED_BLOCK"
"cand-b19b8ca2-4631-55eb-b608-f3de6d885f0b","2eso","block","sin-determinar","UNMAPPED_BLOCK"
"cand-10537231-c641-584b-a3ba-ad803ce52c1e","2eso","block","sin-determinar","UNMAPPED_BLOCK"
"cand-22956d6d-924d-5bb7-8782-2a3a75d7f3fa","2eso","block","sin-determinar","UNMAPPED_BLOCK"
"cand-914da17a-722c-5df6-9ab4-2a8f2b5ce74e","2eso","block","sin-determinar","UNMAPPED_BLOCK"
"cand-ae795c62-634d-5402-9e7e-7c1e8076e1ac","2eso","block","sin-determinar","UNMAPPED_BLOCK"
"cand-cf0eea44-789f-54d4-9e1f-386cd55d7564","2eso","block","sin-determinar","UNMAPPED_BLOCK"
"cand-d620a6ff-3f8f-5e3d-b020-6cf0f8822c81","2eso","block","sin-determinar","UNMAPPED_BLOCK"
"cand-c9bfe96a-e145-5708-b5da-3c3535094a56","2eso","block","sin-determinar","UNMAPPED_BLOCK"
"cand-764b51bc-b5cb-5ce5-b7fa-6ff606d5f617","2eso","block","sin-determinar","UNMAPPED_BLOCK"
"cand-c22b582b-5420-52e7-978a-de52ca44e37d","2eso","block","sin-determinar","UNMAPPED_BLOCK"
"cand-3a21f8a5-2e65-56d3-80fd-6bb8f8510206","2eso","block","sin-determinar","UNMAPPED_BLOCK"
"cand-dca56e37-730f-5e98-9f10-76f22d870119","2eso","block","sin-determinar","UNMAPPED_BLOCK"
"cand-ea5c0f71-e9b2-528f-8551-5f40d8480e32","2eso","block","sin-determinar","UNMAPPED_BLOCK"
"cand-99889979-7ada-5d7d-895d-0dc2cc04064b","2eso","block","sin-determinar","UNMAPPED_BLOCK"
"cand-3a773d81-a1fd-515d-be3a-01b2c4ee2466","2eso","block","sin-determinar","UNMAPPED_BLOCK"
"cand-fade8200-879c-511c-83d3-0ced9228bf8a","2eso","block","sin-determinar","UNMAPPED_BLOCK"
"cand-7e326e6d-0e4a-5f42-a03d-1ddc1441b4be","2eso","block","sin-determinar","UNMAPPED_BLOCK"
"cand-3e266dea-6113-504c-b545-f38681006f3c","2eso","block","sin-determinar","UNMAPPED_BLOCK"
"cand-f3db5328-36d0-5a07-9c8c-2237667db467","2eso","block","sin-determinar","UNMAPPED_BLOCK"
"cand-b81f3d2b-a4e4-5275-823d-1ebf931be5e7","2eso","block","sin-determinar","UNMAPPED_BLOCK"
"cand-711bac6a-a75d-564c-a31e-c53795796677","2eso","block","sin-determinar","UNMAPPED_BLOCK"
"cand-6d53aa09-d721-5950-90c0-a26612f9b4a3","2eso","block","sin-determinar","UNMAPPED_BLOCK"
"cand-3061a7bc-b26e-5394-9a55-3f230555fdb0","2eso","block","sin-determinar","UNMAPPED_BLOCK"
"cand-b08365b8-bed7-5004-8ace-0a8e5b3ad47a","2eso","block","sin-determinar","UNMAPPED_BLOCK"
"cand-2117bcd3-5eaf-532c-adb8-0197ca32e57f","2eso","block","sin-determinar","UNMAPPED_BLOCK"
"cand-1cbffebd-a4ab-5a74-ad58-a05f5930b22f","2eso","block","sin-determinar","UNMAPPED_BLOCK"
"cand-4f158417-7ced-5088-9ddb-ad4a9fa584f5","2eso","block","sin-determinar","UNMAPPED_BLOCK"
"cand-6f0a91dc-81f3-5576-9790-d2ddd89f4773","2eso","block","sin-determinar","UNMAPPED_BLOCK"
"cand-0dd0fe52-7106-5fa0-bd34-e87178deeb89","2eso","block","sin-determinar","UNMAPPED_BLOCK"
"cand-18a4dbe6-88f8-5b6d-8097-8e29e609c6ac","2eso","block","sin-determinar","UNMAPPED_BLOCK"
"cand-9f333103-e445-5a2b-8a1c-a1cf00c9d7e5","2eso","block","sin-determinar","UNMAPPED_BLOCK"
"cand-98eeb7b8-d479-5135-85cd-5e046fbcb0ac","2eso","block","sin-determinar","UNMAPPED_BLOCK"
"cand-50ef1d76-3433-55af-8774-225f5bf9de94","2eso","block","sin-determinar","UNMAPPED_BLOCK"
"cand-68122536-a4af-5570-89e2-ea085909fc10","2eso","block","sin-determinar","UNMAPPED_BLOCK"
"cand-18f55f71-c46f-5f94-b698-ce5f25b1d81e","2eso","block","sin-determinar","UNMAPPED_BLOCK"
"cand-de263d45-c0e4-58a3-85eb-c5f3fe33e411","2eso","block","sin-determinar","UNMAPPED_BLOCK"
"cand-fd262ea1-8e46-539f-a391-0214507cd3a2","2eso","block","sin-determinar","UNMAPPED_BLOCK"
"cand-84334ee0-d9f0-5b76-8421-0d1b523c7320","2eso","block","sin-determinar","UNMAPPED_BLOCK"
"cand-f4ffb79b-ddbf-50ff-8622-4b50f92ed2c2","2eso","block","sin-determinar","UNMAPPED_BLOCK"
"cand-5657ee46-5c4c-5f81-9963-01f91e26bd80","2eso","block","sin-determinar","UNMAPPED_BLOCK"
"cand-24dccb95-4759-56ae-88c6-907c4eba9bc2","2eso","block","sin-determinar","UNMAPPED_BLOCK"
"cand-44ee3db8-c6e6-543d-9f77-eebdcad0944b","2eso","block","sin-determinar","UNMAPPED_BLOCK"
"cand-3d6da0e0-43d8-5a06-be81-b6da1681c0fa","2eso","block","sin-determinar","UNMAPPED_BLOCK"
"cand-41b17ddf-eccd-57c0-8a77-73f5fbc9fbb7","2eso","block","sin-determinar","UNMAPPED_BLOCK"
"cand-b69e64f5-ce14-51fb-aee1-9f50934f83f8","2eso","block","sin-determinar","UNMAPPED_BLOCK"
"cand-2f6b0f72-4f97-5113-8aad-acea1cb9c6d1","2eso","block","sin-determinar","UNMAPPED_BLOCK"
"cand-528b55ef-45f6-59e6-a7f2-d38e399e0157","2eso","block","sin-determinar","UNMAPPED_BLOCK"
"cand-5384b9a0-367f-5041-874e-7af5bfc60cc5","2eso","block","sin-determinar","UNMAPPED_BLOCK"
"cand-cbd48b4e-f24b-54d0-a49f-286115b5a287","2eso","block","sin-determinar","UNMAPPED_BLOCK"
"cand-97478b76-dff4-54c1-a6ff-632d408b72bf","2eso","block","sin-determinar","UNMAPPED_BLOCK"
"cand-ae72cd18-2328-5abc-8513-395e7333aab2","2eso","block","sin-determinar","UNMAPPED_BLOCK"
"cand-6e997718-3327-56ce-a414-dc6b1ce889d2","2eso","block","sin-determinar","UNMAPPED_BLOCK"
"cand-d71c338f-0638-5dc5-b020-a1beebf1bc68","2eso","block","sin-determinar","UNMAPPED_BLOCK"
"cand-8a6c47ea-f7d0-5c09-8224-c2a1ab2d2af8","2eso","block","sin-determinar","UNMAPPED_BLOCK"
"cand-2ea35609-b2d0-5506-8d89-68d6fe1ba68e","2eso","block","sin-determinar","UNMAPPED_BLOCK"
"cand-7bb4b9ba-cf02-5509-90dd-d034f09b4329","2eso","block","sin-determinar","UNMAPPED_BLOCK"
"cand-e1fa3379-4f95-53bb-a845-7997c17266b7","2eso","block","sin-determinar","UNMAPPED_BLOCK"
"cand-2c1542b8-9df1-55d6-b633-6c2e18319f3f","2eso","block","sin-determinar","UNMAPPED_BLOCK"
"cand-0db1cda4-a845-53dc-a2a1-e210ca8c0318","2eso","block","sin-determinar","UNMAPPED_BLOCK"
"cand-077d6489-54e5-5de1-9c52-cd3be408342c","2eso","block","sin-determinar","UNMAPPED_BLOCK"
"cand-79b5cf8d-22b7-5ce4-9e4c-6b79ddc2b2ba","2eso","block","sin-determinar","UNMAPPED_BLOCK"
"cand-8da2e900-969a-5982-8682-7c4b057bb598","2eso","block","sin-determinar","UNMAPPED_BLOCK"
"cand-6d555856-6f02-5156-8b0e-2669f1422a96","2eso","block","sin-determinar","UNMAPPED_BLOCK"
"cand-60d1cb83-378f-53b7-8141-c8ae41a8f5b7","2eso","block","sin-determinar","UNMAPPED_BLOCK"
"cand-6defe1bc-76dd-5365-ba3d-0df701a4623a","2eso","block","sin-determinar","UNMAPPED_BLOCK"
"cand-bdf0d068-bfd7-5982-95e9-efd86bbf9473","2eso","block","sin-determinar","UNMAPPED_BLOCK"
"cand-fc2019fd-3b69-5387-b5f1-f7a572c1991e","2eso","block","sin-determinar","UNMAPPED_BLOCK"
"cand-99a82712-c1e3-5f03-a5d3-a7d951b373a7","2eso","block","sin-determinar","UNMAPPED_BLOCK"
"cand-82d3f988-4e7b-5ed9-ad35-e87ec998ab0c","2eso","block","sin-determinar","UNMAPPED_BLOCK"
"cand-c233913a-761d-58fe-b18a-817ff3adf2dd","2eso","block","sin-determinar","UNMAPPED_BLOCK"
"cand-9e503b4f-7d56-543f-9596-30adcba20bc0","2eso","block","sin-determinar","UNMAPPED_BLOCK"
"cand-bc80f3ce-5b55-56c9-b440-a6335e8a7419","2eso","block","sin-determinar","UNMAPPED_BLOCK"
"cand-a76461a2-4868-51c6-9cf7-cac604e7a0ca","2eso","block","sin-determinar","UNMAPPED_BLOCK"
"cand-e9a57eba-d6c6-5922-82b1-258176e01acd","2eso","block","sin-determinar","UNMAPPED_BLOCK"
"cand-84dac5d9-a511-588e-8439-e7a27afd3437","2eso","block","sin-determinar","UNMAPPED_BLOCK"
"cand-a8d1aa28-10bf-5f67-8fce-e110a3f138df","2eso","block","sin-determinar","UNMAPPED_BLOCK"
"cand-56d6e8d3-8acb-5989-a40b-25dad10c6046","2eso","block","sin-determinar","UNMAPPED_BLOCK"
"cand-ec6b9f03-6af2-531e-9a32-b362154c7aa9","2eso","block","sin-determinar","UNMAPPED_BLOCK"
"cand-80cee881-d856-5e78-8a21-9933e2641fe5","2eso","block","sin-determinar","UNMAPPED_BLOCK"
"cand-f2e22381-90b1-5f69-87e9-ca4b8f5945a9","2eso","block","sin-determinar","UNMAPPED_BLOCK"
"cand-4c03d065-18dd-5433-ad42-67268649407b","2eso","block","sin-determinar","UNMAPPED_BLOCK"
"cand-3f6a1a01-22f0-5565-9637-901de3c8fd97","2eso","block","sin-determinar","UNMAPPED_BLOCK"
"cand-a69d2fe7-3884-56fe-a48c-8d77dd92123f","2eso","block","sin-determinar","UNMAPPED_BLOCK"
"cand-1a07cf31-341d-5526-9b54-77183a437f82","2eso","block","sin-determinar","UNMAPPED_BLOCK"
"cand-25ec587b-6cea-5e23-a130-14b66769cb75","2eso","block","sin-determinar","UNMAPPED_BLOCK"
"cand-78c5b8ff-c52e-5cb9-9b8d-026a30a5fc98","2eso","block","sin-determinar","UNMAPPED_BLOCK"
"cand-b189abd4-9b76-59d3-a382-f057a90fa9f3","2eso","block","sin-determinar","UNMAPPED_BLOCK"
"cand-d3aa21d5-3c09-5992-a3e5-ebcd1cee9b7f","2eso","block","sin-determinar","UNMAPPED_BLOCK"
"cand-cae8b69a-08b8-5836-8b97-3639a0fa0bd5","2eso","block","sin-determinar","UNMAPPED_BLOCK"
"cand-9ac5a47b-ad92-5a99-9e4a-6cd904ea36e2","2eso","block","sin-determinar","UNMAPPED_BLOCK"
"cand-edb1000c-8b3d-5177-bb26-d78eed6f528b","2eso","block","sin-determinar","UNMAPPED_BLOCK"
"cand-7b182277-b471-5caa-963f-d5a3612d6c0d","2eso","block","sin-determinar","UNMAPPED_BLOCK"
"cand-0ae69134-caa1-5d37-ba19-f79b94965375","2eso","block","sin-determinar","UNMAPPED_BLOCK"
"cand-866a286f-96df-5c01-8f59-8d0c49e15d17","2eso","block","sin-determinar","UNMAPPED_BLOCK"
"cand-c756505a-b074-516b-a768-36f920372b4f","2eso","block","sin-determinar","UNMAPPED_BLOCK"
"cand-c207d6ec-cde0-57da-a496-08d3a150e753","2eso","block","sin-determinar","UNMAPPED_BLOCK"
"cand-21486079-f038-57bc-8a04-f15424ee9384","2eso","block","sin-determinar","UNMAPPED_BLOCK"
"cand-7b02e9ad-7522-562f-a2a7-602b06b09ebb","2eso","block","sin-determinar","UNMAPPED_BLOCK"
"cand-d081e206-edc2-56de-b595-bf7ebc1eacf6","2eso","block","sin-determinar","UNMAPPED_BLOCK"
"cand-6d5cc291-5aa7-56a0-b1a9-7d8288bab08d","2eso","block","sin-determinar","UNMAPPED_BLOCK"
"cand-3a30d4c5-9413-5de8-9a84-701fee54ff7c","2eso","block","sin-determinar","UNMAPPED_BLOCK"
"cand-9da8b210-dd3e-5300-89cc-279c332705f2","2eso","block","sin-determinar","UNMAPPED_BLOCK"
"cand-6a208199-b008-5101-b6f8-60333227bb20","2eso","block","sin-determinar","UNMAPPED_BLOCK"
"cand-9e90c786-b705-5a44-bb36-1f7918ccf783","2eso","block","sin-determinar","UNMAPPED_BLOCK"
"cand-e9d48b2a-8b6d-5ec6-98aa-6858b45b4143","2eso","block","sin-determinar","UNMAPPED_BLOCK"
"cand-a63388a3-f716-5fd8-b7dd-6e480ab87167","2eso","block","sin-determinar","UNMAPPED_BLOCK"
"cand-bf07955e-8cc6-55e1-acb6-6df6987bad25","2eso","block","sin-determinar","UNMAPPED_BLOCK"
"cand-2b72825a-3b2f-57d1-9758-d4474623fe20","2eso","block","sin-determinar","UNMAPPED_BLOCK"
"cand-f5e2c510-9dbd-5ff9-abd5-0156e18aef18","2eso","block","sin-determinar","UNMAPPED_BLOCK"
"cand-c94e5bf4-a9ce-5913-a91f-b85a56825063","2eso","block","sin-determinar","UNMAPPED_BLOCK"
"cand-ec389eac-008f-59b2-a75f-f7d76cf95e8c","2eso","block","sin-determinar","UNMAPPED_BLOCK"
"cand-3c35abbf-307b-511a-8ea8-4560a84cf3fc","2eso","block","sin-determinar","UNMAPPED_BLOCK"
"cand-db7faa22-52ec-55b0-a187-c8e5fc0e331e","2eso","block","sin-determinar","UNMAPPED_BLOCK"
"cand-2c1388cc-03c1-5a0f-a653-a8ba5a10e612","2eso","block","sin-determinar","UNMAPPED_BLOCK"
"cand-ac3fb77e-2b8c-5320-a01b-db60e019ab86","2eso","block","sin-determinar","UNMAPPED_BLOCK"
"cand-a289737a-19b5-5084-8f46-b3b0c58ec024","2eso","block","sin-determinar","UNMAPPED_BLOCK"
"cand-8592ad02-7b56-5e57-b61e-70a16bb43fbf","2eso","block","sin-determinar","UNMAPPED_BLOCK"
"cand-ee142292-a0bd-5037-addf-3ac110510575","2eso","block","sin-determinar","UNMAPPED_BLOCK"
"cand-7e807011-db55-5673-9b76-47da33df980d","2eso","block","sin-determinar","UNMAPPED_BLOCK"
"cand-dd478b1d-cf0c-5911-9ae1-51e5142e7ffa","2eso","block","sin-determinar","UNMAPPED_BLOCK"
"cand-e2fba0f6-d5ae-5683-a459-fdf19ec2afdb","2eso","block","sin-determinar","UNMAPPED_BLOCK"
"cand-277b4eb7-33fa-5947-9379-6ec1113b8921","2eso","block","sin-determinar","UNMAPPED_BLOCK"
"cand-ba43b058-697f-5a07-b82b-efaae26fe1b4","2eso","block","sin-determinar","UNMAPPED_BLOCK"
"cand-2f7daf17-b5fa-5c8b-b7ce-c0fb5c64301b","2eso","block","sin-determinar","UNMAPPED_BLOCK"
"cand-fce2ab2d-9884-59bd-a222-5e020590bced","2eso","block","sin-determinar","UNMAPPED_BLOCK"
"cand-dcf76450-103c-5aae-bf0f-d97901d4628d","2eso","block","sin-determinar","UNMAPPED_BLOCK"
"cand-0ca1f7e8-d6fd-553f-9a15-f17c4bdae25b","2eso","block","sin-determinar","UNMAPPED_BLOCK"
"cand-44fee5ed-2207-50f4-a890-d659f4e52b25","2eso","block","sin-determinar","UNMAPPED_BLOCK"
"cand-624b2c96-464d-5950-97eb-38b65fa46ae2","2eso","block","sin-determinar","UNMAPPED_BLOCK"
"cand-7657f472-232a-5953-8e24-44b99e685412","2eso","block","sin-determinar","UNMAPPED_BLOCK"
"cand-7096740b-3c7b-5144-bcae-68e4af95a5a9","2eso","block","sin-determinar","UNMAPPED_BLOCK"
"cand-b2a30a6c-b65a-5606-ab2a-6d0ae9a4e5e3","2eso","block","sin-determinar","UNMAPPED_BLOCK"
"cand-dffc34c0-0c4a-5c40-88e6-f4267614fdd2","2eso","block","sin-determinar","UNMAPPED_BLOCK"
"cand-fc45e866-9425-5ee5-856d-2dfea8d7b364","2eso","block","sin-determinar","UNMAPPED_BLOCK"
"cand-9b69bb8d-d2bd-52ee-8daa-6c82c947c3c8","2eso","block","sin-determinar","UNMAPPED_BLOCK"
"cand-a296990b-60da-52fc-9fce-da2be647c0ec","2eso","block","sin-determinar","UNMAPPED_BLOCK"
"cand-458ccfee-299f-59cf-a192-76e40696b85a","2eso","block","sin-determinar","UNMAPPED_BLOCK"
"cand-294d12d6-2027-506e-b58b-067ce3b2814d","2eso","block","sin-determinar","UNMAPPED_BLOCK"
"cand-2cea0a99-f533-5690-9e80-e6c333b22b03","2eso","block","sin-determinar","UNMAPPED_BLOCK"
"cand-2543d2e4-9a21-5194-8207-2df17d51c126","2eso","block","sin-determinar","UNMAPPED_BLOCK"
"cand-bc05b67a-0a56-5b8f-b716-a3c91c826fa5","1bach-mates","block","sin-determinar","UNMAPPED_BLOCK"
"cand-19aa4dcd-9d77-562a-86e5-34231b993020","1bach-mates","block","sin-determinar","UNMAPPED_BLOCK"
"cand-1a3893b3-7f98-5613-b6ad-d4f0cd8ecdad","1bach-mates","block","sin-determinar","UNMAPPED_BLOCK"
"cand-c77b1cee-6ac4-59ef-a9c9-e7a9c33b1127","1bach-mates","block","sin-determinar","UNMAPPED_BLOCK"
"cand-9749239b-8436-55d3-9679-1e28fc541c89","1bach-mates","block","sin-determinar","UNMAPPED_BLOCK"
"cand-6d048208-21d2-59a9-9095-b8019d484646","1bach-mates","block","sin-determinar","UNMAPPED_BLOCK"
"cand-2ef1afe4-5509-54a2-80cf-955891db0d60","1bach-mates","block","sin-determinar","UNMAPPED_BLOCK"
"cand-6b30faad-0ab9-5a9a-9bf1-6554bdbb10fa","1bach-mates","block","sin-determinar","UNMAPPED_BLOCK"
"cand-0de95862-4555-5139-a16d-cf577fd50787","1bach-mates","block","sin-determinar","UNMAPPED_BLOCK"
"cand-477d5474-d2a8-5b23-8fa3-9126249907fb","1bach-mates","block","sin-determinar","UNMAPPED_BLOCK"
"cand-3dfeab13-96ee-5c5d-8386-94f250f77c73","1bach-mates","block","sin-determinar","UNMAPPED_BLOCK"
"cand-d2eb4adb-1a5d-5a28-a4ea-003c2880889f","3eso","block","sin-determinar","UNMAPPED_BLOCK"
"cand-50095e70-6aa4-5da2-8d9f-d31ee5acf43b","3eso","block","sin-determinar","UNMAPPED_BLOCK"
"cand-26dd72f6-9098-553c-a238-57244acde05f","3eso","block","sin-determinar","UNMAPPED_BLOCK"
"cand-39c9c80c-8719-5375-afd9-9c4a86d1eda5","3eso","block","sin-determinar","UNMAPPED_BLOCK"
"cand-68721ac1-8f85-5646-9891-a767fc1b9e2b","3eso","block","sin-determinar","UNMAPPED_BLOCK"
"cand-939f11d3-ed49-55ae-ae4f-14398595e8f8","3eso","block","sin-determinar","UNMAPPED_BLOCK"
"cand-a56224c7-2157-5c22-8a28-8d5a264f00b2","3eso","block","sin-determinar","UNMAPPED_BLOCK"
"cand-ea55b891-69d4-5839-a234-d011ae0c533c","3eso","block","sin-determinar","UNMAPPED_BLOCK"
"cand-4cf79244-77c8-5be4-bf52-ba717997fc7f","3eso","block","sin-determinar","UNMAPPED_BLOCK"
"cand-484dd9f1-254e-507b-b35b-5014c0161539","3eso","block","sin-determinar","UNMAPPED_BLOCK"
"cand-dfd284bf-5543-5422-8dc3-1b20a81b37fa","3eso","block","sin-determinar","UNMAPPED_BLOCK"
"cand-4509c7bd-3189-557e-b290-7ce74a6be14a","3eso","block","sin-determinar","UNMAPPED_BLOCK"
"cand-3322666e-5d53-535f-a955-9169a941e090","3eso","block","sin-determinar","UNMAPPED_BLOCK"
"cand-d77b1b87-15e7-5515-9c2d-371926c50fdb","3eso","block","sin-determinar","UNMAPPED_BLOCK"
"cand-40647085-e354-5ce9-a68b-e12a57d2037f","3eso","block","sin-determinar","UNMAPPED_BLOCK"
"cand-7ab77aa2-1993-55a9-b186-3ceb11252072","3eso","block","sin-determinar","UNMAPPED_BLOCK"
"cand-3ca4dde5-eea4-53ce-aae6-8edd8a5e4f48","3eso","block","sin-determinar","UNMAPPED_BLOCK"
"cand-448a1563-c4b4-5631-b663-25af4b2d8d5e","3eso","block","sin-determinar","UNMAPPED_BLOCK"
"cand-6566a16c-ee68-5dba-b176-eff92511140b","3eso","block","sin-determinar","UNMAPPED_BLOCK"
"cand-154f3d65-2ea3-56f1-b1e8-2089deb0099d","3eso","block","sin-determinar","UNMAPPED_BLOCK"
"cand-0b1c6274-daba-5e5f-9d07-f2c7c5e53cbc","3eso","block","sin-determinar","UNMAPPED_BLOCK"
"cand-72e7d5ac-15fe-556a-b74c-c2d3d2a27586","3eso","block","sin-determinar","UNMAPPED_BLOCK"
"cand-6d5df723-3042-5954-bdd6-21b75a4de95e","3eso","block","sin-determinar","UNMAPPED_BLOCK"
"cand-09d23941-75aa-537e-8593-f9152fd2ff14","3eso","block","sin-determinar","UNMAPPED_BLOCK"
"cand-c7b12a1c-a09b-5490-9d8c-758e86253d01","3eso","block","sin-determinar","UNMAPPED_BLOCK"
"cand-996a21b8-b798-5ff5-b092-1abb90e6314d","3eso","block","sin-determinar","UNMAPPED_BLOCK"
"cand-ffcc34db-355d-53fb-868c-b8180b6adbdf","3eso","block","sin-determinar","UNMAPPED_BLOCK"
"cand-41455b27-2ccc-5725-83d2-7d67017931a9","3eso","block","sin-determinar","UNMAPPED_BLOCK"
"cand-d2a0efad-f6d6-5039-894c-becc509bc0ce","3eso","block","sin-determinar","UNMAPPED_BLOCK"
"cand-f9c627fc-8886-53b4-9bc7-38649f81db0f","3eso","block","sin-determinar","UNMAPPED_BLOCK"
"cand-5238c271-1f21-510d-983d-9a6cff52848e","3eso","block","sin-determinar","UNMAPPED_BLOCK"
"cand-02987049-e3de-5ede-8f1d-4a89513f00ff","3eso","block","sin-determinar","UNMAPPED_BLOCK"
"cand-3a7b975e-0ef7-5709-9c4e-a78c579de8fd","3eso","block","sin-determinar","UNMAPPED_BLOCK"
"cand-ce59803b-c12e-5288-8d9a-6422c1a81ac9","3eso","block","sin-determinar","UNMAPPED_BLOCK"
"cand-85708700-dcc0-5eb2-93a1-34418667a687","3eso","block","sin-determinar","UNMAPPED_BLOCK"
"cand-d4834395-425b-5dac-affa-d1746cbe9115","3eso","block","sin-determinar","UNMAPPED_BLOCK"
"cand-30e7b2a7-ac78-56ea-83ce-d73594344e1f","3eso","block","sin-determinar","UNMAPPED_BLOCK"
"cand-b2b60af0-d402-503e-af0b-d6f0f1cd2c52","3eso","block","sin-determinar","UNMAPPED_BLOCK"
"cand-b1c9c423-c866-541c-9bfc-5218adeb020b","3eso","block","sin-determinar","UNMAPPED_BLOCK"
"cand-51dc5ea7-b330-584d-9960-09b13295e023","3eso","block","sin-determinar","UNMAPPED_BLOCK"
"cand-d608ff66-9013-5d9f-b21a-7ecc84891896","3eso","block","sin-determinar","UNMAPPED_BLOCK"
"cand-c2babf82-5b69-5b9e-a94d-acbd8fb2f151","3eso","block","sin-determinar","UNMAPPED_BLOCK"
"cand-1c2ce198-06bd-5024-974c-f7890eb1039a","3eso","block","sin-determinar","UNMAPPED_BLOCK"
"cand-81dffb39-414e-517f-a25b-2c56f04a77e1","3eso","block","sin-determinar","UNMAPPED_BLOCK"
"cand-2662341e-3af0-5b33-a6eb-2d898b1fd38d","3eso","block","sin-determinar","UNMAPPED_BLOCK"
"cand-9245bfe5-695b-5007-874d-8871de9e3a72","3eso","block","sin-determinar","UNMAPPED_BLOCK"
"cand-9ebc0bf7-535e-559c-b645-084a0ce9ee9d","3eso","block","sin-determinar","UNMAPPED_BLOCK"
"cand-2157ff62-f380-5fde-ae7d-b51cb67c408f","3eso","block","sin-determinar","UNMAPPED_BLOCK"
"cand-432fd18a-850f-5cfb-997a-46625e59fec5","3eso","block","sin-determinar","UNMAPPED_BLOCK"
"cand-5b6b3ae2-d523-542c-87b1-f4a0c5728bfb","3eso","block","sin-determinar","UNMAPPED_BLOCK"
"cand-d12761fc-8c6e-55ad-9c23-22043135d160","3eso","block","sin-determinar","UNMAPPED_BLOCK"
"cand-d8da6a18-9a80-5bb8-bdef-0a14e4a70cde","3eso","block","sin-determinar","UNMAPPED_BLOCK"
"cand-0d0b725e-5f5a-570f-b7c3-1e4b1f228429","3eso","block","sin-determinar","UNMAPPED_BLOCK"
"cand-b178ad70-cd4a-501b-ad7b-ac1b25fa706f","3eso","block","sin-determinar","UNMAPPED_BLOCK"
"cand-7485779d-4743-5e17-a4ff-a6fa05513666","3eso","block","sin-determinar","UNMAPPED_BLOCK"
"cand-c48ea50f-bf33-52f6-856a-1bc1ec6356ac","3eso","block","sin-determinar","UNMAPPED_BLOCK"
"cand-9b7fbebd-94ed-580a-b877-157d02a0a2f9","3eso","block","sin-determinar","UNMAPPED_BLOCK"
"cand-e93f2d7b-1fe7-551e-a0fc-5ae4a2035ae4","3eso","block","sin-determinar","UNMAPPED_BLOCK"
"cand-f80fd16e-1ef0-5ae1-97c1-21deb594e7cc","3eso","block","sin-determinar","UNMAPPED_BLOCK"
"cand-d98eaf27-72c9-5d9b-833c-9939b734b2e3","3eso","block","sin-determinar","UNMAPPED_BLOCK"
"cand-f445b34d-e2b0-51c5-82ad-f61eda9d95ab","3eso","block","sin-determinar","UNMAPPED_BLOCK"
"cand-93851fb4-9a3f-504e-8b24-4181d1888999","3eso","block","sin-determinar","UNMAPPED_BLOCK"
"cand-c21b7135-d959-5513-947e-1c742fc21ecb","3eso","block","sin-determinar","UNMAPPED_BLOCK"
"cand-639e8ac4-c59c-5fcd-a498-c0dccd90c456","3eso","block","sin-determinar","UNMAPPED_BLOCK"
"cand-ddc5bac0-5f67-57ff-bba5-479bfc7e2c43","3eso","block","sin-determinar","UNMAPPED_BLOCK"
"cand-28e33a34-cf3a-5368-aea0-60c14aa42374","3eso","block","sin-determinar","UNMAPPED_BLOCK"
"cand-eaf183a2-7de3-5ca1-ae97-5184f99ec55f","3eso","block","sin-determinar","UNMAPPED_BLOCK"
"cand-35cc04de-a03a-59ca-8fea-ab6de62793a4","3eso","block","sin-determinar","UNMAPPED_BLOCK"
"cand-a47e25d1-f4c2-52de-911d-1dc8f00ea910","3eso","block","sin-determinar","UNMAPPED_BLOCK"
"cand-ebbc3784-e55c-574e-9b85-1d5bc0d8d801","3eso","block","sin-determinar","UNMAPPED_BLOCK"
"cand-025fd467-0c86-5fe6-b35f-a7439faf272e","3eso","block","sin-determinar","UNMAPPED_BLOCK"
"cand-e01810af-5c5b-58e4-9745-ff20e655067a","3eso","block","sin-determinar","UNMAPPED_BLOCK"
"cand-9a8565b2-d147-5655-844d-338d69fe0cf6","3eso","block","sin-determinar","UNMAPPED_BLOCK"
"cand-470e186d-16b9-5973-b6b9-860cdcb82654","3eso","block","sin-determinar","UNMAPPED_BLOCK"
"cand-2b547f72-aeed-5033-af4d-f834989e33d3","3eso","block","sin-determinar","UNMAPPED_BLOCK"
"cand-db43ecb6-424f-5191-9c76-82c2cbc54752","3eso","block","sin-determinar","UNMAPPED_BLOCK"
"cand-8f08570f-5907-51a1-b330-04db1b179607","3eso","block","sin-determinar","UNMAPPED_BLOCK"
"cand-115fb632-a4ee-54a3-848d-612d0dc22d72","3eso","block","sin-determinar","UNMAPPED_BLOCK"
"cand-198be88d-b06d-5522-861f-2e7981518f96","3eso","block","sin-determinar","UNMAPPED_BLOCK"
"cand-a0fad3d8-8f90-58c6-b1d1-fc4a92b0e8f3","3eso","block","sin-determinar","UNMAPPED_BLOCK"
"cand-128fb2dd-82c2-5b16-b4e4-1a8f8065ee9d","3eso","block","sin-determinar","UNMAPPED_BLOCK"
"cand-1f35b1ed-0f93-5b81-827d-4f51f76c2769","3eso","block","sin-determinar","UNMAPPED_BLOCK"
"cand-5d20a7d0-1dc6-5d91-af46-c56290a7f484","3eso","block","sin-determinar","UNMAPPED_BLOCK"
"cand-41a08f73-c18b-501d-b2f1-d2a6c83bf32b","3eso","block","sin-determinar","UNMAPPED_BLOCK"
"cand-c6d673e0-d677-54d6-961c-8f3f696168f0","3eso","block","sin-determinar","UNMAPPED_BLOCK"
"cand-6b76204b-6ab7-599d-99ad-72b6ea878c30","3eso","block","sin-determinar","UNMAPPED_BLOCK"
"cand-413f0b26-465b-546a-9f75-f24f4ea36a94","3eso","block","sin-determinar","UNMAPPED_BLOCK"
"cand-4bc26f7d-e0de-5e68-8991-0261edaead96","3eso","block","sin-determinar","UNMAPPED_BLOCK"
"cand-5504327f-85a8-5b98-8d43-3784bfdee0c9","3eso","block","sin-determinar","UNMAPPED_BLOCK"
"cand-2308db69-2999-5bb9-85f7-16357d72306e","3eso","block","sin-determinar","UNMAPPED_BLOCK"
"cand-52967f5b-f87a-56b1-8414-62515f36fa93","3eso","block","sin-determinar","UNMAPPED_BLOCK"
"cand-94d53666-0213-5656-a724-935677118c84","3eso","block","sin-determinar","UNMAPPED_BLOCK"
"cand-7ec732d0-149e-5817-8ec8-04c4190c42ff","3eso","block","sin-determinar","UNMAPPED_BLOCK"
"cand-fc2e482e-3557-5dcf-998e-88673ed56ab6","3eso","block","sin-determinar","UNMAPPED_BLOCK"
"cand-fd621156-7ed4-5e7f-9768-39ed95ced113","3eso","block","sin-determinar","UNMAPPED_BLOCK"
"cand-0fcb5665-74d4-5796-b14a-3afd702fb99a","3eso","block","sin-determinar","UNMAPPED_BLOCK"
"cand-bc9d8cb6-9862-571d-8426-4c4e46ac5ceb","3eso","block","sin-determinar","UNMAPPED_BLOCK"
"cand-c800b432-724c-51a4-ad33-2d6b1f85c7f8","3eso","block","sin-determinar","UNMAPPED_BLOCK"
"cand-ad326bb9-8277-5850-aa1d-b52c7b54ae2b","3eso","block","sin-determinar","UNMAPPED_BLOCK"
"cand-e5d03a0f-9059-53e6-a85f-cefb1ba78e28","3eso","block","sin-determinar","UNMAPPED_BLOCK"
"cand-05b78d37-0490-57a1-a58d-c803de927961","3eso","block","sin-determinar","UNMAPPED_BLOCK"
"cand-3ba25380-39e6-5f39-8bd6-6994bf278fd2","3eso","block","sin-determinar","UNMAPPED_BLOCK"
"cand-15a2191e-91ff-56d1-a9bf-8f9e30db2178","3eso","block","sin-determinar","UNMAPPED_BLOCK"
"cand-37a14051-b3c3-5006-a645-ea2d92d973ee","3eso","block","sin-determinar","UNMAPPED_BLOCK"
"cand-36cc70e7-2ed7-5d27-bc8a-0392af23f562","3eso","block","sin-determinar","UNMAPPED_BLOCK"
"cand-98c72b04-9d01-5965-a0f1-e534e47cf5a1","3eso","block","sin-determinar","UNMAPPED_BLOCK"
"cand-5948a0a3-9238-505e-a7dd-0b07ed4230fd","3eso","block","sin-determinar","UNMAPPED_BLOCK"
"cand-f4468047-07f4-5339-9a00-7e51300727f2","3eso","block","sin-determinar","UNMAPPED_BLOCK"
"cand-e2a56454-f0ed-5c6d-a0b8-5fd918ea5e78","3eso","block","sin-determinar","UNMAPPED_BLOCK"
"cand-eca3bdf3-b15b-50c4-a274-b098e9473977","3eso","block","sin-determinar","UNMAPPED_BLOCK"
"cand-23198898-3f9f-5861-abc5-2d06abdebf17","3eso","block","sin-determinar","UNMAPPED_BLOCK"
"cand-c9eed63a-2569-5239-8777-9fa549c5417c","3eso","block","sin-determinar","UNMAPPED_BLOCK"
"cand-2b5a12b1-f6bc-53f6-9910-8ae106d4d2a8","3eso","block","sin-determinar","UNMAPPED_BLOCK"
"cand-422b9644-29c3-5da7-b1b8-f5b264659035","3eso","block","sin-determinar","UNMAPPED_BLOCK"
"cand-90d09b46-89b1-5542-996b-e6ae808dc15f","3eso","block","sin-determinar","UNMAPPED_BLOCK"
"cand-92c9f6ad-9aaa-5833-a9e4-6fed05f50694","3eso","block","sin-determinar","UNMAPPED_BLOCK"
"cand-f5b65e60-fd70-59f6-a6f7-94d8c726f066","3eso","block","sin-determinar","UNMAPPED_BLOCK"
"cand-4e7bbdf4-70e3-597f-89e1-321cee183e3c","3eso","block","sin-determinar","UNMAPPED_BLOCK"
"cand-63727571-ab72-5d0e-b3fc-f41450785294","3eso","block","sin-determinar","UNMAPPED_BLOCK"
"cand-c6abbcf5-46f4-5985-8626-218673421b69","3eso","block","sin-determinar","UNMAPPED_BLOCK"
"cand-5badedaf-2df6-5deb-8caf-881004c99cb9","3eso","block","sin-determinar","UNMAPPED_BLOCK"
"cand-9c61787a-7bea-50e6-bd44-f2c51fcd23b7","3eso","block","sin-determinar","UNMAPPED_BLOCK"
"cand-ff4f5220-11b2-57c5-9803-d6691a4980f4","3eso","block","sin-determinar","UNMAPPED_BLOCK"
"cand-6b58bade-62b1-532d-85c2-a2bf813d65d3","3eso","block","sin-determinar","UNMAPPED_BLOCK"
"cand-c3cf1c6a-4610-5d01-9c56-7171f14f36e7","3eso","block","sin-determinar","UNMAPPED_BLOCK"
"cand-b478f1dc-2a91-5fbb-9609-70dd64d8f154","3eso","block","sin-determinar","UNMAPPED_BLOCK"
"cand-4bf2b9e7-bd11-511e-968a-12363fbee2e3","3eso","block","sin-determinar","UNMAPPED_BLOCK"
"cand-43384254-560f-5ec3-ac60-3d2fe71a93db","3eso","block","sin-determinar","UNMAPPED_BLOCK"
"cand-755e2944-22c0-5710-a1aa-c9bc957c1b8a","3eso","block","sin-determinar","UNMAPPED_BLOCK"
"cand-0adafc34-e78d-5ab7-a14b-1d19c435e076","3eso","block","sin-determinar","UNMAPPED_BLOCK"
"cand-6be42383-c07e-5913-b7c8-e51b44043ece","3eso","block","sin-determinar","UNMAPPED_BLOCK"
"cand-4efd0a8d-a244-5a99-a88c-0d63fa283cce","3eso","block","sin-determinar","UNMAPPED_BLOCK"
"cand-ea24ee7a-3a55-5bd0-8d52-ae8f80f1e3db","3eso","block","sin-determinar","UNMAPPED_BLOCK"
"cand-0edeb10e-a622-5f62-9e60-e15f42cdcbea","3eso","block","sin-determinar","UNMAPPED_BLOCK"
"cand-dc9499c9-a3c0-5491-b81b-ff5d732f957a","3eso","block","sin-determinar","UNMAPPED_BLOCK"
"cand-1c8c99a3-dad1-5060-b3cb-7d6e3d696f21","3eso","block","sin-determinar","UNMAPPED_BLOCK"
"cand-bb558e86-1a12-557d-811f-aa5a79c770f7","3eso","block","sin-determinar","UNMAPPED_BLOCK"
"cand-318191ac-36e2-5c9b-90b9-07fbefc440ea","3eso","block","sin-determinar","UNMAPPED_BLOCK"
"cand-63de65b6-df7e-5094-af7d-b3e95c0714b2","3eso","block","sin-determinar","UNMAPPED_BLOCK"
"cand-baef2207-1c59-5145-9c83-5874ffc23b03","3eso","block","sin-determinar","UNMAPPED_BLOCK"
"cand-5db16c98-d64d-54a9-9f15-4a0f9a485bc2","3eso","block","sin-determinar","UNMAPPED_BLOCK"
"cand-1c7bc185-79ff-50fb-865c-239a3d6e504b","3eso","block","sin-determinar","UNMAPPED_BLOCK"
"cand-757c5641-52f7-562b-a989-b9f1d2277e81","3eso","block","sin-determinar","UNMAPPED_BLOCK"
"cand-a41b39a6-502d-5fa3-b85f-e38c2b14a1c5","3eso","block","sin-determinar","UNMAPPED_BLOCK"
"cand-a7c8be09-b2ad-5fac-8c6f-4bb9201fc1b3","3eso","block","sin-determinar","UNMAPPED_BLOCK"
"cand-2f49accb-da00-5aaf-ab35-7c98feaa9800","3eso","block","sin-determinar","UNMAPPED_BLOCK"
"cand-7e75621b-9e2f-5a46-8b1a-376837c16a7b","3eso","block","sin-determinar","UNMAPPED_BLOCK"
"cand-c7025455-2912-5710-adcb-9bfe197db120","3eso","block","sin-determinar","UNMAPPED_BLOCK"
"cand-4f20bb6a-8f09-58b5-b43e-6ca43042d7fb","3eso","block","sin-determinar","UNMAPPED_BLOCK"
"cand-2bf67c90-75d4-5032-81ba-68288c63cb60","3eso","block","sin-determinar","UNMAPPED_BLOCK"
"cand-2dac6c25-1b1d-5347-91ba-a458c4a9a58f","3eso","block","sin-determinar","UNMAPPED_BLOCK"
"cand-d9a4b5fa-3b53-59e6-882b-b6130580e0d8","3eso","block","sin-determinar","UNMAPPED_BLOCK"
"cand-a7198a7c-3f92-5763-9527-f1c700aa52a4","3eso","block","sin-determinar","UNMAPPED_BLOCK"
"cand-2e0c70cc-81f1-5379-b0b9-1bb1bbb4c342","3eso","block","sin-determinar","UNMAPPED_BLOCK"
"cand-aa063fc8-446b-57b6-b335-f983d55031fa","3eso","block","sin-determinar","UNMAPPED_BLOCK"
"cand-df2eba8a-4a05-50a2-826e-0761795d0988","3eso","block","sin-determinar","UNMAPPED_BLOCK"
"cand-74a909fe-4d2a-5c79-a1cb-8c3b7107af33","3eso","block","sin-determinar","UNMAPPED_BLOCK"
"cand-258388a2-2b3f-52f0-818b-c465b0037c4c","3eso","block","sin-determinar","UNMAPPED_BLOCK"
"cand-ef7fcf63-e3b9-5c7b-8035-194483743f97","3eso","block","sin-determinar","UNMAPPED_BLOCK"
"cand-866b6bcc-4ff8-5415-8d0e-a38dfacb4b95","3eso","block","sin-determinar","UNMAPPED_BLOCK"
"cand-ea79153c-a6aa-56a3-9414-18e4360b4165","3eso","block","sin-determinar","UNMAPPED_BLOCK"
"cand-0a88404c-0d86-5e6e-8679-37d72e037871","3eso","block","sin-determinar","UNMAPPED_BLOCK"
"cand-68550615-14c4-5ee7-832e-be8da192f338","3eso","block","sin-determinar","UNMAPPED_BLOCK"
"cand-820f0917-471c-56d1-bc70-e7b4869f5e52","3eso","block","sin-determinar","UNMAPPED_BLOCK"
"cand-f9e33d50-fbb7-56e0-81fc-84da8b440005","3eso","block","sin-determinar","UNMAPPED_BLOCK"
"cand-1cfb744d-067d-5bad-91fd-5f21f9479d68","3eso","block","sin-determinar","UNMAPPED_BLOCK"
"cand-0fae1195-24e9-5f26-a2cf-f28ad4684af9","3eso","block","sin-determinar","UNMAPPED_BLOCK"
"cand-863abdcb-a3d3-584a-bbb4-78e746011605","3eso","block","sin-determinar","UNMAPPED_BLOCK"
"cand-589c12f5-a444-5d01-9aa5-1d50341b9aa8","3eso","block","sin-determinar","UNMAPPED_BLOCK"
"cand-9747a2f3-abed-57fb-ae3a-6dcb2628e92f","3eso","block","sin-determinar","UNMAPPED_BLOCK"
"cand-81fe0cf1-4069-5080-9192-c44701d76b04","3eso","block","sin-determinar","UNMAPPED_BLOCK"
"cand-210d7def-25c6-5ffc-8f6d-bad44f1f20f4","3eso","block","sin-determinar","UNMAPPED_BLOCK"
"cand-bc6134ef-f870-5428-88b8-ed136ab68e04","3eso","block","sin-determinar","UNMAPPED_BLOCK"
"cand-296d2eb0-368f-55b0-81fb-db2579afefdd","3eso","block","sin-determinar","UNMAPPED_BLOCK"
"cand-0b4aa00b-96a4-569f-8c02-e92c836525e2","3eso","block","sin-determinar","UNMAPPED_BLOCK"
"cand-c47d2931-f5a2-5167-80e8-8f5f2f113417","3eso","block","sin-determinar","UNMAPPED_BLOCK"
"cand-0227d823-a816-51bc-85da-01da57410ea8","3eso","block","sin-determinar","UNMAPPED_BLOCK"
"cand-e5f37e7a-b0dd-5fd5-b27e-628cddd0b7a8","3eso","block","sin-determinar","UNMAPPED_BLOCK"
"cand-e856a268-af36-532e-8d0b-482324ebf2c1","3eso","block","sin-determinar","UNMAPPED_BLOCK"
"cand-55f528ee-f98c-541d-b810-14bacbed9923","3eso","block","sin-determinar","UNMAPPED_BLOCK"
"cand-d82fde06-4f03-5828-889f-734d35e65333","3eso","block","sin-determinar","UNMAPPED_BLOCK"
"cand-06213f42-a561-5593-93f9-73376a017ea7","3eso","block","sin-determinar","UNMAPPED_BLOCK"
"cand-9a5f16c4-6bfc-51a7-a6a7-1c05772dd46c","3eso","block","sin-determinar","UNMAPPED_BLOCK"
"cand-d4f61e67-31d8-59e2-9bf6-2b4012ab6215","3eso","block","sin-determinar","UNMAPPED_BLOCK"
"cand-0c18d4ab-052b-592d-8c85-a8855e26e689","3eso","block","sin-determinar","UNMAPPED_BLOCK"
"cand-00a7fe8e-dfc6-5f1f-a054-5221e26f255e","3eso","block","sin-determinar","UNMAPPED_BLOCK"
"cand-bcdd2aa2-87fb-5b25-b244-edb3e6bb4221","3eso","block","sin-determinar","UNMAPPED_BLOCK"
"cand-7c903193-75ce-52ec-88df-6315fa34dd9c","3eso","block","sin-determinar","UNMAPPED_BLOCK"
"cand-9de9ea34-7904-58d1-8ba3-f2bb0a14c4e8","3eso","block","sin-determinar","UNMAPPED_BLOCK"
"cand-62d80d05-8d27-5955-b086-af9ea99a02f5","3eso","block","sin-determinar","UNMAPPED_BLOCK"
"cand-7743d4e6-c67c-5cbe-b9d2-ca7735faef9c","3eso","block","sin-determinar","UNMAPPED_BLOCK"
"cand-0537b52f-6de7-51cf-b439-c11b9e60a07b","3eso","block","sin-determinar","UNMAPPED_BLOCK"
"cand-dc0c8d8f-1dd3-5af0-b6d9-7e61cc05e80c","3eso","block","sin-determinar","UNMAPPED_BLOCK"
"cand-e47533c9-11fb-5b2a-b0df-efaced2699f6","3eso","block","sin-determinar","UNMAPPED_BLOCK"
"cand-456f0c41-ec8f-5201-b9d2-9e1a908f2e12","3eso","block","sin-determinar","UNMAPPED_BLOCK"
"cand-a11f226a-87bc-5f32-a929-7bdcd05c1fd7","3eso","block","sin-determinar","UNMAPPED_BLOCK"
"cand-abdd5e54-3f41-52fb-a191-d5f6cd738c10","3eso","block","sin-determinar","UNMAPPED_BLOCK"
"cand-d5f7ecd7-43e9-5efc-9f22-a6d7268df462","3eso","block","sin-determinar","UNMAPPED_BLOCK"
"cand-a5f15c01-66d1-5878-becf-a9a323b40de3","3eso","block","sin-determinar","UNMAPPED_BLOCK"
"cand-084e5125-1641-5353-bd12-f2a2b06632b5","3eso","block","sin-determinar","UNMAPPED_BLOCK"
"cand-2a89743c-8d58-50a2-957c-6877037a9db2","3eso","block","sin-determinar","UNMAPPED_BLOCK"
"cand-2e2ac49d-5938-5e94-98c3-13021b7e0438","3eso","block","sin-determinar","UNMAPPED_BLOCK"
"cand-a2d8a20b-f626-5283-8212-98d68ea40bc7","3eso","block","sin-determinar","UNMAPPED_BLOCK"
"cand-0c81e91b-2ee3-5bdd-ace6-4eb8fcc9d0dd","3eso","block","sin-determinar","UNMAPPED_BLOCK"
"cand-c611d918-4e6e-5322-a1fd-98c129e2c7be","3eso","block","sin-determinar","UNMAPPED_BLOCK"
"cand-16b0022a-9e04-5803-a672-c1aa1b412bc9","3eso","block","sin-determinar","UNMAPPED_BLOCK"
"cand-d7037ed3-a1e7-5470-b7d6-da255f0ea34c","3eso","block","sin-determinar","UNMAPPED_BLOCK"
"cand-c298991a-8bd0-50c1-bf07-6daba49611e2","3eso","block","sin-determinar","UNMAPPED_BLOCK"
"cand-a430ecd7-6229-5f11-ac02-0ffbfdaa441c","3eso","block","sin-determinar","UNMAPPED_BLOCK"
"cand-2af0d832-53c7-5f3b-a38e-c7838c08173d","3eso","block","sin-determinar","UNMAPPED_BLOCK"
"cand-1053bc14-7cd7-5321-bc0e-91f69f8a5929","3eso","block","sin-determinar","UNMAPPED_BLOCK"
"cand-74b95bed-0b29-5f84-90e9-0857d652425d","3eso","block","sin-determinar","UNMAPPED_BLOCK"
"cand-f9147755-9bbd-516f-bb13-4ea5624477ba","3eso","block","sin-determinar","UNMAPPED_BLOCK"
"cand-b51621f1-acd9-5d1e-8b5f-beeb44798fe6","3eso","block","sin-determinar","UNMAPPED_BLOCK"
"cand-b8580ff7-a014-5b24-b950-393c8539ecaa","3eso","block","sin-determinar","UNMAPPED_BLOCK"
"cand-a20bdc32-b9ff-5093-a74d-5df22f92b4dc","3eso","block","sin-determinar","UNMAPPED_BLOCK"
"cand-63a06cc7-e32c-5866-ada9-501b07ca6104","3eso","block","sin-determinar","UNMAPPED_BLOCK"
"cand-be70392f-e5dc-591b-bf1b-840023737bf5","3eso","block","sin-determinar","UNMAPPED_BLOCK"
"cand-fc400d8f-c8ae-58d8-91b2-a3c834876887","3eso","block","sin-determinar","UNMAPPED_BLOCK"
"cand-4845d7c5-dd28-57a1-8582-ee654236bde0","3eso","block","sin-determinar","UNMAPPED_BLOCK"
"cand-1dbfbe8c-c315-5ba0-8d22-a1bd3d45c79e","3eso","block","sin-determinar","UNMAPPED_BLOCK"
"cand-e4670ed2-c2a9-56f9-bdde-4e82f5fadfe8","3eso","block","sin-determinar","UNMAPPED_BLOCK"
"cand-6d43284f-d2b2-5355-8fa1-80663c3943cf","3eso","block","sin-determinar","UNMAPPED_BLOCK"
"cand-6f86fc71-d9c5-51e5-a4cd-3d2665c45aae","3eso","block","sin-determinar","UNMAPPED_BLOCK"
"cand-2e9cc326-5319-5bc5-b41f-805beb7803cc","3eso","block","sin-determinar","UNMAPPED_BLOCK"
"cand-d46c2707-a704-56bc-a127-af977cc47f71","3eso","block","sin-determinar","UNMAPPED_BLOCK"
"cand-ed729d89-ee2d-5469-8689-64f37d7d0119","3eso","block","sin-determinar","UNMAPPED_BLOCK"
"cand-e2333974-7fc4-5700-b120-750ac81e4318","3eso","block","sin-determinar","UNMAPPED_BLOCK"
"cand-2b7fc019-3a5f-5c1a-9eb8-457596191296","3eso","block","sin-determinar","UNMAPPED_BLOCK"
"cand-d66e01f5-2463-5492-95a1-c430328403aa","3eso","block","sin-determinar","UNMAPPED_BLOCK"
"cand-b28a6f17-7521-51c8-a075-ed9df447c5bc","3eso","block","sin-determinar","UNMAPPED_BLOCK"
"cand-9bfd514a-267d-56f6-b97b-d3b5ea2575ac","3eso","block","sin-determinar","UNMAPPED_BLOCK"
"cand-f9087ab0-ba80-52b7-ae83-014f342e669b","3eso","block","sin-determinar","UNMAPPED_BLOCK"
"cand-35d67520-6e12-5d71-a431-1697f023bba6","3eso","block","sin-determinar","UNMAPPED_BLOCK"
"cand-c4b68307-ca57-5107-9800-3bfabfd7eb96","3eso","block","sin-determinar","UNMAPPED_BLOCK"
"cand-cfc027e4-fab2-58b3-aca8-b7381f5d0c24","3eso","block","sin-determinar","UNMAPPED_BLOCK"
"cand-e0ff3d4a-ac95-5694-b83a-b26243364249","3eso","block","sin-determinar","UNMAPPED_BLOCK"
"cand-a835eeba-5a6f-5763-9e04-c4d863cf6216","3eso","block","sin-determinar","UNMAPPED_BLOCK"
"cand-7a1e204f-cc62-512b-a333-31f2cfac67b4","3eso","block","sin-determinar","UNMAPPED_BLOCK"
"cand-73cb220f-9c31-5a9c-986d-65133bd8fced","3eso","block","sin-determinar","UNMAPPED_BLOCK"
"cand-796d3779-3932-5653-bd4b-fca4002a3d1c","3eso","block","sin-determinar","UNMAPPED_BLOCK"
"cand-670358e3-3182-5fa4-ab89-546617c6e75a","3eso","block","sin-determinar","UNMAPPED_BLOCK"
"cand-46ed8cc2-4381-5de8-b662-b7a2bc0ce5d5","3eso","block","sin-determinar","UNMAPPED_BLOCK"
"cand-37229b3d-332e-5ad5-8ca6-25b69a4a0f27","3eso","block","sin-determinar","UNMAPPED_BLOCK"
"cand-ea98628b-c849-556b-ad81-8f9349d8f054","3eso","block","sin-determinar","UNMAPPED_BLOCK"
"cand-b014ed53-df76-567e-9d7b-785b4d268c89","3eso","block","sin-determinar","UNMAPPED_BLOCK"
"cand-f563935d-a302-5829-a441-a6b6d86f6a20","3eso","block","sin-determinar","UNMAPPED_BLOCK"
"cand-58534592-f75e-53ac-9eff-d70ff346d8ea","3eso","block","sin-determinar","UNMAPPED_BLOCK"
"cand-1b5124ce-8c43-589c-8f13-0675d5d36a33","3eso","block","sin-determinar","UNMAPPED_BLOCK"
"cand-6af9f139-e7e4-5186-9b83-2d935f9d8dac","3eso","block","sin-determinar","UNMAPPED_BLOCK"
"cand-8737084d-c84d-5465-aa9d-27e62e6d5ffb","3eso","block","sin-determinar","UNMAPPED_BLOCK"
"cand-5abda189-d5bd-5ef6-8d33-58df4a50a9dc","3eso","block","sin-determinar","UNMAPPED_BLOCK"
"cand-389f4bb6-2979-548e-babe-a7d11d6cec78","3eso","block","sin-determinar","UNMAPPED_BLOCK"
"cand-1aca375e-8d88-533f-9e08-64c1a6169d68","3eso","block","sin-determinar","UNMAPPED_BLOCK"
"cand-b2a9162a-2ab0-534d-93ba-58ac310a5fef","3eso","block","sin-determinar","UNMAPPED_BLOCK"
"cand-bde9370b-0360-5480-91fd-22940e1d037c","3eso","block","sin-determinar","UNMAPPED_BLOCK"
"cand-4829a54f-8300-5e2b-9231-b92c260738b6","3eso","block","sin-determinar","UNMAPPED_BLOCK"
"cand-f7889048-251b-59dc-aa65-d9ce7a9d64e7","3eso","block","sin-determinar","UNMAPPED_BLOCK"
"cand-6d055e80-a1c0-537b-8c78-74d53f1d9dbd","3eso","block","sin-determinar","UNMAPPED_BLOCK"
"cand-34c1d7c3-090c-5f3a-8cdb-3d1ab4bb6cfa","3eso","block","sin-determinar","UNMAPPED_BLOCK"
"cand-f8cf5c7f-ed25-5889-bbfa-a8d66f6cc078","3eso","block","sin-determinar","UNMAPPED_BLOCK"
"cand-87445f2a-aff6-5f57-b8cb-adfa9c07cbff","3eso","block","sin-determinar","UNMAPPED_BLOCK"
"cand-2193d8cb-9e29-50d1-a0fc-013124b38d2b","3eso","block","sin-determinar","UNMAPPED_BLOCK"
"cand-768ae73e-2272-5658-88a0-f2a032222b9c","3eso","block","sin-determinar","UNMAPPED_BLOCK"
"cand-6b540507-1798-5a60-a9b7-f47caf08516c","3eso","block","sin-determinar","UNMAPPED_BLOCK"
"cand-b0f234c8-dfac-5a24-9e5a-1e1ff5f2d43d","3eso","block","sin-determinar","UNMAPPED_BLOCK"
"cand-ec92b0b6-ab52-5f46-8269-4e609392f01c","3eso","block","sin-determinar","UNMAPPED_BLOCK"
"cand-deb704c4-f2b4-57e4-b2c8-57ea62a3e8a2","3eso","block","sin-determinar","UNMAPPED_BLOCK"
"cand-6a130c74-95c0-5333-99c1-dcbe4d4e0ec5","3eso","block","sin-determinar","UNMAPPED_BLOCK"
"cand-345bde01-8ec5-523a-8fa9-798c011d0c25","3eso","block","sin-determinar","UNMAPPED_BLOCK"
"cand-5b3f53b6-7947-5c87-9177-1c99e88a7b78","3eso","block","sin-determinar","UNMAPPED_BLOCK"
"cand-f4f58361-4bc8-5372-95ae-ed8a3b67d53e","3eso","block","sin-determinar","UNMAPPED_BLOCK"
"cand-392c20d4-d5e6-5df6-a95e-0a73501b899b","3eso","block","sin-determinar","UNMAPPED_BLOCK"
"cand-b18e576a-fa6f-5d12-9141-74ee2acb1cca","3eso","block","sin-determinar","UNMAPPED_BLOCK"
"cand-04d24af4-7a81-5f31-bafd-780692e0563d","3eso","block","sin-determinar","UNMAPPED_BLOCK"
"cand-413da18f-e777-5c6a-95d9-053b28f2a192","3eso","block","sin-determinar","UNMAPPED_BLOCK"
"cand-e662edde-716b-5c47-8e93-63b09d42b004","3eso","block","sin-determinar","UNMAPPED_BLOCK"
"cand-f2c58b35-dafb-5576-9507-23546a06cfd1","3eso","block","sin-determinar","UNMAPPED_BLOCK"
"cand-5573a834-ff41-5b0b-a539-06e72be9e804","3eso","block","sin-determinar","UNMAPPED_BLOCK"
"cand-060e2375-3e69-5826-b7a9-e116368172e6","3eso","block","sin-determinar","UNMAPPED_BLOCK"
"cand-481323ee-c179-5c91-b40c-8436690fe597","3eso","block","sin-determinar","UNMAPPED_BLOCK"
"cand-5189c00f-760f-5802-b89b-8f3be9fc0ec1","3eso","block","sin-determinar","UNMAPPED_BLOCK"
"cand-e8c8137d-b6f9-586f-a3e6-10e278b9c2ba","3eso","block","sin-determinar","UNMAPPED_BLOCK"
"cand-b0ae43f4-fa44-5309-a935-895180734e20","3eso","block","sin-determinar","UNMAPPED_BLOCK"
"cand-a8c90cd3-d44d-5f5d-9a48-bd322bdfed60","3eso","block","sin-determinar","UNMAPPED_BLOCK"
"cand-ef4cccdc-af2e-5658-ba6d-333c2202a485","3eso","block","sin-determinar","UNMAPPED_BLOCK"
"cand-7f258bf8-e2b5-5247-ae04-3ea55ba5eafb","3eso","block","sin-determinar","UNMAPPED_BLOCK"
"cand-9bfd46ba-7fd0-5987-b365-94f65b5dca39","3eso","block","sin-determinar","UNMAPPED_BLOCK"
"cand-4fe10a3c-807b-5180-aad0-357e251828bf","3eso","block","sin-determinar","UNMAPPED_BLOCK"
"cand-77e60e59-514d-58aa-8c2b-5e0df6efac1b","3eso","block","sin-determinar","UNMAPPED_BLOCK"
"cand-3a8631cb-13b9-57aa-8529-50df7c9de1ba","3eso","block","sin-determinar","UNMAPPED_BLOCK"
"cand-fcd02d5b-ea31-556e-b3a8-ad92981781bd","3eso","block","sin-determinar","UNMAPPED_BLOCK"
"cand-0c04730c-4a45-51a8-b33f-3a55daef817a","3eso","block","sin-determinar","UNMAPPED_BLOCK"
"cand-48ed3669-bec6-5616-9338-66baaeb3cf7f","3eso","block","sin-determinar","UNMAPPED_BLOCK"
"cand-36f65814-146e-583b-a9fc-7acf72eac7c6","3eso","block","sin-determinar","UNMAPPED_BLOCK"
"cand-a67b85db-48ec-5c78-806a-c8a3a05864e6","3eso","block","sin-determinar","UNMAPPED_BLOCK"
"cand-37f37cf5-4f34-59b4-8309-0f991c1a6526","3eso","block","sin-determinar","UNMAPPED_BLOCK"
"cand-c5c7a139-782f-538f-ab6b-640a0b5f5de0","3eso","block","sin-determinar","UNMAPPED_BLOCK"
"cand-a73ab3ca-acc8-5734-9039-0cec1ab89bba","3eso","block","sin-determinar","UNMAPPED_BLOCK"
"cand-724ef8c7-5b8d-565b-b4e9-f44d32934e18","3eso","block","sin-determinar","UNMAPPED_BLOCK"
"cand-412049d4-021e-5b09-ae78-2b43e8d7326d","3eso","block","sin-determinar","UNMAPPED_BLOCK"
"cand-ceb9e60d-03bd-5a5c-8557-6821e42aedfd","3eso","block","sin-determinar","UNMAPPED_BLOCK"
"cand-f7912007-7207-508c-a220-bb0d66144f18","3eso","block","sin-determinar","UNMAPPED_BLOCK"
"cand-51cf1047-8fc2-5654-a696-68781bdf6b04","3eso","block","sin-determinar","UNMAPPED_BLOCK"
"cand-98f457ac-9ab3-55cd-a118-6f62703706e9","3eso","block","sin-determinar","UNMAPPED_BLOCK"
"cand-944cdc9d-9d0e-56d9-9471-4003ad3297e9","3eso","block","sin-determinar","UNMAPPED_BLOCK"
"cand-e4390115-1963-5bb7-8b3b-bdb199f8ea7e","3eso","block","sin-determinar","UNMAPPED_BLOCK"
"cand-a8a5296e-1533-5194-a4be-7505633c820f","3eso","block","sin-determinar","UNMAPPED_BLOCK"
"cand-d148136e-4972-5f46-9859-abd0aacab6f2","3eso","block","sin-determinar","UNMAPPED_BLOCK"
"cand-92d98cca-84a3-5ad4-b0c3-e1aedd2df385","3eso","block","sin-determinar","UNMAPPED_BLOCK"
"cand-63f3a997-3463-5f4c-83cb-4e73ffbd2086","3eso","block","sin-determinar","UNMAPPED_BLOCK"
"cand-a71ce76b-19e5-5a4e-955a-6f16e5107b41","3eso","block","sin-determinar","UNMAPPED_BLOCK"
"cand-d4885344-71c8-5b23-b25b-5a74969fe233","3eso","block","sin-determinar","UNMAPPED_BLOCK"
"cand-a2093962-fa81-5332-a26d-ccf21a5cc11e","3eso","block","sin-determinar","UNMAPPED_BLOCK"
"cand-29b1ea4e-69a8-5aea-b092-dd8cb18065a0","3eso","block","sin-determinar","UNMAPPED_BLOCK"
"cand-a8a0c9e4-c77a-58db-a241-efdbb7ef346d","3eso","block","sin-determinar","UNMAPPED_BLOCK"
"cand-9117e9dc-e95b-5bc7-be98-3499baea53fd","3eso","block","sin-determinar","UNMAPPED_BLOCK"
"cand-cd616db9-9542-5d57-bd05-348426e23762","3eso","block","sin-determinar","UNMAPPED_BLOCK"
"cand-71c484de-cbd6-587a-9cd1-80f5a34462c3","3eso","block","sin-determinar","UNMAPPED_BLOCK"
"cand-456d8cbe-1da7-5653-92ca-c29bffb941c8","3eso","block","sin-determinar","UNMAPPED_BLOCK"
"cand-3d8ecf65-378d-5fa5-b386-43297d81fa3c","3eso","block","sin-determinar","UNMAPPED_BLOCK"
"cand-a22bd48e-c4fd-5941-906e-58f4c7a6cdc3","3eso","block","sin-determinar","UNMAPPED_BLOCK"
"cand-b9bd4de5-b000-5629-804b-9b59b6827642","3eso","block","sin-determinar","UNMAPPED_BLOCK"
"cand-54c2eb51-f388-589e-9093-f80528839858","3eso","block","sin-determinar","UNMAPPED_BLOCK"
"cand-2d329f77-27ae-5b42-8305-be16faff6192","3eso","block","sin-determinar","UNMAPPED_BLOCK"
"cand-8f850b21-247e-5293-b1ba-289594064058","3eso","block","sin-determinar","UNMAPPED_BLOCK"
"cand-79b6f9e8-f8d3-51e4-bd18-2f4cfd2d9a03","3eso","block","sin-determinar","UNMAPPED_BLOCK"
"cand-9941cf23-252b-5f9d-897f-8085fe7349ea","3eso","block","sin-determinar","UNMAPPED_BLOCK"
"cand-499a426b-ecc4-55dc-a368-29de1945ca6e","3eso","block","sin-determinar","UNMAPPED_BLOCK"
"cand-09e2d4d5-14d8-595f-9281-f81e0be71e99","3eso","block","sin-determinar","UNMAPPED_BLOCK"
"cand-393a4a04-2763-5643-abb1-38d79b8204c3","3eso","block","sin-determinar","UNMAPPED_BLOCK"
"cand-76ffac69-f829-5942-ac6d-12d0638fd7c8","3eso","block","sin-determinar","UNMAPPED_BLOCK"
"cand-508c6be2-326b-55a6-b96e-0202af1a9d29","3eso","block","sin-determinar","UNMAPPED_BLOCK"
"cand-598d836b-0868-520a-969a-b46b30ab35f1","3eso","block","sin-determinar","UNMAPPED_BLOCK"
"cand-e614af03-c21f-5120-8fa5-542587eb3a21","3eso","block","sin-determinar","UNMAPPED_BLOCK"
"cand-9af24d8c-1b55-5531-ad54-400b9f3517e4","3eso","block","sin-determinar","UNMAPPED_BLOCK"
"cand-68bbc1df-be2f-56e1-a13f-c8b30df61fee","3eso","block","sin-determinar","UNMAPPED_BLOCK"
"cand-0ea26515-0af1-538e-96bc-6806cc35250f","3eso","block","sin-determinar","UNMAPPED_BLOCK"
"cand-c1ec9c5a-0723-5f74-8387-111343854d44","3eso","block","sin-determinar","UNMAPPED_BLOCK"
"cand-a7a6a41a-b58f-5a17-b3ca-c1ddfff6b9be","3eso","block","sin-determinar","UNMAPPED_BLOCK"
"cand-cfff7c55-ae87-542c-b4d8-3ed39fcf84e4","3eso","block","sin-determinar","UNMAPPED_BLOCK"
"cand-42ffd218-6735-5bc8-b79e-527df01d8591","3eso","block","sin-determinar","UNMAPPED_BLOCK"
"cand-d8453dcb-2614-5582-9ea3-7d7980331da0","3eso","block","sin-determinar","UNMAPPED_BLOCK"
"cand-d9c5f7b5-ba8e-52dc-91da-e84aed0191eb","3eso","block","sin-determinar","UNMAPPED_BLOCK"
"cand-53795f03-3873-57c1-92e1-4d13d42c487e","3eso","block","sin-determinar","UNMAPPED_BLOCK"
"cand-21c6209a-83ec-5b67-9833-f2f68b344644","3eso","block","sin-determinar","UNMAPPED_BLOCK"
"cand-a42e1947-6db3-5146-ba5b-ae8ee397ff9b","3eso","block","sin-determinar","UNMAPPED_BLOCK"
"cand-43457bc3-6981-5a74-a306-816f7f4e905f","3eso","block","sin-determinar","UNMAPPED_BLOCK"
"cand-cbda38e0-6605-5b24-9c7c-f4b6093c2796","3eso","block","sin-determinar","UNMAPPED_BLOCK"
"cand-74f8d182-a57a-55ea-8a1c-460c3e40b462","3eso","block","sin-determinar","UNMAPPED_BLOCK"
"cand-5fb1d7a7-7f63-5c59-b702-582e18841852","3eso","block","sin-determinar","UNMAPPED_BLOCK"
"cand-8458f97f-4b2f-5d3a-a4da-94179bd1b3fd","3eso","block","sin-determinar","UNMAPPED_BLOCK"
"cand-fc9c6de8-bd72-517a-857a-e24f5782fbdf","3eso","block","sin-determinar","UNMAPPED_BLOCK"
"cand-542344e1-91ae-5489-9e11-f3eb6c65f1a9","3eso","block","sin-determinar","UNMAPPED_BLOCK"
"cand-b9f7dbf8-d024-526c-bd45-dbb013674ae2","3eso","block","sin-determinar","UNMAPPED_BLOCK"
"cand-1d84af25-bde7-5b4a-946c-bcac538884af","3eso","block","sin-determinar","UNMAPPED_BLOCK"
"cand-11f6aae1-9253-5c00-a853-f7c11f502d86","3eso","block","sin-determinar","UNMAPPED_BLOCK"
"cand-6f58d52a-2d8e-5b6d-854e-35e2c7f5aa55","3eso","block","sin-determinar","UNMAPPED_BLOCK"
"cand-6d67b8fb-8e2d-5947-99ab-1906778a4413","3eso","block","sin-determinar","UNMAPPED_BLOCK"
"cand-e9cc6a30-4e1c-5d49-b2b9-f23f745381c3","3eso","block","sin-determinar","UNMAPPED_BLOCK"
"cand-0d4b8f67-f7d4-5b28-adfb-a8d2ba78073b","3eso","block","sin-determinar","UNMAPPED_BLOCK"
"cand-c2205ca2-4882-57e5-9720-2882cf2e9fab","3eso","block","sin-determinar","UNMAPPED_BLOCK"
"cand-3823f56b-503c-5010-b6bc-60def3ae404c","3eso","block","sin-determinar","UNMAPPED_BLOCK"
"cand-d17f731b-921a-5a41-ba31-0116c3ad1c06","3eso","block","sin-determinar","UNMAPPED_BLOCK"
"cand-0af5b2b4-904c-5fac-ba5e-6c3fe70a2621","3eso","block","sin-determinar","UNMAPPED_BLOCK"
"cand-cccae33a-1b89-5b86-86fb-cf365d367683","3eso","block","sin-determinar","UNMAPPED_BLOCK"
"cand-ed12f47e-3c16-51eb-90ac-1888e924905a","3eso","block","sin-determinar","UNMAPPED_BLOCK"
"cand-dd3b60ce-9257-5e93-bb12-1fff749bf49b","3eso","block","sin-determinar","UNMAPPED_BLOCK"
"cand-eaea0c51-0a87-56ce-b4b9-78f58da2a2e3","3eso","block","sin-determinar","UNMAPPED_BLOCK"
"cand-b93fdf0e-b577-5704-b6bf-bad00df3cc8d","3eso","block","sin-determinar","UNMAPPED_BLOCK"
"cand-903cb5ba-5d1f-5d38-bf0b-4f35d9977708","3eso","block","sin-determinar","UNMAPPED_BLOCK"
"cand-697337c4-7711-563a-a1d6-ebde3b4d4d14","3eso","block","sin-determinar","UNMAPPED_BLOCK"
"cand-d46166e8-e372-57e7-bd15-6025417c4867","3eso","block","sin-determinar","UNMAPPED_BLOCK"
"cand-0cca2e81-a973-58bc-8907-5304dd7a5dd6","3eso","block","sin-determinar","UNMAPPED_BLOCK"
"cand-5a8a58df-fc16-5740-b574-b5f38983ac1c","3eso","block","sin-determinar","UNMAPPED_BLOCK"
"cand-16cc364a-b607-569a-9bec-7b81aefeaeed","3eso","block","sin-determinar","UNMAPPED_BLOCK"
"cand-01cc1fde-85f7-5bdf-a499-960b17a4cf92","3eso","block","sin-determinar","UNMAPPED_BLOCK"
"cand-437921d0-3cdb-54c0-a406-b020999e1954","3eso","block","sin-determinar","UNMAPPED_BLOCK"
"cand-44ceaabe-2c59-5ad9-93ad-70f02fea37f4","3eso","block","sin-determinar","UNMAPPED_BLOCK"
"cand-83ee6f7f-8400-504c-a3ce-d5b16911163b","3eso","block","sin-determinar","UNMAPPED_BLOCK"
"cand-96f21f68-1580-5d29-b189-5ef988cea4d1","3eso","block","sin-determinar","UNMAPPED_BLOCK"
"cand-16ef9a75-14eb-56c4-96e5-3504b71a7375","3eso","block","sin-determinar","UNMAPPED_BLOCK"
"cand-be4bcbc1-8d1b-5512-b072-44ae1fef3062","3eso","block","sin-determinar","UNMAPPED_BLOCK"
"cand-04ea2d9b-f096-5652-a9ad-d7f9930bce31","3eso","block","sin-determinar","UNMAPPED_BLOCK"
"cand-42f78440-04ce-5d51-abc3-a0219beb8b77","3eso","block","sin-determinar","UNMAPPED_BLOCK"
"cand-566e8b05-e4d1-5831-bed0-1f37dcc9c55d","3eso","block","sin-determinar","UNMAPPED_BLOCK"
"cand-9210156a-ef6d-5029-afd1-6000b6dc57d6","3eso","block","sin-determinar","UNMAPPED_BLOCK"
"cand-02f63191-38ae-59af-ba4a-223816c36d0c","3eso","block","sin-determinar","UNMAPPED_BLOCK"
"cand-5e5a5801-3e30-5d3a-88db-36833aae3de7","3eso","block","sin-determinar","UNMAPPED_BLOCK"
"cand-3fe9cb18-ca33-5a6a-9c51-f80dcd55511d","3eso","block","sin-determinar","UNMAPPED_BLOCK"
"cand-c4fadf94-f44b-5115-8a3e-86dc8e1faf55","3eso","block","sin-determinar","UNMAPPED_BLOCK"
"cand-d05ab0df-1365-54f4-aa5e-40cfbe1c9da3","3eso","block","sin-determinar","UNMAPPED_BLOCK"
"cand-e061c1de-3d16-5d5d-83e1-a8bbb9caf027","3eso","block","sin-determinar","UNMAPPED_BLOCK"
"cand-21f4244a-04bb-5f55-b858-8c907efec383","3eso","block","sin-determinar","UNMAPPED_BLOCK"
"cand-96d665fe-2aeb-5a69-8bcd-140f4116379f","3eso","block","sin-determinar","UNMAPPED_BLOCK"
"cand-a5fa7e04-6239-59a4-9823-62127051c8aa","3eso","block","sin-determinar","UNMAPPED_BLOCK"
"cand-a6585cb9-9bdb-5377-b38b-e097d221894d","3eso","block","sin-determinar","UNMAPPED_BLOCK"
"cand-6315b07f-35ae-5124-a334-2edd6016857a","3eso","block","sin-determinar","UNMAPPED_BLOCK"
"cand-88852b98-83be-5f7b-952a-eab0bb76c3ba","3eso","block","sin-determinar","UNMAPPED_BLOCK"
"cand-9495341a-0dbc-5b69-939f-2d25ef2076ea","3eso","block","sin-determinar","UNMAPPED_BLOCK"
"cand-1cfbd739-2b1d-5fbe-980d-729b07c1a5db","3eso","block","sin-determinar","UNMAPPED_BLOCK"
"cand-e1219e71-e0db-5be2-8292-8378dd46aaaf","3eso","block","sin-determinar","UNMAPPED_BLOCK"
"cand-a376a761-fdbb-51b1-99a8-770dcdfb4f67","3eso","block","sin-determinar","UNMAPPED_BLOCK"
"cand-30168689-b070-58c9-9713-7ff78f356728","3eso","block","sin-determinar","UNMAPPED_BLOCK"
"cand-5c3c63f7-ab02-57fa-b400-2dab22972936","3eso","block","sin-determinar","UNMAPPED_BLOCK"
"cand-beeff735-5079-5b40-946e-e6b40e126c3c","3eso","block","sin-determinar","UNMAPPED_BLOCK"
"cand-40b23fe6-4b21-558e-9474-0597b4477c71","3eso","block","sin-determinar","UNMAPPED_BLOCK"
"cand-f01f5262-61b8-54c0-8faa-8fb55605d57a","3eso","block","sin-determinar","UNMAPPED_BLOCK"
"cand-737634d7-add5-580d-86aa-c131bc0777d4","3eso","block","sin-determinar","UNMAPPED_BLOCK"
"cand-3d12fd4d-ca58-5286-8284-b08c6fc050f4","3eso","block","sin-determinar","UNMAPPED_BLOCK"
"cand-8c5f12a2-8c3d-5a7d-9e5d-b7e1e3152098","3eso","block","sin-determinar","UNMAPPED_BLOCK"
"cand-66f9fb70-ec14-53d6-8f06-18de48a577c5","3eso","block","sin-determinar","UNMAPPED_BLOCK"
"cand-38d977e0-e124-53c5-a400-72a18ab4e230","3eso","block","sin-determinar","UNMAPPED_BLOCK"
"cand-2a960e35-4f7f-5e16-b5f4-5618da3068a9","3eso","block","sin-determinar","UNMAPPED_BLOCK"
"cand-c3afa17d-4c67-504e-a6dc-fb2cf7f1f70a","3eso","block","sin-determinar","UNMAPPED_BLOCK"
"cand-91081e43-d6f7-5deb-b6e9-495d8b8ea54d","3eso","block","sin-determinar","UNMAPPED_BLOCK"
"cand-a28b4068-b1ee-5f59-9489-5a46fb8ff21d","3eso","block","sin-determinar","UNMAPPED_BLOCK"
"cand-2bad96d7-78a7-5b1e-98d4-605834bc5ba1","3eso","block","sin-determinar","UNMAPPED_BLOCK"
"cand-341459bd-b2f1-56a5-91d9-1e2cad95f08b","3eso","block","sin-determinar","UNMAPPED_BLOCK"
"cand-e43ea1f1-6ef4-516a-95db-fe26da2d3c13","3eso","block","sin-determinar","UNMAPPED_BLOCK"
"cand-59f5d6eb-b23b-51f5-8110-ecc23af31015","3eso","block","sin-determinar","UNMAPPED_BLOCK"
"cand-d963478e-190b-51a5-a83e-4d4958a59cce","3eso","block","sin-determinar","UNMAPPED_BLOCK"
"cand-b8a0ca9e-f851-53f8-8456-2e80461c8a0f","3eso","block","sin-determinar","UNMAPPED_BLOCK"
"cand-9f5bc9e3-7723-5d32-8f3d-1bc9f55f7970","3eso","block","sin-determinar","UNMAPPED_BLOCK"
"cand-750f6448-854d-5f8c-9070-36e6ec53893b","3eso","block","sin-determinar","UNMAPPED_BLOCK"
"cand-af659cd5-7d1f-505b-ac13-830098139147","3eso","block","sin-determinar","UNMAPPED_BLOCK"
"cand-dfa11b79-6a0d-52d2-a089-86a715cb7381","3eso","block","sin-determinar","UNMAPPED_BLOCK"
"cand-f7c47e7f-9ccd-551b-b007-6746d5d05374","3eso","block","sin-determinar","UNMAPPED_BLOCK"
"cand-9e51ef93-f774-567d-b273-fc7db62015f2","3eso","block","sin-determinar","UNMAPPED_BLOCK"
"cand-488aade8-cdd3-5c77-84a0-93a1728575f8","3eso","block","sin-determinar","UNMAPPED_BLOCK"
"cand-329c2a12-88d2-5dee-83c2-eb71c91f9c48","3eso","block","sin-determinar","UNMAPPED_BLOCK"
"cand-1adecdb3-824f-5d9d-bf87-c4c5d7bf8e56","3eso","block","sin-determinar","UNMAPPED_BLOCK"
"cand-be7a4e6f-fff6-516c-ba7a-621f8702a814","3eso","block","sin-determinar","UNMAPPED_BLOCK"
"cand-face625b-bd2f-5cac-8ec7-c8eca9d74d44","3eso","block","sin-determinar","UNMAPPED_BLOCK"
"cand-d11a9521-4917-5944-a68b-96613302477a","3eso","block","sin-determinar","UNMAPPED_BLOCK"
"cand-4e2265b3-d2aa-5a1d-a83e-bed7c3d0652a","3eso","block","sin-determinar","UNMAPPED_BLOCK"
"cand-1a79a1ef-0c9d-539c-b2f7-08ddb5d58152","3eso","block","sin-determinar","UNMAPPED_BLOCK"
"cand-e75404af-27ee-5b44-8265-df0d252c5eb9","3eso","block","sin-determinar","UNMAPPED_BLOCK"
"cand-395d9426-001a-5d3f-8f17-0168f8029c19","3eso","block","sin-determinar","UNMAPPED_BLOCK"
"cand-9ffebe4a-aad0-563b-b378-1275d9d2a866","3eso","block","sin-determinar","UNMAPPED_BLOCK"
"cand-daef2d30-0831-5c81-8115-1c631e1688f7","3eso","block","sin-determinar","UNMAPPED_BLOCK"
"cand-d49a585f-20aa-5b87-ae9b-96f0ee2c30ca","3eso","block","sin-determinar","UNMAPPED_BLOCK"
"cand-0dd54c3e-7038-5a9b-8a79-bde0c5d730d2","3eso","block","sin-determinar","UNMAPPED_BLOCK"
"cand-df066dab-bdf1-5dda-b708-f02fe8a1cca1","3eso","block","sin-determinar","UNMAPPED_BLOCK"
"cand-8a85f601-3f5b-551f-a963-8e56674f09ed","3eso","block","sin-determinar","UNMAPPED_BLOCK"
"cand-3909006c-3c70-57ba-b0c6-e96eb170dde4","3eso","block","sin-determinar","UNMAPPED_BLOCK"
"cand-7b9dc70c-3a19-5541-b8b4-9467addd3472","3eso","block","sin-determinar","UNMAPPED_BLOCK"
"cand-078aba01-8640-5303-bdc6-f7c44a4a62e4","3eso","block","sin-determinar","UNMAPPED_BLOCK"
"cand-f99b63ba-9d93-507e-b136-3b1d85ad6d97","3eso","block","sin-determinar","UNMAPPED_BLOCK"
"cand-9aecc7e6-afb7-5b38-a49c-311a497899cc","3eso","block","sin-determinar","UNMAPPED_BLOCK"
"cand-581f19b8-5145-52ee-b6a3-6a6ac669f94b","3eso","block","sin-determinar","UNMAPPED_BLOCK"
"cand-7cec4e41-9010-51ea-a0de-2a4c646ae8b2","3eso","block","sin-determinar","UNMAPPED_BLOCK"
"cand-f5242ab9-f66f-5c6b-a1c5-970d59c309a2","3eso","block","sin-determinar","UNMAPPED_BLOCK"
"cand-6da71ba0-35f7-5322-bd0b-4522ed47a31d","3eso","block","sin-determinar","UNMAPPED_BLOCK"
"cand-56812d38-2502-55dd-999b-316592b51598","3eso","block","sin-determinar","UNMAPPED_BLOCK"
"cand-5d07505a-a6c1-5075-9933-100c379a873d","3eso","block","sin-determinar","UNMAPPED_BLOCK"
"cand-df7e8d40-3309-5f8b-8def-036fd878438c","3eso","block","sin-determinar","UNMAPPED_BLOCK"
"cand-06160fa4-7361-53cd-a553-8ef9c074f454","3eso","block","sin-determinar","UNMAPPED_BLOCK"
"cand-62032791-6880-5873-9382-67abb89cafe0","3eso","block","sin-determinar","UNMAPPED_BLOCK"
"cand-e252f948-6af9-56f8-8a95-b58846ab1db6","3eso","block","sin-determinar","UNMAPPED_BLOCK"
"cand-5ad92a14-c916-5a2a-99b8-79546115e4f5","3eso","block","sin-determinar","UNMAPPED_BLOCK"
"cand-1d683c84-705a-53bc-b2fc-d2701278ad1c","3eso","block","sin-determinar","UNMAPPED_BLOCK"
"cand-542aa994-f5b2-5f61-ae12-b4a31c4fc6c6","3eso","block","sin-determinar","UNMAPPED_BLOCK"
"cand-a71b893b-1946-55c5-a67f-27be35c02fca","3eso","block","sin-determinar","UNMAPPED_BLOCK"
"cand-eae30dec-3446-5e31-b9dd-f518e94da84a","3eso","block","sin-determinar","UNMAPPED_BLOCK"
"cand-f6b9c593-1e98-5fa8-ac73-d95067957fee","3eso","block","sin-determinar","UNMAPPED_BLOCK"
"cand-bb7d66d1-6781-5233-8a36-98d511399fe3","3eso","block","sin-determinar","UNMAPPED_BLOCK"
"cand-7923d1d7-330f-5460-ac57-e3ad39340e77","3eso","block","sin-determinar","UNMAPPED_BLOCK"
"cand-a44d229f-ac87-57fd-807d-e189ef3409a8","3eso","block","sin-determinar","UNMAPPED_BLOCK"
"cand-e8c6fb1f-a6b8-5056-819f-24b5a35c32ac","3eso","block","sin-determinar","UNMAPPED_BLOCK"
"cand-95bb7841-8626-5dec-bacc-fefd8a13a871","3eso","block","sin-determinar","UNMAPPED_BLOCK"
"cand-96d9e9c6-3b9e-5c0b-97bd-e2bea74d75a9","3eso","block","sin-determinar","UNMAPPED_BLOCK"
"cand-d84cd0f7-ff54-51b0-8d37-ff74237e4a4f","3eso","block","sin-determinar","UNMAPPED_BLOCK"
"cand-bb787f0f-35c3-5a59-a882-318fb6ba7647","3eso","block","sin-determinar","UNMAPPED_BLOCK"
"cand-8f29e369-eb7d-5b41-95c5-409f1e25539a","3eso","block","sin-determinar","UNMAPPED_BLOCK"
"cand-121ebf17-5319-53d2-a36a-a16f86b3225c","3eso","block","sin-determinar","UNMAPPED_BLOCK"
"cand-f5ee3b4e-eec3-52b7-af01-6d0abcb241c4","3eso","block","sin-determinar","UNMAPPED_BLOCK"
"cand-1648ffeb-e12d-525b-b284-b6bca4deacfc","3eso","block","sin-determinar","UNMAPPED_BLOCK"
"cand-25353b70-2653-5628-b4f2-5584742177a5","3eso","block","sin-determinar","UNMAPPED_BLOCK"
"cand-655e5b6f-b525-52b7-90fc-f9572e6b826b","3eso","block","sin-determinar","UNMAPPED_BLOCK"
"cand-4798da36-47ff-54ca-86af-6d7d715cbb12","3eso","block","sin-determinar","UNMAPPED_BLOCK"
"cand-2a87ba23-0ac0-5ea2-ba90-e92a61801aea","3eso","block","sin-determinar","UNMAPPED_BLOCK"
"cand-1708e68c-6241-5bff-ac34-e4a141229ed3","3eso","block","sin-determinar","UNMAPPED_BLOCK"
"cand-81a40d59-ea79-5dc8-b767-531d1507637a","3eso","block","sin-determinar","UNMAPPED_BLOCK"
"cand-7a4244a3-9807-5e0b-b5c9-b1ae14624102","3eso","block","sin-determinar","UNMAPPED_BLOCK"
"cand-cfb78bae-bc77-5dbb-8298-64589c100247","3eso","block","sin-determinar","UNMAPPED_BLOCK"
"cand-6609bd6c-bb5e-5b56-80fc-18b3d3d1c718","3eso","block","sin-determinar","UNMAPPED_BLOCK"
"cand-18d65eb8-02d3-564b-8d18-09fa5b111842","3eso","block","sin-determinar","UNMAPPED_BLOCK"
"cand-d914d268-a2b6-5639-a248-c63973a48be3","3eso","block","sin-determinar","UNMAPPED_BLOCK"
"cand-5a5e4328-0159-5884-88ee-b2c2160fb594","3eso","block","sin-determinar","UNMAPPED_BLOCK"
"cand-6b0f0b86-0429-5828-9c4e-04bb792d2dbc","3eso","block","sin-determinar","UNMAPPED_BLOCK"
"cand-a64eb673-a8e2-5d6b-88ea-987555e8af67","3eso","block","sin-determinar","UNMAPPED_BLOCK"
"cand-28e76e33-97ed-5359-9cba-3f315e598587","3eso","block","sin-determinar","UNMAPPED_BLOCK"
"cand-7c353aa5-cd38-5907-953b-df64d1d0c42e","3eso","block","sin-determinar","UNMAPPED_BLOCK"
"cand-52cb00fc-d328-5f0d-8385-1d2ed152c133","3eso","block","sin-determinar","UNMAPPED_BLOCK"
"cand-cb583e92-0e7e-5a2b-b57f-137a58be8bed","3eso","block","sin-determinar","UNMAPPED_BLOCK"
"cand-e0bb6e88-eaff-5034-9c56-2afa44a2fd20","3eso","block","sin-determinar","UNMAPPED_BLOCK"
"cand-28d1e9d4-4824-5d15-83f8-55eac80b5176","3eso","block","sin-determinar","UNMAPPED_BLOCK"
"cand-c0d59961-be91-536c-806e-16e66893263f","3eso","block","sin-determinar","UNMAPPED_BLOCK"
"cand-38333bd1-2fc3-5809-993c-cc48673b4028","3eso","block","sin-determinar","UNMAPPED_BLOCK"
"cand-e7fd80e3-5f8c-5ef7-92f8-07bf7d42bc6d","3eso","block","sin-determinar","UNMAPPED_BLOCK"
"cand-7b73476e-8983-542b-825c-9e926b2094e0","3eso","block","sin-determinar","UNMAPPED_BLOCK"
"cand-95ae6ec6-cad6-5647-9dca-aa38f84e537e","3eso","block","sin-determinar","UNMAPPED_BLOCK"
"cand-dea4ecd8-93e9-57e6-919d-1ea462c391e1","3eso","block","sin-determinar","UNMAPPED_BLOCK"
"cand-cb9837b5-661a-5b4d-8c88-39491c4a74a5","3eso","block","sin-determinar","UNMAPPED_BLOCK"
"cand-e375e0ae-2ad6-568b-b252-2e3a09ef2ba3","3eso","block","sin-determinar","UNMAPPED_BLOCK"
"cand-408ed703-f98b-504d-9777-7d67b876e3eb","3eso","block","sin-determinar","UNMAPPED_BLOCK"
"cand-11cc64da-dcc5-5ee8-8096-0bb48ce2b97e","3eso","block","sin-determinar","UNMAPPED_BLOCK"
"cand-6f443ff8-bdaa-5bd0-8187-a1bd8dcca414","3eso","block","sin-determinar","UNMAPPED_BLOCK"
"cand-80d20c4f-20f4-551d-878c-ea3ef8e4f504","3eso","block","sin-determinar","UNMAPPED_BLOCK"
"cand-4bb529d2-dc1d-5929-9b5b-1a021afcf2be","3eso","block","sin-determinar","UNMAPPED_BLOCK"
"cand-70081464-f142-596e-bb7f-040856839e88","3eso","block","sin-determinar","UNMAPPED_BLOCK"
"cand-12a524d8-ec7b-5e76-8650-56f30b9b8cdc","3eso","block","sin-determinar","UNMAPPED_BLOCK"
"cand-bd63ec36-5147-5fbe-ba5e-e70d8442a792","3eso","block","sin-determinar","UNMAPPED_BLOCK"
"cand-4a4ff5d9-bbfa-5b84-acf4-18d69b637269","3eso","block","sin-determinar","UNMAPPED_BLOCK"
"cand-8628cfdf-dcbb-5364-bc94-1cc2318148c3","3eso","block","sin-determinar","UNMAPPED_BLOCK"
"cand-885a0f8a-1b89-50f4-a0c5-f919fbeffe28","3eso","block","sin-determinar","UNMAPPED_BLOCK"
"cand-a1ccb7fe-1f73-5968-aa8d-af285cebea7a","3eso","block","sin-determinar","UNMAPPED_BLOCK"
"cand-6f1f7ab3-9563-52ab-8fff-ced83b09aec5","3eso","block","sin-determinar","UNMAPPED_BLOCK"
"cand-5ceae1cc-2736-5bcd-810d-89a4ba908320","3eso","block","sin-determinar","UNMAPPED_BLOCK"
"cand-8ca890c0-8d0e-5d6e-a05b-7eae0c8d688f","3eso","block","sin-determinar","UNMAPPED_BLOCK"
"cand-eb9565dd-9983-5a38-a293-0faf386aba67","3eso","block","sin-determinar","UNMAPPED_BLOCK"
"cand-b28d7d27-8ad3-5295-a88a-c71f65b822b4","3eso","block","sin-determinar","UNMAPPED_BLOCK"
"cand-979ae663-6621-5a92-b09d-4d1f2ef81095","3eso","block","sin-determinar","UNMAPPED_BLOCK"
"cand-2ceaa92e-2dd7-583c-8d35-d08fe971e0bb","3eso","block","sin-determinar","UNMAPPED_BLOCK"
"cand-642fb025-0b3c-5ce4-8a97-815d6712dde4","3eso","block","sin-determinar","UNMAPPED_BLOCK"
"cand-d55d771b-6c62-5c53-b3b3-81a8c7425f26","3eso","block","sin-determinar","UNMAPPED_BLOCK"
"cand-5ecab991-513c-5667-98dd-e17ad4bde836","3eso","block","sin-determinar","UNMAPPED_BLOCK"
"cand-8053b467-16f8-5b5d-968c-978d9ac188b4","3eso","block","sin-determinar","UNMAPPED_BLOCK"
"cand-4301a916-4097-5ffd-92f2-67164c0825ef","3eso","block","sin-determinar","UNMAPPED_BLOCK"
"cand-ca70b15e-7a7c-5939-8d0e-e5addc87f1c9","3eso","block","sin-determinar","UNMAPPED_BLOCK"
"cand-c88bfbed-59b9-5b2f-ab21-9da854c0c42b","3eso","block","sin-determinar","UNMAPPED_BLOCK"
"cand-2a01a759-d16c-57ca-af36-5eca1517da81","3eso","block","sin-determinar","UNMAPPED_BLOCK"
"cand-8adb927b-dab2-51f9-8830-de10932b3f63","3eso","block","sin-determinar","UNMAPPED_BLOCK"
"cand-8b95c650-f548-5d29-9499-20d7a2414a20","3eso","block","sin-determinar","UNMAPPED_BLOCK"
"cand-a30f134c-5b39-508b-a882-e5543053cd79","3eso","block","sin-determinar","UNMAPPED_BLOCK"
"cand-8208a331-0c3e-5b70-8959-1fd4e9e7f437","3eso","block","sin-determinar","UNMAPPED_BLOCK"
"cand-b8781c82-7487-56da-9dd2-7579a81841c6","3eso","block","sin-determinar","UNMAPPED_BLOCK"
"cand-f39c2e6d-8000-5374-a089-406d10cd4efe","3eso","block","sin-determinar","UNMAPPED_BLOCK"
"cand-f5f15e0f-9455-5ea6-9c28-50eaf5a3828d","3eso","block","sin-determinar","UNMAPPED_BLOCK"
"cand-30da2185-81c1-581b-88ac-d1c8b10d166a","3eso","block","sin-determinar","UNMAPPED_BLOCK"
"cand-0f25dac7-78c7-5e6c-842b-f3b87a48baa4","3eso","block","sin-determinar","UNMAPPED_BLOCK"
"cand-88a9fb54-f580-52b2-8492-2fe46e276bc8","3eso","block","sin-determinar","UNMAPPED_BLOCK"
"cand-577dcd27-1f10-513d-becb-f5b5e7dd1b40","3eso","block","sin-determinar","UNMAPPED_BLOCK"
"cand-5e82f5cc-002b-5595-932a-102d6a965fdc","3eso","block","sin-determinar","UNMAPPED_BLOCK"
"cand-5aae7f50-fb69-51d3-98b9-1c28cf3b6e1f","3eso","block","sin-determinar","UNMAPPED_BLOCK"
"cand-733b7b6b-ad44-5e3c-9671-319cbd714786","3eso","block","sin-determinar","UNMAPPED_BLOCK"
"cand-07021c9e-b52c-53e1-b9cf-f2e62933339c","3eso","block","sin-determinar","UNMAPPED_BLOCK"
"cand-18982199-65f8-5202-8a4a-058582cf1428","3eso","block","sin-determinar","UNMAPPED_BLOCK"
"cand-fcafaf06-ba84-5cfa-a242-c42f4999a879","3eso","block","sin-determinar","UNMAPPED_BLOCK"
"cand-4603c90c-04e9-53e2-86d6-5878e8f8a84a","3eso","block","sin-determinar","UNMAPPED_BLOCK"
"cand-157127c6-4f96-5a53-838d-509da16c231b","3eso","block","sin-determinar","UNMAPPED_BLOCK"
"cand-c8c1c3b5-3715-5b36-a639-b8ed6bb32e67","3eso","block","sin-determinar","UNMAPPED_BLOCK"
"cand-03ce7a54-7c3b-5812-b9fc-a30c9aee0db2","3eso","block","sin-determinar","UNMAPPED_BLOCK"
"cand-ed9af521-c5d2-5c27-b9e1-23152e13f380","3eso","block","sin-determinar","UNMAPPED_BLOCK"
"cand-20c96f0e-8f88-581c-9652-d9f49e903093","3eso","block","sin-determinar","UNMAPPED_BLOCK"
"cand-fe7a4a19-599d-5ae6-b7f5-720e5c7fca45","3eso","block","sin-determinar","UNMAPPED_BLOCK"
"cand-b6382f11-cab0-5d14-ba38-f26c845245f8","3eso","block","sin-determinar","UNMAPPED_BLOCK"
"cand-ec28d8ee-42d9-5226-98b3-19b379bdbb75","3eso","block","sin-determinar","UNMAPPED_BLOCK"
"cand-24bebbd5-38cd-5fe5-b518-85160c0ca6cc","3eso","block","sin-determinar","UNMAPPED_BLOCK"
"cand-c283a292-023d-5fd7-800a-aa2fd6177a54","3eso","block","sin-determinar","UNMAPPED_BLOCK"
"cand-08945780-e7c5-5f5d-99b5-786ed74d4914","3eso","block","sin-determinar","UNMAPPED_BLOCK"
"cand-17d3f53d-a845-502a-bce6-566bd58cfa84","3eso","block","sin-determinar","UNMAPPED_BLOCK"
"cand-614e84e5-7e6b-57d2-87b1-2a980bebd476","3eso","block","sin-determinar","UNMAPPED_BLOCK"
"cand-73559453-9892-562a-b8ac-225d03843f9e","3eso","block","sin-determinar","UNMAPPED_BLOCK"
"cand-a982bbbe-00dd-5f9a-95f6-5675d8be52da","3eso","block","sin-determinar","UNMAPPED_BLOCK"
"cand-13af8948-d6b5-50bf-9036-4b0aa0120da5","3eso","block","sin-determinar","UNMAPPED_BLOCK"
"cand-ee247673-7e6f-5dc5-a2b9-c075d4056a5e","3eso","block","sin-determinar","UNMAPPED_BLOCK"
"cand-b4e7e3a2-47f0-5834-a575-b552b161874f","3eso","block","sin-determinar","UNMAPPED_BLOCK"
"cand-b9355d5e-bfa5-5238-951e-d84c40bd2826","3eso","block","sin-determinar","UNMAPPED_BLOCK"
"cand-8bbf8ad9-0e99-59dc-819e-fafad3d910d4","3eso","block","sin-determinar","UNMAPPED_BLOCK"
"cand-9b31ea53-2a3d-5529-a11e-5e7f11840363","3eso","block","sin-determinar","UNMAPPED_BLOCK"
"cand-6543c805-eed5-5e56-968d-5bef015d4b72","3eso","block","sin-determinar","UNMAPPED_BLOCK"
"cand-15263675-aa99-5651-a5f5-035827c50d1b","3eso","block","sin-determinar","UNMAPPED_BLOCK"
"cand-86f69a58-2b96-5490-8b09-c7c0fa7f1652","3eso","block","sin-determinar","UNMAPPED_BLOCK"
"cand-46beb676-a492-5229-81fe-2ffc582ce17a","3eso","block","sin-determinar","UNMAPPED_BLOCK"
"cand-9145754b-8d6d-511e-b10a-7e888d4626df","3eso","block","sin-determinar","UNMAPPED_BLOCK"
"cand-3fed9a16-dc89-5d60-b293-f5133f176ef8","3eso","block","sin-determinar","UNMAPPED_BLOCK"
"cand-08bde41f-eaaf-5d07-980c-42d7a4474c8a","3eso","block","sin-determinar","UNMAPPED_BLOCK"
"cand-5c8c1323-ea0a-5919-9ac5-ba5879f46d7a","3eso","block","sin-determinar","UNMAPPED_BLOCK"
"cand-6188b05c-1bdb-50c7-9615-14f49cc8ef29","3eso","block","sin-determinar","UNMAPPED_BLOCK"
"cand-1d2716dc-97f2-5d34-9fdf-f89f6734e2fd","3eso","block","sin-determinar","UNMAPPED_BLOCK"
"cand-0e7e811a-7dd9-5f61-b570-1f1401fb552f","3eso","block","sin-determinar","UNMAPPED_BLOCK"
"cand-4d929e2a-f891-5a30-8511-453db8f75431","3eso","block","sin-determinar","UNMAPPED_BLOCK"
"cand-876cb842-c8a9-5a62-a979-98fbb6d86597","3eso","block","sin-determinar","UNMAPPED_BLOCK"
"cand-f60beb78-0469-5c42-8169-ed32200b328e","3eso","block","sin-determinar","UNMAPPED_BLOCK"
"cand-030b48a8-e578-5dd8-a9c6-8dd953a42425","3eso","block","sin-determinar","UNMAPPED_BLOCK"
"cand-f1a8e100-f524-5c7c-869f-acb4cb97b09d","3eso","block","sin-determinar","UNMAPPED_BLOCK"
"cand-57ea6442-e1bf-5c43-b7d2-91c684300d22","3eso","block","sin-determinar","UNMAPPED_BLOCK"
"cand-29147d9c-95c6-53a0-87b8-9b814909be55","3eso","block","sin-determinar","UNMAPPED_BLOCK"
"cand-a24d5f3f-389e-5f26-8cc0-2a3c5d94178e","3eso","block","sin-determinar","UNMAPPED_BLOCK"
"cand-57b2ea4f-d17a-589e-bbf6-876995b7bb81","3eso","block","sin-determinar","UNMAPPED_BLOCK"
"cand-39bd5740-8d59-5228-902a-721e6626fc6e","3eso","block","sin-determinar","UNMAPPED_BLOCK"
"cand-2040dff1-c270-5759-84e2-f05d4d9fb74a","3eso","block","sin-determinar","UNMAPPED_BLOCK"
"cand-6f74f6cf-94d3-560b-a444-2783bf6d8a26","3eso","block","sin-determinar","UNMAPPED_BLOCK"
"cand-c88acf24-4825-51db-84b9-7f07f6e5ee42","3eso","block","sin-determinar","UNMAPPED_BLOCK"
"cand-70ea028c-c675-581e-968d-1711a855d5d7","3eso","block","sin-determinar","UNMAPPED_BLOCK"
"cand-2dd25364-c851-5e30-b888-40a99d773d22","3eso","block","sin-determinar","UNMAPPED_BLOCK"
"cand-467f02c9-8514-500b-9ae6-821834d3757d","3eso","block","sin-determinar","UNMAPPED_BLOCK"
"cand-7c3db30a-0c9e-564c-a8e5-d28d808f17db","3eso","block","sin-determinar","UNMAPPED_BLOCK"
"cand-0f3112e0-6f4a-5ba0-bcee-1658de74a6ca","3eso","block","sin-determinar","UNMAPPED_BLOCK"
"cand-fd737178-4be9-5f64-9e61-b6134072aaea","3eso","block","sin-determinar","UNMAPPED_BLOCK"
"cand-c62ee7e8-04e0-5608-a0f6-52318161544f","3eso","block","sin-determinar","UNMAPPED_BLOCK"
"cand-aaf8ba75-8693-5cc9-b055-e04f27375154","3eso","block","sin-determinar","UNMAPPED_BLOCK"
"cand-b36ddfb1-c551-520f-af18-4c750038aaf6","3eso","block","sin-determinar","UNMAPPED_BLOCK"
"cand-8364e2c5-d471-5c8a-9171-cc9a0e97fa12","3eso","block","sin-determinar","UNMAPPED_BLOCK"
"cand-4149a22b-48d2-5b7e-abdf-a3a41bcc01c8","3eso","block","sin-determinar","UNMAPPED_BLOCK"
"cand-b61cdf0b-b15b-54b7-99a2-dbe7723d90f2","3eso","block","sin-determinar","UNMAPPED_BLOCK"
"cand-7c770ff2-4ed1-5fa4-980f-af9809372bab","3eso","block","sin-determinar","UNMAPPED_BLOCK"
"cand-b2d46835-d46c-5396-b163-64cfa70221fc","3eso","block","sin-determinar","UNMAPPED_BLOCK"
"cand-000de040-d5ce-5cda-adca-060c3555f5d5","3eso","block","sin-determinar","UNMAPPED_BLOCK"
"cand-a1a65ec6-b4e2-5806-bd03-e7b5ee1fe645","3eso","block","sin-determinar","UNMAPPED_BLOCK"
"cand-1b8894eb-775e-52b5-a808-533d353d1b13","3eso","block","sin-determinar","UNMAPPED_BLOCK"
"cand-f8c5ae67-2789-58c6-9eab-c78f36e904bd","3eso","block","sin-determinar","UNMAPPED_BLOCK"
"cand-d838277c-021d-51d0-880f-9df90e1f2de6","3eso","block","sin-determinar","UNMAPPED_BLOCK"
"cand-66ea3509-1ee2-5c19-a418-5f198d2d3b55","3eso","block","sin-determinar","UNMAPPED_BLOCK"
"cand-d20f2160-6e4a-5288-ba50-f5edbad0583a","3eso","block","sin-determinar","UNMAPPED_BLOCK"
"cand-ef549ec2-51b4-5026-9a9a-84adf94a2c24","3eso","block","sin-determinar","UNMAPPED_BLOCK"
"cand-3a860dcb-cd63-5591-8536-a059f45e7134","3eso","block","sin-determinar","UNMAPPED_BLOCK"
"cand-44e697fb-36ac-590c-a62c-94370f7b5cc7","3eso","block","sin-determinar","UNMAPPED_BLOCK"
"cand-fafb2c30-ff3a-5f4e-b5ef-d20cdd1d308e","3eso","block","sin-determinar","UNMAPPED_BLOCK"
"cand-7be0ea69-7ce4-58d1-9cba-8ea60e382922","3eso","block","sin-determinar","UNMAPPED_BLOCK"
"cand-c95e38c2-abf4-51b4-97e0-2e14791801a6","3eso","block","sin-determinar","UNMAPPED_BLOCK"
"cand-805464ee-7f2d-532a-9155-04d384b8d684","3eso","block","sin-determinar","UNMAPPED_BLOCK"
"cand-a49e8bed-94e1-5529-b31c-077553f632c0","3eso","block","sin-determinar","UNMAPPED_BLOCK"
"cand-a37d50fd-b7cd-5719-a9ae-f170b4099a7e","3eso","block","sin-determinar","UNMAPPED_BLOCK"
"cand-1b9dff51-9845-59d4-9bed-aa0f66c49bd9","3eso","block","sin-determinar","UNMAPPED_BLOCK"
"cand-c7da80b9-3962-5652-a6fb-f6021869aeaf","3eso","block","sin-determinar","UNMAPPED_BLOCK"
"cand-da13aea3-470d-543c-b629-30571deb73c1","3eso","block","sin-determinar","UNMAPPED_BLOCK"
"cand-65f49a64-5006-5636-a6f9-cfe0dcad4426","3eso","block","sin-determinar","UNMAPPED_BLOCK"
"cand-303e25f9-98b8-5b19-888a-04832010a41e","3eso","block","sin-determinar","UNMAPPED_BLOCK"
"cand-85a26c1e-89de-5644-9e05-20fc5ce29161","3eso","block","sin-determinar","UNMAPPED_BLOCK"
"cand-0f20b64c-9c6a-5844-bc97-202d8e94e6fb","3eso","block","sin-determinar","UNMAPPED_BLOCK"
"cand-1a0a404a-0e3f-5d07-9be1-fe9abf942913","3eso","block","sin-determinar","UNMAPPED_BLOCK"
"cand-9b71c842-97d0-5558-bb36-91f730b83e41","3eso","block","sin-determinar","UNMAPPED_BLOCK"
"cand-0aa23189-9908-5f6e-b276-a298f43ab035","3eso","block","sin-determinar","UNMAPPED_BLOCK"
"cand-c26dd962-7a25-5676-8092-a1bfb1b4d9ec","3eso","block","sin-determinar","UNMAPPED_BLOCK"
"cand-d19eb805-323a-5997-9cdd-b789acdec0b7","3eso","block","sin-determinar","UNMAPPED_BLOCK"
"cand-4ca504fb-9ac8-59fb-a0bb-8524bbe8524a","3eso","block","sin-determinar","UNMAPPED_BLOCK"
"cand-a21a6047-44fc-5832-a931-dfca12736aec","3eso","block","sin-determinar","UNMAPPED_BLOCK"
"cand-bcbe767e-fd9a-51e4-bd49-ff8ef12e0e3c","3eso","block","sin-determinar","UNMAPPED_BLOCK"
"cand-28caaae5-b4c7-5500-9f0a-f3d872679088","3eso","block","sin-determinar","UNMAPPED_BLOCK"
"cand-caf83841-09e1-570f-af65-068ee74f6307","3eso","block","sin-determinar","UNMAPPED_BLOCK"
"cand-5c8e3732-0e5e-5aa6-bd87-1bab164e6cfe","3eso","block","sin-determinar","UNMAPPED_BLOCK"
"cand-b90c1887-20f3-5f4b-a69f-dbbc805a81ce","3eso","block","sin-determinar","UNMAPPED_BLOCK"
"cand-51eee247-cb62-52c7-8d10-82549154a436","3eso","block","sin-determinar","UNMAPPED_BLOCK"
"cand-0f873fdb-e559-5cec-82a9-ca896c091fac","3eso","block","sin-determinar","UNMAPPED_BLOCK"
"cand-9bb04084-1b8a-5610-a06c-488bc3fc7387","3eso","block","sin-determinar","UNMAPPED_BLOCK"
"cand-8ed85877-f569-59d7-95b0-d2789dd0415c","3eso","block","sin-determinar","UNMAPPED_BLOCK"
"cand-c3561ad1-ea0a-5905-a482-1430576e8e38","3eso","block","sin-determinar","UNMAPPED_BLOCK"
"cand-62189e19-eb03-5fa2-87c1-4b2dac04cd54","3eso","block","sin-determinar","UNMAPPED_BLOCK"
"cand-2ee93cbc-31f7-56c7-81b8-f5eb541878d0","3eso","block","sin-determinar","UNMAPPED_BLOCK"
"cand-777da7c4-4bbb-5ea7-9f74-010e83144e8e","3eso","block","sin-determinar","UNMAPPED_BLOCK"
"cand-ac677ead-3659-5c13-84db-560ae531777a","3eso","block","sin-determinar","UNMAPPED_BLOCK"
"cand-2c4f854a-86ec-5d75-9a6d-f0888ae194fb","3eso","block","sin-determinar","UNMAPPED_BLOCK"
"cand-8183ec46-d438-54d4-b7d0-0bb3f9825651","3eso","block","sin-determinar","UNMAPPED_BLOCK"
"cand-50106e03-f19b-5436-894a-101ce5d6af3e","3eso","block","sin-determinar","UNMAPPED_BLOCK"
"cand-fe086673-48e6-5b14-be43-0df3a2f84f92","3eso","block","sin-determinar","UNMAPPED_BLOCK"
"cand-ced7121f-0025-5757-8866-d5251c7a2026","3eso","block","sin-determinar","UNMAPPED_BLOCK"
"cand-991bed7c-43ad-59b4-a054-021a63af33b0","3eso","block","sin-determinar","UNMAPPED_BLOCK"
"cand-51882061-c0fb-50f8-8db4-51f6ad96ebfe","3eso","block","sin-determinar","UNMAPPED_BLOCK"
"cand-ec6944e5-19a6-546d-9b80-2a503f4e9f0a","3eso","block","sin-determinar","UNMAPPED_BLOCK"
"cand-3175a665-0537-54ce-af2d-dd4ce8777c3e","3eso","block","sin-determinar","UNMAPPED_BLOCK"
"cand-37bddd23-72e1-596b-b377-c5243d00e8cf","3eso","block","sin-determinar","UNMAPPED_BLOCK"
"cand-4f550ecf-2ec4-5d91-aa9e-d98f37088066","3eso","block","sin-determinar","UNMAPPED_BLOCK"
"cand-39800fdb-87b3-5295-a8b2-6527df67f8c3","3eso","block","sin-determinar","UNMAPPED_BLOCK"
"cand-ebaf4606-cea4-5c47-8309-e720400a0974","3eso","block","sin-determinar","UNMAPPED_BLOCK"
"cand-08c2260a-6bf9-59d4-85ff-bbba09e5cf4d","3eso","block","sin-determinar","UNMAPPED_BLOCK"
"cand-2df059f2-922c-505b-b2bb-162f4f8d9222","3eso","block","sin-determinar","UNMAPPED_BLOCK"
"cand-11ce4ec5-a756-5f92-9f00-fde3696a3f8d","3eso","block","sin-determinar","UNMAPPED_BLOCK"
"cand-4aae1c61-4031-5803-b9ce-221eb3113167","3eso","block","sin-determinar","UNMAPPED_BLOCK"
"cand-0d3b43ba-4864-5dc5-b10d-c033d0939010","3eso","block","sin-determinar","UNMAPPED_BLOCK"
"cand-e27f9ba2-f6b9-5223-ae7a-e8213b9c6e62","3eso","block","sin-determinar","UNMAPPED_BLOCK"
"cand-3e40bea9-1f43-5afc-83ed-ce30173183e2","1bach-mates","block","sin-determinar","UNMAPPED_BLOCK"
"cand-091bb71c-4b5d-5968-9c60-a7d76c8d6317","1bach-mates","block","sin-determinar","UNMAPPED_BLOCK"
"cand-1b018a34-75ab-56a1-8812-9e2a44950787","1bach-mates","block","sin-determinar","UNMAPPED_BLOCK"
"cand-93c52b4e-9756-5b5b-8b3f-cf2985f810b5","4eso-a","block","sin-determinar","UNMAPPED_BLOCK"
"cand-bcaf6884-d4bb-5457-bad4-ec7204595614","4eso-a","block","sin-determinar","UNMAPPED_BLOCK"
"cand-3dfff1d4-e6d5-5d10-b9bc-34ffa32a9ac6","4eso-a","block","sin-determinar","UNMAPPED_BLOCK"
"cand-cad2404d-09fa-5d8b-a213-d61a6e15ba86","4eso-a","block","sin-determinar","UNMAPPED_BLOCK"
"cand-ed9c1e37-0127-5465-b721-76a6ef1cb733","4eso-a","block","sin-determinar","UNMAPPED_BLOCK"
"cand-a5fd891a-9374-551e-8569-4292e2777597","4eso-a","block","sin-determinar","UNMAPPED_BLOCK"
"cand-d5e6e780-56e6-5d42-b948-0a0dcf664a2b","4eso-a","block","sin-determinar","UNMAPPED_BLOCK"
"cand-edf1c3a5-4e72-5cff-a34f-ac3b1a88acc3","4eso-a","block","sin-determinar","UNMAPPED_BLOCK"
"cand-a6ed9193-05f9-5aa4-bcd3-908b74104d7b","4eso-a","block","sin-determinar","UNMAPPED_BLOCK"
"cand-7f0ac78c-4dca-5c9c-88f4-378f9fc664ce","4eso-a","block","sin-determinar","UNMAPPED_BLOCK"
"cand-7ba345e4-d545-57c1-abe7-5c648fdc2f26","4eso-a","block","sin-determinar","UNMAPPED_BLOCK"
"cand-06d9e95a-a68e-52ff-b85c-b5739a3b3e27","4eso-a","block","sin-determinar","UNMAPPED_BLOCK"
"cand-69c090ae-ffa9-5911-a0fe-83d6154c10db","4eso-a","block","sin-determinar","UNMAPPED_BLOCK"
"cand-2d50abaf-841b-5a74-87f3-3d58fd78806b","4eso-a","block","sin-determinar","UNMAPPED_BLOCK"
"cand-bf8f77a9-0917-5492-aa87-10fd7d0322f1","4eso-a","block","sin-determinar","UNMAPPED_BLOCK"
"cand-4648c70a-5f37-57f6-b805-8b9d837bce6d","4eso-a","block","sin-determinar","UNMAPPED_BLOCK"
"cand-96762d1f-425f-57ec-9810-e12370045d14","4eso-a","block","sin-determinar","UNMAPPED_BLOCK"
"cand-383042ba-efbe-5945-9213-1b431d577cb0","4eso-a","block","sin-determinar","UNMAPPED_BLOCK"
"cand-1bae693a-b95a-5d24-8537-43ee376fd63a","4eso-a","block","sin-determinar","UNMAPPED_BLOCK"
"cand-f8a49bc2-2f2c-5efa-bdc9-25c6cbc2cf0f","4eso-a","block","sin-determinar","UNMAPPED_BLOCK"
"cand-c8d01466-d41b-5fdb-9351-4f323d918fd8","4eso-a","block","sin-determinar","UNMAPPED_BLOCK"
"cand-6a43ccdd-3a49-5eeb-8bb1-3bdfc186e736","4eso-a","block","sin-determinar","UNMAPPED_BLOCK"
"cand-6687bf6d-83c3-5965-a07b-27e4a025e8fa","4eso-a","block","sin-determinar","UNMAPPED_BLOCK"
"cand-d484583a-b9f0-50af-b5d1-f2957311a091","4eso-a","block","sin-determinar","UNMAPPED_BLOCK"
"cand-a1cd8747-4fba-5d28-9357-8eff43089732","4eso-a","block","sin-determinar","UNMAPPED_BLOCK"
"cand-0e67455a-6d15-5853-9f82-51a89bccd248","4eso-a","block","sin-determinar","UNMAPPED_BLOCK"
"cand-cdd3be19-1457-5278-9532-b74cb81d65b7","4eso-a","block","sin-determinar","UNMAPPED_BLOCK"
"cand-f46ab790-1f70-5997-837f-855f97507627","4eso-a","block","sin-determinar","UNMAPPED_BLOCK"
"cand-287a2948-b291-5b3d-a529-554c9d5c9540","4eso-a","block","sin-determinar","UNMAPPED_BLOCK"
"cand-3f4cf200-dd31-51e1-86de-af70346316d3","4eso-a","block","sin-determinar","UNMAPPED_BLOCK"
"cand-e8149975-40ae-5dca-a5e0-89036bdca166","4eso-a","block","sin-determinar","UNMAPPED_BLOCK"
"cand-1577fcc2-6f8b-5fb2-9476-116430af6c4c","4eso-a","block","sin-determinar","UNMAPPED_BLOCK"
"cand-4d5376da-f001-5d1e-90ad-a751267ed403","4eso-a","block","sin-determinar","UNMAPPED_BLOCK"
"cand-205f2d92-f0bb-5578-a2b8-db6eeeda1b14","4eso-a","block","sin-determinar","UNMAPPED_BLOCK"
"cand-0c3cc8d1-9eb0-59d0-918a-72e7f44aa603","4eso-a","block","sin-determinar","UNMAPPED_BLOCK"
"cand-6e4895ae-5a10-55ae-bc5f-757adabea805","4eso-a","block","sin-determinar","UNMAPPED_BLOCK"
"cand-abc0ff4f-9c88-518e-9b66-21f0c431dd5b","4eso-a","block","sin-determinar","UNMAPPED_BLOCK"
"cand-b1f335b5-2c8d-5347-ac36-a55fffa82082","4eso-a","block","sin-determinar","UNMAPPED_BLOCK"
"cand-6c0625fe-f2a4-5604-816e-11ad3fed2a89","4eso-a","block","sin-determinar","UNMAPPED_BLOCK"
"cand-0ca3041c-cd35-5deb-aaff-779d8fa7b951","4eso-a","block","sin-determinar","UNMAPPED_BLOCK"
"cand-8dea1678-e1e8-5e0c-b482-3ace7660b3b5","4eso-a","block","sin-determinar","UNMAPPED_BLOCK"
"cand-5d220aa1-0398-522e-9621-fab0ecb4caf6","4eso-a","block","sin-determinar","UNMAPPED_BLOCK"
"cand-c50a5776-69f9-597b-b2f1-fbb8de5f5e8b","4eso-a","block","sin-determinar","UNMAPPED_BLOCK"
"cand-6df0d6b6-be7f-5975-a88d-cbbdfcde4efe","4eso-a","block","sin-determinar","UNMAPPED_BLOCK"
"cand-26d2064c-d315-55d2-a5f9-06b049cf7305","4eso-a","block","sin-determinar","UNMAPPED_BLOCK"
"cand-3b53cac9-52d9-58e7-a95f-ba9e90e5b01d","4eso-a","block","sin-determinar","UNMAPPED_BLOCK"
"cand-69ffd6a0-1392-5da4-b60c-5285d21a7e32","4eso-a","block","sin-determinar","UNMAPPED_BLOCK"
"cand-12af9bc4-b79c-575f-8141-7999a7795025","4eso-a","block","sin-determinar","UNMAPPED_BLOCK"
"cand-1f704cd6-b25d-50f2-a817-97cfaf22dec7","4eso-a","block","sin-determinar","UNMAPPED_BLOCK"
"cand-2974a315-1bbf-5170-980c-aeb05e56921b","4eso-a","block","sin-determinar","UNMAPPED_BLOCK"
"cand-d3fff24a-2de4-5d40-bcba-47923a3b6a5a","4eso-a","block","sin-determinar","UNMAPPED_BLOCK"
"cand-5bf25aa7-0749-5bb0-85b2-c1e743cba312","4eso-a","block","sin-determinar","UNMAPPED_BLOCK"
"cand-51dc1b7b-6bdc-59ee-b3d1-248adba3fb7b","4eso-a","block","sin-determinar","UNMAPPED_BLOCK"
"cand-def60a52-2169-5636-a29f-c7bff3be2581","4eso-a","block","sin-determinar","UNMAPPED_BLOCK"
"cand-dedc0392-803f-500c-b32b-466ba9a0e6c6","4eso-a","block","sin-determinar","UNMAPPED_BLOCK"
"cand-3bfd1b96-5f36-587e-982e-52cf4f421eec","4eso-a","block","sin-determinar","UNMAPPED_BLOCK"
"cand-ef89572b-96fa-5a1b-b4d1-d9eb560ef4fd","4eso-a","block","sin-determinar","UNMAPPED_BLOCK"
"cand-233d917b-badb-53c5-b96a-df117d513002","4eso-a","block","sin-determinar","UNMAPPED_BLOCK"
"cand-f8952f8b-0903-5c56-adfc-a215bbcd68ad","4eso-a","block","sin-determinar","UNMAPPED_BLOCK"
"cand-a71f98e6-03e2-5c3e-9378-52d50d775ef9","4eso-a","block","sin-determinar","UNMAPPED_BLOCK"
"cand-a36bbd26-853b-5329-b767-591d4268a5d1","4eso-a","block","sin-determinar","UNMAPPED_BLOCK"
"cand-e6a7e3e0-a871-538d-9361-1e91d26a1883","4eso-a","block","sin-determinar","UNMAPPED_BLOCK"
"cand-6e152dbb-7059-5443-8a44-9fe00cc978db","4eso-a","block","sin-determinar","UNMAPPED_BLOCK"
"cand-25cbf01d-61a3-5f7e-95ee-d383f29d5e98","4eso-a","block","sin-determinar","UNMAPPED_BLOCK"
"cand-092f81e1-d98e-541d-820d-c3deb7f9c3ac","4eso-a","block","sin-determinar","UNMAPPED_BLOCK"
"cand-7e785bec-ecbd-5982-bdfa-788e8c26d187","4eso-a","block","sin-determinar","UNMAPPED_BLOCK"
"cand-2d2b010c-7525-56de-8871-43ca41f48e29","4eso-a","block","sin-determinar","UNMAPPED_BLOCK"
"cand-b5777e79-1dae-5aaa-a6c1-2a5e4e3222b3","4eso-a","block","sin-determinar","UNMAPPED_BLOCK"
"cand-f514a283-dbb0-5f91-9519-653107c1f525","4eso-a","block","sin-determinar","UNMAPPED_BLOCK"
"cand-6621e856-791e-5dd6-a77e-d2b496e9c839","4eso-a","block","sin-determinar","UNMAPPED_BLOCK"
"cand-665ba505-6eba-5f0a-9dd9-1f5f22f01722","4eso-a","block","sin-determinar","UNMAPPED_BLOCK"
"cand-28b102be-1d91-5320-8c44-8f3cc672b5bd","4eso-a","block","sin-determinar","UNMAPPED_BLOCK"
"cand-635d61d2-d437-58dd-ae33-3d00c040e19f","4eso-a","block","sin-determinar","UNMAPPED_BLOCK"
"cand-bd48e853-8089-5e49-9fd8-b09574b7b085","4eso-a","block","sin-determinar","UNMAPPED_BLOCK"
"cand-d0dfc2e3-3c9d-5e49-8a0e-07a9d4af56a8","4eso-a","block","sin-determinar","UNMAPPED_BLOCK"
"cand-6998d9c5-b00c-5f14-91c8-f092d594c687","4eso-a","block","sin-determinar","UNMAPPED_BLOCK"
"cand-113c562c-e6ad-576e-b486-2cd5825b3e98","4eso-a","block","sin-determinar","UNMAPPED_BLOCK"
"cand-d84f9707-3f76-5985-be36-d839c52e5df2","4eso-a","block","sin-determinar","UNMAPPED_BLOCK"
"cand-3922a4ed-0d5f-5a0e-94e0-5e22411242a1","4eso-a","block","sin-determinar","UNMAPPED_BLOCK"
"cand-55877063-a25d-5e23-92a7-62dcaddb0456","4eso-a","block","sin-determinar","UNMAPPED_BLOCK"
"cand-ec823eb4-8174-5579-8ceb-4fa77be011d1","4eso-a","block","sin-determinar","UNMAPPED_BLOCK"
"cand-0f95e1a3-aa6c-5e8e-8874-4caaf2f843fb","4eso-a","block","sin-determinar","UNMAPPED_BLOCK"
"cand-6335b6ef-dbdc-5420-98ed-4378f471d22b","4eso-a","block","sin-determinar","UNMAPPED_BLOCK"
"cand-97551e93-b815-5957-94da-44082c05768f","4eso-a","block","sin-determinar","UNMAPPED_BLOCK"
"cand-6da23acf-70ce-5bc2-8519-e785f4ff4748","4eso-a","block","sin-determinar","UNMAPPED_BLOCK"
"cand-6913c077-2764-5afc-b362-c2ef667b7ae2","4eso-a","block","sin-determinar","UNMAPPED_BLOCK"
"cand-9a79d22a-7a2c-5a25-be95-24fd0c675d0c","4eso-a","block","sin-determinar","UNMAPPED_BLOCK"
"cand-d86ab5f5-a613-5062-b5ed-bb5b505f19e6","4eso-a","block","sin-determinar","UNMAPPED_BLOCK"
"cand-518c3f31-e411-55d0-a94b-0bbc766e6370","4eso-a","block","sin-determinar","UNMAPPED_BLOCK"
"cand-d45e1a3a-1e12-55ad-aabb-f642e8267dba","4eso-a","block","sin-determinar","UNMAPPED_BLOCK"
"cand-523c2602-12dc-51f4-8a4c-29db5c2972e2","4eso-a","block","sin-determinar","UNMAPPED_BLOCK"
"cand-5dd3b87d-cebb-544e-b610-63449e9bbf53","4eso-a","block","sin-determinar","UNMAPPED_BLOCK"
"cand-6e13795f-fe46-53cf-9561-6ef2c5e328f8","4eso-a","block","sin-determinar","UNMAPPED_BLOCK"
"cand-35356f87-5988-53e7-a651-19ba2a30264c","4eso-a","block","sin-determinar","UNMAPPED_BLOCK"
"cand-a1d228a2-740a-56bd-a325-66142c2548d2","4eso-a","block","sin-determinar","UNMAPPED_BLOCK"
"cand-0a62d463-961b-50bb-ac59-f56852575f7e","4eso-a","block","sin-determinar","UNMAPPED_BLOCK"
"cand-2365f466-b6d5-5355-bde0-dc3e54104754","4eso-a","block","sin-determinar","UNMAPPED_BLOCK"
"cand-f99d06cd-a326-554d-90ba-8be4c7bb988f","4eso-a","block","sin-determinar","UNMAPPED_BLOCK"
"cand-698b6a7d-8dc1-5b6d-be3c-2ca46c9a2638","4eso-a","block","sin-determinar","UNMAPPED_BLOCK"
"cand-6a42e582-0a1e-532e-bea4-e1a38b4f9f10","4eso-a","block","sin-determinar","UNMAPPED_BLOCK"
"cand-9b76b5e0-9844-5e4a-9dee-9b7bb13b23aa","4eso-a","block","sin-determinar","UNMAPPED_BLOCK"
"cand-ddd40dfc-5c7a-5d63-8d9b-c4038d39f084","4eso-a","block","sin-determinar","UNMAPPED_BLOCK"
"cand-d9d3574c-174e-59e0-b25b-6196c532c119","4eso-a","block","sin-determinar","UNMAPPED_BLOCK"
"cand-729abcff-eb7d-5b38-8f8f-efea2b706cf7","4eso-a","block","sin-determinar","UNMAPPED_BLOCK"
"cand-5e4639f3-c47d-5848-aa5a-158c011c617a","4eso-a","block","sin-determinar","UNMAPPED_BLOCK"
"cand-5d71b715-1916-5350-bb65-acc288436f17","4eso-a","block","sin-determinar","UNMAPPED_BLOCK"
"cand-e65b960b-bc08-569d-948d-399f000021f4","4eso-a","block","sin-determinar","UNMAPPED_BLOCK"
"cand-3421faea-d5d0-5af0-aeea-6dbaa7b31c1b","4eso-a","block","sin-determinar","UNMAPPED_BLOCK"
"cand-da0b048d-e1b5-5a91-a7aa-b52f2341c744","4eso-a","block","sin-determinar","UNMAPPED_BLOCK"
"cand-580780e2-2851-5746-b8ea-0ae5ba1f133e","4eso-a","block","sin-determinar","UNMAPPED_BLOCK"
"cand-b172a016-ae72-53a2-a508-50c2ff7d9905","4eso-a","block","sin-determinar","UNMAPPED_BLOCK"
"cand-ebb0c865-ca4c-54dc-b94f-1b2b9e9805ae","4eso-a","block","sin-determinar","UNMAPPED_BLOCK"
"cand-106fe0e5-0681-5982-a0b2-30578c6e9989","4eso-a","block","sin-determinar","UNMAPPED_BLOCK"
"cand-ad891dfe-0b5d-5cef-b2d6-030bf6e357fc","4eso-a","block","sin-determinar","UNMAPPED_BLOCK"
"cand-fcb47c53-1ddb-5718-88bc-ee70fbbfb70d","4eso-a","block","sin-determinar","UNMAPPED_BLOCK"
"cand-af847a2e-879e-57c3-ad5f-2f1ad27bc767","4eso-a","block","sin-determinar","UNMAPPED_BLOCK"
"cand-7b2744b2-6beb-52b4-a6b6-2718ce7940ba","4eso-a","block","sin-determinar","UNMAPPED_BLOCK"
"cand-9d454289-2c62-5e3a-885c-e2835f5bad3b","4eso-a","block","sin-determinar","UNMAPPED_BLOCK"
"cand-d23c3524-e0f4-5fb6-9f2f-03545ab039d0","4eso-a","block","sin-determinar","UNMAPPED_BLOCK"
"cand-ee69461b-8c88-57ae-b3f8-19d9f36f6dd4","4eso-a","block","sin-determinar","UNMAPPED_BLOCK"
"cand-a33f2e36-423d-5596-a25b-9b23e3c91990","4eso-a","block","sin-determinar","UNMAPPED_BLOCK"
"cand-4a512425-1e0f-544f-9a45-9a5a96a45b61","4eso-a","block","sin-determinar","UNMAPPED_BLOCK"
"cand-1830c3bd-4b79-5561-af27-2149e3f1eab2","4eso-a","block","sin-determinar","UNMAPPED_BLOCK"
"cand-8295f13f-060c-5008-9694-87d70837e2f1","4eso-a","block","sin-determinar","UNMAPPED_BLOCK"
"cand-953fc579-7b16-5ca3-9b90-c2ea6a6a49fc","4eso-a","block","sin-determinar","UNMAPPED_BLOCK"
"cand-76b732e1-a0ef-5511-b783-9961fc638ffc","4eso-a","block","sin-determinar","UNMAPPED_BLOCK"
"cand-d4148b00-c227-5591-a2b1-b68b82929def","4eso-a","block","sin-determinar","UNMAPPED_BLOCK"
"cand-dc20d710-5789-5b92-915c-cf0d13b1f288","4eso-a","block","sin-determinar","UNMAPPED_BLOCK"
"cand-b2d5000a-6300-501b-8d9a-69b053f46f75","4eso-a","block","sin-determinar","UNMAPPED_BLOCK"
"cand-24d6ed4a-8beb-5f6f-82c3-249906f80499","4eso-a","block","sin-determinar","UNMAPPED_BLOCK"
"cand-d30117fc-dc4c-55e9-812f-9776ced4c186","4eso-a","block","sin-determinar","UNMAPPED_BLOCK"
"cand-40593bfc-69e5-59fb-8fd1-387f637d6f92","4eso-a","block","sin-determinar","UNMAPPED_BLOCK"
"cand-8bda13fa-ca70-5040-a0a9-cfae935193de","4eso-a","block","sin-determinar","UNMAPPED_BLOCK"
"cand-fe6cc308-b92b-55db-8aa8-050110fcceac","4eso-a","block","sin-determinar","UNMAPPED_BLOCK"
"cand-beffce5d-2280-59f6-9cff-e258d24659bb","4eso-a","block","sin-determinar","UNMAPPED_BLOCK"
"cand-3efc0d65-7f9d-54c7-bcbf-3df9a6db7720","4eso-a","block","sin-determinar","UNMAPPED_BLOCK"
"cand-1db40bc1-af30-57d6-bde1-a54b9d845d0a","4eso-a","block","sin-determinar","UNMAPPED_BLOCK"
"cand-ab6ab51d-9d9f-5d2e-8497-ce3925717ec1","4eso-a","block","sin-determinar","UNMAPPED_BLOCK"
"cand-8ba9d4d2-cd7e-5b94-9245-5d8ef05cbed1","4eso-a","block","sin-determinar","UNMAPPED_BLOCK"
"cand-7ab3e058-4b1e-557b-a3b3-67fe0b079298","4eso-a","block","sin-determinar","UNMAPPED_BLOCK"
"cand-327b924c-c277-571f-99c7-fc643b9d63a9","4eso-a","block","sin-determinar","UNMAPPED_BLOCK"
"cand-ad3e10a1-d5b4-57c6-b027-c5ad2b494d8a","4eso-a","block","sin-determinar","UNMAPPED_BLOCK"
"cand-74038462-280d-5915-9f4e-f6a80b90370a","4eso-a","block","sin-determinar","UNMAPPED_BLOCK"
"cand-34e3378c-0536-520f-8c8f-b1ec3e308670","4eso-a","block","sin-determinar","UNMAPPED_BLOCK"
"cand-9b38dad5-d2c4-519a-a6dd-def4d1faba21","4eso-a","block","sin-determinar","UNMAPPED_BLOCK"
"cand-b24c4c04-0e93-559b-a873-85bc73a0d668","4eso-a","block","sin-determinar","UNMAPPED_BLOCK"
"cand-a545ba99-2bc8-5998-ae36-330eb1ca328c","4eso-a","block","sin-determinar","UNMAPPED_BLOCK"
"cand-349b3189-c517-52f8-b248-d951c0c9d80f","4eso-a","block","sin-determinar","UNMAPPED_BLOCK"
"cand-3706a6e3-2981-54f8-9c80-6548791ad4bf","4eso-a","block","sin-determinar","UNMAPPED_BLOCK"
"cand-9a050403-5e7b-5e68-a24d-75d5b61f6e4b","4eso-a","block","sin-determinar","UNMAPPED_BLOCK"
"cand-413eed48-4612-5dc5-849e-d523f6b3338c","4eso-a","block","sin-determinar","UNMAPPED_BLOCK"
"cand-4f02dbbd-49eb-55ee-a157-e5ae2fdbde4a","4eso-a","block","sin-determinar","UNMAPPED_BLOCK"
"cand-413d89e8-c631-5325-a5bc-bc92736ec668","4eso-a","block","sin-determinar","UNMAPPED_BLOCK"
"cand-fabc6e46-9e91-5b61-aff9-3142d3beffd6","4eso-a","block","sin-determinar","UNMAPPED_BLOCK"
"cand-b93cfc00-6d3c-533b-9336-a4a22f800e99","4eso-a","block","sin-determinar","UNMAPPED_BLOCK"
"cand-b7dcdde5-07de-556b-ba15-28187a288691","4eso-a","block","sin-determinar","UNMAPPED_BLOCK"
"cand-7c335972-e264-5e7b-9a04-ee254be9ee16","4eso-a","block","sin-determinar","UNMAPPED_BLOCK"
"cand-a5cacd60-8bb4-5231-a1bf-8e338d553cb8","4eso-a","block","sin-determinar","UNMAPPED_BLOCK"
"cand-f530609f-7361-52bd-bf08-2f37f3085b74","4eso-a","block","sin-determinar","UNMAPPED_BLOCK"
"cand-f3aefd7f-dffb-5fef-9c33-023966f99c5b","4eso-a","block","sin-determinar","UNMAPPED_BLOCK"
"cand-ab73b1f4-d1be-5c1c-beaa-c49c867a7e2a","4eso-a","block","sin-determinar","UNMAPPED_BLOCK"
"cand-62f377c6-60fd-53b7-b6b0-097bcde71478","4eso-a","block","sin-determinar","UNMAPPED_BLOCK"
"cand-89c0e84f-9ec9-530b-bf12-8bab1418bef4","4eso-a","block","sin-determinar","UNMAPPED_BLOCK"
"cand-4b95964d-4b19-570a-b4de-24c7cefaf0c7","4eso-a","block","sin-determinar","UNMAPPED_BLOCK"
"cand-d17faccf-b4a6-5395-bd8a-867f9dc6866d","4eso-a","block","sin-determinar","UNMAPPED_BLOCK"
"cand-06f8ba94-9237-5b82-9c1e-f6a344270bf4","4eso-a","block","sin-determinar","UNMAPPED_BLOCK"
"cand-062b938e-2486-57a6-b192-811e09405dfe","4eso-a","block","sin-determinar","UNMAPPED_BLOCK"
"cand-67972b68-39fe-54c6-b5e2-cb0fb65e3827","4eso-a","block","sin-determinar","UNMAPPED_BLOCK"
"cand-ea19aefa-0346-5065-b2f0-10dd3bb0b6b0","4eso-a","block","sin-determinar","UNMAPPED_BLOCK"
"cand-1e40085f-83c7-5441-9b65-390a91100e52","4eso-a","block","sin-determinar","UNMAPPED_BLOCK"
"cand-8dae09cc-397a-5e20-8c88-d20020b17b35","4eso-a","block","sin-determinar","UNMAPPED_BLOCK"
"cand-a67c3faf-4a3e-519a-abda-8fb6fa167253","4eso-a","block","sin-determinar","UNMAPPED_BLOCK"
"cand-baeaec09-3746-5e5a-bb7d-4955d674e26c","4eso-a","block","sin-determinar","UNMAPPED_BLOCK"
"cand-f1d8882c-ffd3-51dd-aced-9c496aa5e14c","4eso-a","block","sin-determinar","UNMAPPED_BLOCK"
"cand-87cef0b6-5584-5573-8cf5-806e1033f029","4eso-a","block","sin-determinar","UNMAPPED_BLOCK"
"cand-41cd66a3-c529-53ca-a1e3-9e24bd7064d6","4eso-a","block","sin-determinar","UNMAPPED_BLOCK"
"cand-2803d6f2-f7e4-59a0-ae48-248347b501cb","4eso-a","block","sin-determinar","UNMAPPED_BLOCK"
"cand-cd693cb7-d94f-5cd7-a58b-5c0685b32ddf","4eso-a","block","sin-determinar","UNMAPPED_BLOCK"
"cand-18f099b1-66b9-5c72-997c-795ba8bc1b41","4eso-a","block","sin-determinar","UNMAPPED_BLOCK"
"cand-a1bd0177-0b4f-5c7c-8bf4-8e9348c16afe","4eso-a","block","sin-determinar","UNMAPPED_BLOCK"
"cand-96696123-27cf-5bab-8b4a-5b7084e03e6f","4eso-a","block","sin-determinar","UNMAPPED_BLOCK"
"cand-531f3135-f7cc-5c45-89ce-157c680082fd","4eso-a","block","sin-determinar","UNMAPPED_BLOCK"
"cand-42713b64-4fb7-5d83-a2d6-cefc9dff2401","4eso-a","block","sin-determinar","UNMAPPED_BLOCK"
"cand-74a62fb1-e4f5-5b3d-9201-d588f5d9e045","4eso-a","block","sin-determinar","UNMAPPED_BLOCK"
"cand-1a9f1b3e-e5d1-58c6-84e8-071dd9218364","4eso-a","block","sin-determinar","UNMAPPED_BLOCK"
"cand-2094f76a-70e7-5da3-9751-2eed88d8f14f","4eso-a","block","sin-determinar","UNMAPPED_BLOCK"
"cand-25a0d2b9-82dc-5a51-b6aa-70bac0f69ce8","4eso-a","block","sin-determinar","UNMAPPED_BLOCK"
"cand-8f73240b-7df4-5b74-ac5f-3584b1bf83c5","4eso-a","block","sin-determinar","UNMAPPED_BLOCK"
"cand-06ec02b4-eacc-5e71-a907-b1ab021f2200","4eso-a","block","sin-determinar","UNMAPPED_BLOCK"
"cand-376a1841-0843-5da8-8660-a0e6e3a608d6","4eso-a","block","sin-determinar","UNMAPPED_BLOCK"
"cand-a3ca62aa-7960-558f-8fb7-aadd3f2ef1d6","4eso-a","block","sin-determinar","UNMAPPED_BLOCK"
"cand-530c7ddf-87a0-53ce-92cf-1465e528aa7f","4eso-a","block","sin-determinar","UNMAPPED_BLOCK"
"cand-208d7d33-c19f-5e6e-8328-50c74799420e","4eso-a","block","sin-determinar","UNMAPPED_BLOCK"
"cand-570b3371-d54f-5c90-a343-bda6a6b2b048","4eso-a","block","sin-determinar","UNMAPPED_BLOCK"
"cand-384aef84-c001-5074-a568-5e59b74a5a26","4eso-a","block","sin-determinar","UNMAPPED_BLOCK"
"cand-c573b451-fa5e-5cd6-821b-540c2a789275","4eso-a","block","sin-determinar","UNMAPPED_BLOCK"
"cand-b4ad11be-5b95-5259-ad2a-09b6a7b1159d","4eso-a","block","sin-determinar","UNMAPPED_BLOCK"
"cand-df8a7e36-33e4-5088-a21e-4c70ebce3aea","4eso-a","block","sin-determinar","UNMAPPED_BLOCK"
"cand-af3d6d60-e6b4-526c-a50f-bb27f334f213","4eso-a","block","sin-determinar","UNMAPPED_BLOCK"
"cand-6a0c8d65-ff15-5598-bdf3-83b2830a2a2d","4eso-a","block","sin-determinar","UNMAPPED_BLOCK"
"cand-84f5d37a-c29f-5d08-94c7-b2c528babb77","4eso-a","block","sin-determinar","UNMAPPED_BLOCK"
"cand-94ab39ee-cf09-5f3b-a82e-6e5e7b9e255e","4eso-a","block","sin-determinar","UNMAPPED_BLOCK"
"cand-d0d12589-fd54-5738-99c5-aae1464a40bd","4eso-a","block","sin-determinar","UNMAPPED_BLOCK"
"cand-423a97e8-9d94-5c27-9fdc-1e5cd6ac0476","4eso-a","block","sin-determinar","UNMAPPED_BLOCK"
"cand-9bc55153-776f-5f68-a661-4e9ea13aa844","4eso-a","block","sin-determinar","UNMAPPED_BLOCK"
"cand-2d2889da-d7f6-5399-a7f2-50b2540b1963","4eso-a","block","sin-determinar","UNMAPPED_BLOCK"
"cand-e61284f9-6032-581b-9a25-5fcbfb9bd20c","4eso-a","block","sin-determinar","UNMAPPED_BLOCK"
"cand-daae70c1-a0ff-5d74-89d2-4b180052c942","4eso-a","block","sin-determinar","UNMAPPED_BLOCK"
"cand-9c711c83-95fb-5fab-a047-802d0aac42cd","4eso-a","block","sin-determinar","UNMAPPED_BLOCK"
"cand-9cafc80b-1dc7-5df7-9dee-af1a58221670","4eso-a","block","sin-determinar","UNMAPPED_BLOCK"
"cand-a03e8d19-1213-5b00-b4fa-a7f3a10bd6d7","4eso-a","block","sin-determinar","UNMAPPED_BLOCK"
"cand-395939f0-252b-5dcc-bbc8-3fb30c4d9159","4eso-a","block","sin-determinar","UNMAPPED_BLOCK"
"cand-26e2398b-b2b5-5f8e-ab7a-de11367d765a","4eso-a","block","sin-determinar","UNMAPPED_BLOCK"
"cand-517ba43c-fb73-56f6-b6f6-d26303c0e302","4eso-a","block","sin-determinar","UNMAPPED_BLOCK"
"cand-8f7f2345-8f5e-56c8-98ed-a4312a5a1b15","4eso-a","block","sin-determinar","UNMAPPED_BLOCK"
"cand-f69c8198-24be-5b43-9bd4-405567454d42","4eso-a","block","sin-determinar","UNMAPPED_BLOCK"
"cand-23f5e4c4-8f7a-56a4-8448-1bb26970fe22","4eso-a","block","sin-determinar","UNMAPPED_BLOCK"
"cand-962ca8d9-d520-5d74-aeee-46529c4b8ca7","4eso-a","block","sin-determinar","UNMAPPED_BLOCK"
"cand-185802c7-ee1f-5a2b-b7f3-4c8e1826bbc3","4eso-a","block","sin-determinar","UNMAPPED_BLOCK"
"cand-ec3534be-fd87-5282-850b-4742a0397dbf","4eso-a","block","sin-determinar","UNMAPPED_BLOCK"
"cand-aca0f31a-d53d-5dec-9814-a7d20b4c2a78","4eso-a","block","sin-determinar","UNMAPPED_BLOCK"
"cand-5bfd93df-e3ef-55f7-a3d0-eae2c76b3dea","4eso-a","block","sin-determinar","UNMAPPED_BLOCK"
"cand-02fdef0c-763b-5248-9935-c0d20bda576b","4eso-a","block","sin-determinar","UNMAPPED_BLOCK"
"cand-716e6975-aab3-5fd0-82c1-127435968d99","4eso-a","block","sin-determinar","UNMAPPED_BLOCK"
"cand-6f48b1b5-4703-5650-b25c-271f659e07f6","4eso-a","block","sin-determinar","UNMAPPED_BLOCK"
"cand-42bc1d99-8040-5496-8275-7187d53413ec","4eso-a","block","sin-determinar","UNMAPPED_BLOCK"
"cand-cd78e45b-de2e-5cf8-8cb8-82a97f21ffda","4eso-a","block","sin-determinar","UNMAPPED_BLOCK"
"cand-b485ed02-99cd-55f5-bb5e-b8fefb181082","4eso-a","block","sin-determinar","UNMAPPED_BLOCK"
"cand-09cde2fd-6922-52fc-bbd6-05924258d703","4eso-a","block","sin-determinar","UNMAPPED_BLOCK"
"cand-6d8ce244-1076-5bc6-a6ae-5fe613e75007","4eso-a","block","sin-determinar","UNMAPPED_BLOCK"
"cand-7720ac22-fbf9-54f4-8849-08e2b315937b","4eso-a","block","sin-determinar","UNMAPPED_BLOCK"
"cand-41cb1ef5-3380-5434-877a-c85ab1e99af8","4eso-a","block","sin-determinar","UNMAPPED_BLOCK"
"cand-37453eb0-33cb-58e4-8629-e8ee9e0f291f","4eso-a","block","sin-determinar","UNMAPPED_BLOCK"
"cand-e4d7e6ec-3ef4-5f27-9e1e-11226265bd1f","4eso-a","block","sin-determinar","UNMAPPED_BLOCK"
"cand-204c3237-fc3b-5f9e-9824-0ac638ec733f","4eso-a","block","sin-determinar","UNMAPPED_BLOCK"
"cand-140f1008-9f7b-5d84-8c4c-b5feace733c1","4eso-a","block","sin-determinar","UNMAPPED_BLOCK"
"cand-9f03a5de-cf6d-5d9d-8438-9e242b9dcdf4","4eso-a","block","sin-determinar","UNMAPPED_BLOCK"
"cand-ee0aa2e7-3ab3-51d1-ae8b-46dfc837b71a","4eso-a","block","sin-determinar","UNMAPPED_BLOCK"
"cand-6049eaae-03b5-5a23-8423-f286d0b9c0ff","4eso-a","block","sin-determinar","UNMAPPED_BLOCK"
"cand-0d29ba57-ded8-5a24-9c26-3ecacfccd32f","4eso-a","block","sin-determinar","UNMAPPED_BLOCK"
"cand-edef2fce-daf9-5aa5-968e-0b61a5fe36a8","4eso-a","block","sin-determinar","UNMAPPED_BLOCK"
"cand-3284541b-c93b-56fe-9db4-5109d48c492e","4eso-a","block","sin-determinar","UNMAPPED_BLOCK"
"cand-900f75e8-3827-57c0-acf0-0ea01899afdc","4eso-a","block","sin-determinar","UNMAPPED_BLOCK"
"cand-761b98fe-e366-586b-b420-f0796ee29d05","4eso-a","block","sin-determinar","UNMAPPED_BLOCK"
"cand-29e3b2ff-065d-56e4-a07a-22351c2d7fec","4eso-a","block","sin-determinar","UNMAPPED_BLOCK"
"cand-d743b8da-6ca0-566d-b280-9d5e5524d6bf","4eso-a","block","sin-determinar","UNMAPPED_BLOCK"
"cand-c0827a0c-a8b3-5e90-8b1f-0383432cdebc","4eso-a","block","sin-determinar","UNMAPPED_BLOCK"
"cand-41ce8d6a-fbf4-5b97-a53c-676ddff4b250","4eso-a","block","sin-determinar","UNMAPPED_BLOCK"
"cand-eb31d43d-f2a5-5b54-8275-202319690ea6","4eso-a","block","sin-determinar","UNMAPPED_BLOCK"
"cand-8b85e83c-fd98-59a4-9592-86387d3ebb43","4eso-a","block","sin-determinar","UNMAPPED_BLOCK"
"cand-0197722b-7981-5466-aee8-62c71be4c091","4eso-a","block","sin-determinar","UNMAPPED_BLOCK"
"cand-864cb22d-a1ce-5dd5-9821-1804684f9f85","4eso-a","block","sin-determinar","UNMAPPED_BLOCK"
"cand-4541c297-8148-5abf-bec0-b7f33ab69dbb","4eso-a","block","sin-determinar","UNMAPPED_BLOCK"
"cand-547597b0-b9b7-589c-91af-2dade56105b5","4eso-a","block","sin-determinar","UNMAPPED_BLOCK"
"cand-9fe8f12c-5f97-5853-b288-9919e48bb773","4eso-a","block","sin-determinar","UNMAPPED_BLOCK"
"cand-61f5237a-37d0-5450-9f89-4dbdb855e70f","4eso-a","block","sin-determinar","UNMAPPED_BLOCK"
"cand-414a6aee-e232-5133-ac82-acab8a8dd073","4eso-a","block","sin-determinar","UNMAPPED_BLOCK"
"cand-08b33844-daa6-59cc-8746-630d233376b2","4eso-a","block","sin-determinar","UNMAPPED_BLOCK"
"cand-df1cd2c4-04de-5ac3-85d1-39fbe26acccf","4eso-a","block","sin-determinar","UNMAPPED_BLOCK"
"cand-8245b36f-fd1c-5cf0-9c0f-721bb9a803ed","4eso-a","block","sin-determinar","UNMAPPED_BLOCK"
"cand-44070fe5-6cc6-5329-a801-dcf8feb34d3c","4eso-a","block","sin-determinar","UNMAPPED_BLOCK"
"cand-9c778d9e-6c15-56cc-b55c-aec1bbe902ac","4eso-a","block","sin-determinar","UNMAPPED_BLOCK"
"cand-a83de6fb-edf0-5690-b387-935e78a4ab4a","4eso-a","block","sin-determinar","UNMAPPED_BLOCK"
"cand-566a42cc-b3d6-5aa9-afd5-11a85432b3f6","4eso-a","block","sin-determinar","UNMAPPED_BLOCK"
"cand-8025afd9-9ede-5fec-a781-0740586141bc","4eso-a","block","sin-determinar","UNMAPPED_BLOCK"
"cand-c0194187-8c24-5258-aa91-99a379243c20","4eso-a","block","sin-determinar","UNMAPPED_BLOCK"
"cand-1cfbdcb2-97fa-50fc-b31e-1d86ca055412","4eso-a","block","sin-determinar","UNMAPPED_BLOCK"
"cand-580870a0-ea84-54c0-8303-3ac7fb75c5ce","4eso-a","block","sin-determinar","UNMAPPED_BLOCK"
"cand-35572f17-0942-5a72-afde-838f06ea75ab","4eso-a","block","sin-determinar","UNMAPPED_BLOCK"
"cand-70fedcd6-784a-54f9-88b7-f58c04ad0858","4eso-a","block","sin-determinar","UNMAPPED_BLOCK"
"cand-e3dd60db-f1c5-5afd-a79d-e14bdbbebb4d","4eso-a","block","sin-determinar","UNMAPPED_BLOCK"
"cand-71ffa719-6724-5aa6-a852-a02c8ccafe76","4eso-a","block","sin-determinar","UNMAPPED_BLOCK"
"cand-f3126479-7844-54d2-ac23-caa82dbebb75","4eso-a","block","sin-determinar","UNMAPPED_BLOCK"
"cand-c388c538-678a-5eef-b5cc-3f29941a2819","4eso-a","block","sin-determinar","UNMAPPED_BLOCK"
"cand-5351521a-0765-5b97-9778-5094cf7ac87b","4eso-a","block","sin-determinar","UNMAPPED_BLOCK"
"cand-1dc69d26-d752-580e-8370-ea6d1b0da91e","4eso-a","block","sin-determinar","UNMAPPED_BLOCK"
"cand-8baf55d0-e120-552b-9314-509c6354f7dd","4eso-a","block","sin-determinar","UNMAPPED_BLOCK"
"cand-d20833ad-122d-5eac-a415-1226cd489b5b","4eso-a","block","sin-determinar","UNMAPPED_BLOCK"
"cand-20825ef8-e2cf-51f4-9bb6-9fa96f59d717","4eso-a","block","sin-determinar","UNMAPPED_BLOCK"
"cand-77e469d4-37be-50dc-8945-aba48ade6b5e","4eso-a","block","sin-determinar","UNMAPPED_BLOCK"
"cand-b86fb054-6fc7-5ad5-8363-c5ecd88c8944","4eso-a","block","sin-determinar","UNMAPPED_BLOCK"
"cand-85cded4b-7923-5d27-a3a8-159df3289c27","4eso-a","block","sin-determinar","UNMAPPED_BLOCK"
"cand-ba9318e4-da2b-5f21-a7c1-1423b6a21e99","4eso-a","block","sin-determinar","UNMAPPED_BLOCK"
"cand-fc4ebcf8-f219-57a9-9674-c3d2ff47b4d8","4eso-a","block","sin-determinar","UNMAPPED_BLOCK"
"cand-c7dc5e0d-f52d-564a-a585-638fc5adb350","4eso-a","block","sin-determinar","UNMAPPED_BLOCK"
"cand-33f49691-77ad-5fef-87c1-8474304f926a","4eso-a","block","sin-determinar","UNMAPPED_BLOCK"
"cand-a50a8e1d-f6f7-5fca-83ac-afa4d09f76cb","4eso-a","block","sin-determinar","UNMAPPED_BLOCK"
"cand-68b6dd6a-fea9-58e1-b4c1-2fab2fca7776","4eso-a","block","sin-determinar","UNMAPPED_BLOCK"
"cand-aa3b3ddb-cbac-55d8-b104-92aa8671addd","4eso-a","block","sin-determinar","UNMAPPED_BLOCK"
"cand-bb3e0325-a841-5e6c-8bbf-d3604c1ef5b5","4eso-a","block","sin-determinar","UNMAPPED_BLOCK"
"cand-7ad33e64-c108-5e6e-8741-30252c3a903b","4eso-a","block","sin-determinar","UNMAPPED_BLOCK"
"cand-b777724c-8f94-56f0-b8e7-08356fa580e7","4eso-a","block","sin-determinar","UNMAPPED_BLOCK"
"cand-86c89167-ad35-55c0-a958-ea90c83b36fd","4eso-a","block","sin-determinar","UNMAPPED_BLOCK"
"cand-e85b12b2-46b1-5517-8a12-b1913059111b","4eso-a","block","sin-determinar","UNMAPPED_BLOCK"
"cand-96045c3f-d2d2-5eae-98e6-4c7f6fa505e6","4eso-a","block","sin-determinar","UNMAPPED_BLOCK"
"cand-e954a6fb-e8ca-563e-a60f-a1c7877bcac3","4eso-a","block","sin-determinar","UNMAPPED_BLOCK"
"cand-1e548f8e-f4ae-5607-823c-3c8fe0900a10","4eso-a","block","sin-determinar","UNMAPPED_BLOCK"
"cand-53848ce6-cbff-5adb-9cf2-d6b4e0ba5464","4eso-a","block","sin-determinar","UNMAPPED_BLOCK"
"cand-74462e1f-36e0-564c-a0ee-39d7e85395c3","4eso-a","block","sin-determinar","UNMAPPED_BLOCK"
"cand-bf967e69-4c4f-5ac8-bbdc-c5aa2f7055b1","4eso-a","block","sin-determinar","UNMAPPED_BLOCK"
"cand-338bf81a-f7eb-55cf-bb59-9bdae7e52321","4eso-a","block","sin-determinar","UNMAPPED_BLOCK"
"cand-382e1439-9ee2-5db7-ae20-9853250bddf9","4eso-a","block","sin-determinar","UNMAPPED_BLOCK"
"cand-eb708a84-5d53-5770-a580-742521b83f6f","4eso-a","block","sin-determinar","UNMAPPED_BLOCK"
"cand-c2e31bc1-fa75-5b42-a78f-cc83d0fc7491","4eso-a","block","sin-determinar","UNMAPPED_BLOCK"
"cand-c98781c7-a7b6-5f7c-a4a3-1ec08f894540","4eso-a","block","sin-determinar","UNMAPPED_BLOCK"
"cand-0d5c4ab6-97d6-59c2-a889-0d3a88cba299","4eso-a","block","sin-determinar","UNMAPPED_BLOCK"
"cand-a664abce-a9cd-51e7-b6d8-0b721fb046a6","4eso-a","block","sin-determinar","UNMAPPED_BLOCK"
"cand-3630c9b3-351f-57c6-8bf2-6943733d0f3f","4eso-a","block","sin-determinar","UNMAPPED_BLOCK"
"cand-5a0fd143-540f-5e43-9023-3c493a609e3e","4eso-a","block","sin-determinar","UNMAPPED_BLOCK"
"cand-f16bf1a9-a0ce-5f51-802b-1c045277065a","4eso-a","block","sin-determinar","UNMAPPED_BLOCK"
"cand-f798b90d-2f19-5d90-b524-fb794a7f1529","4eso-a","block","sin-determinar","UNMAPPED_BLOCK"
"cand-daed7093-040d-50ff-b70a-6d36876e5e15","4eso-a","block","sin-determinar","UNMAPPED_BLOCK"
"cand-cbba96a4-492a-5183-bfa0-fc714da28f21","4eso-a","block","sin-determinar","UNMAPPED_BLOCK"
"cand-481d3704-8a04-519d-bb42-4c287ce3ec68","4eso-a","block","sin-determinar","UNMAPPED_BLOCK"
"cand-fe2e9593-4ff8-5fe2-8f9d-eb4fad634c4f","4eso-a","block","sin-determinar","UNMAPPED_BLOCK"
"cand-b336278e-6a98-54e8-8b86-0e1d8a56662a","4eso-a","block","sin-determinar","UNMAPPED_BLOCK"
"cand-fccddfe6-a8c0-5ac6-aafb-8e24db2f0626","4eso-a","block","sin-determinar","UNMAPPED_BLOCK"
"cand-e42614da-8188-519c-85fb-484b1ac6ea93","4eso-a","block","sin-determinar","UNMAPPED_BLOCK"
"cand-652ba300-5d56-5807-b753-dbe59b269a87","4eso-a","block","sin-determinar","UNMAPPED_BLOCK"
"cand-bd5e5919-134a-574f-9277-fd7f773446a1","4eso-a","block","sin-determinar","UNMAPPED_BLOCK"
"cand-8e32f1d7-3812-5dfd-8560-00a7c7014037","4eso-a","block","sin-determinar","UNMAPPED_BLOCK"
"cand-4279501d-73a0-56db-a3e9-bdce28934ed8","4eso-a","block","sin-determinar","UNMAPPED_BLOCK"
"cand-c0ad23a0-1dca-5d38-9755-0de1ba5e7ecb","4eso-a","block","sin-determinar","UNMAPPED_BLOCK"
"cand-e0f3efc5-a690-547d-95b3-f4db2a83eeb9","4eso-a","block","sin-determinar","UNMAPPED_BLOCK"
"cand-4c56732e-8678-55a3-ad33-7b27c6e27b55","4eso-a","block","sin-determinar","UNMAPPED_BLOCK"
"cand-0675e83f-524b-5a41-842c-17a485e30743","4eso-a","block","sin-determinar","UNMAPPED_BLOCK"
"cand-b58508a2-c45b-55e9-bb20-0eb57921ed5c","4eso-a","block","sin-determinar","UNMAPPED_BLOCK"
"cand-89342e29-dc57-56ea-aabf-983112a3d6bd","4eso-a","block","sin-determinar","UNMAPPED_BLOCK"
"cand-3a30d6b7-8c29-5ce4-b7bc-8bb5bcb0015b","4eso-a","block","sin-determinar","UNMAPPED_BLOCK"
"cand-0767ebe2-ad4c-5396-93f8-7bb8e25abf50","4eso-a","block","sin-determinar","UNMAPPED_BLOCK"
"cand-2f152241-f2ec-53a3-83de-7d67b6a0ccde","4eso-a","block","sin-determinar","UNMAPPED_BLOCK"
"cand-e7e28771-5d7d-57c1-9a00-7b7f6dcdcb98","4eso-a","block","sin-determinar","UNMAPPED_BLOCK"
"cand-08963b79-7253-5666-b087-4535a96cd9ef","4eso-a","block","sin-determinar","UNMAPPED_BLOCK"
"cand-d0608e54-1f26-59f9-8608-22f29e230787","4eso-a","block","sin-determinar","UNMAPPED_BLOCK"
"cand-681108b8-94d8-5009-b54b-0518e0334ffc","4eso-a","block","sin-determinar","UNMAPPED_BLOCK"
"cand-68676f74-f49f-5b37-bb0a-829b77768802","4eso-a","block","sin-determinar","UNMAPPED_BLOCK"
"cand-dc64a644-87b7-56d4-b6a1-2a0c3e977e39","4eso-a","block","sin-determinar","UNMAPPED_BLOCK"
"cand-f8b4619e-0f9d-5e8a-9271-81c51a24e479","4eso-a","block","sin-determinar","UNMAPPED_BLOCK"
"cand-d82052b1-5152-50c0-9e3c-6d8cd1a6d2ca","4eso-a","block","sin-determinar","UNMAPPED_BLOCK"
"cand-37c65f83-cf75-5ce1-a18f-935bd58b5038","4eso-a","block","sin-determinar","UNMAPPED_BLOCK"
"cand-efa166a3-748d-50a7-9a06-65b47bc5b72d","4eso-a","block","sin-determinar","UNMAPPED_BLOCK"
"cand-75638656-7357-5296-b8b8-ade0c9dbf737","4eso-a","block","sin-determinar","UNMAPPED_BLOCK"
"cand-0d9e93b1-207f-5564-b8c5-4f98bfe6235f","4eso-a","block","sin-determinar","UNMAPPED_BLOCK"
"cand-40f494b8-6894-5313-95dd-78bb89fb5069","4eso-a","block","sin-determinar","UNMAPPED_BLOCK"
"cand-44a669ad-84b6-5efa-90fc-0dc6aaaa0a2b","4eso-a","block","sin-determinar","UNMAPPED_BLOCK"
"cand-bb0088e5-695c-5a05-9f82-c5949da28682","4eso-a","block","sin-determinar","UNMAPPED_BLOCK"
"cand-14dd0fb9-25ed-5712-b208-85b99bbe7094","4eso-a","block","sin-determinar","UNMAPPED_BLOCK"
"cand-d219e621-f085-5465-a268-89cc8c644d32","4eso-a","block","sin-determinar","UNMAPPED_BLOCK"
"cand-c0389ea7-6c05-5a3e-ace8-bbbb122eeae1","4eso-a","block","sin-determinar","UNMAPPED_BLOCK"
"cand-a4a1dd51-fc9e-564c-b160-677e9e32c8dd","4eso-a","block","sin-determinar","UNMAPPED_BLOCK"
"cand-2ce1ebbd-e041-5281-a3bb-f47dc260579f","4eso-a","block","sin-determinar","UNMAPPED_BLOCK"
"cand-a23d979e-7725-5470-b92c-070b29386fee","4eso-a","block","sin-determinar","UNMAPPED_BLOCK"
"cand-7d634ea0-2ae2-59ab-bcfd-d1073934db68","4eso-a","block","sin-determinar","UNMAPPED_BLOCK"
"cand-5e21f352-b93e-57a1-807c-823967986692","4eso-a","block","sin-determinar","UNMAPPED_BLOCK"
"cand-80db1642-33d2-5b92-9f6e-025c4bdda73a","4eso-a","block","sin-determinar","UNMAPPED_BLOCK"
"cand-fb8ca787-3319-589d-a6f2-5b1c4f97e1ae","4eso-a","block","sin-determinar","UNMAPPED_BLOCK"
"cand-25280297-2cfd-5279-a669-dfe355ca6291","4eso-a","block","sin-determinar","UNMAPPED_BLOCK"
"cand-cc30b3b7-6cf4-5281-b5da-ec84466f05f9","4eso-a","block","sin-determinar","UNMAPPED_BLOCK"
"cand-132fb9b9-7153-586f-b441-46eadf279543","4eso-a","block","sin-determinar","UNMAPPED_BLOCK"
"cand-3f5d14d0-6ef5-5480-af2b-d2e0ac5d32f1","4eso-a","block","sin-determinar","UNMAPPED_BLOCK"
"cand-6adb68f0-b15c-5ce1-8ed6-6701186f2028","4eso-a","block","sin-determinar","UNMAPPED_BLOCK"
"cand-9f5c88ae-0f93-52b8-a27b-6c31687f99b6","4eso-a","block","sin-determinar","UNMAPPED_BLOCK"
"cand-5d367e2c-e11c-505a-b416-9d2569fb1384","4eso-a","block","sin-determinar","UNMAPPED_BLOCK"
"cand-23e5b5ef-7f81-5889-8267-f9df9f9f3c53","4eso-a","block","sin-determinar","UNMAPPED_BLOCK"
"cand-0da7d699-74a9-5a3f-91ed-343756f7b064","4eso-a","block","sin-determinar","UNMAPPED_BLOCK"
"cand-2bb17d29-826e-52b0-a749-c309d2457334","4eso-a","block","sin-determinar","UNMAPPED_BLOCK"
"cand-689d6773-3269-5867-9462-6b3431058231","4eso-a","block","sin-determinar","UNMAPPED_BLOCK"
"cand-1c0958c7-d15a-57c9-96c8-69eeb3389c5d","4eso-a","block","sin-determinar","UNMAPPED_BLOCK"
"cand-b3846910-27cc-56c6-8c54-06e9773f9213","4eso-a","block","sin-determinar","UNMAPPED_BLOCK"
"cand-c0db3deb-bbcc-5b4f-9f09-929945e89d46","4eso-a","block","sin-determinar","UNMAPPED_BLOCK"
"cand-007bfed7-f4da-5d83-ba7d-de220f678913","4eso-a","block","sin-determinar","UNMAPPED_BLOCK"
"cand-62b23816-f6c6-5858-9799-f053dff1e520","4eso-a","block","sin-determinar","UNMAPPED_BLOCK"
"cand-618a4330-4fe9-54d8-a580-1bd3dd158b06","4eso-a","block","sin-determinar","UNMAPPED_BLOCK"
"cand-1d711a6a-f98a-58ef-8ece-fe95527fba1b","4eso-a","block","sin-determinar","UNMAPPED_BLOCK"
"cand-69472597-20f7-53de-b010-1a328c84bb54","4eso-a","block","sin-determinar","UNMAPPED_BLOCK"
"cand-b277fb7e-c645-5fda-a5ca-f3bbf7ac2261","4eso-a","block","sin-determinar","UNMAPPED_BLOCK"
"cand-d02d6857-bf53-52ff-b553-1dae52ceef9d","4eso-a","block","sin-determinar","UNMAPPED_BLOCK"
"cand-d79fe382-1dd6-56d1-93ba-2f1853d815cc","4eso-a","block","sin-determinar","UNMAPPED_BLOCK"
"cand-6532c705-c960-5aa3-8441-eca1c8224166","4eso-a","block","sin-determinar","UNMAPPED_BLOCK"
"cand-3a1006c9-7d89-5472-a0de-43fea83929ee","4eso-a","block","sin-determinar","UNMAPPED_BLOCK"
"cand-d872a485-d3ba-5703-8a5a-bdaab9a6de4a","4eso-a","block","sin-determinar","UNMAPPED_BLOCK"
"cand-6ae09929-7f9a-5039-9224-f2f98faab30e","4eso-a","block","sin-determinar","UNMAPPED_BLOCK"
"cand-98d762fb-f3fa-5e4c-9dc5-c85ceb2ce7cb","4eso-a","block","sin-determinar","UNMAPPED_BLOCK"
"cand-3f6aad2b-0787-5d84-9412-d39fb976f294","4eso-a","block","sin-determinar","UNMAPPED_BLOCK"
"cand-3212f686-ce5c-5b02-b365-5e01105ca30b","4eso-a","block","sin-determinar","UNMAPPED_BLOCK"
"cand-d087b7cc-0e6b-5d40-9404-25680172e983","4eso-a","block","sin-determinar","UNMAPPED_BLOCK"
"cand-30a70034-faa6-50f0-b563-63cfb62c23c0","4eso-a","block","sin-determinar","UNMAPPED_BLOCK"
"cand-f5b90b93-51d8-5c90-b375-00d8e0b78b14","4eso-a","block","sin-determinar","UNMAPPED_BLOCK"
"cand-103ae450-7005-525c-ac22-d1d993b9fff3","4eso-b","block","sin-determinar","UNMAPPED_BLOCK"
"cand-834b3d8c-ff9d-543e-bd0f-610ad610db52","4eso-b","block","sin-determinar","UNMAPPED_BLOCK"
"cand-a993868f-6c97-5a36-9555-6c3debc6f019","4eso-b","block","sin-determinar","UNMAPPED_BLOCK"
"cand-dcd4a455-83f8-5c4e-b18e-42e03381fd74","4eso-b","block","sin-determinar","UNMAPPED_BLOCK"
"cand-d083955d-3a36-573d-b8b8-f36dabec059f","4eso-b","block","sin-determinar","UNMAPPED_BLOCK"
"cand-3866013c-9bbd-57d6-a214-5cd082ad64c8","4eso-b","block","sin-determinar","UNMAPPED_BLOCK"
"cand-8a37a46d-23bc-5613-8180-9d547bfaa069","4eso-b","block","sin-determinar","UNMAPPED_BLOCK"
"cand-7497f377-39d7-52c6-a3b7-955cea8613e0","4eso-b","block","sin-determinar","UNMAPPED_BLOCK"
"cand-99cb5475-95bf-5d4c-b670-c0f7ab2de936","4eso-b","block","sin-determinar","UNMAPPED_BLOCK"
"cand-fc0424c3-9e51-5905-b9b7-bbcd2adee65c","4eso-b","block","sin-determinar","UNMAPPED_BLOCK"
"cand-9ac9f611-dfab-50a0-a029-852e4433007f","4eso-b","block","sin-determinar","UNMAPPED_BLOCK"
"cand-7a2df660-9811-5216-91b9-89bd9246d4d1","4eso-b","block","sin-determinar","UNMAPPED_BLOCK"
"cand-ad7c449b-3e9d-5b56-b58c-f7bade968704","4eso-b","block","sin-determinar","UNMAPPED_BLOCK"
"cand-05d3facc-b325-54d0-b54d-bf2884ecd345","4eso-b","block","sin-determinar","UNMAPPED_BLOCK"
"cand-78f7f9a6-5252-5fd2-9295-6921ab58bfca","4eso-b","block","sin-determinar","UNMAPPED_BLOCK"
"cand-99c8d094-0ebe-5c54-864c-e78805145b5b","4eso-b","block","sin-determinar","UNMAPPED_BLOCK"
"cand-8ea65914-9f89-564c-af5a-9e09b60a7b3d","4eso-b","block","sin-determinar","UNMAPPED_BLOCK"
"cand-6124178b-7a11-5d3f-b15c-9fda67fe950b","4eso-b","block","sin-determinar","UNMAPPED_BLOCK"
"cand-72797a22-7f30-57c8-a541-17e9e181f3cc","4eso-b","block","sin-determinar","UNMAPPED_BLOCK"
"cand-a1b3edac-3ee3-5e37-ac1c-0a0cca4c5a4d","4eso-b","block","sin-determinar","UNMAPPED_BLOCK"
"cand-7aa0d98a-a135-568b-8f7d-50341cba1899","4eso-b","block","sin-determinar","UNMAPPED_BLOCK"
"cand-4e030042-4e5f-5756-bd83-5935472517db","4eso-b","block","sin-determinar","UNMAPPED_BLOCK"
"cand-dfc48617-a591-5887-8422-58de0a0a889e","4eso-b","block","sin-determinar","UNMAPPED_BLOCK"
"cand-dbc92bfa-e0ed-5f46-b1e2-3a92429e6c2d","4eso-b","block","sin-determinar","UNMAPPED_BLOCK"
"cand-04e79b03-3194-513a-a313-dac6be1f1e67","4eso-b","block","sin-determinar","UNMAPPED_BLOCK"
"cand-2da247ae-70f3-51d6-b386-621bf79a34d1","4eso-b","block","sin-determinar","UNMAPPED_BLOCK"
"cand-b9aeed7f-637f-5bfe-b3ab-a5c9a55f248c","4eso-b","block","sin-determinar","UNMAPPED_BLOCK"
"cand-97b057b6-02ab-5c19-9476-bda1bee54937","4eso-b","block","sin-determinar","UNMAPPED_BLOCK"
"cand-fbe627f1-66d7-58f4-b002-645baeb82129","4eso-b","block","sin-determinar","UNMAPPED_BLOCK"
"cand-da16611b-5e46-50aa-ab2d-288d34f5cfb5","4eso-b","block","sin-determinar","UNMAPPED_BLOCK"
"cand-5ce82b29-0481-5417-85ce-af1227e30169","4eso-b","block","sin-determinar","UNMAPPED_BLOCK"
"cand-025c18d7-b7d9-5a6e-b1c3-04fab5a34eda","4eso-b","block","sin-determinar","UNMAPPED_BLOCK"
"cand-4b679a15-8bc5-57e5-983e-36bba726ff3c","4eso-b","block","sin-determinar","UNMAPPED_BLOCK"
"cand-73f247c1-78c4-5437-8d51-37d8f08b5c43","4eso-b","block","sin-determinar","UNMAPPED_BLOCK"
"cand-5e226820-99e0-571f-89f2-da85fa2117a2","4eso-b","block","sin-determinar","UNMAPPED_BLOCK"
"cand-18687168-5678-5175-a913-ef1fcb6a021c","4eso-b","block","sin-determinar","UNMAPPED_BLOCK"
"cand-a3f22d23-ecee-55c5-a0b6-b45879901d52","4eso-b","block","sin-determinar","UNMAPPED_BLOCK"
"cand-f31367e8-6f52-56c9-b443-748152e71bf3","4eso-b","block","sin-determinar","UNMAPPED_BLOCK"
"cand-8dbce96f-83db-57d3-bc4b-52eeb7e8d1cd","4eso-b","block","sin-determinar","UNMAPPED_BLOCK"
"cand-27d0c4a6-159a-50cf-b22a-cc0506203f16","4eso-b","block","sin-determinar","UNMAPPED_BLOCK"
"cand-d1140fdb-eecc-5607-9156-98ff8fe9c652","4eso-b","block","sin-determinar","UNMAPPED_BLOCK"
"cand-0565a6b8-d415-50c4-a733-2da805eb1c28","4eso-b","block","sin-determinar","UNMAPPED_BLOCK"
"cand-5a9913ab-adb0-5cc0-ac9d-80fd79ca8cc4","4eso-b","block","sin-determinar","UNMAPPED_BLOCK"
"cand-3fcf72b9-944b-5291-8d03-bcaf57556f5f","4eso-b","block","sin-determinar","UNMAPPED_BLOCK"
"cand-a2b96604-452f-59b4-9895-76782eab613f","4eso-b","block","sin-determinar","UNMAPPED_BLOCK"
"cand-9bba3c0b-e17e-54a7-b3fa-246f1bb2d820","4eso-b","block","sin-determinar","UNMAPPED_BLOCK"
"cand-367721b4-2f0a-5d6f-9f16-550172eaa04b","4eso-b","block","sin-determinar","UNMAPPED_BLOCK"
"cand-f974273f-5a3f-538f-9321-368675f5994a","4eso-b","block","sin-determinar","UNMAPPED_BLOCK"
"cand-4a5e7196-2f89-500c-b599-d95bbd8d6080","4eso-b","block","sin-determinar","UNMAPPED_BLOCK"
"cand-1be4b79b-27dc-5241-9c56-e610ca236d92","4eso-b","block","sin-determinar","UNMAPPED_BLOCK"
"cand-b342b024-1083-547c-83c8-eb3281bc4b8a","4eso-b","block","sin-determinar","UNMAPPED_BLOCK"
"cand-87b6ce20-37d0-5c1f-92f1-daceda6e5ae8","4eso-b","block","sin-determinar","UNMAPPED_BLOCK"
"cand-5b4d2b53-1d88-5565-b551-5a4397fe64a1","4eso-b","block","sin-determinar","UNMAPPED_BLOCK"
"cand-e40bb904-fe1b-5ae9-b20c-a18aa531fe5f","4eso-b","block","sin-determinar","UNMAPPED_BLOCK"
"cand-3e840678-ad22-536e-8607-5f280f77bcae","4eso-b","block","sin-determinar","UNMAPPED_BLOCK"
"cand-621edf56-652e-5ee9-be0c-9459ec2b4255","4eso-b","block","sin-determinar","UNMAPPED_BLOCK"
"cand-9cbb7f0a-ab54-55d9-b9cc-3640fae12924","4eso-b","block","sin-determinar","UNMAPPED_BLOCK"
"cand-723aa1ad-0175-5d9c-9707-1552a4636ec1","4eso-b","block","sin-determinar","UNMAPPED_BLOCK"
"cand-b7b56e72-ba86-5736-9627-2cadb055dddc","4eso-b","block","sin-determinar","UNMAPPED_BLOCK"
"cand-baa51df4-5b06-53bc-a53c-7d3763d77d01","4eso-b","block","sin-determinar","UNMAPPED_BLOCK"
"cand-f39fbdd1-0c49-50c7-8d68-721e9ea4bcf7","4eso-b","block","sin-determinar","UNMAPPED_BLOCK"
"cand-f5633666-03bc-5628-8d10-435abd3cdef7","4eso-b","block","sin-determinar","UNMAPPED_BLOCK"
"cand-6ca33f01-851c-5ea3-a3f6-361af9a2be17","4eso-b","block","sin-determinar","UNMAPPED_BLOCK"
"cand-90c42768-84c3-57fe-bcad-0fbe57cade28","4eso-b","block","sin-determinar","UNMAPPED_BLOCK"
"cand-1a222d4f-4418-5fb4-adf3-0bbae9266186","4eso-b","block","sin-determinar","UNMAPPED_BLOCK"
"cand-738d3e12-952d-50a8-b25c-84f81d3472e7","4eso-b","block","sin-determinar","UNMAPPED_BLOCK"
"cand-0cfd1bcb-2421-5750-a69f-b4db2d311062","4eso-b","block","sin-determinar","UNMAPPED_BLOCK"
"cand-34c533e0-1e9d-5b9b-9aaf-e65cf2147089","4eso-b","block","sin-determinar","UNMAPPED_BLOCK"
"cand-003d1d3b-1af6-593a-a034-60fb45dcd325","4eso-b","block","sin-determinar","UNMAPPED_BLOCK"
"cand-66454e10-18f3-5ff0-bda2-634296b991dc","4eso-b","block","sin-determinar","UNMAPPED_BLOCK"
"cand-a8124570-18b7-5025-ab0e-e10e209c9c93","4eso-b","block","sin-determinar","UNMAPPED_BLOCK"
"cand-4c07a7f6-72a0-5a41-b7ed-60bfb8e7eed4","4eso-b","block","sin-determinar","UNMAPPED_BLOCK"
"cand-6fd7d961-8d6a-5d5d-80f2-1b54218919bd","4eso-b","block","sin-determinar","UNMAPPED_BLOCK"
"cand-e0fd6ac7-b01a-5726-830e-def28d659c8a","4eso-b","block","sin-determinar","UNMAPPED_BLOCK"
"cand-41217c56-16cb-5502-a33a-d39099e6cde9","4eso-b","block","sin-determinar","UNMAPPED_BLOCK"
"cand-8ddedfa2-37c1-56e7-934d-2933e36174a8","4eso-b","block","sin-determinar","UNMAPPED_BLOCK"
"cand-5054ecf7-8a71-5e8d-be70-6af147f88707","4eso-b","block","sin-determinar","UNMAPPED_BLOCK"
"cand-4bb95c1b-51c6-5592-9c1a-c73ebc106c37","4eso-b","block","sin-determinar","UNMAPPED_BLOCK"
"cand-5bdccc3c-f331-5d0d-8576-372aa4dc2079","4eso-b","block","sin-determinar","UNMAPPED_BLOCK"
"cand-8b874ba0-b20b-532b-9a1b-a23e6ec78009","4eso-b","block","sin-determinar","UNMAPPED_BLOCK"
"cand-30990416-5c00-5bf7-9cce-5ffee104f746","4eso-b","block","sin-determinar","UNMAPPED_BLOCK"
"cand-3a398d85-7f67-5911-a595-2d8e35b89c27","4eso-b","block","sin-determinar","UNMAPPED_BLOCK"
"cand-b8ca5a68-3f28-5ac1-aea0-84883c679590","4eso-b","block","sin-determinar","UNMAPPED_BLOCK"
"cand-9cd0a331-851a-5a96-ae47-50ca882e8b5f","4eso-b","block","sin-determinar","UNMAPPED_BLOCK"
"cand-e7461279-b5cc-5457-b706-336318ff70c8","4eso-b","block","sin-determinar","UNMAPPED_BLOCK"
"cand-80417d59-7dc8-5ce6-8f30-c37c6f25c960","4eso-b","block","sin-determinar","UNMAPPED_BLOCK"
"cand-d31e85bd-2f89-58b1-8e77-65bd8e693136","4eso-b","block","sin-determinar","UNMAPPED_BLOCK"
"cand-ce15ae78-63f3-500e-8cad-7e86223cebc9","4eso-b","block","sin-determinar","UNMAPPED_BLOCK"
"cand-2b6602a6-0191-547e-afb8-2d2e83bdab55","4eso-b","block","sin-determinar","UNMAPPED_BLOCK"
"cand-688bff59-60dd-5219-935e-0063bc1fe562","4eso-b","block","sin-determinar","UNMAPPED_BLOCK"
"cand-bc2bfa36-5b59-5acf-add1-28e7a7385b76","4eso-b","block","sin-determinar","UNMAPPED_BLOCK"
"cand-6cf354bb-0e3b-5b5c-9a97-0f6a1c523195","4eso-b","block","sin-determinar","UNMAPPED_BLOCK"
"cand-01b0ae08-16c6-5c88-9b0e-01307296845c","4eso-b","block","sin-determinar","UNMAPPED_BLOCK"
"cand-9c5b4bad-fc79-56ce-ae31-b7cc11b05238","4eso-b","block","sin-determinar","UNMAPPED_BLOCK"
"cand-86ee9d70-94c3-5378-a161-61a44960f4a6","4eso-b","block","sin-determinar","UNMAPPED_BLOCK"
"cand-260de13e-bfbe-5db7-b53b-055083184b3e","4eso-b","block","sin-determinar","UNMAPPED_BLOCK"
"cand-262de1b0-85eb-5469-a714-978233d3afe7","4eso-b","block","sin-determinar","UNMAPPED_BLOCK"
"cand-9d258542-d61f-5c52-9d46-7d326942ab5a","4eso-b","block","sin-determinar","UNMAPPED_BLOCK"
"cand-5e65fb67-a889-58db-9226-06c9bbc350d2","4eso-b","block","sin-determinar","UNMAPPED_BLOCK"
"cand-4b5586e0-a8fd-5bb2-87e6-a03f0e0367b3","4eso-b","block","sin-determinar","UNMAPPED_BLOCK"
"cand-69a23522-4c99-5716-93d6-10838a4c0cb1","4eso-b","block","sin-determinar","UNMAPPED_BLOCK"
"cand-50edb051-cca8-5d61-931f-dc01c19c9f19","4eso-b","block","sin-determinar","UNMAPPED_BLOCK"
"cand-aee40a7a-0be2-5127-96a1-d4f7737e717d","4eso-b","block","sin-determinar","UNMAPPED_BLOCK"
"cand-32f34440-7b47-53e4-9e05-a7ce872c2e4b","4eso-b","block","sin-determinar","UNMAPPED_BLOCK"
"cand-dc7e6cd8-a36b-5562-8a7b-155eef1dffc4","4eso-b","block","sin-determinar","UNMAPPED_BLOCK"
"cand-24c57bc9-fccf-5e6b-8042-d745724888d8","4eso-b","block","sin-determinar","UNMAPPED_BLOCK"
"cand-1ded7585-47e8-5ff9-86e5-d21ea38b5324","4eso-b","block","sin-determinar","UNMAPPED_BLOCK"
"cand-5fb4f9b2-771b-5af6-977e-51c84ea527f7","4eso-b","block","sin-determinar","UNMAPPED_BLOCK"
"cand-0e27f51b-bfc6-5275-95b4-4b7c943070d5","4eso-b","block","sin-determinar","UNMAPPED_BLOCK"
"cand-2b07c325-91b3-5dd8-a35c-d4e063aeba09","4eso-b","block","sin-determinar","UNMAPPED_BLOCK"
"cand-2e324367-d48b-5c88-9507-b0ca2a21f7c0","4eso-b","block","sin-determinar","UNMAPPED_BLOCK"
"cand-e8027a36-c0ee-5e09-a8ca-6be1a709d2fc","4eso-b","block","sin-determinar","UNMAPPED_BLOCK"
"cand-61869250-ea68-5994-a436-b9425023e615","4eso-b","block","sin-determinar","UNMAPPED_BLOCK"
"cand-b0e3fbdd-b946-5c66-ad4b-41dc6e7d3ea1","4eso-b","block","sin-determinar","UNMAPPED_BLOCK"
"cand-65e7dc7d-8190-5fa7-972c-f70fe00691a1","4eso-b","block","sin-determinar","UNMAPPED_BLOCK"
"cand-90fdd17b-73b4-57c7-a3bc-8a738aa3985d","4eso-b","block","sin-determinar","UNMAPPED_BLOCK"
"cand-539c02a5-44bc-55df-890b-892ac659adc0","4eso-b","block","sin-determinar","UNMAPPED_BLOCK"
"cand-1ca15409-1ece-5ed7-8810-16aa07379b42","4eso-b","block","sin-determinar","UNMAPPED_BLOCK"
"cand-19a16dd0-2b0b-5319-862e-bc2b815aa5ce","4eso-b","block","sin-determinar","UNMAPPED_BLOCK"
"cand-3de285c9-d3cf-524e-bd8e-15a45431ec0a","4eso-b","block","sin-determinar","UNMAPPED_BLOCK"
"cand-038c5a22-37be-5c2f-b958-403d46cb5fb8","4eso-b","block","sin-determinar","UNMAPPED_BLOCK"
"cand-142bbc61-a355-5829-b4ec-7bdeda519ca6","4eso-b","block","sin-determinar","UNMAPPED_BLOCK"
"cand-74a92f89-788a-52c9-a906-79c612ae040c","4eso-b","block","sin-determinar","UNMAPPED_BLOCK"
"cand-c839c78a-158f-5780-8129-e3823067f435","4eso-b","block","sin-determinar","UNMAPPED_BLOCK"
"cand-ab511a6b-122f-5000-a269-12aa426354e4","4eso-b","block","sin-determinar","UNMAPPED_BLOCK"
"cand-eff6e8e1-9f85-5791-b4b3-526d24f71fad","4eso-b","block","sin-determinar","UNMAPPED_BLOCK"
"cand-b4442c84-5b77-5305-aa35-022857293a0b","4eso-b","block","sin-determinar","UNMAPPED_BLOCK"
"cand-9da3a991-6d65-50f7-a270-b19a5682ab2c","4eso-b","block","sin-determinar","UNMAPPED_BLOCK"
"cand-218da79e-ca48-531b-a37c-3de164b80097","4eso-b","block","sin-determinar","UNMAPPED_BLOCK"
"cand-56550f6e-5ec9-5b4d-a336-861816556dfb","4eso-b","block","sin-determinar","UNMAPPED_BLOCK"
"cand-86c7f29a-f8b1-59f1-a036-950606b90942","4eso-b","block","sin-determinar","UNMAPPED_BLOCK"
"cand-80137b44-084f-5902-99e1-0162824aafe5","4eso-b","block","sin-determinar","UNMAPPED_BLOCK"
"cand-e910b877-710d-5831-9f0e-dc1bdf052769","4eso-b","block","sin-determinar","UNMAPPED_BLOCK"
"cand-b6fbcb66-9ea0-539c-86fb-95d49f7d3803","4eso-b","block","sin-determinar","UNMAPPED_BLOCK"
"cand-09ae9ae4-e51b-59b7-bdcf-851ae1c846b8","4eso-b","block","sin-determinar","UNMAPPED_BLOCK"
"cand-753c1c02-e22c-5cd5-951a-f679ebe6ab0b","4eso-b","block","sin-determinar","UNMAPPED_BLOCK"
"cand-4c7cd5b2-940f-59ca-97d1-fff1393ac701","4eso-b","block","sin-determinar","UNMAPPED_BLOCK"
"cand-8692cd3c-59fc-5b26-ad66-08554e01f3fb","4eso-b","block","sin-determinar","UNMAPPED_BLOCK"
"cand-95db022f-c93a-5933-9085-275c8966a749","4eso-b","block","sin-determinar","UNMAPPED_BLOCK"
"cand-733fca18-1be5-5919-857a-7a402d3ef1a6","4eso-b","block","sin-determinar","UNMAPPED_BLOCK"
"cand-5cfcfe0a-673e-5bd5-876e-98b5062f6480","4eso-b","block","sin-determinar","UNMAPPED_BLOCK"
"cand-bf8129e7-1216-55ff-9e76-4c4e9a9e170c","4eso-b","block","sin-determinar","UNMAPPED_BLOCK"
"cand-632e74b3-ea27-58c5-87a0-be466132f451","4eso-b","block","sin-determinar","UNMAPPED_BLOCK"
"cand-49c28a02-19da-5108-a378-ac6a5b22429b","4eso-b","block","sin-determinar","UNMAPPED_BLOCK"
"cand-17160257-14cb-579a-bc5d-4aff6cbd5e18","4eso-b","block","sin-determinar","UNMAPPED_BLOCK"
"cand-fab4b0d8-30d3-503f-b989-51b66e4262f7","4eso-b","block","sin-determinar","UNMAPPED_BLOCK"
"cand-cc7dfd9b-fd3d-5fa1-9a8b-2382b97c5cb9","4eso-b","block","sin-determinar","UNMAPPED_BLOCK"
"cand-a39558e7-f295-5be8-8f29-35f5e482a58b","4eso-b","block","sin-determinar","UNMAPPED_BLOCK"
"cand-bede1cff-6595-50cf-8d88-e3317ee47e8d","4eso-b","block","sin-determinar","UNMAPPED_BLOCK"
"cand-45be695c-a684-5a3f-8cdb-b083f3e9600d","4eso-b","block","sin-determinar","UNMAPPED_BLOCK"
"cand-7b09baa0-1f0e-5231-998b-b0a8f5241ee0","4eso-b","block","sin-determinar","UNMAPPED_BLOCK"
"cand-6d698c39-83a3-5b78-90c4-f4bd27c65464","4eso-b","block","sin-determinar","UNMAPPED_BLOCK"
"cand-ff8bd614-c61b-5247-bee3-0432d5a262f7","4eso-b","block","sin-determinar","UNMAPPED_BLOCK"
"cand-b1fc844b-53e5-55e8-bbc9-d82cc5df4bcd","4eso-b","block","sin-determinar","UNMAPPED_BLOCK"
"cand-6cbac1e4-cc0f-5798-93c1-4a3e336330dc","4eso-b","block","sin-determinar","UNMAPPED_BLOCK"
"cand-d02df2c2-2e7a-5e03-964b-c9512a0c0074","4eso-b","block","sin-determinar","UNMAPPED_BLOCK"
"cand-5b01cf16-1894-5ed1-b09e-96774511361e","4eso-b","block","sin-determinar","UNMAPPED_BLOCK"
"cand-a9b464de-d8a6-51ce-b604-ab8bc125f73f","4eso-b","block","sin-determinar","UNMAPPED_BLOCK"
"cand-8ee5743a-8607-5639-adfa-792613a0b36f","4eso-b","block","sin-determinar","UNMAPPED_BLOCK"
"cand-ed483812-fb5f-5261-812a-57364f5c4be2","4eso-b","block","sin-determinar","UNMAPPED_BLOCK"
"cand-de9c2022-e911-501d-9fd7-40919c141927","4eso-b","block","sin-determinar","UNMAPPED_BLOCK"
"cand-ee5f97cf-8c67-546e-980e-0fa897d0bd5d","4eso-b","block","sin-determinar","UNMAPPED_BLOCK"
"cand-35b0a514-6ea6-5800-bee8-d688de737007","4eso-b","block","sin-determinar","UNMAPPED_BLOCK"
"cand-77e67e19-c087-5f3d-84a8-c887d69f4a9f","4eso-b","block","sin-determinar","UNMAPPED_BLOCK"
"cand-2a292be7-30bc-531f-bdff-52de192c11ef","4eso-b","block","sin-determinar","UNMAPPED_BLOCK"
"cand-dad4c6c6-eadc-577e-bb1d-139b40bce7a6","4eso-b","block","sin-determinar","UNMAPPED_BLOCK"
"cand-c62c78c7-bec5-548e-a95f-283ab68b6a64","4eso-b","block","sin-determinar","UNMAPPED_BLOCK"
"cand-e97d43d1-a4e9-57ed-b7e2-2ca5c0898c71","4eso-b","block","sin-determinar","UNMAPPED_BLOCK"
"cand-a819e63d-17f2-5941-aa15-bfd35be141ff","4eso-b","block","sin-determinar","UNMAPPED_BLOCK"
"cand-f40ab848-4518-5a04-94cb-48e358e56d5d","4eso-b","block","sin-determinar","UNMAPPED_BLOCK"
"cand-d0a51172-5dbd-5fe7-8a2b-5945e205dc07","4eso-b","block","sin-determinar","UNMAPPED_BLOCK"
"cand-0eefecf9-716d-5f7b-90e2-ca04e6045499","4eso-b","block","sin-determinar","UNMAPPED_BLOCK"
"cand-1f7504aa-bb4f-5a45-84b1-9fc9f8fe9035","4eso-b","block","sin-determinar","UNMAPPED_BLOCK"
"cand-b9cd4fe1-3e4c-5516-b0fb-e16cc7dabf63","4eso-b","block","sin-determinar","UNMAPPED_BLOCK"
"cand-b4171a01-ba75-51fd-9e36-4d5debc8b762","4eso-b","block","sin-determinar","UNMAPPED_BLOCK"
"cand-49658aee-ca5c-55b4-863b-b80dab147535","4eso-b","block","sin-determinar","UNMAPPED_BLOCK"
"cand-698f0a65-e471-500a-9ea0-03157ccb8fc4","4eso-b","block","sin-determinar","UNMAPPED_BLOCK"
"cand-6ac5e26e-961b-546a-ae19-7f05aff59f76","4eso-b","block","sin-determinar","UNMAPPED_BLOCK"
"cand-a1335549-7577-5465-98bf-22a35dcfffd1","4eso-b","block","sin-determinar","UNMAPPED_BLOCK"
"cand-343cb24a-80a0-5320-b548-083923bd215b","4eso-b","block","sin-determinar","UNMAPPED_BLOCK"
"cand-19fcd23d-3372-5e7f-94e2-3c13c6c1c375","4eso-b","block","sin-determinar","UNMAPPED_BLOCK"
"cand-90b26593-b99b-5939-8c26-5ed4e77fb067","4eso-b","block","sin-determinar","UNMAPPED_BLOCK"
"cand-ff488364-8dd8-5e3b-9b14-c73f575d2da5","4eso-b","block","sin-determinar","UNMAPPED_BLOCK"
"cand-ec321cfa-a1e6-5d90-a25d-365de9255932","4eso-b","block","sin-determinar","UNMAPPED_BLOCK"
"cand-81e19f4a-f5c7-5e0d-9c86-eb33d619ad32","4eso-b","block","sin-determinar","UNMAPPED_BLOCK"
"cand-5d0a9960-69b5-561b-b2e3-df552125a178","4eso-b","block","sin-determinar","UNMAPPED_BLOCK"
"cand-a3e03e91-43c4-5c50-b700-af6236719535","4eso-b","block","sin-determinar","UNMAPPED_BLOCK"
"cand-9b5daf8d-5c27-55a5-9576-18abe18841e8","4eso-b","block","sin-determinar","UNMAPPED_BLOCK"
"cand-2a56599d-d1ae-594f-88e7-5ee8cec6b508","4eso-b","block","sin-determinar","UNMAPPED_BLOCK"
"cand-d26752a9-0077-50a6-ada9-e6ed3c2dff94","4eso-b","block","sin-determinar","UNMAPPED_BLOCK"
"cand-c82b753c-78b1-5ae9-a70d-a1eb160f0f45","4eso-b","block","sin-determinar","UNMAPPED_BLOCK"
"cand-169e6d7d-678e-5612-b74e-5559bfc00b0e","4eso-b","block","sin-determinar","UNMAPPED_BLOCK"
"cand-51a05f88-071c-5d7f-9816-0241755007bb","4eso-b","block","sin-determinar","UNMAPPED_BLOCK"
"cand-1574f0f8-f010-5591-bb68-d20edf58f97a","4eso-b","block","sin-determinar","UNMAPPED_BLOCK"
"cand-aa04f72d-18c3-57ff-9f44-ae2c24d807e0","4eso-b","block","sin-determinar","UNMAPPED_BLOCK"
"cand-86245266-8ccb-53d8-9977-bd8097a75fb2","4eso-b","block","sin-determinar","UNMAPPED_BLOCK"
"cand-f6464c13-c36f-5ac6-8116-289cf74a7236","4eso-b","block","sin-determinar","UNMAPPED_BLOCK"
"cand-f86a1ae5-b7db-5943-89c8-15295f5e3a4c","4eso-b","block","sin-determinar","UNMAPPED_BLOCK"
"cand-205bc317-dd71-50a1-b231-69b01e80a520","4eso-b","block","sin-determinar","UNMAPPED_BLOCK"
"cand-00e934c6-84c0-5681-bb77-f362f1986b0f","4eso-b","block","sin-determinar","UNMAPPED_BLOCK"
"cand-e5b5c625-a70d-5b18-b243-4dcec9e3b056","4eso-b","block","sin-determinar","UNMAPPED_BLOCK"
"cand-af4e719a-2fa9-5f18-96c3-684f2fb20151","4eso-b","block","sin-determinar","UNMAPPED_BLOCK"
"cand-6b04a4f4-a6ea-5eee-a7c2-9c9d285a1f47","4eso-b","block","sin-determinar","UNMAPPED_BLOCK"
"cand-42f0eb33-8cf0-5dbf-964f-ac53aaef8b39","4eso-b","block","sin-determinar","UNMAPPED_BLOCK"
"cand-325b122d-666b-5678-b0f5-cbda9006f9f9","4eso-b","block","sin-determinar","UNMAPPED_BLOCK"
"cand-66a5b471-425b-5684-bda0-f120219d8045","4eso-b","block","sin-determinar","UNMAPPED_BLOCK"
"cand-e551c914-7531-5c5d-8bda-db31ea74469f","4eso-b","block","sin-determinar","UNMAPPED_BLOCK"
"cand-4066e6f9-c549-5a86-a2e7-d3a348999fb8","4eso-b","block","sin-determinar","UNMAPPED_BLOCK"
"cand-2b50514b-6efb-5336-8337-285b5e4522ab","4eso-b","block","sin-determinar","UNMAPPED_BLOCK"
"cand-3e5fdbf4-8f27-5ae0-a1b3-71ca4a770e1c","4eso-b","block","sin-determinar","UNMAPPED_BLOCK"
"cand-092a9dbf-6fdf-5ee8-b579-f7b1ae049e87","4eso-b","block","sin-determinar","UNMAPPED_BLOCK"
"cand-5fd4de6b-c46c-54ab-99ae-0da2299d929b","4eso-b","block","sin-determinar","UNMAPPED_BLOCK"
"cand-561066c2-540d-5aab-a43a-aa11b0d8cb9e","4eso-b","block","sin-determinar","UNMAPPED_BLOCK"
"cand-458428af-bea2-5d22-a4ad-dca5606a4d92","4eso-b","block","sin-determinar","UNMAPPED_BLOCK"
"cand-025135fa-fb9f-584b-8bef-414e8ab4509f","4eso-b","block","sin-determinar","UNMAPPED_BLOCK"
"cand-4337530a-5dd9-5e68-94e6-ddbec0a1c192","4eso-b","block","sin-determinar","UNMAPPED_BLOCK"
"cand-e47660ca-ae23-529a-b2bd-4ec7eae483db","4eso-b","block","sin-determinar","UNMAPPED_BLOCK"
"cand-1146d5f6-389c-53cd-b01c-1550145cabaa","4eso-b","block","sin-determinar","UNMAPPED_BLOCK"
"cand-83333f62-bb5f-52c6-bcfe-6b59cf15f470","4eso-b","block","sin-determinar","UNMAPPED_BLOCK"
"cand-583263ae-e230-59fd-8d55-7d388c791bc0","4eso-b","block","sin-determinar","UNMAPPED_BLOCK"
"cand-5caa7f81-48ab-5614-903e-75c8341f224e","4eso-b","block","sin-determinar","UNMAPPED_BLOCK"
"cand-64e9556b-3662-58a7-ac98-13f09920ce65","4eso-b","block","sin-determinar","UNMAPPED_BLOCK"
"cand-547755bf-02ba-57dd-b8fc-30d1a548a34c","4eso-b","block","sin-determinar","UNMAPPED_BLOCK"
"cand-ffb73036-bcf7-5707-b2b8-9aa72d1a3cf9","4eso-b","block","sin-determinar","UNMAPPED_BLOCK"
"cand-242fd64b-8a61-5cb9-ac10-676c5729589a","4eso-b","block","sin-determinar","UNMAPPED_BLOCK"
"cand-60a8cc67-00a5-5e41-bcfd-65c30e9ba0b7","4eso-b","block","sin-determinar","UNMAPPED_BLOCK"
"cand-e1f8e306-4195-5fdb-a62b-15196033965d","4eso-b","block","sin-determinar","UNMAPPED_BLOCK"
"cand-8c281ed4-3eeb-5ffa-be02-4937d3fca8fa","4eso-b","block","sin-determinar","UNMAPPED_BLOCK"
"cand-494e9563-e80d-52f5-8667-2e800e5b9fa8","4eso-b","block","sin-determinar","UNMAPPED_BLOCK"
"cand-d1711a17-e44f-5ade-b12b-7313a485f429","4eso-b","block","sin-determinar","UNMAPPED_BLOCK"
"cand-2c520f55-44e3-59ca-a13c-4f6c282e2973","4eso-b","block","sin-determinar","UNMAPPED_BLOCK"
"cand-2eb1a533-64a1-5923-a4f7-36962611208f","4eso-b","block","sin-determinar","UNMAPPED_BLOCK"
"cand-53f2f116-0913-5f26-9221-36ade3a639fe","4eso-b","block","sin-determinar","UNMAPPED_BLOCK"
"cand-f9be8901-02a1-5202-be40-0cf7e4089016","4eso-b","block","sin-determinar","UNMAPPED_BLOCK"
"cand-77caf6ce-bf4e-579f-bb3b-79a8dcc16c46","4eso-b","block","sin-determinar","UNMAPPED_BLOCK"
"cand-36e4df2d-dd43-5f88-956f-7e5f18c4224c","4eso-b","block","sin-determinar","UNMAPPED_BLOCK"
"cand-e2d870cf-91ce-5321-bde6-1f32cc2fc7da","4eso-b","block","sin-determinar","UNMAPPED_BLOCK"
"cand-1ff40229-da6d-544a-aac3-5767d2db0e86","4eso-b","block","sin-determinar","UNMAPPED_BLOCK"
"cand-26388345-717c-57d4-a244-c8d5bae8bdc4","4eso-b","block","sin-determinar","UNMAPPED_BLOCK"
"cand-b8896dfd-026e-5f69-b72c-55ada461812f","4eso-b","block","sin-determinar","UNMAPPED_BLOCK"
"cand-811e2749-019e-5a62-b958-6374119872ac","4eso-b","block","sin-determinar","UNMAPPED_BLOCK"
"cand-4ada0091-5db8-5f07-ada4-860630cc243e","4eso-b","block","sin-determinar","UNMAPPED_BLOCK"
"cand-0b0adff7-be68-5692-b916-a8b5252bd41b","4eso-b","block","sin-determinar","UNMAPPED_BLOCK"
"cand-6e24e6e6-a159-5f8a-b6ff-ec42384ced51","4eso-b","block","sin-determinar","UNMAPPED_BLOCK"
"cand-a688f04a-53be-5a99-9a38-fef17974b454","4eso-b","block","sin-determinar","UNMAPPED_BLOCK"
"cand-547534ae-15b1-5abb-9fed-f4c3884df68e","4eso-b","block","sin-determinar","UNMAPPED_BLOCK"
"cand-10bc93e0-0709-5047-b511-f81e5b7beb62","4eso-b","block","sin-determinar","UNMAPPED_BLOCK"
"cand-cd06f55c-93bc-52c3-82f8-8960df1ec369","4eso-b","block","sin-determinar","UNMAPPED_BLOCK"
"cand-8c112031-32bf-5936-b928-e0d68c8c1b6d","4eso-b","block","sin-determinar","UNMAPPED_BLOCK"
"cand-a5187262-78b4-529c-ab78-9db9af60558a","4eso-b","block","sin-determinar","UNMAPPED_BLOCK"
"cand-b51a7ca2-6eab-53e2-9f3a-4ff95aea7789","4eso-b","block","sin-determinar","UNMAPPED_BLOCK"
"cand-92e8a223-2dbd-53d2-b4c5-f147b97b3c91","4eso-b","block","sin-determinar","UNMAPPED_BLOCK"
"cand-91300fda-c830-56d4-a3f2-1f2db5fd91bc","4eso-b","block","sin-determinar","UNMAPPED_BLOCK"
"cand-3963b252-c14a-5b4b-aab5-03ba277c73a8","4eso-b","block","sin-determinar","UNMAPPED_BLOCK"
"cand-8d55141e-458f-57d0-b028-a6bd36cd20ce","4eso-b","block","sin-determinar","UNMAPPED_BLOCK"
"cand-79f4e580-5cd5-57b0-ae10-f10b935f4129","4eso-b","block","sin-determinar","UNMAPPED_BLOCK"
"cand-7635a93d-93f2-5ba8-ae9a-8323fcedcde5","4eso-b","block","sin-determinar","UNMAPPED_BLOCK"
"cand-6fef59a2-218a-5f54-b120-5a3bc9955ff2","4eso-b","block","sin-determinar","UNMAPPED_BLOCK"
"cand-b41a613a-0a4d-530b-a9dc-8a96e52d0138","4eso-b","block","sin-determinar","UNMAPPED_BLOCK"
"cand-fcce7064-7b16-5a76-bec7-aafffe07e352","4eso-b","block","sin-determinar","UNMAPPED_BLOCK"
"cand-394dd98c-0805-5aa2-b9ca-03651bc85fd4","4eso-b","block","sin-determinar","UNMAPPED_BLOCK"
"cand-9dad3db0-de87-56ec-90b3-277a19557c4e","4eso-b","block","sin-determinar","UNMAPPED_BLOCK"
"cand-7092e284-55bb-52dd-b46d-38dbe31bfef3","4eso-b","block","sin-determinar","UNMAPPED_BLOCK"
"cand-b930d347-cd14-5708-a8cb-0f15ad4649c1","4eso-b","block","sin-determinar","UNMAPPED_BLOCK"
"cand-3b39a0e6-3b25-5f75-96bb-06d7ee38c5fe","4eso-b","block","sin-determinar","UNMAPPED_BLOCK"
"cand-fa839ab9-b497-5486-8c13-d983c7674dd3","4eso-b","block","sin-determinar","UNMAPPED_BLOCK"
"cand-3653325b-046a-5c41-b497-4c08902b9cd1","4eso-b","block","sin-determinar","UNMAPPED_BLOCK"
"cand-5f7f00b9-e162-500d-a592-c7c1e89f43fa","4eso-b","block","sin-determinar","UNMAPPED_BLOCK"
"cand-416f5576-048f-508c-8fa0-14438d3b10b2","4eso-b","block","sin-determinar","UNMAPPED_BLOCK"
"cand-a2114bda-71a0-58db-91ce-4a489abbbc80","4eso-b","block","sin-determinar","UNMAPPED_BLOCK"
"cand-489da913-8664-5d13-8a76-0905e70b12cf","4eso-b","block","sin-determinar","UNMAPPED_BLOCK"
"cand-6a0a9cb1-bebb-51e6-b06f-24847ffdb325","4eso-b","block","sin-determinar","UNMAPPED_BLOCK"
"cand-0e5540a7-ed3d-5a89-b907-74237a406bf5","4eso-b","block","sin-determinar","UNMAPPED_BLOCK"
"cand-fb74dd83-4c43-5244-83d3-bdb370413ed2","4eso-b","block","sin-determinar","UNMAPPED_BLOCK"
"cand-1ccd6bc7-5903-5835-a477-7abf5ce65d3a","4eso-b","block","sin-determinar","UNMAPPED_BLOCK"
"cand-c97838fe-4945-54d0-8ec1-a0d7c4f273fd","4eso-b","block","sin-determinar","UNMAPPED_BLOCK"
"cand-5af6d91c-bc8b-5427-8bd8-5245eb43715c","4eso-b","block","sin-determinar","UNMAPPED_BLOCK"
"cand-24979816-30cd-5d33-9c55-89b229e12e1d","4eso-b","block","sin-determinar","UNMAPPED_BLOCK"
"cand-244f998c-bc58-545f-a27d-f75af3e37755","4eso-b","block","sin-determinar","UNMAPPED_BLOCK"
"cand-f14339a8-4f26-5dc7-9feb-892c0315c292","4eso-b","block","sin-determinar","UNMAPPED_BLOCK"
"cand-8540f748-ca77-5681-8d61-a1c0ecc93796","4eso-b","block","sin-determinar","UNMAPPED_BLOCK"
"cand-55fc793c-7cf0-54c9-8eed-af50cb5bde2f","4eso-b","block","sin-determinar","UNMAPPED_BLOCK"
"cand-e2dbf135-6a76-5ed2-b5e9-b29c1ee2fbc2","4eso-b","block","sin-determinar","UNMAPPED_BLOCK"
"cand-b32017f1-c401-5cc1-94f2-33dcdf86ae20","4eso-b","block","sin-determinar","UNMAPPED_BLOCK"
"cand-49b05d52-6704-5480-8d5f-71ff94447f85","4eso-b","block","sin-determinar","UNMAPPED_BLOCK"
"cand-6dbfd1de-3741-531c-b520-d25eae3228ee","4eso-b","block","sin-determinar","UNMAPPED_BLOCK"
"cand-f6ebf5b0-8022-5c20-b657-c8811c77d158","4eso-b","block","sin-determinar","UNMAPPED_BLOCK"
"cand-5686ee23-85f0-5d16-8552-b63ebe4495e3","4eso-b","block","sin-determinar","UNMAPPED_BLOCK"
"cand-a33711fa-748f-5817-a4e2-37fa1261fc75","4eso-b","block","sin-determinar","UNMAPPED_BLOCK"
"cand-4b2c8d64-76c4-5fe7-8046-ffc3c206d7e4","4eso-b","block","sin-determinar","UNMAPPED_BLOCK"
"cand-abb43dee-ac50-5e87-aba7-22fe20d7ac48","4eso-b","block","sin-determinar","UNMAPPED_BLOCK"
"cand-fa7111f7-17fc-5f6e-8eb7-2da01ecebd96","4eso-b","block","sin-determinar","UNMAPPED_BLOCK"
"cand-426ec5c7-b398-5ea6-857f-f72af00743d6","4eso-b","block","sin-determinar","UNMAPPED_BLOCK"
"cand-ea43321c-98dd-5bc3-8240-d9738a7c0581","4eso-b","block","sin-determinar","UNMAPPED_BLOCK"
"cand-e8daa0bc-1c26-5240-b8d0-97a2f7db88a6","4eso-b","block","sin-determinar","UNMAPPED_BLOCK"
"cand-14fe1128-b5a1-57b7-a95b-7cd21b1c1d2e","4eso-b","block","sin-determinar","UNMAPPED_BLOCK"
"cand-ba93ad9d-5ed0-50a2-8e36-bed03d916a1c","4eso-b","block","sin-determinar","UNMAPPED_BLOCK"
"cand-b1c8d0fb-b46c-5af7-a7cd-a66f68c79709","4eso-b","block","sin-determinar","UNMAPPED_BLOCK"
"cand-ae0452c1-f258-55cc-8834-41538dfe3a1f","4eso-b","block","sin-determinar","UNMAPPED_BLOCK"
"cand-b913aa3a-06d3-5785-ab44-2bfc9a9803c5","4eso-b","block","sin-determinar","UNMAPPED_BLOCK"
"cand-bad9dc25-7a1d-5073-a584-fda484232e53","4eso-b","block","sin-determinar","UNMAPPED_BLOCK"
"cand-fa7d0099-f827-5590-b253-72feec631a4f","4eso-b","block","sin-determinar","UNMAPPED_BLOCK"
"cand-150be6fb-60b5-5739-9bb1-76f43ab1d10d","4eso-b","block","sin-determinar","UNMAPPED_BLOCK"
"cand-ad7f4654-2bce-5771-8b16-d6d8d54fcc25","4eso-b","block","sin-determinar","UNMAPPED_BLOCK"
"cand-1d4a3c4a-3dd1-516a-90f3-1a025484c33b","4eso-b","block","sin-determinar","UNMAPPED_BLOCK"
"cand-e1ea1e6c-a802-5791-8474-a71c9faa6364","4eso-b","block","sin-determinar","UNMAPPED_BLOCK"
"cand-735eb8e3-80e4-58fb-9e3e-7e06dfb96168","4eso-b","block","sin-determinar","UNMAPPED_BLOCK"
"cand-ab59b420-2af7-55c6-ab8f-29a5216a6d24","4eso-b","block","sin-determinar","UNMAPPED_BLOCK"
"cand-a738b9d6-8f25-58af-ad34-b7266a4872c3","4eso-b","block","sin-determinar","UNMAPPED_BLOCK"
"cand-3b38781c-4fae-501a-90a9-458a32da9a16","4eso-b","block","sin-determinar","UNMAPPED_BLOCK"
"cand-1777d664-6e94-5602-aaa8-ce4af70a6836","4eso-b","block","sin-determinar","UNMAPPED_BLOCK"
"cand-fb240049-479a-5ad3-ab21-f9bb6175ca91","4eso-b","block","sin-determinar","UNMAPPED_BLOCK"
"cand-3c74900b-6b6a-5056-ade2-0f53d4e04dc4","4eso-b","block","sin-determinar","UNMAPPED_BLOCK"
"cand-dc941a3d-9502-528f-84b7-20387cd4b561","4eso-b","block","sin-determinar","UNMAPPED_BLOCK"
"cand-c0e667f5-ebb9-5d6f-91a7-6d87e9dccb16","4eso-b","block","sin-determinar","UNMAPPED_BLOCK"
"cand-c4fbabf5-081f-5bf8-8c14-114dc6c1c134","4eso-b","block","sin-determinar","UNMAPPED_BLOCK"
"cand-096137c0-d9cc-5136-a4fd-bac14c8f8d83","4eso-b","block","sin-determinar","UNMAPPED_BLOCK"
"cand-35aee0fc-5033-543a-9ac7-ff7e7794d1a5","4eso-b","block","sin-determinar","UNMAPPED_BLOCK"
"cand-cba77bf1-b7e3-5cd3-a8be-966068bffcbe","4eso-b","block","sin-determinar","UNMAPPED_BLOCK"
"cand-260a80f5-d48c-5d7f-8eb6-7d20de0b5bf2","4eso-b","block","sin-determinar","UNMAPPED_BLOCK"
"cand-24306f6d-2c08-5c59-b962-3281dbeb7cdf","4eso-b","block","sin-determinar","UNMAPPED_BLOCK"
"cand-c23d8114-9546-5031-b66a-f947aa301bf7","4eso-b","block","sin-determinar","UNMAPPED_BLOCK"
"cand-4d185228-e40a-5f22-98bc-23795647a39d","4eso-b","block","sin-determinar","UNMAPPED_BLOCK"
"cand-df1dcd5d-8b35-51da-8f56-c92cfe05b0da","4eso-b","block","sin-determinar","UNMAPPED_BLOCK"
"cand-3c3c6fd7-91dd-5715-9392-d03d56fbc69d","4eso-b","block","sin-determinar","UNMAPPED_BLOCK"
"cand-36ca753c-d4c0-5665-875d-b7e21526c2a6","4eso-b","block","sin-determinar","UNMAPPED_BLOCK"
"cand-74bcb186-c996-546a-b5c7-3342881d6199","4eso-b","block","sin-determinar","UNMAPPED_BLOCK"
"cand-e1575671-0544-55ed-9e72-b5eab6dce839","4eso-b","block","sin-determinar","UNMAPPED_BLOCK"
"cand-f148924e-91b8-547e-8639-0a34f64d971d","4eso-b","block","sin-determinar","UNMAPPED_BLOCK"
"cand-b3ea3eb7-b5c2-5d37-b729-1ef6f6cd771b","4eso-b","block","sin-determinar","UNMAPPED_BLOCK"
"cand-cc89453a-6658-5ee0-b3d3-c91a47b16362","4eso-b","block","sin-determinar","UNMAPPED_BLOCK"
"cand-bfbd4894-0acc-512f-adde-e4de9a804b09","4eso-b","block","sin-determinar","UNMAPPED_BLOCK"
"cand-0b93ede9-d92a-5453-800f-19af7f54e374","4eso-b","block","sin-determinar","UNMAPPED_BLOCK"
"cand-1a8e7250-2c74-5ae8-8b75-cd3357bfa23d","4eso-b","block","sin-determinar","UNMAPPED_BLOCK"
"cand-d1c203a7-71e3-5991-ab2e-3d762635a7b7","4eso-b","block","sin-determinar","UNMAPPED_BLOCK"
"cand-fb066f99-c725-5af5-aef6-55149db37f27","4eso-b","block","sin-determinar","UNMAPPED_BLOCK"
"cand-7d1813f3-5c15-5906-895c-244d27a70c5a","4eso-b","block","sin-determinar","UNMAPPED_BLOCK"
"cand-b582b3d8-29a4-5fcc-9711-9d68d80c2fc4","4eso-b","block","sin-determinar","UNMAPPED_BLOCK"
"cand-3816b5ba-10e1-58a6-ab5a-f46c3a342bf9","4eso-b","block","sin-determinar","UNMAPPED_BLOCK"
"cand-ea7206ed-2a24-5c13-8f09-1df091048b88","4eso-b","block","sin-determinar","UNMAPPED_BLOCK"
"cand-5a20e333-e7af-5732-9cae-afc54a441d0a","4eso-b","block","sin-determinar","UNMAPPED_BLOCK"
"cand-34844e0d-9dbe-51f6-aa9f-765d1b2145fc","4eso-b","block","sin-determinar","UNMAPPED_BLOCK"
"cand-f672188e-5a32-553f-adac-2d4917b23adf","4eso-b","block","sin-determinar","UNMAPPED_BLOCK"
"cand-f52fe533-9699-5be3-9f54-02eb28b1e645","4eso-b","block","sin-determinar","UNMAPPED_BLOCK"
"cand-01b88fa9-b954-5315-8272-66fd0baf8268","4eso-b","block","sin-determinar","UNMAPPED_BLOCK"
"cand-020b9320-e269-5ca9-a787-88587338c4b3","4eso-b","block","sin-determinar","UNMAPPED_BLOCK"
"cand-add2f8eb-0b77-5429-902f-d5c41c1b0dd6","4eso-b","block","sin-determinar","UNMAPPED_BLOCK"
"cand-777618c8-2cac-5be6-9f98-1fe29bb22f89","4eso-b","block","sin-determinar","UNMAPPED_BLOCK"
"cand-e0d5fe9c-2d74-5c53-8eab-5510c4d05e01","4eso-b","block","sin-determinar","UNMAPPED_BLOCK"
"cand-f9761d43-b09f-50aa-b057-350ddc4acb84","4eso-b","block","sin-determinar","UNMAPPED_BLOCK"
"cand-14336527-6c05-5f6d-be71-2ba658fdb1bd","4eso-b","block","sin-determinar","UNMAPPED_BLOCK"
"cand-7163ca36-fbf7-592a-9066-54a5b0101cb4","4eso-b","block","sin-determinar","UNMAPPED_BLOCK"
"cand-397f509f-2250-54c3-bcfb-f89d6cecbaf5","4eso-b","block","sin-determinar","UNMAPPED_BLOCK"
"cand-2879e94c-c37d-5836-9757-02f9cc838408","4eso-b","block","sin-determinar","UNMAPPED_BLOCK"
"cand-dec73ac2-88db-521f-956f-7edab924db16","4eso-b","block","sin-determinar","UNMAPPED_BLOCK"
"cand-d28bf3c0-f4d5-5119-a81d-ef78a16d3765","4eso-b","block","sin-determinar","UNMAPPED_BLOCK"
"cand-ddcbe1b5-4cc4-5507-b37c-f07e9b706cce","4eso-b","block","sin-determinar","UNMAPPED_BLOCK"
"cand-96956b5d-bd75-589b-a48d-81e23f9038f4","4eso-b","block","sin-determinar","UNMAPPED_BLOCK"
"cand-94ab5e9e-72dd-52d8-b70b-40743979adc5","4eso-b","block","sin-determinar","UNMAPPED_BLOCK"
"cand-02159eea-c53f-5efc-9ff2-d6c911d202e6","4eso-b","block","sin-determinar","UNMAPPED_BLOCK"
"cand-e65baf5a-c706-50db-9b47-6b64cba38a6b","4eso-b","block","sin-determinar","UNMAPPED_BLOCK"
"cand-10ff1f40-052d-5978-8f5a-8e6a9619c518","4eso-b","block","sin-determinar","UNMAPPED_BLOCK"
"cand-ef6f05c8-2be0-504e-bb8b-ead7852bf40c","4eso-b","block","sin-determinar","UNMAPPED_BLOCK"
"cand-b1dd3c81-b044-5f47-ab18-58ad75ce5983","4eso-b","block","sin-determinar","UNMAPPED_BLOCK"
"cand-5a394cea-638a-5ee5-ad1c-edf1d459cca4","4eso-b","block","sin-determinar","UNMAPPED_BLOCK"
"cand-5642c9f0-f000-58f4-8cd5-21fd34ee810d","4eso-b","block","sin-determinar","UNMAPPED_BLOCK"
"cand-7fb18dce-a1a4-5739-acb2-3dc1d42a82f0","4eso-b","block","sin-determinar","UNMAPPED_BLOCK"
"cand-91de646b-5b14-581b-bff2-02375765bf5e","4eso-b","block","sin-determinar","UNMAPPED_BLOCK"
"cand-a2831c24-6fab-5cc9-815d-f86135fa5224","4eso-b","block","sin-determinar","UNMAPPED_BLOCK"
"cand-0d60dc9a-ff9a-5c74-8276-7f202aa66bb0","4eso-b","block","sin-determinar","UNMAPPED_BLOCK"
"cand-60b4f6e6-2d75-5010-ac3a-38a68d4878c8","4eso-b","block","sin-determinar","UNMAPPED_BLOCK"
"cand-95d584db-46ae-5c38-932a-a1ed50c132c5","4eso-b","block","sin-determinar","UNMAPPED_BLOCK"
"cand-c6027150-d4b0-5321-93e0-369946c7376c","4eso-b","block","sin-determinar","UNMAPPED_BLOCK"
"cand-739a766b-db63-5e31-b1ea-bc33d9ad3340","4eso-b","block","sin-determinar","UNMAPPED_BLOCK"
"cand-28a571e4-fdc1-5c77-ac08-673d237a1ee6","4eso-b","block","sin-determinar","UNMAPPED_BLOCK"
"cand-4d6b22b1-d6f5-58aa-9b47-1fd358c8aea0","4eso-b","block","sin-determinar","UNMAPPED_BLOCK"
"cand-6207bc17-9944-5b8b-815f-e8c19385dc53","4eso-b","block","sin-determinar","UNMAPPED_BLOCK"
"cand-8f4fd18f-5307-5f0a-a595-b1a3d9d963bc","4eso-b","block","sin-determinar","UNMAPPED_BLOCK"
"cand-05cd5a4b-de09-5f89-ada9-52089b262ffa","4eso-b","block","sin-determinar","UNMAPPED_BLOCK"
"cand-5f34c334-a333-5f46-913c-f8af58e0ea6a","4eso-b","block","sin-determinar","UNMAPPED_BLOCK"
"cand-0d8cada1-688c-5be2-bf7d-669eddbafe75","4eso-b","block","sin-determinar","UNMAPPED_BLOCK"
"cand-ed05a28f-6fec-58a1-a0ff-97d4221e67d3","4eso-b","block","sin-determinar","UNMAPPED_BLOCK"
"cand-52e2920c-6249-5e6e-8000-bb613552825f","4eso-b","block","sin-determinar","UNMAPPED_BLOCK"
"cand-e9a1e0e6-ef7f-5e24-aab7-fc41f41efd47","4eso-b","block","sin-determinar","UNMAPPED_BLOCK"
"cand-40599e97-48f0-5637-afc6-4e69f8702e6e","4eso-b","block","sin-determinar","UNMAPPED_BLOCK"
"cand-bf2f8428-ec7f-5827-8732-fef5e5268003","4eso-b","block","sin-determinar","UNMAPPED_BLOCK"
"cand-f2ef8896-148c-5ef7-85ad-39c222af6ec4","4eso-b","block","sin-determinar","UNMAPPED_BLOCK"
"cand-7519325a-2ab7-5c60-b94e-9b3222d2b618","4eso-b","block","sin-determinar","UNMAPPED_BLOCK"
"cand-36b8ddb6-a740-5de4-b985-2f9646f5c74a","4eso-b","block","sin-determinar","UNMAPPED_BLOCK"
"cand-0160d933-e4fb-51a4-93b3-cffdc9522ae9","4eso-b","block","sin-determinar","UNMAPPED_BLOCK"
"cand-765fa063-96c0-582c-97d6-6f1e020213e0","4eso-b","block","sin-determinar","UNMAPPED_BLOCK"
"cand-d0882198-315c-50e3-9b61-493705269af5","4eso-b","block","sin-determinar","UNMAPPED_BLOCK"
"cand-3a43da37-ef14-594d-af7a-466fcaaecf36","4eso-b","block","sin-determinar","UNMAPPED_BLOCK"
"cand-d3110d59-5683-5328-868d-26a5f8f03c48","4eso-b","block","sin-determinar","UNMAPPED_BLOCK"
"cand-c2ee00d8-9b3b-5a73-b55c-d39168dc0736","4eso-b","block","sin-determinar","UNMAPPED_BLOCK"
"cand-ac329546-b7cc-5c1a-a406-a8330640c39b","4eso-b","block","sin-determinar","UNMAPPED_BLOCK"
"cand-add366e3-fcb8-5700-b8ff-9bab150d7725","4eso-b","block","sin-determinar","UNMAPPED_BLOCK"
"cand-f84001fb-6746-5471-a090-8a03aa048653","4eso-b","block","sin-determinar","UNMAPPED_BLOCK"
"cand-1714f071-b898-5dd2-adf0-a22f34a92d25","4eso-b","block","sin-determinar","UNMAPPED_BLOCK"
"cand-cf85b17e-3ce2-5170-8165-c5094d538233","4eso-b","block","sin-determinar","UNMAPPED_BLOCK"
"cand-f2758f09-888f-53fb-a9fe-48501b3954af","4eso-b","block","sin-determinar","UNMAPPED_BLOCK"
"cand-ad73e195-59f8-59e0-9440-c5996b8406e5","4eso-b","block","sin-determinar","UNMAPPED_BLOCK"
"cand-a90ef72d-48ee-5f9d-a04b-d4e574c7a442","4eso-b","block","sin-determinar","UNMAPPED_BLOCK"
"cand-cce1e63b-4ba0-5c33-abe0-06379d7dabab","4eso-b","block","sin-determinar","UNMAPPED_BLOCK"
"cand-4ec125e8-b8d1-5c7c-81fe-5552328c6c3b","4eso-b","block","sin-determinar","UNMAPPED_BLOCK"
"cand-a177ccfc-7d92-52ab-b223-6395777262eb","4eso-b","block","sin-determinar","UNMAPPED_BLOCK"
"cand-71aa0396-5ab6-57d6-a7c2-118fe1a1001f","4eso-b","block","sin-determinar","UNMAPPED_BLOCK"
"cand-204b9c36-94b1-5d7a-9697-f38e59e92a4a","4eso-b","block","sin-determinar","UNMAPPED_BLOCK"
"cand-f724c49b-6e45-5a40-8a7f-e50eeb378516","4eso-b","block","sin-determinar","UNMAPPED_BLOCK"
"cand-6615876d-38a9-5a8b-ae11-b114e5e7fb59","4eso-b","block","sin-determinar","UNMAPPED_BLOCK"
"cand-d205f145-53fe-5209-9556-c376cd64633e","4eso-b","block","sin-determinar","UNMAPPED_BLOCK"
"cand-f217191d-517c-5248-ba75-66851270d80b","4eso-b","block","sin-determinar","UNMAPPED_BLOCK"
"cand-ef7639c3-7e15-5843-9a47-55415f562d54","4eso-b","block","sin-determinar","UNMAPPED_BLOCK"
"cand-cf947141-e458-5cf2-8a4f-1b7bc5f7c02b","4eso-b","block","sin-determinar","UNMAPPED_BLOCK"
"cand-639bada2-8229-574d-93d0-abcdb3eef699","4eso-b","block","sin-determinar","UNMAPPED_BLOCK"
"cand-7c16c782-ce15-5da8-ad25-a59e8bca7a54","4eso-b","block","sin-determinar","UNMAPPED_BLOCK"
"cand-ea025e74-82f6-5aa2-afb9-a2f04b680ad0","4eso-b","block","sin-determinar","UNMAPPED_BLOCK"
"cand-ce3e86e5-e062-5413-87cf-727d934e5c57","4eso-b","block","sin-determinar","UNMAPPED_BLOCK"
"cand-edc3e1dc-1564-528b-ba39-01bc43dd1e83","4eso-b","block","sin-determinar","UNMAPPED_BLOCK"
"cand-d25d820f-89f7-514d-bb3d-9f83c5d4ef27","4eso-b","block","sin-determinar","UNMAPPED_BLOCK"
"cand-cf828d99-1d07-5a01-aba8-e8135a0f6d54","4eso-b","block","sin-determinar","UNMAPPED_BLOCK"
"cand-e860fa48-7d72-56dc-92c1-4557673b9b47","4eso-b","block","sin-determinar","UNMAPPED_BLOCK"
"cand-06f4d5cd-17bb-5df6-8944-b92edaefd9cb","4eso-b","block","sin-determinar","UNMAPPED_BLOCK"
"cand-7c3b0c29-f538-519c-b7dd-86e71155d77d","4eso-b","block","sin-determinar","UNMAPPED_BLOCK"
"cand-4403c186-f911-55ee-8f12-9ef81f3e69d5","4eso-b","block","sin-determinar","UNMAPPED_BLOCK"
"cand-90bd3cb9-44cc-5f1f-9c6f-3715445ecd7c","4eso-b","block","sin-determinar","UNMAPPED_BLOCK"
"cand-f160fd1f-5bc3-5b42-8a7a-23e7baa30bb1","4eso-b","block","sin-determinar","UNMAPPED_BLOCK"
"cand-130e3c69-9069-5e4c-97e6-d93fc72ad10b","4eso-b","block","sin-determinar","UNMAPPED_BLOCK"
"cand-9633958b-746c-56f4-a0b0-417c6d7941b4","4eso-b","block","sin-determinar","UNMAPPED_BLOCK"
"cand-ae589b26-ef2e-5bed-803a-748d8e68abc6","4eso-b","block","sin-determinar","UNMAPPED_BLOCK"
"cand-45313848-e270-5182-98c2-6a9fca11fb77","4eso-b","block","sin-determinar","UNMAPPED_BLOCK"
"cand-30202808-4547-5bc5-a722-a6fec18bcd7f","4eso-b","block","sin-determinar","UNMAPPED_BLOCK"
"cand-f658209f-a26d-57f9-b3e6-e71ae8be3b5d","4eso-b","block","sin-determinar","UNMAPPED_BLOCK"
"cand-334e5a1c-3b8a-558a-bbb4-7f641684026c","4eso-b","block","sin-determinar","UNMAPPED_BLOCK"
"cand-301ab380-7d75-585e-88e1-363ce18831ae","4eso-b","block","sin-determinar","UNMAPPED_BLOCK"
"cand-b0368d45-40c2-50ea-a8cb-653995b8ebb5","4eso-b","block","sin-determinar","UNMAPPED_BLOCK"
"cand-8a6fb14a-8dc0-5281-8fe4-60a765cf98f5","4eso-b","block","sin-determinar","UNMAPPED_BLOCK"
"cand-d08831af-352d-5eb6-b047-b7a59a5242fc","4eso-b","block","sin-determinar","UNMAPPED_BLOCK"
"cand-4faaaf40-274d-5151-8f53-012526659631","4eso-b","block","sin-determinar","UNMAPPED_BLOCK"
"cand-bc1eaff0-635a-5164-a621-201a472cf1f5","4eso-b","block","sin-determinar","UNMAPPED_BLOCK"
"cand-ccb50eee-e891-57b1-8a95-ac734ffcc542","4eso-b","block","sin-determinar","UNMAPPED_BLOCK"
"cand-1b9aa5c2-705d-5609-bdfc-80695c465b9e","4eso-b","block","sin-determinar","UNMAPPED_BLOCK"
"cand-a25988a3-9ad3-58dd-819b-8da7aeb1630c","4eso-b","block","sin-determinar","UNMAPPED_BLOCK"
"cand-dcf506fb-187b-5c39-b5ff-39427aed5413","4eso-b","block","sin-determinar","UNMAPPED_BLOCK"
"cand-02373874-3f1d-573e-87a0-a530e67891d0","4eso-b","block","sin-determinar","UNMAPPED_BLOCK"
"cand-85dcf924-4942-5696-99dc-e9541a731084","4eso-b","block","sin-determinar","UNMAPPED_BLOCK"
"cand-76962577-1528-5205-a4af-2793f985d7d8","4eso-b","block","sin-determinar","UNMAPPED_BLOCK"
"cand-f8078ff2-d121-5ccf-87f3-24bbc04bd909","4eso-b","block","sin-determinar","UNMAPPED_BLOCK"
"cand-bd7d4058-e21d-5ec9-87c6-249f3c408564","4eso-b","block","sin-determinar","UNMAPPED_BLOCK"
"cand-f1efd072-05da-5fe5-b926-b814adb478bc","4eso-b","block","sin-determinar","UNMAPPED_BLOCK"
"cand-2e5bd425-0a03-5784-848b-2ea60abd22d9","4eso-b","block","sin-determinar","UNMAPPED_BLOCK"
"cand-d6678671-50ba-5bbc-9a59-65d32a6505b4","4eso-b","block","sin-determinar","UNMAPPED_BLOCK"
"cand-a4a373b9-6782-55bd-ba63-def499ce1a03","4eso-b","block","sin-determinar","UNMAPPED_BLOCK"
"cand-15300ca1-90ed-52b9-aa44-3a0e1055142b","4eso-b","block","sin-determinar","UNMAPPED_BLOCK"
"cand-0a1811c1-a310-50dd-bdcd-af1b15994862","4eso-b","block","sin-determinar","UNMAPPED_BLOCK"
"cand-8c357c1d-802e-59a1-b8c7-b5565a5b9655","4eso-b","block","sin-determinar","UNMAPPED_BLOCK"
"cand-d5cf1288-84be-52cb-ae76-512b95eb9db8","4eso-b","block","sin-determinar","UNMAPPED_BLOCK"
"cand-8dea341b-c7e9-5d86-997b-8d2415a170d3","4eso-b","block","sin-determinar","UNMAPPED_BLOCK"
"cand-801ee684-7c93-5f06-8966-734882d8e6be","4eso-b","block","sin-determinar","UNMAPPED_BLOCK"
"cand-09105e7b-6fe6-5a95-8150-1338993d0522","4eso-b","block","sin-determinar","UNMAPPED_BLOCK"
"cand-f6184a5c-47c6-5b38-bbea-dc8998663cbf","4eso-b","block","sin-determinar","UNMAPPED_BLOCK"
"cand-aa839c5a-f61f-5f27-9bde-adaee55cc5c0","4eso-b","block","sin-determinar","UNMAPPED_BLOCK"
"cand-e19a6fcd-4894-5a3d-a64c-f7f8cb750d1c","4eso-b","block","sin-determinar","UNMAPPED_BLOCK"
"cand-e5375530-ac7a-5c67-ab15-20c5eb37016e","4eso-b","block","sin-determinar","UNMAPPED_BLOCK"
"cand-c07317af-750e-515c-8a2f-e6b6da28a069","4eso-b","block","sin-determinar","UNMAPPED_BLOCK"
"cand-4cfe71e7-68c1-5515-bf47-eff6c39d669b","4eso-b","block","sin-determinar","UNMAPPED_BLOCK"
"cand-b6b30491-0986-5be7-9e9f-608622799e33","4eso-b","block","sin-determinar","UNMAPPED_BLOCK"
"cand-c789a7b1-d4a2-56da-bf09-8c65b55561ac","4eso-b","block","sin-determinar","UNMAPPED_BLOCK"
"cand-8009835f-8663-55b5-a6af-3f8b1839c204","4eso-b","block","sin-determinar","UNMAPPED_BLOCK"
"cand-c7cc846c-793d-50db-95c4-d2ff0d361382","4eso-b","block","sin-determinar","UNMAPPED_BLOCK"
"cand-4b618078-e216-5025-9d77-796bee97d9d1","4eso-b","block","sin-determinar","UNMAPPED_BLOCK"
"cand-7928cf9c-6473-5a3a-b884-69d125bb16d8","4eso-b","block","sin-determinar","UNMAPPED_BLOCK"
"cand-c2c4bf9b-311e-570b-acbe-3d10362fa275","4eso-b","block","sin-determinar","UNMAPPED_BLOCK"
"cand-5185efe6-3843-549e-a459-1d3ab838f1f3","4eso-b","block","sin-determinar","UNMAPPED_BLOCK"
"cand-e3ee522e-e82d-5e64-abe9-b2eadf922924","4eso-b","block","sin-determinar","UNMAPPED_BLOCK"
"cand-8b0afcf1-b399-51f1-9740-87406ac2b2aa","4eso-b","block","sin-determinar","UNMAPPED_BLOCK"
"cand-ca205f11-f06e-5a5f-918c-1c87b46176de","4eso-b","block","sin-determinar","UNMAPPED_BLOCK"
"cand-135c11ac-6c21-5434-a6fe-288a502cdaba","4eso-b","block","sin-determinar","UNMAPPED_BLOCK"
"cand-9e48f228-aff8-5cc1-a5a7-1cb727af3287","4eso-b","block","sin-determinar","UNMAPPED_BLOCK"
"cand-9539877c-48a7-5fec-939b-74732c8ccfb6","4eso-b","block","sin-determinar","UNMAPPED_BLOCK"
"cand-21a3a7ef-15ea-5c49-b88d-72cca4c500e9","4eso-b","block","sin-determinar","UNMAPPED_BLOCK"
"cand-7a3883ff-ae15-5d3a-af09-1fc10f3fad60","4eso-b","block","sin-determinar","UNMAPPED_BLOCK"
"cand-80302d51-93b1-50ce-a082-a45785e1e826","4eso-b","block","sin-determinar","UNMAPPED_BLOCK"
"cand-bc090909-5cfb-5728-82e8-ec2a2cbd88c0","4eso-b","block","sin-determinar","UNMAPPED_BLOCK"
"cand-3c122608-e2d4-5ef9-9a59-95f4ab09a25b","4eso-b","block","sin-determinar","UNMAPPED_BLOCK"
"cand-806aa6dc-2df3-501e-b859-50f37ed2fdb1","4eso-b","block","sin-determinar","UNMAPPED_BLOCK"
"cand-307821ee-54c8-55d3-8dad-01ed735da452","4eso-b","block","sin-determinar","UNMAPPED_BLOCK"
"cand-d2bdc387-8c9f-5ce4-a23b-4ceab243fa62","4eso-b","block","sin-determinar","UNMAPPED_BLOCK"
"cand-5a25ca5b-84b0-5b0f-b8c5-07282832eb5b","4eso-b","block","sin-determinar","UNMAPPED_BLOCK"
"cand-9ed4dfa4-bfbf-538e-a82b-80b86456e46d","4eso-b","block","sin-determinar","UNMAPPED_BLOCK"
"cand-1f488b82-39b2-5423-91b6-af68d8d25de5","4eso-b","block","sin-determinar","UNMAPPED_BLOCK"
"cand-5e4178f5-3a91-51df-8eac-acfc5f569339","4eso-b","block","sin-determinar","UNMAPPED_BLOCK"
"cand-ea12b5d9-95bd-5bc8-b9bb-69b82f91e856","4eso-b","block","sin-determinar","UNMAPPED_BLOCK"
"cand-3f53b9cc-b343-5b88-bd63-0bffc2e847dc","4eso-b","block","sin-determinar","UNMAPPED_BLOCK"
"cand-52d789ab-ca32-5ab6-91a8-81df2842412a","4eso-b","block","sin-determinar","UNMAPPED_BLOCK"
"cand-71a4e919-5f8c-58ce-b368-4977303d0b53","4eso-b","block","sin-determinar","UNMAPPED_BLOCK"
"cand-a1108c9c-2779-5ca1-9517-0c310737ff3d","4eso-b","block","sin-determinar","UNMAPPED_BLOCK"
"cand-2ad37a05-0492-5a8b-8fb5-1fa203095259","4eso-b","block","sin-determinar","UNMAPPED_BLOCK"
"cand-1317ae69-cb9c-5c32-ad2b-e36cfed7f485","4eso-b","block","sin-determinar","UNMAPPED_BLOCK"
"cand-4969cc53-c971-561f-9060-4cfeceb10e80","4eso-b","block","sin-determinar","UNMAPPED_BLOCK"
"cand-de485978-3df3-5dfe-89a9-b47e5eb13373","4eso-b","block","sin-determinar","UNMAPPED_BLOCK"
"cand-e887cd59-8628-56fe-b9f0-32065ee8be0f","4eso-b","block","sin-determinar","UNMAPPED_BLOCK"
"cand-cd8266d0-8ba7-51ab-b99e-075705f22f1b","4eso-b","block","sin-determinar","UNMAPPED_BLOCK"
"cand-0767cf93-3110-53d7-89e4-c60c421fb8a4","4eso-b","block","sin-determinar","UNMAPPED_BLOCK"
"cand-fc80fd50-7dae-5a4d-9edd-211a78e99bc2","4eso-b","block","sin-determinar","UNMAPPED_BLOCK"
"cand-3256d912-996e-5514-abe5-08e7b165e532","4eso-b","block","sin-determinar","UNMAPPED_BLOCK"
"cand-e5c3684f-5807-5714-8ca7-505806823c9f","4eso-b","block","sin-determinar","UNMAPPED_BLOCK"
"cand-4cf6bcef-6af0-5f7e-8491-b1542994f81c","4eso-b","block","sin-determinar","UNMAPPED_BLOCK"
"cand-8b8ae6e1-67f3-5d21-8d78-49bcffae7019","4eso-b","block","sin-determinar","UNMAPPED_BLOCK"
"cand-b644c444-4deb-5501-94c3-ec7da3f777fc","4eso-b","block","sin-determinar","UNMAPPED_BLOCK"
"cand-23fb2116-885f-506a-9bad-7c785181e814","4eso-b","block","sin-determinar","UNMAPPED_BLOCK"
"cand-af40dd84-d5af-5a3b-8927-19b9c9db799e","4eso-b","block","sin-determinar","UNMAPPED_BLOCK"
"cand-782c3224-596d-52a0-8cd7-36e5f1968dff","4eso-b","block","sin-determinar","UNMAPPED_BLOCK"
"cand-be9a6a39-2e63-5ccb-b776-24738a9cec6f","4eso-b","block","sin-determinar","UNMAPPED_BLOCK"
"cand-fd780e32-f689-53d3-92f9-390bd8283fb5","4eso-b","block","sin-determinar","UNMAPPED_BLOCK"
"cand-c847795e-a521-5ffd-b88d-595b6fc3b893","4eso-b","block","sin-determinar","UNMAPPED_BLOCK"
"cand-15dc1209-207b-5fa1-a4f7-7b9b52861994","4eso-b","block","sin-determinar","UNMAPPED_BLOCK"
"cand-18e30625-4b25-5d4b-9a8e-4da8bda9d8ac","4eso-b","block","sin-determinar","UNMAPPED_BLOCK"
"cand-889bb5e0-8c44-5944-a0b0-5c0156554f62","4eso-b","block","sin-determinar","UNMAPPED_BLOCK"
"cand-399cc50a-d65f-59db-935e-2a995783c64d","4eso-b","block","sin-determinar","UNMAPPED_BLOCK"
"cand-f896e01f-c9fb-5003-9fb7-d777e3159450","4eso-b","block","sin-determinar","UNMAPPED_BLOCK"
"cand-12f47196-8be7-5145-88a8-02bdb2782918","1bach-mates","block","sin-determinar","UNMAPPED_BLOCK"
"cand-58b49ddf-4ceb-52aa-9354-cfe4f6219992","1bach-mates","block","sin-determinar","UNMAPPED_BLOCK"
"cand-93ec61fe-3e54-5821-98d8-5f5eda928647","1bach-mates","block","sin-determinar","UNMAPPED_BLOCK"
"cand-d0a4bfd4-ea50-5642-b30d-48d520752578","1bach-mates","block","sin-determinar","UNMAPPED_BLOCK"
"cand-f49e1543-15b7-56a3-8568-95adce50d3d3","1bach-mates","block","sin-determinar","UNMAPPED_BLOCK"
"cand-8f1596e5-f675-5671-98d2-e5f6630b1d0b","1bach-ccss","block","sin-determinar","UNMAPPED_BLOCK"
"cand-7deca556-c6f9-516e-9c6c-202dad6776d9","1bach-ccss","block","sin-determinar","UNMAPPED_BLOCK"
"cand-508904fd-f9b2-5dc4-bca7-dd927f427f1c","1bach-ccss","block","sin-determinar","UNMAPPED_BLOCK"
"cand-5b73152c-1f41-5c87-8fb4-cf152bb59d40","1bach-ccss","block","sin-determinar","UNMAPPED_BLOCK"
"cand-2de6cdec-04e3-5d3b-b148-71838435dbd1","1bach-ccss","block","sin-determinar","UNMAPPED_BLOCK"
"cand-9d07929d-fe85-5c8f-88b2-64d0c00e15ad","1bach-ccss","block","sin-determinar","UNMAPPED_BLOCK"
"cand-f1b2e12c-3214-5ed6-a996-de359413f338","1bach-ccss","block","sin-determinar","UNMAPPED_BLOCK"
"cand-8883839e-a52a-55e8-8196-aaef1c57f2c9","1bach-ccss","block","sin-determinar","UNMAPPED_BLOCK"
"cand-ca3c3117-1898-52af-89ba-ffe41887ef0e","1bach-ccss","block","sin-determinar","UNMAPPED_BLOCK"
"cand-afda3463-6c94-55aa-bb73-85678c36ef8e","1bach-ccss","block","sin-determinar","UNMAPPED_BLOCK"
"cand-12cac89c-06fb-57a1-ae14-8d586b521196","1bach-ccss","block","sin-determinar","UNMAPPED_BLOCK"
"cand-e8f8639d-27f5-5fe5-9360-b486d05f4187","1bach-ccss","block","sin-determinar","UNMAPPED_BLOCK"
"cand-c0843e49-8fc2-5258-9b3a-727677a0f72f","1bach-ccss","block","sin-determinar","UNMAPPED_BLOCK"
"cand-b1733e38-ba99-5a3b-bcf8-7d980aa4827c","1bach-ccss","block","sin-determinar","UNMAPPED_BLOCK"
"cand-e7f623e7-c7c0-56b3-86c4-38e60a62e963","1bach-ccss","block","sin-determinar","UNMAPPED_BLOCK"
"cand-bc3adc6b-0b3d-519d-b385-65b8d1482e2f","1bach-ccss","block","sin-determinar","UNMAPPED_BLOCK"
"cand-117c550f-0f86-54b7-b815-cd8e317fce2b","1bach-ccss","block","sin-determinar","UNMAPPED_BLOCK"
"cand-cbe5d7fd-4198-54df-be36-9dfdd24546eb","1bach-ccss","block","sin-determinar","UNMAPPED_BLOCK"
"cand-f1c0fe5e-0619-5aff-88d6-debcf57a4db5","1bach-ccss","block","sin-determinar","UNMAPPED_BLOCK"
"cand-1014f04c-4e21-5b79-83a3-f6dc68b60a23","1bach-ccss","block","sin-determinar","UNMAPPED_BLOCK"
"cand-10c3aa79-44a1-592b-a3dc-d7c62d754163","1bach-ccss","block","sin-determinar","UNMAPPED_BLOCK"
"cand-86a2839e-a414-5cb0-a20b-0f98701a7b64","1bach-ccss","block","sin-determinar","UNMAPPED_BLOCK"
"cand-8602a22f-9f7f-5cfc-a742-c63b815c3a7e","1bach-ccss","block","sin-determinar","UNMAPPED_BLOCK"
"cand-e39ca49a-fb68-50f7-9ee8-d4c08c714a9a","1bach-ccss","block","sin-determinar","UNMAPPED_BLOCK"
"cand-b17fe5d8-1c59-5ea4-9fb2-979718c4055b","1bach-ccss","block","sin-determinar","UNMAPPED_BLOCK"
"cand-a8a35bee-af6c-52d3-88dd-88ad6b82dd2e","1bach-ccss","block","sin-determinar","UNMAPPED_BLOCK"
"cand-eaf75f40-6652-51da-9f47-a64018e4cb7e","1bach-ccss","block","sin-determinar","UNMAPPED_BLOCK"
"cand-17e1e75f-a641-5103-a4d0-acae5b63fc04","1bach-ccss","block","sin-determinar","UNMAPPED_BLOCK"
"cand-f8aa7fbf-09b2-5e68-88c7-b59442e68fee","1bach-ccss","block","sin-determinar","UNMAPPED_BLOCK"
"cand-44cc9db1-7f5f-5a51-999d-237db1319459","1bach-ccss","block","sin-determinar","UNMAPPED_BLOCK"
"cand-eaffdf3a-219f-5d55-81d5-93d020a0b7b8","1bach-ccss","block","sin-determinar","UNMAPPED_BLOCK"
"cand-eaa10f2d-c7ae-5f33-b7e7-d409ed79c5d9","1bach-ccss","block","sin-determinar","UNMAPPED_BLOCK"
"cand-b60d1961-93c6-517d-ae4d-c8ef84e0c47e","1bach-ccss","block","sin-determinar","UNMAPPED_BLOCK"
"cand-4caec57a-40a7-59f4-9524-c00961c0e148","1bach-ccss","block","sin-determinar","UNMAPPED_BLOCK"
"cand-c5ffc5a5-cefd-5f64-a20e-79b3f7ecc6f2","1bach-ccss","block","sin-determinar","UNMAPPED_BLOCK"
"cand-6ff66ee8-d66d-589e-a77b-b66736ef1002","1bach-ccss","block","sin-determinar","UNMAPPED_BLOCK"
"cand-e701318c-ee04-578c-8d31-63820e76e9c6","1bach-ccss","block","sin-determinar","UNMAPPED_BLOCK"
"cand-1150ee44-60c8-5e09-bee6-f21f28b8fe7c","1bach-ccss","block","sin-determinar","UNMAPPED_BLOCK"
"cand-d8f46a7f-508b-5bda-86c2-34a7f4b834d2","1bach-ccss","block","sin-determinar","UNMAPPED_BLOCK"
"cand-3a5f6e0a-e684-5d3f-8e9f-b6bcc33031d2","1bach-ccss","block","sin-determinar","UNMAPPED_BLOCK"
"cand-cb608f6b-90d4-57a2-92d6-28f81f3e3799","1bach-ccss","block","sin-determinar","UNMAPPED_BLOCK"
"cand-c0a481f0-ac8f-56a8-a413-11b21c5f39e5","1bach-ccss","block","sin-determinar","UNMAPPED_BLOCK"
"cand-0ee8ab4d-4d26-583b-a98d-b618eb39bdaa","1bach-ccss","block","sin-determinar","UNMAPPED_BLOCK"
"cand-de378b1f-c679-5e5c-9d12-948f79e113b7","1bach-ccss","block","sin-determinar","UNMAPPED_BLOCK"
"cand-bb2b35b6-04e2-54eb-8dd8-af17492fb525","1bach-ccss","block","sin-determinar","UNMAPPED_BLOCK"
"cand-2bce8d43-9e5b-53de-8e9b-3b43a226d886","1bach-ccss","block","sin-determinar","UNMAPPED_BLOCK"
"cand-c8081b71-289d-5d4f-b127-29767d958f46","1bach-ccss","topic","sin-determinar","UNMAPPED_TOPIC"
"cand-c8081b71-289d-5d4f-b127-29767d958f46","1bach-ccss","block","sin-determinar","UNMAPPED_BLOCK"
"cand-53b73a36-31ef-5bff-af2a-360d41b17d47","1bach-ccss","topic","sin-determinar","UNMAPPED_TOPIC"
"cand-53b73a36-31ef-5bff-af2a-360d41b17d47","1bach-ccss","block","sin-determinar","UNMAPPED_BLOCK"
"cand-edc41e18-26e3-5721-a04a-78650d7d6c9d","1bach-ccss","topic","sin-determinar","UNMAPPED_TOPIC"
"cand-edc41e18-26e3-5721-a04a-78650d7d6c9d","1bach-ccss","block","sin-determinar","UNMAPPED_BLOCK"
"cand-89376f77-31eb-55b0-b65f-4a28979ad71c","1bach-ccss","topic","sin-determinar","UNMAPPED_TOPIC"
"cand-89376f77-31eb-55b0-b65f-4a28979ad71c","1bach-ccss","block","sin-determinar","UNMAPPED_BLOCK"
"cand-577b5c1d-ba36-54f6-a90d-d73f5b64d282","1bach-ccss","topic","sin-determinar","UNMAPPED_TOPIC"
"cand-577b5c1d-ba36-54f6-a90d-d73f5b64d282","1bach-ccss","block","sin-determinar","UNMAPPED_BLOCK"
"cand-fb10e768-3e48-5698-aa20-3274990fa498","1bach-ccss","block","sin-determinar","UNMAPPED_BLOCK"
"cand-7c53378f-de1f-5e23-b626-83e737ba5ca9","1bach-ccss","block","sin-determinar","UNMAPPED_BLOCK"
"cand-d0ad446e-149e-5190-bfbd-ace86e3a4dcc","1bach-ccss","block","sin-determinar","UNMAPPED_BLOCK"
"cand-fc86ac58-80c7-5adf-b73a-c5a65aa8c704","1bach-ccss","block","sin-determinar","UNMAPPED_BLOCK"
"cand-203deae2-4f86-541e-a6ed-5ce3568b345c","1bach-ccss","block","sin-determinar","UNMAPPED_BLOCK"
"cand-ea3b99e4-8652-56de-b0ad-dbe8e1af7a17","1bach-ccss","block","sin-determinar","UNMAPPED_BLOCK"
"cand-84fa5501-46ec-5a9d-9104-09a1b57145bd","1bach-ccss","block","sin-determinar","UNMAPPED_BLOCK"
"cand-0ad504c5-1965-547c-bd3e-ff9249814c4c","1bach-ccss","block","sin-determinar","UNMAPPED_BLOCK"
"cand-a185d26b-fd6f-52ef-b14c-9d2f44282de8","1bach-ccss","block","sin-determinar","UNMAPPED_BLOCK"
"cand-35a7414e-d228-5efc-a7ab-3c778c1c88aa","1bach-ccss","block","sin-determinar","UNMAPPED_BLOCK"
"cand-948878da-bab0-598d-90ef-2f466a526c91","1bach-ccss","block","sin-determinar","UNMAPPED_BLOCK"
"cand-86698935-918c-5203-9cb5-991c1ae87f2b","1bach-ccss","block","sin-determinar","UNMAPPED_BLOCK"
"cand-b094a8cf-2baf-5c90-98ce-b94add1b8c05","1bach-ccss","block","sin-determinar","UNMAPPED_BLOCK"
"cand-4eced92b-4bb3-56e2-baaa-93ea63919e19","1bach-ccss","block","sin-determinar","UNMAPPED_BLOCK"
"cand-35459097-321a-5259-9ef3-e547460e7b28","1bach-ccss","block","sin-determinar","UNMAPPED_BLOCK"
"cand-382620ca-396b-5362-a8aa-523096ced5b8","1bach-ccss","block","sin-determinar","UNMAPPED_BLOCK"
"cand-24ce508c-2499-5ffd-b99b-b1dfbd21d4f2","1bach-ccss","block","sin-determinar","UNMAPPED_BLOCK"
"cand-d458a1b7-d2db-58a9-b35a-0f3d84f25be3","1bach-ccss","block","sin-determinar","UNMAPPED_BLOCK"
"cand-c574f46b-45e9-5aeb-bb4a-b05b2fd76712","1bach-ccss","block","sin-determinar","UNMAPPED_BLOCK"
"cand-6a5fbb10-a2b1-5ca3-8ebd-ab42db9b7007","1bach-ccss","block","sin-determinar","UNMAPPED_BLOCK"
"cand-5f3d53b8-b98a-5cf8-aa74-1fbaaef50893","1bach-ccss","block","sin-determinar","UNMAPPED_BLOCK"
"cand-5c0f9b27-9e7b-5ac0-bbbc-bb92eafaf34a","1bach-ccss","block","sin-determinar","UNMAPPED_BLOCK"
"cand-62964c8d-5c75-54c0-a8a2-e223ea846f98","1bach-ccss","block","sin-determinar","UNMAPPED_BLOCK"
"cand-d24d9de2-e9cc-55ec-aecd-c235cc2f9251","1bach-ccss","block","sin-determinar","UNMAPPED_BLOCK"
"cand-942eb966-d460-5d02-9e37-ed6b142cf0b6","1bach-ccss","block","sin-determinar","UNMAPPED_BLOCK"
"cand-1d69cdb0-9b9b-5c11-b70e-62b6de24fcf8","1bach-ccss","block","sin-determinar","UNMAPPED_BLOCK"
"cand-a906fe77-1c2a-5490-afc8-184a004ad1c4","1bach-ccss","block","sin-determinar","UNMAPPED_BLOCK"
"cand-33412f5c-d8c7-519e-ad2d-d81e411688ea","1bach-ccss","block","sin-determinar","UNMAPPED_BLOCK"
"cand-1c6f68e6-da7d-503b-bcbc-abf358b1a704","1bach-ccss","block","sin-determinar","UNMAPPED_BLOCK"
"cand-fcddee98-672d-582a-b140-2d5d7fa1a488","1bach-ccss","block","sin-determinar","UNMAPPED_BLOCK"
"cand-335c155e-1516-57a0-89fa-e76093d5b862","1bach-ccss","block","sin-determinar","UNMAPPED_BLOCK"
"cand-acc8c593-e766-5dd4-ba4e-f58ac6583980","1bach-ccss","block","sin-determinar","UNMAPPED_BLOCK"
"cand-572c589f-2ca2-5a5a-be52-6bccfac47253","1bach-ccss","block","sin-determinar","UNMAPPED_BLOCK"
"cand-1ec223e3-aeb2-5a77-bfbb-c0a4a2f87523","1bach-ccss","block","sin-determinar","UNMAPPED_BLOCK"
"cand-448f57a0-2107-56ac-bbd2-5bb99a30e7d2","1bach-ccss","block","sin-determinar","UNMAPPED_BLOCK"
"cand-550fc079-473d-5e78-aa53-0d437f94f7e5","1bach-ccss","block","sin-determinar","UNMAPPED_BLOCK"
"cand-a0709ce3-caaf-52dd-b912-25a5327c7a7f","1bach-ccss","block","sin-determinar","UNMAPPED_BLOCK"
"cand-e37f5f3c-6eec-54b3-885f-d0d1e279f5d3","1bach-ccss","block","sin-determinar","UNMAPPED_BLOCK"
"cand-e98fc241-8337-5a97-8d33-89135e73efa4","1bach-ccss","block","sin-determinar","UNMAPPED_BLOCK"
"cand-6fb2e909-5098-51c4-bf2a-65e8f24f4888","1bach-ccss","block","sin-determinar","UNMAPPED_BLOCK"
"cand-0961526d-c1f9-5914-8bf2-b1c5fbfce2d4","1bach-ccss","block","sin-determinar","UNMAPPED_BLOCK"
"cand-8b65f31c-303b-5b97-9794-b542bfaa1ff8","1bach-ccss","block","sin-determinar","UNMAPPED_BLOCK"
"cand-55c03036-a00d-55e9-9575-e52cbf8b218e","1bach-ccss","block","sin-determinar","UNMAPPED_BLOCK"
"cand-b39cfda1-0eea-51f0-bb66-725d6f022d41","1bach-ccss","block","sin-determinar","UNMAPPED_BLOCK"
"cand-51e399d3-d38c-5476-9f4b-c2ba1891bb36","1bach-ccss","block","sin-determinar","UNMAPPED_BLOCK"
"cand-cb713956-f3f5-5506-a9c5-53fb814320a1","1bach-ccss","block","sin-determinar","UNMAPPED_BLOCK"
"cand-331b4128-e441-5858-be1a-6924d5d7617e","1bach-ccss","block","sin-determinar","UNMAPPED_BLOCK"
"cand-9b44a663-aab4-597f-98a2-465f772bb2e4","1bach-ccss","topic","sin-determinar","UNMAPPED_TOPIC"
"cand-9b44a663-aab4-597f-98a2-465f772bb2e4","1bach-ccss","block","sin-determinar","UNMAPPED_BLOCK"
"cand-b47fea7f-f586-5cae-b096-3fbc8635da2b","1bach-ccss","block","sin-determinar","UNMAPPED_BLOCK"
"cand-68cfeb08-6fc0-5ae6-9fcc-bbe8a5a94070","1bach-ccss","block","sin-determinar","UNMAPPED_BLOCK"
"cand-bb27b730-6bdc-547b-a619-2de8bca486e7","1bach-ccss","block","sin-determinar","UNMAPPED_BLOCK"
"cand-37ce3683-ab23-5e3f-8e70-11587a788d63","1bach-ccss","block","sin-determinar","UNMAPPED_BLOCK"
"cand-3f583d6a-dab2-57e2-b474-1949b873b500","1bach-ccss","block","sin-determinar","UNMAPPED_BLOCK"
"cand-87621426-f3d6-587f-b460-717dee30533a","1bach-ccss","block","sin-determinar","UNMAPPED_BLOCK"
"cand-e0298aa5-6f1e-53dc-8c80-8f212b9c9012","1bach-ccss","block","sin-determinar","UNMAPPED_BLOCK"
"cand-e45732ec-7631-5518-ab72-00e57d468b4c","1bach-ccss","block","sin-determinar","UNMAPPED_BLOCK"
"cand-528cf9db-b298-583b-b9ab-15c529aa541f","1bach-ccss","block","sin-determinar","UNMAPPED_BLOCK"
"cand-9cc4a2d8-dbcb-50ab-a0ef-5290d86691f8","1bach-ccss","block","sin-determinar","UNMAPPED_BLOCK"
"cand-c0c38a25-4a49-56bb-b080-0e980956738f","1bach-ccss","block","sin-determinar","UNMAPPED_BLOCK"
"cand-c8dc4f23-d5b5-5313-bef9-79ca4ea5d592","1bach-ccss","block","sin-determinar","UNMAPPED_BLOCK"
"cand-a066bd28-f056-599d-85da-d147a0a9872a","1bach-ccss","block","sin-determinar","UNMAPPED_BLOCK"
"cand-da25d0e6-9e26-5f6f-a447-f8b85090b041","1bach-ccss","block","sin-determinar","UNMAPPED_BLOCK"
"cand-566cb56d-c8a2-5ce5-adeb-58c1cb5dab4e","1bach-ccss","block","sin-determinar","UNMAPPED_BLOCK"
"cand-c6b4de5e-8f62-5f4d-8229-a29ed410fa04","1bach-ccss","block","sin-determinar","UNMAPPED_BLOCK"
"cand-e279588a-df9c-59e1-a7bf-28b62b83ff01","1bach-ccss","block","sin-determinar","UNMAPPED_BLOCK"
"cand-5413b4a1-d730-51df-b2a3-536ac8b76102","1bach-ccss","block","sin-determinar","UNMAPPED_BLOCK"
"cand-92028d2b-e90d-5554-a7d5-ffd98b8a1439","1bach-ccss","block","sin-determinar","UNMAPPED_BLOCK"
"cand-ad83634e-438a-5f0a-9b1d-acd444d6a368","1bach-ccss","block","sin-determinar","UNMAPPED_BLOCK"
"cand-3575de44-87bb-5605-a7e4-b75de41e6d3e","1bach-ccss","block","sin-determinar","UNMAPPED_BLOCK"
"cand-791048d2-9450-5932-9164-f1c6adb6c9c1","1bach-ccss","block","sin-determinar","UNMAPPED_BLOCK"
"cand-3b4f56dd-4b7a-591f-9ff3-3158597d0775","1bach-ccss","block","sin-determinar","UNMAPPED_BLOCK"
"cand-c6c459ea-74ce-583b-99fb-2bb437ae219e","1bach-ccss","block","sin-determinar","UNMAPPED_BLOCK"
"cand-5dc6900d-0428-5346-aa4a-5aad4345ae6e","1bach-ccss","block","sin-determinar","UNMAPPED_BLOCK"
"cand-ee2dbe3c-f0cc-5b6d-88e2-c97de7239b65","1bach-ccss","block","sin-determinar","UNMAPPED_BLOCK"
"cand-d4e453e5-9ee2-5e24-bda6-571ebb8ac0fa","1bach-ccss","block","sin-determinar","UNMAPPED_BLOCK"
"cand-5890e926-79b5-5df8-b958-553543e8a598","1bach-ccss","block","sin-determinar","UNMAPPED_BLOCK"
"cand-773928c0-880c-526b-be9a-784fc1572af1","2bach-ccss","block","sin-determinar","UNMAPPED_BLOCK"
"cand-b8e89543-2d5c-507c-ac6e-de46d1571ca5","2bach-ccss","block","sin-determinar","UNMAPPED_BLOCK"
"cand-7f503a11-347b-5b83-875b-5229568ff4d9","2bach-ccss","block","sin-determinar","UNMAPPED_BLOCK"
"cand-8ae4eacc-3dd5-5ef5-ac3a-19c57a9efce9","2bach-ccss","block","sin-determinar","UNMAPPED_BLOCK"
"cand-167894c3-e319-537e-a3dc-4053de1fac4d","2bach-ccss","block","sin-determinar","UNMAPPED_BLOCK"
"cand-e324cd94-246a-518f-8035-60b3ca6c64a7","2bach-ccss","block","sin-determinar","UNMAPPED_BLOCK"
"cand-76713052-f071-52f9-9d62-7193a3bea394","2bach-ccss","topic","sin-determinar","UNMAPPED_TOPIC"
"cand-591376d7-5257-5dd9-bd86-6d17ded483c7","2bach-ccss","topic","sin-determinar","UNMAPPED_TOPIC"
"cand-591376d7-5257-5dd9-bd86-6d17ded483c7","2bach-ccss","block","sin-determinar","UNMAPPED_BLOCK"
"cand-96ab4638-37ec-5763-89fd-9470da9027c5","2bach-ccss","topic","sin-determinar","UNMAPPED_TOPIC"
"cand-6858ab73-0a57-56bd-a121-1c428ce29442","2bach-ccss","topic","sin-determinar","UNMAPPED_TOPIC"
"cand-b44617fb-f6bb-50c6-bdc4-1de1d83d2216","2bach-ccss","topic","sin-determinar","UNMAPPED_TOPIC"
"cand-8f2c86cc-c939-5be7-ae3b-cfc6661e4eae","2bach-ccss","topic","sin-determinar","UNMAPPED_TOPIC"
"cand-49a076d4-6ba6-5876-99af-fdc8bb839f31","2bach-ccss","topic","sin-determinar","UNMAPPED_TOPIC"
"cand-b55d672d-78d9-59f7-809b-19608a76d3cf","2bach-ccss","topic","sin-determinar","UNMAPPED_TOPIC"
"cand-3f9ad5c2-c143-5ae7-b0e4-87356282fa6b","2bach-ccss","topic","sin-determinar","UNMAPPED_TOPIC"
"cand-ae212a65-17b3-5866-937e-6005c6272549","2bach-ccss","topic","sin-determinar","UNMAPPED_TOPIC"
"cand-ae212a65-17b3-5866-937e-6005c6272549","2bach-ccss","block","sin-determinar","UNMAPPED_BLOCK"
"cand-c973baca-28dd-512a-bb70-e16606557e24","2bach-ccss","topic","sin-determinar","UNMAPPED_TOPIC"
"cand-c973baca-28dd-512a-bb70-e16606557e24","2bach-ccss","block","sin-determinar","UNMAPPED_BLOCK"
"cand-f112058b-e21d-583c-ae4c-2d38f5681787","2bach-ccss","block","sin-determinar","UNMAPPED_BLOCK"
"cand-bd12088e-a2ad-5200-83be-3b5e63c9d1ec","2bach-ccss","topic","sin-determinar","UNMAPPED_TOPIC"
"cand-bd12088e-a2ad-5200-83be-3b5e63c9d1ec","2bach-ccss","block","sin-determinar","UNMAPPED_BLOCK"
"cand-f9cbd5c4-0bb6-5f24-91c5-351d69e7f0cc","2bach-ccss","topic","sin-determinar","UNMAPPED_TOPIC"
"cand-f9cbd5c4-0bb6-5f24-91c5-351d69e7f0cc","2bach-ccss","block","sin-determinar","UNMAPPED_BLOCK"
"cand-667a865c-a784-5500-9608-08731f3fc04b","2bach-ccss","topic","sin-determinar","UNMAPPED_TOPIC"
"cand-667a865c-a784-5500-9608-08731f3fc04b","2bach-ccss","block","sin-determinar","UNMAPPED_BLOCK"
"cand-9d3e1640-4a9e-5d84-8cd4-700020df7103","2bach-ccss","topic","sin-determinar","UNMAPPED_TOPIC"
"cand-9d3e1640-4a9e-5d84-8cd4-700020df7103","2bach-ccss","block","sin-determinar","UNMAPPED_BLOCK"
"cand-5c95cfc7-2f05-590b-974b-d3894d9ba39a","2bach-ccss","topic","sin-determinar","UNMAPPED_TOPIC"
"cand-5c95cfc7-2f05-590b-974b-d3894d9ba39a","2bach-ccss","block","sin-determinar","UNMAPPED_BLOCK"
"cand-c5d7aa8c-ba4c-5956-8f06-b0c1415a87ad","2bach-ccss","topic","sin-determinar","UNMAPPED_TOPIC"
"cand-c5d7aa8c-ba4c-5956-8f06-b0c1415a87ad","2bach-ccss","block","sin-determinar","UNMAPPED_BLOCK"
"cand-9da5cb7f-c885-518d-9c71-94d74d21942f","2bach-ccss","block","sin-determinar","UNMAPPED_BLOCK"
"cand-133b6a9a-1a4a-5514-a70f-997d2b048983","2bach-ccss","topic","sin-determinar","UNMAPPED_TOPIC"
"cand-133b6a9a-1a4a-5514-a70f-997d2b048983","2bach-ccss","block","sin-determinar","UNMAPPED_BLOCK"
"cand-b80c74bb-4de7-5aa9-b752-a7d91d5f8f90","2bach-ccss","topic","sin-determinar","UNMAPPED_TOPIC"
"cand-b80c74bb-4de7-5aa9-b752-a7d91d5f8f90","2bach-ccss","block","sin-determinar","UNMAPPED_BLOCK"
"cand-752a0227-e5cf-513d-b2c8-985a957a860b","2bach-ccss","topic","sin-determinar","UNMAPPED_TOPIC"
"cand-752a0227-e5cf-513d-b2c8-985a957a860b","2bach-ccss","block","sin-determinar","UNMAPPED_BLOCK"
"cand-d0287796-f38b-5138-9793-29aafbacb4f8","2bach-ccss","block","sin-determinar","UNMAPPED_BLOCK"
"cand-aed95de8-eec4-552d-8743-b5d51ceb6294","2bach-ccss","topic","sin-determinar","UNMAPPED_TOPIC"
"cand-aed95de8-eec4-552d-8743-b5d51ceb6294","2bach-ccss","block","sin-determinar","UNMAPPED_BLOCK"
"cand-3936b1cd-4f28-5bfe-87cd-15b37827fb6b","2bach-ccss","block","sin-determinar","UNMAPPED_BLOCK"
"cand-cbfddf46-ccd9-53a1-a231-7ebaaec2e90e","2bach-ccss","block","sin-determinar","UNMAPPED_BLOCK"
"cand-08298b78-72a7-5301-b114-86b44c399818","2bach-ccss","topic","sin-determinar","UNMAPPED_TOPIC"
"cand-08298b78-72a7-5301-b114-86b44c399818","2bach-ccss","block","sin-determinar","UNMAPPED_BLOCK"
"cand-74541afa-fd16-5150-bcbd-676c6234580c","2bach-ccss","block","sin-determinar","UNMAPPED_BLOCK"
"cand-2afea60d-a785-5fce-bc1b-aa2d3a148fd0","2bach-ccss","topic","sin-determinar","UNMAPPED_TOPIC"
"cand-2afea60d-a785-5fce-bc1b-aa2d3a148fd0","2bach-ccss","block","sin-determinar","UNMAPPED_BLOCK"
"cand-074621ca-196f-5537-8ec6-54939e69d52e","2bach-ccss","topic","sin-determinar","UNMAPPED_TOPIC"
"cand-074621ca-196f-5537-8ec6-54939e69d52e","2bach-ccss","block","sin-determinar","UNMAPPED_BLOCK"
"cand-21a9de5d-f5a3-5e47-a0d8-35a153b5f462","2bach-ccss","block","sin-determinar","UNMAPPED_BLOCK"
"cand-4b45bed5-2fac-5c84-9254-0f36362370eb","2bach-ccss","topic","sin-determinar","UNMAPPED_TOPIC"
"cand-4b45bed5-2fac-5c84-9254-0f36362370eb","2bach-ccss","block","sin-determinar","UNMAPPED_BLOCK"
"cand-30df3f01-db0d-5393-9c27-85a3bdb26e9d","2bach-ccss","topic","sin-determinar","UNMAPPED_TOPIC"
"cand-30df3f01-db0d-5393-9c27-85a3bdb26e9d","2bach-ccss","block","sin-determinar","UNMAPPED_BLOCK"
"cand-42d35c21-279b-58f8-acf3-7c21573ead0c","2bach-ccss","block","sin-determinar","UNMAPPED_BLOCK"
"cand-170559e0-e6e5-5ff8-be81-6d5959145661","2bach-ccss","topic","sin-determinar","UNMAPPED_TOPIC"
"cand-170559e0-e6e5-5ff8-be81-6d5959145661","2bach-ccss","block","sin-determinar","UNMAPPED_BLOCK"
"cand-7743c831-38c0-5c6a-b8f3-26fe76db1fd2","2bach-ccss","topic","sin-determinar","UNMAPPED_TOPIC"
"cand-7743c831-38c0-5c6a-b8f3-26fe76db1fd2","2bach-ccss","block","sin-determinar","UNMAPPED_BLOCK"
"cand-efeb9c2c-5f96-514f-ac8e-63be98e262d3","2bach-ccss","topic","sin-determinar","UNMAPPED_TOPIC"
"cand-efeb9c2c-5f96-514f-ac8e-63be98e262d3","2bach-ccss","block","sin-determinar","UNMAPPED_BLOCK"
"cand-a6150c5e-d9ec-572a-afbb-5d21c1f4d292","2bach-ccss","block","sin-determinar","UNMAPPED_BLOCK"
"cand-80e12c1d-34fd-569f-85be-1431f219d5ae","2bach-ccss","topic","sin-determinar","UNMAPPED_TOPIC"
"cand-80e12c1d-34fd-569f-85be-1431f219d5ae","2bach-ccss","block","sin-determinar","UNMAPPED_BLOCK"
"cand-f76e28bd-4157-55d4-be88-336baa9707ff","2bach-ccss","topic","sin-determinar","UNMAPPED_TOPIC"
"cand-f76e28bd-4157-55d4-be88-336baa9707ff","2bach-ccss","block","sin-determinar","UNMAPPED_BLOCK"
"cand-31f3f70b-b145-5cbd-8854-07ff9f199025","2bach-ccss","topic","sin-determinar","UNMAPPED_TOPIC"
"cand-31f3f70b-b145-5cbd-8854-07ff9f199025","2bach-ccss","block","sin-determinar","UNMAPPED_BLOCK"
"cand-2b0c02f6-0a57-51c7-879c-401cfcfef342","2bach-ccss","topic","sin-determinar","UNMAPPED_TOPIC"
"cand-2b0c02f6-0a57-51c7-879c-401cfcfef342","2bach-ccss","block","sin-determinar","UNMAPPED_BLOCK"
"cand-7f2d8d11-27be-5921-be3c-ac9b7d168468","2bach-ccss","block","sin-determinar","UNMAPPED_BLOCK"
"cand-1ca2590b-ac33-5307-8a83-d9762d9e2441","2bach-ccss","topic","sin-determinar","UNMAPPED_TOPIC"
"cand-1ca2590b-ac33-5307-8a83-d9762d9e2441","2bach-ccss","block","sin-determinar","UNMAPPED_BLOCK"
"cand-546e3da9-7863-5042-a120-dbc4353fdaa7","2bach-ccss","topic","sin-determinar","UNMAPPED_TOPIC"
"cand-546e3da9-7863-5042-a120-dbc4353fdaa7","2bach-ccss","block","sin-determinar","UNMAPPED_BLOCK"
"cand-3c28ffe9-b5b5-57e4-af08-513bd434da1a","4eso-b","block","sin-determinar","UNMAPPED_BLOCK"
"cand-815d43d9-4e93-5176-ac39-237cacc2e25e","4eso-b","block","sin-determinar","UNMAPPED_BLOCK"
"cand-867ee9c7-55dd-5c08-a2f8-8c07eb07cdae","4eso-b","block","sin-determinar","UNMAPPED_BLOCK"
"cand-31e523a9-b2b0-56f9-bb8e-0d8f8ed7b2c5","4eso-b","block","sin-determinar","UNMAPPED_BLOCK"
"cand-96f44d3e-6367-51a7-b765-2375b5d47851","4eso-b","block","sin-determinar","UNMAPPED_BLOCK"
"cand-fddde150-e25d-5f71-9f00-987d811788b2","4eso-b","block","sin-determinar","UNMAPPED_BLOCK"
"cand-a3022c4d-fc8c-54ab-ac84-a06d97da8986","4eso-b","block","sin-determinar","UNMAPPED_BLOCK"
"cand-afdac43d-b50c-5cf9-9114-6abafcbe1011","4eso-b","block","sin-determinar","UNMAPPED_BLOCK"
"cand-41dc9058-c4ed-5db7-81b0-5270cf69ed8a","4eso-b","block","sin-determinar","UNMAPPED_BLOCK"
"cand-4486a222-d05c-5fea-9fb8-088e71bff5e0","4eso-b","block","sin-determinar","UNMAPPED_BLOCK"
"cand-92637d03-c0a9-5456-b2ab-6a3b7431bd64","4eso-b","block","sin-determinar","UNMAPPED_BLOCK"
"cand-a068c88d-f989-5abc-837c-37d0fe3e9f6d","4eso-b","block","sin-determinar","UNMAPPED_BLOCK"
"cand-a48419c1-6806-59aa-8559-38b66db10681","4eso-b","block","sin-determinar","UNMAPPED_BLOCK"
"cand-68c9d180-3667-5c41-bd55-6d936626b1d0","4eso-b","block","sin-determinar","UNMAPPED_BLOCK"
"cand-df790175-2511-546f-8b72-9c8f704d0c9d","4eso-b","block","sin-determinar","UNMAPPED_BLOCK"
"cand-daf8f1f3-fa3d-5682-88e0-f1698dbfac03","4eso-b","block","sin-determinar","UNMAPPED_BLOCK"
"cand-6e53742d-b20a-5f5f-949d-dfaca0bc4f65","4eso-b","block","sin-determinar","UNMAPPED_BLOCK"
"cand-e1e335e5-31e8-5d67-971b-f4464fd3d860","4eso-b","block","sin-determinar","UNMAPPED_BLOCK"
"cand-0b335b6a-cdd8-519d-86ee-6e811da72150","4eso-b","block","sin-determinar","UNMAPPED_BLOCK"
"cand-798d5eb7-c7f1-56ab-a549-c11cb232ad44","4eso-b","block","sin-determinar","UNMAPPED_BLOCK"
"cand-89157a53-3986-5707-b75d-ec49de8abda2","4eso-b","block","sin-determinar","UNMAPPED_BLOCK"
"cand-c870c303-ab50-5eee-b8e9-58864800ad8f","4eso-b","block","sin-determinar","UNMAPPED_BLOCK"
"cand-ae1b9a91-0e56-5fb0-9805-fc0ceab613c9","4eso-b","block","sin-determinar","UNMAPPED_BLOCK"
"cand-b3d881eb-7fae-56c9-a89f-ea72863856cc","4eso-b","block","sin-determinar","UNMAPPED_BLOCK"
"cand-f27ae7b1-a5d0-5b2c-a428-9786e0541cbb","4eso-b","block","sin-determinar","UNMAPPED_BLOCK"
"cand-e098a2fb-8d80-5125-8194-932dd0ca828b","4eso-b","block","sin-determinar","UNMAPPED_BLOCK"
"cand-43835bd7-4cca-5716-bb75-fe74395dd3f0","4eso-b","block","sin-determinar","UNMAPPED_BLOCK"
"cand-879b9e6b-ab3f-5f99-b0fc-29cc2c2e1d86","4eso-b","block","sin-determinar","UNMAPPED_BLOCK"
"cand-482c3e42-8512-5914-9fcc-bf3171c8ef89","4eso-b","block","sin-determinar","UNMAPPED_BLOCK"
"cand-c02ff440-8e53-5f6d-bce1-52340b172daf","4eso-b","block","sin-determinar","UNMAPPED_BLOCK"
"cand-60aac4e3-c461-5d00-88cf-09b16984d10a","4eso-b","block","sin-determinar","UNMAPPED_BLOCK"
"cand-1e2f5cc6-93bd-5212-b068-996cbbe79e6d","4eso-b","block","sin-determinar","UNMAPPED_BLOCK"
"cand-a3d7599a-15de-5065-a4cd-d1116bfed55e","4eso-b","block","sin-determinar","UNMAPPED_BLOCK"
"cand-4d9825d6-0206-5b09-9fd1-7f0ff91d0e2d","4eso-b","block","sin-determinar","UNMAPPED_BLOCK"
"cand-ad6402ac-9014-5fa9-864b-e010a97cfce5","4eso-b","block","sin-determinar","UNMAPPED_BLOCK"
"cand-0ea92e9c-c24d-5a26-9eac-4c022eeb4770","4eso-b","block","sin-determinar","UNMAPPED_BLOCK"
"cand-cac27009-604b-5068-8d5f-1f8fbc4d8628","4eso-b","block","sin-determinar","UNMAPPED_BLOCK"
"cand-f34c492b-dfff-50d6-af32-b46def5fa6f6","4eso-b","block","sin-determinar","UNMAPPED_BLOCK"
"cand-7793a1bf-e056-59e2-ba42-0c756d45b9d3","4eso-b","block","sin-determinar","UNMAPPED_BLOCK"
"cand-4ef2b0e6-2f3c-5974-a781-2228baa6c688","4eso-b","block","sin-determinar","UNMAPPED_BLOCK"
"cand-e04d385f-400a-54ba-9e19-5d6c10f5dd35","4eso-b","block","sin-determinar","UNMAPPED_BLOCK"
"cand-4dd5a5d4-95ab-5edf-8104-748fe8e9f806","2bach-mates","topic","sin-determinar","UNMAPPED_TOPIC"
"cand-4dd5a5d4-95ab-5edf-8104-748fe8e9f806","2bach-mates","block","sin-determinar","UNMAPPED_BLOCK"
"cand-fb4a95ab-d127-5ea6-afcb-d8109cb85e0d","2bach-mates","block","sin-determinar","UNMAPPED_BLOCK"
"cand-e5a77ad2-63c4-5aa6-8f59-a5dcb4c37864","2bach-mates","topic","sin-determinar","UNMAPPED_TOPIC"
"cand-e5a77ad2-63c4-5aa6-8f59-a5dcb4c37864","2bach-mates","block","sin-determinar","UNMAPPED_BLOCK"
"cand-c0585041-e67e-52f2-bb5d-a12ce51f23c4","2bach-mates","block","sin-determinar","UNMAPPED_BLOCK"
"cand-bd6892f8-4eef-5a46-86d3-c7a0ea48b01a","2bach-mates","topic","sin-determinar","UNMAPPED_TOPIC"
"cand-bd6892f8-4eef-5a46-86d3-c7a0ea48b01a","2bach-mates","block","sin-determinar","UNMAPPED_BLOCK"
"cand-e9118849-67ae-5468-92ce-80e26e5e4db5","2bach-mates","topic","sin-determinar","UNMAPPED_TOPIC"
"cand-e9118849-67ae-5468-92ce-80e26e5e4db5","2bach-mates","block","sin-determinar","UNMAPPED_BLOCK"
"cand-929bb6a9-3d0f-5e61-b5ab-83c1ab485615","2bach-mates","topic","sin-determinar","UNMAPPED_TOPIC"
"cand-929bb6a9-3d0f-5e61-b5ab-83c1ab485615","2bach-mates","block","sin-determinar","UNMAPPED_BLOCK"
"cand-171f0fe3-2743-5019-9ff2-7ccf85d59b2b","2bach-mates","topic","sin-determinar","UNMAPPED_TOPIC"
"cand-171f0fe3-2743-5019-9ff2-7ccf85d59b2b","2bach-mates","block","sin-determinar","UNMAPPED_BLOCK"
"cand-1d38a58d-2ce5-5e48-8ea1-f9ab1931a477","2bach-mates","topic","sin-determinar","UNMAPPED_TOPIC"
"cand-1d38a58d-2ce5-5e48-8ea1-f9ab1931a477","2bach-mates","block","sin-determinar","UNMAPPED_BLOCK"
"cand-1ad670bd-caa1-5d1f-8185-03979c757392","2bach-mates","topic","sin-determinar","UNMAPPED_TOPIC"
"cand-1ad670bd-caa1-5d1f-8185-03979c757392","2bach-mates","block","sin-determinar","UNMAPPED_BLOCK"
"cand-2a0c3952-bc30-5030-a5c1-28f16e2cd79a","2bach-mates","topic","sin-determinar","UNMAPPED_TOPIC"
"cand-2a0c3952-bc30-5030-a5c1-28f16e2cd79a","2bach-mates","block","sin-determinar","UNMAPPED_BLOCK"
"cand-88b30b9a-1dc9-5f02-a4b5-56cf112b9dfb","2bach-mates","topic","sin-determinar","UNMAPPED_TOPIC"
"cand-88b30b9a-1dc9-5f02-a4b5-56cf112b9dfb","2bach-mates","block","sin-determinar","UNMAPPED_BLOCK"
"cand-12be2b03-d270-5ddc-ba22-2dff89622c79","2bach-mates","topic","sin-determinar","UNMAPPED_TOPIC"
"cand-12be2b03-d270-5ddc-ba22-2dff89622c79","2bach-mates","block","sin-determinar","UNMAPPED_BLOCK"
"cand-309a96db-57b7-5771-aea2-48820a38a285","2bach-mates","block","sin-determinar","UNMAPPED_BLOCK"
"cand-8c55afe6-3c51-5d23-a192-e370e853ff64","2bach-mates","block","sin-determinar","UNMAPPED_BLOCK"
"cand-074d8dd0-0dd7-5ff7-9bcd-219b630fdfa4","2bach-mates","topic","sin-determinar","UNMAPPED_TOPIC"
"cand-074d8dd0-0dd7-5ff7-9bcd-219b630fdfa4","2bach-mates","block","sin-determinar","UNMAPPED_BLOCK"
"cand-469ddaf0-152d-5d70-b20b-aab830900cee","2bach-mates","block","sin-determinar","UNMAPPED_BLOCK"
"cand-8bedc1d0-a595-5338-82e0-d6c3445e14e3","2bach-mates","topic","sin-determinar","UNMAPPED_TOPIC"
"cand-8bedc1d0-a595-5338-82e0-d6c3445e14e3","2bach-mates","block","sin-determinar","UNMAPPED_BLOCK"
"cand-b0fab358-0934-5020-b615-5e92caa0555c","2bach-mates","topic","sin-determinar","UNMAPPED_TOPIC"
"cand-b0fab358-0934-5020-b615-5e92caa0555c","2bach-mates","block","sin-determinar","UNMAPPED_BLOCK"
"cand-ac999122-1a1b-5430-a3d4-3f911c028b69","2bach-mates","topic","sin-determinar","UNMAPPED_TOPIC"
"cand-ac999122-1a1b-5430-a3d4-3f911c028b69","2bach-mates","block","sin-determinar","UNMAPPED_BLOCK"
"cand-799e3eb0-954f-57a1-a963-dc34ce948f59","2bach-mates","topic","sin-determinar","UNMAPPED_TOPIC"
"cand-799e3eb0-954f-57a1-a963-dc34ce948f59","2bach-mates","block","sin-determinar","UNMAPPED_BLOCK"
"cand-dcf62bb2-1518-577d-8ce1-c055c900be6d","2bach-mates","topic","sin-determinar","UNMAPPED_TOPIC"
"cand-dcf62bb2-1518-577d-8ce1-c055c900be6d","2bach-mates","block","sin-determinar","UNMAPPED_BLOCK"
"cand-4635f069-79fb-5bcf-bc12-d49aad4b3a21","2bach-mates","topic","sin-determinar","UNMAPPED_TOPIC"
"cand-4635f069-79fb-5bcf-bc12-d49aad4b3a21","2bach-mates","block","sin-determinar","UNMAPPED_BLOCK"
"cand-f5cb993b-3895-582d-a9f4-3b561cac1b7f","2bach-mates","topic","sin-determinar","UNMAPPED_TOPIC"
"cand-f5cb993b-3895-582d-a9f4-3b561cac1b7f","2bach-mates","block","sin-determinar","UNMAPPED_BLOCK"
"cand-dd5bc4c1-cd34-5ac0-a85b-0534a9c756b6","2bach-mates","topic","sin-determinar","UNMAPPED_TOPIC"
"cand-dd5bc4c1-cd34-5ac0-a85b-0534a9c756b6","2bach-mates","block","sin-determinar","UNMAPPED_BLOCK"
"cand-59204053-3808-5f2d-9ef4-5053973e20d9","2bach-mates","block","sin-determinar","UNMAPPED_BLOCK"
"cand-5e7de5f0-4020-5bfd-857c-0a4ef0ee0612","2bach-mates","topic","sin-determinar","UNMAPPED_TOPIC"
"cand-5e7de5f0-4020-5bfd-857c-0a4ef0ee0612","2bach-mates","block","sin-determinar","UNMAPPED_BLOCK"
"cand-1dc1e75b-e47a-5f14-81e7-345f2966a234","2bach-mates","block","sin-determinar","UNMAPPED_BLOCK"
"cand-a1086c2e-7592-5b12-b99d-3824d60c98c0","2bach-mates","topic","sin-determinar","UNMAPPED_TOPIC"
"cand-a1086c2e-7592-5b12-b99d-3824d60c98c0","2bach-mates","block","sin-determinar","UNMAPPED_BLOCK"
"cand-73ced507-f1df-5c16-affe-f6d8b7252d3f","2bach-mates","block","sin-determinar","UNMAPPED_BLOCK"
"cand-9bd96b30-9c0d-5057-877a-e378f0ad6aa2","2bach-mates","block","sin-determinar","UNMAPPED_BLOCK"
"cand-bad82707-52a3-517e-9f58-a187792fc0e8","2bach-mates","topic","sin-determinar","UNMAPPED_TOPIC"
"cand-bad82707-52a3-517e-9f58-a187792fc0e8","2bach-mates","block","sin-determinar","UNMAPPED_BLOCK"
"cand-6feb2bcd-2959-598f-a297-f89a5eb3fd2e","2bach-mates","block","sin-determinar","UNMAPPED_BLOCK"
"cand-0227caea-78fc-53ed-aaa4-d115d271ac9d","2bach-mates","block","sin-determinar","UNMAPPED_BLOCK"
"cand-9c7cae3b-f1fd-592b-9b6c-9bde67f28a44","2bach-mates","block","sin-determinar","UNMAPPED_BLOCK"
"cand-47bb95f4-6acb-5eea-be5c-86f4aade20d9","2bach-mates","block","sin-determinar","UNMAPPED_BLOCK"
"cand-dc90dae1-b9a7-518f-a2bc-4acdbb095f95","2bach-mates","topic","sin-determinar","UNMAPPED_TOPIC"
"cand-dc90dae1-b9a7-518f-a2bc-4acdbb095f95","2bach-mates","block","sin-determinar","UNMAPPED_BLOCK"
"cand-b2a93ef2-ea02-5c18-bc18-d0b8a3579b09","2bach-mates","block","sin-determinar","UNMAPPED_BLOCK"
"cand-d113eaad-0e1c-5f71-88a2-9d45384a830e","2bach-mates","topic","sin-determinar","UNMAPPED_TOPIC"
"cand-d113eaad-0e1c-5f71-88a2-9d45384a830e","2bach-mates","block","sin-determinar","UNMAPPED_BLOCK"
"cand-9854bed7-c09c-5d92-a728-44cf37134d0b","2bach-mates","topic","sin-determinar","UNMAPPED_TOPIC"
"cand-9854bed7-c09c-5d92-a728-44cf37134d0b","2bach-mates","block","sin-determinar","UNMAPPED_BLOCK"
"cand-12241f69-1a61-52c4-89d2-40ebf4959d8b","2bach-mates","topic","sin-determinar","UNMAPPED_TOPIC"
"cand-12241f69-1a61-52c4-89d2-40ebf4959d8b","2bach-mates","block","sin-determinar","UNMAPPED_BLOCK"
"cand-8a2b91db-e102-538f-8193-c035f04678ec","2bach-mates","topic","sin-determinar","UNMAPPED_TOPIC"
"cand-8a2b91db-e102-538f-8193-c035f04678ec","2bach-mates","block","sin-determinar","UNMAPPED_BLOCK"
"cand-ca35e4ba-c3bb-5c48-ab2e-0d0fb04a8442","2bach-mates","topic","sin-determinar","UNMAPPED_TOPIC"
"cand-ca35e4ba-c3bb-5c48-ab2e-0d0fb04a8442","2bach-mates","block","sin-determinar","UNMAPPED_BLOCK"
"cand-ad57e458-f225-57d5-95c2-cd8ca5822b7c","2bach-mates","block","sin-determinar","UNMAPPED_BLOCK"
"cand-ec67832d-ef6f-5101-b67b-b1a8cbc043aa","2bach-mates","topic","sin-determinar","UNMAPPED_TOPIC"
"cand-ec67832d-ef6f-5101-b67b-b1a8cbc043aa","2bach-mates","block","sin-determinar","UNMAPPED_BLOCK"
"cand-2e554a3b-3b63-5371-8eaf-6a0a686e19c1","2bach-mates","block","sin-determinar","UNMAPPED_BLOCK"
"cand-8b95afc0-3088-5c82-9235-290d53c39646","2bach-mates","topic","sin-determinar","UNMAPPED_TOPIC"
"cand-8b95afc0-3088-5c82-9235-290d53c39646","2bach-mates","block","sin-determinar","UNMAPPED_BLOCK"
"cand-871bbb51-9e6e-5a31-a25c-b5131087125a","2bach-mates","block","sin-determinar","UNMAPPED_BLOCK"
"cand-a45998ad-128d-5b1f-8def-aef2cd664150","2bach-mates","topic","sin-determinar","UNMAPPED_TOPIC"
"cand-a45998ad-128d-5b1f-8def-aef2cd664150","2bach-mates","block","sin-determinar","UNMAPPED_BLOCK"
"cand-bed60fba-643d-5505-925e-117f7e1385b7","2bach-mates","topic","sin-determinar","UNMAPPED_TOPIC"
"cand-bed60fba-643d-5505-925e-117f7e1385b7","2bach-mates","block","sin-determinar","UNMAPPED_BLOCK"
"cand-ad2ef1bf-67fe-52c7-bd8c-7577dabbcdc8","2bach-mates","topic","sin-determinar","UNMAPPED_TOPIC"
"cand-ad2ef1bf-67fe-52c7-bd8c-7577dabbcdc8","2bach-mates","block","sin-determinar","UNMAPPED_BLOCK"
"cand-aae81bb9-3195-54fc-81a0-5c9518337243","2bach-mates","topic","sin-determinar","UNMAPPED_TOPIC"
"cand-aae81bb9-3195-54fc-81a0-5c9518337243","2bach-mates","block","sin-determinar","UNMAPPED_BLOCK"
"cand-799972a2-cd51-5f1e-9cdf-8e1a2fd9bf92","2bach-mates","topic","sin-determinar","UNMAPPED_TOPIC"
"cand-799972a2-cd51-5f1e-9cdf-8e1a2fd9bf92","2bach-mates","block","sin-determinar","UNMAPPED_BLOCK"
"cand-3d398686-7d73-50ad-9664-ae776997a15a","2bach-mates","topic","sin-determinar","UNMAPPED_TOPIC"
"cand-3d398686-7d73-50ad-9664-ae776997a15a","2bach-mates","block","sin-determinar","UNMAPPED_BLOCK"
"cand-a834431a-fc79-5b48-8581-9f4e32661311","2bach-mates","topic","sin-determinar","UNMAPPED_TOPIC"
"cand-a834431a-fc79-5b48-8581-9f4e32661311","2bach-mates","block","sin-determinar","UNMAPPED_BLOCK"
"cand-33b6f028-d207-5697-b316-4fde84c7b213","2bach-mates","block","sin-determinar","UNMAPPED_BLOCK"
"cand-394a8cab-9d53-5cc3-9248-f64ae8bc895b","2bach-mates","topic","sin-determinar","UNMAPPED_TOPIC"
"cand-394a8cab-9d53-5cc3-9248-f64ae8bc895b","2bach-mates","block","sin-determinar","UNMAPPED_BLOCK"
"cand-fc577551-cea6-5cb5-b3dc-77b44382e967","2bach-mates","block","sin-determinar","UNMAPPED_BLOCK"
"cand-c4abbfe3-ca5e-52b9-9314-218e8fa3ad03","2bach-mates","topic","sin-determinar","UNMAPPED_TOPIC"
"cand-c4abbfe3-ca5e-52b9-9314-218e8fa3ad03","2bach-mates","block","sin-determinar","UNMAPPED_BLOCK"
"cand-3bd90802-6ac9-5870-bee1-5f63b7177da8","2bach-mates","topic","sin-determinar","UNMAPPED_TOPIC"
"cand-3bd90802-6ac9-5870-bee1-5f63b7177da8","2bach-mates","block","sin-determinar","UNMAPPED_BLOCK"
"cand-9ec71032-2bbd-5e77-a795-ccbab47cc98e","2bach-mates","block","sin-determinar","UNMAPPED_BLOCK"
"cand-cd7ddd05-5517-5dfe-b15d-9be09973ec04","2bach-mates","block","sin-determinar","UNMAPPED_BLOCK"
"cand-86981fac-67b1-59a5-b5b8-17edb35e11bb","2bach-mates","topic","sin-determinar","UNMAPPED_TOPIC"
"cand-86981fac-67b1-59a5-b5b8-17edb35e11bb","2bach-mates","block","sin-determinar","UNMAPPED_BLOCK"
"cand-f18f69d1-d90f-514c-9fe2-e2aa7e9f0985","2bach-mates","topic","sin-determinar","UNMAPPED_TOPIC"
"cand-f18f69d1-d90f-514c-9fe2-e2aa7e9f0985","2bach-mates","block","sin-determinar","UNMAPPED_BLOCK"
"cand-57686d82-9b10-5093-ae40-017f9da5bca0","2bach-mates","topic","sin-determinar","UNMAPPED_TOPIC"
"cand-57686d82-9b10-5093-ae40-017f9da5bca0","2bach-mates","block","sin-determinar","UNMAPPED_BLOCK"
"cand-e2fb9050-3292-56bc-b1d9-d4b69083a69e","2bach-mates","block","sin-determinar","UNMAPPED_BLOCK"
"cand-9494a513-d05a-5011-a30e-fa40323bcd78","2bach-mates","block","sin-determinar","UNMAPPED_BLOCK"
"cand-da754764-813e-52ba-9502-147c00685d50","2bach-mates","block","sin-determinar","UNMAPPED_BLOCK"
"cand-2d6c3a7d-f1f3-5bc7-9b20-7844bf011313","2bach-mates","block","sin-determinar","UNMAPPED_BLOCK"
"cand-d6190b12-5be2-5c80-bd1b-8c95e12680e2","2bach-mates","topic","sin-determinar","UNMAPPED_TOPIC"
"cand-d6190b12-5be2-5c80-bd1b-8c95e12680e2","2bach-mates","block","sin-determinar","UNMAPPED_BLOCK"
"cand-fcf865cf-774f-59d6-99b4-242781241f7e","2bach-mates","block","sin-determinar","UNMAPPED_BLOCK"
"cand-1107e333-37c0-57c2-a619-21d94784ebf6","2bach-mates","topic","sin-determinar","UNMAPPED_TOPIC"
"cand-1107e333-37c0-57c2-a619-21d94784ebf6","2bach-mates","block","sin-determinar","UNMAPPED_BLOCK"
"cand-ae121f8d-b154-5c4a-b71a-2312a7940346","2bach-mates","topic","sin-determinar","UNMAPPED_TOPIC"
"cand-ae121f8d-b154-5c4a-b71a-2312a7940346","2bach-mates","block","sin-determinar","UNMAPPED_BLOCK"
"cand-3125ce24-d061-5641-9373-ccfc12f7ad5f","2bach-mates","topic","sin-determinar","UNMAPPED_TOPIC"
"cand-3125ce24-d061-5641-9373-ccfc12f7ad5f","2bach-mates","block","sin-determinar","UNMAPPED_BLOCK"
"cand-0a826cdd-c12d-5c09-b636-1653bb0d87af","2bach-mates","topic","sin-determinar","UNMAPPED_TOPIC"
"cand-0a826cdd-c12d-5c09-b636-1653bb0d87af","2bach-mates","block","sin-determinar","UNMAPPED_BLOCK"
"cand-1f437f7a-e8ce-565c-9283-a463bd353907","2bach-mates","topic","sin-determinar","UNMAPPED_TOPIC"
"cand-1f437f7a-e8ce-565c-9283-a463bd353907","2bach-mates","block","sin-determinar","UNMAPPED_BLOCK"
"cand-acea8c96-b40a-5783-bc8c-db772078fe62","2bach-mates","block","sin-determinar","UNMAPPED_BLOCK"
"cand-e51f0981-595d-5320-a1b1-492c2f1e6de7","2bach-mates","topic","sin-determinar","UNMAPPED_TOPIC"
"cand-e51f0981-595d-5320-a1b1-492c2f1e6de7","2bach-mates","block","sin-determinar","UNMAPPED_BLOCK"
"cand-03dca606-2052-5a62-adfc-72216647144c","2bach-mates","topic","sin-determinar","UNMAPPED_TOPIC"
"cand-03dca606-2052-5a62-adfc-72216647144c","2bach-mates","block","sin-determinar","UNMAPPED_BLOCK"
"cand-52141903-85f5-5c9d-ad3f-7311b5f4e753","2bach-mates","topic","sin-determinar","UNMAPPED_TOPIC"
"cand-52141903-85f5-5c9d-ad3f-7311b5f4e753","2bach-mates","block","sin-determinar","UNMAPPED_BLOCK"
"cand-83790b03-4452-5a64-ba73-b5ec7048717c","2bach-mates","topic","sin-determinar","UNMAPPED_TOPIC"
"cand-83790b03-4452-5a64-ba73-b5ec7048717c","2bach-mates","block","sin-determinar","UNMAPPED_BLOCK"
"cand-14fd9ed1-2cec-5ee5-af59-aa1ac3d7a761","2bach-mates","topic","sin-determinar","UNMAPPED_TOPIC"
"cand-14fd9ed1-2cec-5ee5-af59-aa1ac3d7a761","2bach-mates","block","sin-determinar","UNMAPPED_BLOCK"
"cand-2850e1de-d04b-500a-ab8f-fea1a871907e","2bach-mates","topic","sin-determinar","UNMAPPED_TOPIC"
"cand-2850e1de-d04b-500a-ab8f-fea1a871907e","2bach-mates","block","sin-determinar","UNMAPPED_BLOCK"
"cand-beb0b32b-2ff9-5ee0-8fb9-2894ecbcaaed","2bach-mates","topic","sin-determinar","UNMAPPED_TOPIC"
"cand-beb0b32b-2ff9-5ee0-8fb9-2894ecbcaaed","2bach-mates","block","sin-determinar","UNMAPPED_BLOCK"
"cand-1bf3371e-4a92-585f-b48f-47e942a6faaf","2bach-mates","block","sin-determinar","UNMAPPED_BLOCK"
"cand-1d7ca0c1-8b9c-5489-a302-208ddce0e287","2bach-mates","topic","sin-determinar","UNMAPPED_TOPIC"
"cand-1d7ca0c1-8b9c-5489-a302-208ddce0e287","2bach-mates","block","sin-determinar","UNMAPPED_BLOCK"
"cand-a1e6afd0-60a0-517a-b6ee-3b931b6c2bf7","2bach-mates","topic","sin-determinar","UNMAPPED_TOPIC"
"cand-a1e6afd0-60a0-517a-b6ee-3b931b6c2bf7","2bach-mates","block","sin-determinar","UNMAPPED_BLOCK"
"cand-868ec939-c73e-52d6-9996-47bdb90521a9","2bach-mates","topic","sin-determinar","UNMAPPED_TOPIC"
"cand-868ec939-c73e-52d6-9996-47bdb90521a9","2bach-mates","block","sin-determinar","UNMAPPED_BLOCK"
"cand-cdac44e4-b632-5055-aceb-222631139401","2bach-mates","block","sin-determinar","UNMAPPED_BLOCK"
"cand-58584969-2695-5613-b693-1c6babe97c2c","2bach-mates","topic","sin-determinar","UNMAPPED_TOPIC"
"cand-58584969-2695-5613-b693-1c6babe97c2c","2bach-mates","block","sin-determinar","UNMAPPED_BLOCK"
"cand-21c159fe-8fe8-5801-8642-8c30fca5db10","2bach-mates","topic","sin-determinar","UNMAPPED_TOPIC"
"cand-21c159fe-8fe8-5801-8642-8c30fca5db10","2bach-mates","block","sin-determinar","UNMAPPED_BLOCK"
"cand-782f96b1-f145-5cd6-bef9-e517fe05299f","2bach-mates","block","sin-determinar","UNMAPPED_BLOCK"
"cand-cf747e05-d647-52ba-aca4-5f3d63743bb1","2bach-mates","topic","sin-determinar","UNMAPPED_TOPIC"
"cand-cf747e05-d647-52ba-aca4-5f3d63743bb1","2bach-mates","block","sin-determinar","UNMAPPED_BLOCK"
"cand-bc2acff9-b739-5080-ae5e-6f550115d43e","2bach-mates","block","sin-determinar","UNMAPPED_BLOCK"
"cand-b027b8b9-3b5b-5407-a58c-e1c388043ff7","2bach-mates","block","sin-determinar","UNMAPPED_BLOCK"
"cand-12224c26-70e9-53c8-921d-e9dc563b22a3","2bach-mates","topic","sin-determinar","UNMAPPED_TOPIC"
"cand-12224c26-70e9-53c8-921d-e9dc563b22a3","2bach-mates","block","sin-determinar","UNMAPPED_BLOCK"
"cand-8bca68e1-de1d-5523-9ad8-4f7d554f6574","2bach-mates","block","sin-determinar","UNMAPPED_BLOCK"
"cand-b79355b5-86bf-5b88-84c3-1b6482aefa53","2bach-mates","topic","sin-determinar","UNMAPPED_TOPIC"
"cand-b79355b5-86bf-5b88-84c3-1b6482aefa53","2bach-mates","block","sin-determinar","UNMAPPED_BLOCK"
"cand-63e5afb2-f2f8-5d4c-b7a6-ef27a94060b0","2bach-mates","topic","sin-determinar","UNMAPPED_TOPIC"
"cand-63e5afb2-f2f8-5d4c-b7a6-ef27a94060b0","2bach-mates","block","sin-determinar","UNMAPPED_BLOCK"
"cand-c4b211e5-d1bb-5e4c-90e9-dca9ef54b927","2bach-mates","topic","sin-determinar","UNMAPPED_TOPIC"
"cand-c4b211e5-d1bb-5e4c-90e9-dca9ef54b927","2bach-mates","block","sin-determinar","UNMAPPED_BLOCK"
"cand-282a52c4-d96e-5413-82c0-0b4fbc984f74","2bach-mates","topic","sin-determinar","UNMAPPED_TOPIC"
"cand-282a52c4-d96e-5413-82c0-0b4fbc984f74","2bach-mates","block","sin-determinar","UNMAPPED_BLOCK"
"cand-a31bef43-f39f-5c9f-8745-9d3af46effec","2bach-mates","topic","sin-determinar","UNMAPPED_TOPIC"
"cand-a31bef43-f39f-5c9f-8745-9d3af46effec","2bach-mates","block","sin-determinar","UNMAPPED_BLOCK"
"cand-6fffaf3d-edae-510c-b9f5-60666cd9bfe7","2bach-mates","block","sin-determinar","UNMAPPED_BLOCK"
"cand-341090cc-3314-596c-b028-d61c3a039a87","2bach-mates","block","sin-determinar","UNMAPPED_BLOCK"
"cand-94f1ef7e-ef83-557a-87a7-194fa9985fac","2bach-mates","topic","sin-determinar","UNMAPPED_TOPIC"
"cand-94f1ef7e-ef83-557a-87a7-194fa9985fac","2bach-mates","block","sin-determinar","UNMAPPED_BLOCK"
"cand-cfbacacc-52bd-5b3c-bdc3-2abc6ab6f915","2bach-mates","block","sin-determinar","UNMAPPED_BLOCK"
"cand-1d8a28d6-3655-5dd8-b527-308206e4ea78","2bach-mates","topic","sin-determinar","UNMAPPED_TOPIC"
"cand-1d8a28d6-3655-5dd8-b527-308206e4ea78","2bach-mates","block","sin-determinar","UNMAPPED_BLOCK"
"cand-3b8f4bdc-2705-5760-8585-9cd58d4f0f36","2bach-mates","block","sin-determinar","UNMAPPED_BLOCK"
"cand-def2d623-c86e-55f0-8d2b-7de0bfe4fd10","2bach-mates","topic","sin-determinar","UNMAPPED_TOPIC"
"cand-def2d623-c86e-55f0-8d2b-7de0bfe4fd10","2bach-mates","block","sin-determinar","UNMAPPED_BLOCK"
"cand-fdc87b1d-ab8d-58bd-8c5c-5523ea216d5c","2bach-mates","topic","sin-determinar","UNMAPPED_TOPIC"
"cand-fdc87b1d-ab8d-58bd-8c5c-5523ea216d5c","2bach-mates","block","sin-determinar","UNMAPPED_BLOCK"
"cand-709f89b9-e9c4-568d-bdd9-cc463d85895b","2bach-mates","block","sin-determinar","UNMAPPED_BLOCK"
"cand-2a24905c-44a2-5fd9-88d0-701eee8d02cc","2bach-mates","topic","sin-determinar","UNMAPPED_TOPIC"
"cand-2a24905c-44a2-5fd9-88d0-701eee8d02cc","2bach-mates","block","sin-determinar","UNMAPPED_BLOCK"
"cand-c2475ea6-db6e-51ab-8753-8ceda21bbfc8","2bach-mates","topic","sin-determinar","UNMAPPED_TOPIC"
"cand-c2475ea6-db6e-51ab-8753-8ceda21bbfc8","2bach-mates","block","sin-determinar","UNMAPPED_BLOCK"
"cand-91efc53e-9845-5b43-8db6-75d307e1ecf5","2bach-mates","block","sin-determinar","UNMAPPED_BLOCK"
"cand-906bc0bc-9c2a-5d03-8fb3-1470467d62e8","2bach-mates","block","sin-determinar","UNMAPPED_BLOCK"
"cand-b13aa814-01c4-5a34-b164-e3d23cefb0ba","2bach-mates","topic","sin-determinar","UNMAPPED_TOPIC"
"cand-b13aa814-01c4-5a34-b164-e3d23cefb0ba","2bach-mates","block","sin-determinar","UNMAPPED_BLOCK"
"cand-552edffe-4c46-5ac9-86f5-268170367132","2bach-mates","topic","sin-determinar","UNMAPPED_TOPIC"
"cand-552edffe-4c46-5ac9-86f5-268170367132","2bach-mates","block","sin-determinar","UNMAPPED_BLOCK"
"cand-0027aeb3-5d51-5929-8087-421f220bd2b3","2bach-mates","topic","sin-determinar","UNMAPPED_TOPIC"
"cand-0027aeb3-5d51-5929-8087-421f220bd2b3","2bach-mates","block","sin-determinar","UNMAPPED_BLOCK"
"cand-c676e0ff-68ee-5cc3-a301-b2a4421e72ca","2bach-mates","topic","sin-determinar","UNMAPPED_TOPIC"
"cand-c676e0ff-68ee-5cc3-a301-b2a4421e72ca","2bach-mates","block","sin-determinar","UNMAPPED_BLOCK"
"cand-7dd01dd7-9457-57ca-96ab-46595f689ed2","2bach-mates","topic","sin-determinar","UNMAPPED_TOPIC"
"cand-7dd01dd7-9457-57ca-96ab-46595f689ed2","2bach-mates","block","sin-determinar","UNMAPPED_BLOCK"
"cand-df6c825c-cf4b-50fb-be50-e78882a5e83b","2bach-mates","block","sin-determinar","UNMAPPED_BLOCK"
"cand-13c6c040-7468-535e-9adb-32939509ab53","2bach-mates","block","sin-determinar","UNMAPPED_BLOCK"
"cand-adb4deef-9714-5739-82db-fc0ccb94fe19","2bach-mates","block","sin-determinar","UNMAPPED_BLOCK"
"cand-6eb878ec-aadb-5dd0-a243-2429e33913dc","2bach-mates","topic","sin-determinar","UNMAPPED_TOPIC"
"cand-6eb878ec-aadb-5dd0-a243-2429e33913dc","2bach-mates","block","sin-determinar","UNMAPPED_BLOCK"
"cand-ccaef1b1-72c3-5920-a980-1354c61668b5","2bach-mates","topic","sin-determinar","UNMAPPED_TOPIC"
"cand-ccaef1b1-72c3-5920-a980-1354c61668b5","2bach-mates","block","sin-determinar","UNMAPPED_BLOCK"
"cand-f1d4f34c-62f1-5b09-a07f-8fe5cbd4f94f","2bach-mates","block","sin-determinar","UNMAPPED_BLOCK"
"cand-c5519c61-c278-51dc-8163-a0f9708969f4","2bach-mates","topic","sin-determinar","UNMAPPED_TOPIC"
"cand-c5519c61-c278-51dc-8163-a0f9708969f4","2bach-mates","block","sin-determinar","UNMAPPED_BLOCK"
"cand-fad59f73-e533-5eb1-b9b2-edd676c5809b","2bach-mates","block","sin-determinar","UNMAPPED_BLOCK"
"cand-56ec204f-a564-5363-bf70-2099ab5fee96","2bach-mates","block","sin-determinar","UNMAPPED_BLOCK"
"cand-3e2d2308-b908-59c6-8656-f2c8e23a8d6c","2bach-mates","topic","sin-determinar","UNMAPPED_TOPIC"
"cand-3e2d2308-b908-59c6-8656-f2c8e23a8d6c","2bach-mates","block","sin-determinar","UNMAPPED_BLOCK"
"cand-ac39413d-3cc3-58f4-807b-bf72467ddf4c","2bach-mates","block","sin-determinar","UNMAPPED_BLOCK"
"cand-6d5be23e-35ae-5567-83b3-73856443d664","2bach-mates","topic","sin-determinar","UNMAPPED_TOPIC"
"cand-6d5be23e-35ae-5567-83b3-73856443d664","2bach-mates","block","sin-determinar","UNMAPPED_BLOCK"
"cand-b25758f4-dab2-5077-986b-afd5b4a5df83","2bach-mates","topic","sin-determinar","UNMAPPED_TOPIC"
"cand-b25758f4-dab2-5077-986b-afd5b4a5df83","2bach-mates","block","sin-determinar","UNMAPPED_BLOCK"
"cand-6e7f606c-4a16-5b7d-8ef2-ff6cba3eb5ea","2bach-mates","topic","sin-determinar","UNMAPPED_TOPIC"
"cand-6e7f606c-4a16-5b7d-8ef2-ff6cba3eb5ea","2bach-mates","block","sin-determinar","UNMAPPED_BLOCK"
"cand-0fa78603-c281-5713-9903-a7db1419a7b1","2bach-mates","block","sin-determinar","UNMAPPED_BLOCK"
"cand-bddcf4a0-29f0-578c-b0fc-44b6f7a06f71","2bach-mates","topic","sin-determinar","UNMAPPED_TOPIC"
"cand-bddcf4a0-29f0-578c-b0fc-44b6f7a06f71","2bach-mates","block","sin-determinar","UNMAPPED_BLOCK"
"cand-1d699c6f-0bf0-5a44-94e0-ad8d69a64638","2bach-mates","block","sin-determinar","UNMAPPED_BLOCK"
"cand-23a866ad-7abf-5a58-a884-cc2a746ef579","2bach-mates","topic","sin-determinar","UNMAPPED_TOPIC"
"cand-23a866ad-7abf-5a58-a884-cc2a746ef579","2bach-mates","block","sin-determinar","UNMAPPED_BLOCK"
"cand-1b9ccbf6-f1a1-5dcf-b1df-d75211f73050","2bach-mates","topic","sin-determinar","UNMAPPED_TOPIC"
"cand-1b9ccbf6-f1a1-5dcf-b1df-d75211f73050","2bach-mates","block","sin-determinar","UNMAPPED_BLOCK"
"cand-0d1ec26e-17a1-5056-a2a4-f9b18c963935","2bach-mates","topic","sin-determinar","UNMAPPED_TOPIC"
"cand-0d1ec26e-17a1-5056-a2a4-f9b18c963935","2bach-mates","block","sin-determinar","UNMAPPED_BLOCK"
"cand-63fec002-527a-582a-887b-a8b9b51a4f41","2bach-mates","block","sin-determinar","UNMAPPED_BLOCK"
"cand-e7db23d8-2e3b-545e-b27b-ce3d3caa3e8b","2bach-mates","block","sin-determinar","UNMAPPED_BLOCK"
"cand-aff085a5-b1ae-51a6-9514-e0f46736f143","2bach-mates","topic","sin-determinar","UNMAPPED_TOPIC"
"cand-aff085a5-b1ae-51a6-9514-e0f46736f143","2bach-mates","block","sin-determinar","UNMAPPED_BLOCK"
"cand-e074bf5f-693c-5574-9921-2a4a4ee60e7b","2bach-mates","topic","sin-determinar","UNMAPPED_TOPIC"
"cand-e074bf5f-693c-5574-9921-2a4a4ee60e7b","2bach-mates","block","sin-determinar","UNMAPPED_BLOCK"
"cand-7649f81a-0adf-5f40-92c4-0207ef201998","2bach-mates","topic","sin-determinar","UNMAPPED_TOPIC"
"cand-7649f81a-0adf-5f40-92c4-0207ef201998","2bach-mates","block","sin-determinar","UNMAPPED_BLOCK"
"cand-8b826e0e-9222-5dbe-af4d-2e96015b7177","2bach-mates","block","sin-determinar","UNMAPPED_BLOCK"
"cand-c6a3cd97-0c8b-57a9-8e22-438242bb9ed5","2bach-mates","topic","sin-determinar","UNMAPPED_TOPIC"
"cand-c6a3cd97-0c8b-57a9-8e22-438242bb9ed5","2bach-mates","block","sin-determinar","UNMAPPED_BLOCK"
"cand-76aa5655-69c6-5c5f-b938-7ed28b7e98c5","2bach-mates","topic","sin-determinar","UNMAPPED_TOPIC"
"cand-76aa5655-69c6-5c5f-b938-7ed28b7e98c5","2bach-mates","block","sin-determinar","UNMAPPED_BLOCK"
"cand-7159942f-df37-5489-aa72-6c76cc01aba1","2bach-mates","topic","sin-determinar","UNMAPPED_TOPIC"
"cand-7159942f-df37-5489-aa72-6c76cc01aba1","2bach-mates","block","sin-determinar","UNMAPPED_BLOCK"
"cand-05acc67b-fa1b-5086-923a-23cfdfaaa942","2bach-mates","topic","sin-determinar","UNMAPPED_TOPIC"
"cand-05acc67b-fa1b-5086-923a-23cfdfaaa942","2bach-mates","block","sin-determinar","UNMAPPED_BLOCK"
"cand-ca00e983-d4eb-5ca2-bb9a-7bf23d18e43b","2bach-mates","topic","sin-determinar","UNMAPPED_TOPIC"
"cand-ca00e983-d4eb-5ca2-bb9a-7bf23d18e43b","2bach-mates","block","sin-determinar","UNMAPPED_BLOCK"
"cand-cf098167-a31a-52fb-aaf6-d511fec74b92","2bach-mates","topic","sin-determinar","UNMAPPED_TOPIC"
"cand-cf098167-a31a-52fb-aaf6-d511fec74b92","2bach-mates","block","sin-determinar","UNMAPPED_BLOCK"
"cand-b697bbed-859f-5649-9089-27da2c959643","2bach-mates","block","sin-determinar","UNMAPPED_BLOCK"
"cand-de611aa3-8a56-5e5e-b942-32dccc2e0fde","2bach-mates","topic","sin-determinar","UNMAPPED_TOPIC"
"cand-de611aa3-8a56-5e5e-b942-32dccc2e0fde","2bach-mates","block","sin-determinar","UNMAPPED_BLOCK"
"cand-f3445999-558e-5062-8270-9b0d53e137c8","2bach-mates","topic","sin-determinar","UNMAPPED_TOPIC"
"cand-f3445999-558e-5062-8270-9b0d53e137c8","2bach-mates","block","sin-determinar","UNMAPPED_BLOCK"
"cand-d47bc597-c867-5b51-94f2-f2587c73cef5","2bach-mates","topic","sin-determinar","UNMAPPED_TOPIC"
"cand-d47bc597-c867-5b51-94f2-f2587c73cef5","2bach-mates","block","sin-determinar","UNMAPPED_BLOCK"
"cand-3ed5de8a-cf98-5717-b901-37a5658ffac6","2bach-mates","topic","sin-determinar","UNMAPPED_TOPIC"
"cand-3ed5de8a-cf98-5717-b901-37a5658ffac6","2bach-mates","block","sin-determinar","UNMAPPED_BLOCK"
"cand-d33760c2-67d0-58aa-85d1-681bed0321b9","2bach-mates","topic","sin-determinar","UNMAPPED_TOPIC"
"cand-d33760c2-67d0-58aa-85d1-681bed0321b9","2bach-mates","block","sin-determinar","UNMAPPED_BLOCK"
"cand-70d5607c-eb3e-5578-81f1-74e67ef6e393","2bach-mates","topic","sin-determinar","UNMAPPED_TOPIC"
"cand-70d5607c-eb3e-5578-81f1-74e67ef6e393","2bach-mates","block","sin-determinar","UNMAPPED_BLOCK"
"cand-5ac32247-dcf2-5d5f-b588-2859b63813c5","2bach-mates","topic","sin-determinar","UNMAPPED_TOPIC"
"cand-5ac32247-dcf2-5d5f-b588-2859b63813c5","2bach-mates","block","sin-determinar","UNMAPPED_BLOCK"
"cand-0ec5980d-e3fe-519b-b5c4-b165c8731038","2bach-mates","topic","sin-determinar","UNMAPPED_TOPIC"
"cand-0ec5980d-e3fe-519b-b5c4-b165c8731038","2bach-mates","block","sin-determinar","UNMAPPED_BLOCK"
"cand-46feb1d2-ea83-5c13-995a-39c8b48cb28d","2bach-mates","topic","sin-determinar","UNMAPPED_TOPIC"
"cand-46feb1d2-ea83-5c13-995a-39c8b48cb28d","2bach-mates","block","sin-determinar","UNMAPPED_BLOCK"
"cand-c7637d8a-ee6e-5454-8cd4-0f5afbc50f1a","2bach-mates","topic","sin-determinar","UNMAPPED_TOPIC"
"cand-c7637d8a-ee6e-5454-8cd4-0f5afbc50f1a","2bach-mates","block","sin-determinar","UNMAPPED_BLOCK"
"cand-f671dadd-c2a8-595b-b4f4-1f27da823691","2bach-mates","topic","sin-determinar","UNMAPPED_TOPIC"
"cand-f671dadd-c2a8-595b-b4f4-1f27da823691","2bach-mates","block","sin-determinar","UNMAPPED_BLOCK"
"cand-9c0c7e8e-232f-519f-8e27-25b013469227","2bach-mates","topic","sin-determinar","UNMAPPED_TOPIC"
"cand-9c0c7e8e-232f-519f-8e27-25b013469227","2bach-mates","block","sin-determinar","UNMAPPED_BLOCK"
"cand-1abe3dbe-8d00-560f-b4c1-d402b91ecfb8","2bach-mates","topic","sin-determinar","UNMAPPED_TOPIC"
"cand-1abe3dbe-8d00-560f-b4c1-d402b91ecfb8","2bach-mates","block","sin-determinar","UNMAPPED_BLOCK"
"cand-536359cd-9c98-5cc4-9b58-b0f58bf5a4eb","2bach-mates","topic","sin-determinar","UNMAPPED_TOPIC"
"cand-536359cd-9c98-5cc4-9b58-b0f58bf5a4eb","2bach-mates","block","sin-determinar","UNMAPPED_BLOCK"
"cand-527c676e-da59-5be3-9550-3cf6067c9f85","2bach-mates","topic","sin-determinar","UNMAPPED_TOPIC"
"cand-527c676e-da59-5be3-9550-3cf6067c9f85","2bach-mates","block","sin-determinar","UNMAPPED_BLOCK"
"cand-0b19d7ed-92b9-5fea-8fb4-2ea1fec4678f","2bach-mates","topic","sin-determinar","UNMAPPED_TOPIC"
"cand-0b19d7ed-92b9-5fea-8fb4-2ea1fec4678f","2bach-mates","block","sin-determinar","UNMAPPED_BLOCK"
"cand-f9bad6d8-a028-545e-8bf7-d727055626e2","2bach-mates","topic","sin-determinar","UNMAPPED_TOPIC"
"cand-f9bad6d8-a028-545e-8bf7-d727055626e2","2bach-mates","block","sin-determinar","UNMAPPED_BLOCK"
"cand-af3951b9-dcb7-5c82-9282-08137b585ad5","2bach-mates","topic","sin-determinar","UNMAPPED_TOPIC"
"cand-af3951b9-dcb7-5c82-9282-08137b585ad5","2bach-mates","block","sin-determinar","UNMAPPED_BLOCK"
"cand-650cc82d-eff4-563a-8077-c37dcdcd50cc","2bach-mates","topic","sin-determinar","UNMAPPED_TOPIC"
"cand-650cc82d-eff4-563a-8077-c37dcdcd50cc","2bach-mates","block","sin-determinar","UNMAPPED_BLOCK"
"cand-b96f2496-e638-537b-9af3-a09e579b7f13","2bach-mates","topic","sin-determinar","UNMAPPED_TOPIC"
"cand-b96f2496-e638-537b-9af3-a09e579b7f13","2bach-mates","block","sin-determinar","UNMAPPED_BLOCK"
"cand-1bdd203f-065a-5949-87f9-595fa663e8ca","2bach-mates","topic","sin-determinar","UNMAPPED_TOPIC"
"cand-1bdd203f-065a-5949-87f9-595fa663e8ca","2bach-mates","block","sin-determinar","UNMAPPED_BLOCK"
"cand-759a27da-f9ed-5dc9-952a-5f46af88ba7b","2bach-mates","topic","sin-determinar","UNMAPPED_TOPIC"
"cand-759a27da-f9ed-5dc9-952a-5f46af88ba7b","2bach-mates","block","sin-determinar","UNMAPPED_BLOCK"
"cand-ca3e49fd-c28f-56c4-a66e-f59e0c63ed1f","2bach-mates","topic","sin-determinar","UNMAPPED_TOPIC"
"cand-ca3e49fd-c28f-56c4-a66e-f59e0c63ed1f","2bach-mates","block","sin-determinar","UNMAPPED_BLOCK"
"cand-cdf437cf-98a7-511d-83f9-51fb767d81d9","2bach-mates","topic","sin-determinar","UNMAPPED_TOPIC"
"cand-cdf437cf-98a7-511d-83f9-51fb767d81d9","2bach-mates","block","sin-determinar","UNMAPPED_BLOCK"
"cand-29d88296-4edd-5bc4-9bc3-bfdbd639dfc8","2bach-mates","topic","sin-determinar","UNMAPPED_TOPIC"
"cand-29d88296-4edd-5bc4-9bc3-bfdbd639dfc8","2bach-mates","block","sin-determinar","UNMAPPED_BLOCK"
"cand-8eb1842a-850e-5fe2-b346-ee33373bd01e","2bach-mates","topic","sin-determinar","UNMAPPED_TOPIC"
"cand-8eb1842a-850e-5fe2-b346-ee33373bd01e","2bach-mates","block","sin-determinar","UNMAPPED_BLOCK"
"cand-80479286-5f73-5674-a270-be3200392816","2bach-mates","topic","sin-determinar","UNMAPPED_TOPIC"
"cand-80479286-5f73-5674-a270-be3200392816","2bach-mates","block","sin-determinar","UNMAPPED_BLOCK"
"cand-a4aec1f7-2a27-55f3-9ac0-dadc57fd121e","2bach-mates","topic","sin-determinar","UNMAPPED_TOPIC"
"cand-a4aec1f7-2a27-55f3-9ac0-dadc57fd121e","2bach-mates","block","sin-determinar","UNMAPPED_BLOCK"
"cand-18f50f5d-7c7b-5d35-8bd6-5aeed15f7741","2bach-mates","topic","sin-determinar","UNMAPPED_TOPIC"
"cand-18f50f5d-7c7b-5d35-8bd6-5aeed15f7741","2bach-mates","block","sin-determinar","UNMAPPED_BLOCK"
"cand-4ce24ea2-6389-54f0-8d8b-400f8883435e","2bach-mates","topic","sin-determinar","UNMAPPED_TOPIC"
"cand-4ce24ea2-6389-54f0-8d8b-400f8883435e","2bach-mates","block","sin-determinar","UNMAPPED_BLOCK"
"cand-ef09c7dc-b39f-5acb-8cdc-b059deca4a12","2bach-mates","topic","sin-determinar","UNMAPPED_TOPIC"
"cand-ef09c7dc-b39f-5acb-8cdc-b059deca4a12","2bach-mates","block","sin-determinar","UNMAPPED_BLOCK"
"cand-bef1a761-443f-53cf-82fc-5381d6ee73a0","2bach-mates","topic","sin-determinar","UNMAPPED_TOPIC"
"cand-bef1a761-443f-53cf-82fc-5381d6ee73a0","2bach-mates","block","sin-determinar","UNMAPPED_BLOCK"
"cand-02ce303e-1515-5853-936c-10a910d596e4","2bach-mates","topic","sin-determinar","UNMAPPED_TOPIC"
"cand-02ce303e-1515-5853-936c-10a910d596e4","2bach-mates","block","sin-determinar","UNMAPPED_BLOCK"
"cand-c6d0df84-d243-5efb-8c81-adf06c1d056b","2bach-mates","topic","sin-determinar","UNMAPPED_TOPIC"
"cand-c6d0df84-d243-5efb-8c81-adf06c1d056b","2bach-mates","block","sin-determinar","UNMAPPED_BLOCK"
"cand-e5e0cf52-f30a-54d3-b7fe-0018c18fa200","2bach-mates","topic","sin-determinar","UNMAPPED_TOPIC"
"cand-e5e0cf52-f30a-54d3-b7fe-0018c18fa200","2bach-mates","block","sin-determinar","UNMAPPED_BLOCK"
"cand-4304eb3a-334b-5954-8d8f-ddf283633480","2bach-mates","topic","sin-determinar","UNMAPPED_TOPIC"
"cand-4304eb3a-334b-5954-8d8f-ddf283633480","2bach-mates","block","sin-determinar","UNMAPPED_BLOCK"
"cand-8b76b4b2-47d8-508b-81da-6c5962b778f9","2bach-mates","topic","sin-determinar","UNMAPPED_TOPIC"
"cand-8b76b4b2-47d8-508b-81da-6c5962b778f9","2bach-mates","block","sin-determinar","UNMAPPED_BLOCK"
"cand-9a4dd29a-6331-5847-913b-a636e5973f09","2bach-mates","topic","sin-determinar","UNMAPPED_TOPIC"
"cand-9a4dd29a-6331-5847-913b-a636e5973f09","2bach-mates","block","sin-determinar","UNMAPPED_BLOCK"
"cand-94d8be1c-004f-540f-9095-e8f7fc29ad31","2bach-mates","topic","sin-determinar","UNMAPPED_TOPIC"
"cand-94d8be1c-004f-540f-9095-e8f7fc29ad31","2bach-mates","block","sin-determinar","UNMAPPED_BLOCK"
"cand-9b5206b2-ef7f-5bde-ac08-509f647c91a7","2bach-mates","topic","sin-determinar","UNMAPPED_TOPIC"
"cand-9b5206b2-ef7f-5bde-ac08-509f647c91a7","2bach-mates","block","sin-determinar","UNMAPPED_BLOCK"
"cand-060f7087-d33d-519e-af65-258c44a95451","2bach-mates","topic","sin-determinar","UNMAPPED_TOPIC"
"cand-060f7087-d33d-519e-af65-258c44a95451","2bach-mates","block","sin-determinar","UNMAPPED_BLOCK"
"cand-9b6c291e-01aa-5aa7-815a-f5a19bf295c6","2bach-mates","topic","sin-determinar","UNMAPPED_TOPIC"
"cand-9b6c291e-01aa-5aa7-815a-f5a19bf295c6","2bach-mates","block","sin-determinar","UNMAPPED_BLOCK"
"cand-5e204874-4dea-587b-97b0-ea6a8c793db5","2bach-mates","topic","sin-determinar","UNMAPPED_TOPIC"
"cand-5e204874-4dea-587b-97b0-ea6a8c793db5","2bach-mates","block","sin-determinar","UNMAPPED_BLOCK"
"cand-f4f1ad9a-2bbf-5ca7-8786-d3ccb7cc5fae","2bach-mates","topic","sin-determinar","UNMAPPED_TOPIC"
"cand-f4f1ad9a-2bbf-5ca7-8786-d3ccb7cc5fae","2bach-mates","block","sin-determinar","UNMAPPED_BLOCK"
"cand-cb0e708f-ba55-5777-849f-cfe92fc64645","2bach-mates","topic","sin-determinar","UNMAPPED_TOPIC"
"cand-cb0e708f-ba55-5777-849f-cfe92fc64645","2bach-mates","block","sin-determinar","UNMAPPED_BLOCK"
"cand-8bce545a-577d-5a9c-b4e2-e430c39c0917","2bach-mates","topic","sin-determinar","UNMAPPED_TOPIC"
"cand-8bce545a-577d-5a9c-b4e2-e430c39c0917","2bach-mates","block","sin-determinar","UNMAPPED_BLOCK"
"cand-793c3034-7752-5634-9d85-8dd5181c90f1","2bach-mates","topic","sin-determinar","UNMAPPED_TOPIC"
"cand-793c3034-7752-5634-9d85-8dd5181c90f1","2bach-mates","block","sin-determinar","UNMAPPED_BLOCK"
"cand-04b65d3e-81a6-5013-9056-419545cd1fe4","2bach-mates","topic","sin-determinar","UNMAPPED_TOPIC"
"cand-04b65d3e-81a6-5013-9056-419545cd1fe4","2bach-mates","block","sin-determinar","UNMAPPED_BLOCK"
"cand-d80133d3-7cd3-55fd-9d35-ae239fc9832a","2bach-mates","topic","sin-determinar","UNMAPPED_TOPIC"
"cand-d80133d3-7cd3-55fd-9d35-ae239fc9832a","2bach-mates","block","sin-determinar","UNMAPPED_BLOCK"
"cand-bb785875-dfea-563e-b6d6-fddc501b14de","2bach-mates","topic","sin-determinar","UNMAPPED_TOPIC"
"cand-bb785875-dfea-563e-b6d6-fddc501b14de","2bach-mates","block","sin-determinar","UNMAPPED_BLOCK"
"cand-5b66fbb8-fcc8-588c-861f-5c8917861d39","2bach-mates","topic","sin-determinar","UNMAPPED_TOPIC"
"cand-5b66fbb8-fcc8-588c-861f-5c8917861d39","2bach-mates","block","sin-determinar","UNMAPPED_BLOCK"
"cand-41616a7f-d012-5135-ae39-82744af678c9","2bach-mates","topic","sin-determinar","UNMAPPED_TOPIC"
"cand-41616a7f-d012-5135-ae39-82744af678c9","2bach-mates","block","sin-determinar","UNMAPPED_BLOCK"
"cand-92964b0a-afb3-5bb8-922f-38596d24c9c7","2bach-mates","topic","sin-determinar","UNMAPPED_TOPIC"
"cand-92964b0a-afb3-5bb8-922f-38596d24c9c7","2bach-mates","block","sin-determinar","UNMAPPED_BLOCK"
"cand-c747eed7-ecb4-53e4-a0d2-015f1dd3a13e","2bach-mates","topic","sin-determinar","UNMAPPED_TOPIC"
"cand-c747eed7-ecb4-53e4-a0d2-015f1dd3a13e","2bach-mates","block","sin-determinar","UNMAPPED_BLOCK"
"cand-3cd136ce-aa7a-586b-ae12-9ac887cd7631","2bach-mates","topic","sin-determinar","UNMAPPED_TOPIC"
"cand-3cd136ce-aa7a-586b-ae12-9ac887cd7631","2bach-mates","block","sin-determinar","UNMAPPED_BLOCK"
"cand-f5afcbba-5d7e-51e9-a30b-10600bfe8e7b","2bach-mates","topic","sin-determinar","UNMAPPED_TOPIC"
"cand-f5afcbba-5d7e-51e9-a30b-10600bfe8e7b","2bach-mates","block","sin-determinar","UNMAPPED_BLOCK"
"cand-6fd4128e-556a-5274-8afc-3cf87664db91","2bach-mates","topic","sin-determinar","UNMAPPED_TOPIC"
"cand-6fd4128e-556a-5274-8afc-3cf87664db91","2bach-mates","block","sin-determinar","UNMAPPED_BLOCK"
"cand-f310600d-75c7-5515-868e-00868faac23b","2bach-mates","topic","sin-determinar","UNMAPPED_TOPIC"
"cand-f310600d-75c7-5515-868e-00868faac23b","2bach-mates","block","sin-determinar","UNMAPPED_BLOCK"
"cand-8ca634fa-058b-560f-96b9-a51a03a0bbb9","2bach-mates","topic","sin-determinar","UNMAPPED_TOPIC"
"cand-8ca634fa-058b-560f-96b9-a51a03a0bbb9","2bach-mates","block","sin-determinar","UNMAPPED_BLOCK"
"cand-75684c84-5282-5206-8990-a7124c6f7c76","2bach-mates","topic","sin-determinar","UNMAPPED_TOPIC"
"cand-75684c84-5282-5206-8990-a7124c6f7c76","2bach-mates","block","sin-determinar","UNMAPPED_BLOCK"
"cand-417154c9-a121-5388-bd77-d89adf837024","2bach-mates","topic","sin-determinar","UNMAPPED_TOPIC"
"cand-417154c9-a121-5388-bd77-d89adf837024","2bach-mates","block","sin-determinar","UNMAPPED_BLOCK"
"cand-418c1ed8-f8bc-5a3b-a556-f210094e9189","2bach-mates","topic","sin-determinar","UNMAPPED_TOPIC"
"cand-418c1ed8-f8bc-5a3b-a556-f210094e9189","2bach-mates","block","sin-determinar","UNMAPPED_BLOCK"
"cand-395fb291-bfd2-5c83-900d-699193836b7c","2bach-mates","topic","sin-determinar","UNMAPPED_TOPIC"
"cand-395fb291-bfd2-5c83-900d-699193836b7c","2bach-mates","block","sin-determinar","UNMAPPED_BLOCK"
"cand-c0f7d54d-1965-53cb-82a2-d6c62a760a62","2bach-mates","topic","sin-determinar","UNMAPPED_TOPIC"
"cand-c0f7d54d-1965-53cb-82a2-d6c62a760a62","2bach-mates","block","sin-determinar","UNMAPPED_BLOCK"
"cand-18bdf489-99be-57c0-8f21-7425df10bc01","2bach-mates","topic","sin-determinar","UNMAPPED_TOPIC"
"cand-18bdf489-99be-57c0-8f21-7425df10bc01","2bach-mates","block","sin-determinar","UNMAPPED_BLOCK"
"cand-c796306f-599d-5197-89c9-90d03e95f2b3","2bach-mates","topic","sin-determinar","UNMAPPED_TOPIC"
"cand-c796306f-599d-5197-89c9-90d03e95f2b3","2bach-mates","block","sin-determinar","UNMAPPED_BLOCK"
"cand-4196bc62-8152-51ea-a30c-09a47b7fc554","2bach-mates","topic","sin-determinar","UNMAPPED_TOPIC"
"cand-4196bc62-8152-51ea-a30c-09a47b7fc554","2bach-mates","block","sin-determinar","UNMAPPED_BLOCK"
"cand-34866eb2-e649-5431-b30d-7a5f1f5b22fa","2bach-mates","topic","sin-determinar","UNMAPPED_TOPIC"
"cand-34866eb2-e649-5431-b30d-7a5f1f5b22fa","2bach-mates","block","sin-determinar","UNMAPPED_BLOCK"
"cand-aca62fba-7fa0-585b-a222-dac7069f7916","2bach-mates","topic","sin-determinar","UNMAPPED_TOPIC"
"cand-aca62fba-7fa0-585b-a222-dac7069f7916","2bach-mates","block","sin-determinar","UNMAPPED_BLOCK"
"cand-7b523b6e-0375-58d1-9c89-22bc79d57020","2bach-mates","topic","sin-determinar","UNMAPPED_TOPIC"
"cand-7b523b6e-0375-58d1-9c89-22bc79d57020","2bach-mates","block","sin-determinar","UNMAPPED_BLOCK"
"cand-a73b808a-904a-5b19-8950-4c9371c5c8bf","2bach-mates","topic","sin-determinar","UNMAPPED_TOPIC"
"cand-a73b808a-904a-5b19-8950-4c9371c5c8bf","2bach-mates","block","sin-determinar","UNMAPPED_BLOCK"
"cand-5cde9cc8-34e4-5087-8655-b1c2e1771b8d","2bach-mates","topic","sin-determinar","UNMAPPED_TOPIC"
"cand-5cde9cc8-34e4-5087-8655-b1c2e1771b8d","2bach-mates","block","sin-determinar","UNMAPPED_BLOCK"
"cand-c4bfe792-020f-50da-9ea9-f8f98f6c28e9","2bach-mates","topic","sin-determinar","UNMAPPED_TOPIC"
"cand-c4bfe792-020f-50da-9ea9-f8f98f6c28e9","2bach-mates","block","sin-determinar","UNMAPPED_BLOCK"
"cand-e7547e62-c4a6-5aa0-b9d2-bd36b51a64b9","2bach-mates","topic","sin-determinar","UNMAPPED_TOPIC"
"cand-e7547e62-c4a6-5aa0-b9d2-bd36b51a64b9","2bach-mates","block","sin-determinar","UNMAPPED_BLOCK"
"cand-581f595e-d9bd-5588-a49f-d4a050360820","2bach-mates","topic","sin-determinar","UNMAPPED_TOPIC"
"cand-581f595e-d9bd-5588-a49f-d4a050360820","2bach-mates","block","sin-determinar","UNMAPPED_BLOCK"
"cand-0d9d1b63-3247-5856-8f44-a89df50d1fee","2bach-mates","topic","sin-determinar","UNMAPPED_TOPIC"
"cand-0d9d1b63-3247-5856-8f44-a89df50d1fee","2bach-mates","block","sin-determinar","UNMAPPED_BLOCK"
"cand-afebbb2b-3e36-5b54-99b0-a23eabd8a7e8","2bach-mates","topic","sin-determinar","UNMAPPED_TOPIC"
"cand-afebbb2b-3e36-5b54-99b0-a23eabd8a7e8","2bach-mates","block","sin-determinar","UNMAPPED_BLOCK"
"cand-68987523-02d4-58a2-bdbc-ef363e4177f2","2bach-mates","topic","sin-determinar","UNMAPPED_TOPIC"
"cand-68987523-02d4-58a2-bdbc-ef363e4177f2","2bach-mates","block","sin-determinar","UNMAPPED_BLOCK"
"cand-285bdfe5-0b87-5116-b17c-7050bc533867","2bach-mates","topic","sin-determinar","UNMAPPED_TOPIC"
"cand-285bdfe5-0b87-5116-b17c-7050bc533867","2bach-mates","block","sin-determinar","UNMAPPED_BLOCK"
"cand-529d9cf8-3f52-5c4f-ae80-9ca8bf312c67","2bach-mates","topic","sin-determinar","UNMAPPED_TOPIC"
"cand-529d9cf8-3f52-5c4f-ae80-9ca8bf312c67","2bach-mates","block","sin-determinar","UNMAPPED_BLOCK"
"cand-12f479fc-6e3a-562f-9f27-41ae61a7393a","2bach-mates","topic","sin-determinar","UNMAPPED_TOPIC"
"cand-12f479fc-6e3a-562f-9f27-41ae61a7393a","2bach-mates","block","sin-determinar","UNMAPPED_BLOCK"
"cand-1333f8f1-96b4-53c8-ac90-c52d09992b63","2bach-mates","topic","sin-determinar","UNMAPPED_TOPIC"
"cand-1333f8f1-96b4-53c8-ac90-c52d09992b63","2bach-mates","block","sin-determinar","UNMAPPED_BLOCK"
"cand-8873a1e4-bd91-5aad-8c14-f5752ffd40b7","2bach-mates","topic","sin-determinar","UNMAPPED_TOPIC"
"cand-8873a1e4-bd91-5aad-8c14-f5752ffd40b7","2bach-mates","block","sin-determinar","UNMAPPED_BLOCK"
"cand-2ee888ce-512d-5a1d-bf3e-ad14a485089a","2bach-mates","topic","sin-determinar","UNMAPPED_TOPIC"
"cand-2ee888ce-512d-5a1d-bf3e-ad14a485089a","2bach-mates","block","sin-determinar","UNMAPPED_BLOCK"
"cand-ae321f60-be86-5ffa-af17-996daefc5636","2bach-mates","topic","sin-determinar","UNMAPPED_TOPIC"
"cand-ae321f60-be86-5ffa-af17-996daefc5636","2bach-mates","block","sin-determinar","UNMAPPED_BLOCK"
"cand-4603a077-fcc5-52f8-b699-4192cd27e5c4","2bach-mates","topic","sin-determinar","UNMAPPED_TOPIC"
"cand-4603a077-fcc5-52f8-b699-4192cd27e5c4","2bach-mates","block","sin-determinar","UNMAPPED_BLOCK"
"cand-00210e6e-8bd2-50d9-ba0c-c8c7b17a9031","2bach-mates","topic","sin-determinar","UNMAPPED_TOPIC"
"cand-00210e6e-8bd2-50d9-ba0c-c8c7b17a9031","2bach-mates","block","sin-determinar","UNMAPPED_BLOCK"
"cand-5158b6f0-9eb0-59d8-885e-711d81a9dbe2","2bach-mates","topic","sin-determinar","UNMAPPED_TOPIC"
"cand-5158b6f0-9eb0-59d8-885e-711d81a9dbe2","2bach-mates","block","sin-determinar","UNMAPPED_BLOCK"
"cand-c8b39de2-6b62-58e6-afa8-2c50a187e12a","2bach-mates","topic","sin-determinar","UNMAPPED_TOPIC"
"cand-c8b39de2-6b62-58e6-afa8-2c50a187e12a","2bach-mates","block","sin-determinar","UNMAPPED_BLOCK"
"cand-3d8ca8fe-7241-55b8-abb4-e943af9b8151","2bach-mates","topic","sin-determinar","UNMAPPED_TOPIC"
"cand-3d8ca8fe-7241-55b8-abb4-e943af9b8151","2bach-mates","block","sin-determinar","UNMAPPED_BLOCK"
"cand-953097e1-a8e1-50f2-b936-1d9beaff1924","2bach-mates","topic","sin-determinar","UNMAPPED_TOPIC"
"cand-953097e1-a8e1-50f2-b936-1d9beaff1924","2bach-mates","block","sin-determinar","UNMAPPED_BLOCK"
"cand-4a1e2e78-98d6-58f6-af7e-1bb9231fe13d","2bach-mates","topic","sin-determinar","UNMAPPED_TOPIC"
"cand-4a1e2e78-98d6-58f6-af7e-1bb9231fe13d","2bach-mates","block","sin-determinar","UNMAPPED_BLOCK"
"cand-0c848300-f3d8-5954-adb2-1d7983da07c7","2bach-mates","topic","sin-determinar","UNMAPPED_TOPIC"
"cand-0c848300-f3d8-5954-adb2-1d7983da07c7","2bach-mates","block","sin-determinar","UNMAPPED_BLOCK"
"cand-aa0536cf-03cb-5fe0-ae3f-5927547103dc","2bach-mates","topic","sin-determinar","UNMAPPED_TOPIC"
"cand-aa0536cf-03cb-5fe0-ae3f-5927547103dc","2bach-mates","block","sin-determinar","UNMAPPED_BLOCK"
"cand-0b7d8f24-5cd3-5103-a89b-d8bf83358327","2bach-mates","topic","sin-determinar","UNMAPPED_TOPIC"
"cand-0b7d8f24-5cd3-5103-a89b-d8bf83358327","2bach-mates","block","sin-determinar","UNMAPPED_BLOCK"
"cand-42cf7345-1cab-558c-8efa-4d0b9c4003b0","2bach-mates","topic","sin-determinar","UNMAPPED_TOPIC"
"cand-42cf7345-1cab-558c-8efa-4d0b9c4003b0","2bach-mates","block","sin-determinar","UNMAPPED_BLOCK"
"cand-ef48705e-5d1e-5340-965e-673940e24736","2bach-mates","topic","sin-determinar","UNMAPPED_TOPIC"
"cand-ef48705e-5d1e-5340-965e-673940e24736","2bach-mates","block","sin-determinar","UNMAPPED_BLOCK"
"cand-2fff514e-ed43-5862-9158-3bd77d122d2a","2bach-mates","topic","sin-determinar","UNMAPPED_TOPIC"
"cand-2fff514e-ed43-5862-9158-3bd77d122d2a","2bach-mates","block","sin-determinar","UNMAPPED_BLOCK"
"cand-a98274fa-ffe2-5534-bff2-436e18b8c7fc","2bach-mates","topic","sin-determinar","UNMAPPED_TOPIC"
"cand-a98274fa-ffe2-5534-bff2-436e18b8c7fc","2bach-mates","block","sin-determinar","UNMAPPED_BLOCK"
"cand-a47c96ae-d7c7-5b70-ac20-935f40350b06","2bach-mates","topic","sin-determinar","UNMAPPED_TOPIC"
"cand-a47c96ae-d7c7-5b70-ac20-935f40350b06","2bach-mates","block","sin-determinar","UNMAPPED_BLOCK"
"cand-091fb4e4-172e-5bf1-a62d-72f10303e1a0","2bach-mates","topic","sin-determinar","UNMAPPED_TOPIC"
"cand-091fb4e4-172e-5bf1-a62d-72f10303e1a0","2bach-mates","block","sin-determinar","UNMAPPED_BLOCK"
"cand-1af0bca9-713c-576b-85c7-6f78c7bd42df","2bach-mates","topic","sin-determinar","UNMAPPED_TOPIC"
"cand-1af0bca9-713c-576b-85c7-6f78c7bd42df","2bach-mates","block","sin-determinar","UNMAPPED_BLOCK"
"cand-2c1f5755-e27d-51d6-9076-7eb242d747a5","2bach-mates","topic","sin-determinar","UNMAPPED_TOPIC"
"cand-2c1f5755-e27d-51d6-9076-7eb242d747a5","2bach-mates","block","sin-determinar","UNMAPPED_BLOCK"
"cand-6fb25206-ec7b-5e00-aa9a-bafaef328183","2bach-mates","topic","sin-determinar","UNMAPPED_TOPIC"
"cand-6fb25206-ec7b-5e00-aa9a-bafaef328183","2bach-mates","block","sin-determinar","UNMAPPED_BLOCK"
"cand-b3543f13-3a90-563f-82b0-35b3f4b2459b","2bach-mates","topic","sin-determinar","UNMAPPED_TOPIC"
"cand-b3543f13-3a90-563f-82b0-35b3f4b2459b","2bach-mates","block","sin-determinar","UNMAPPED_BLOCK"
"cand-30b082bd-a8b0-52c1-81b9-5e56295acba5","2bach-mates","topic","sin-determinar","UNMAPPED_TOPIC"
"cand-30b082bd-a8b0-52c1-81b9-5e56295acba5","2bach-mates","block","sin-determinar","UNMAPPED_BLOCK"
"cand-57c4853c-b37f-572c-94b2-8e924976df70","2bach-mates","topic","sin-determinar","UNMAPPED_TOPIC"
"cand-57c4853c-b37f-572c-94b2-8e924976df70","2bach-mates","block","sin-determinar","UNMAPPED_BLOCK"
"cand-fd75e097-1c7a-54ce-9499-c69c2af9201e","2bach-mates","topic","sin-determinar","UNMAPPED_TOPIC"
"cand-fd75e097-1c7a-54ce-9499-c69c2af9201e","2bach-mates","block","sin-determinar","UNMAPPED_BLOCK"
"cand-d2ad7041-0978-59a9-b21d-266513cf6f22","2bach-mates","topic","sin-determinar","UNMAPPED_TOPIC"
"cand-d2ad7041-0978-59a9-b21d-266513cf6f22","2bach-mates","block","sin-determinar","UNMAPPED_BLOCK"
"cand-6e7f48b8-9495-5ff1-bb7e-7ff3c0c243d3","2bach-mates","topic","sin-determinar","UNMAPPED_TOPIC"
"cand-6e7f48b8-9495-5ff1-bb7e-7ff3c0c243d3","2bach-mates","block","sin-determinar","UNMAPPED_BLOCK"
"cand-81d95cf7-2a0b-5335-ba5d-99ebfe61e0f4","2bach-mates","topic","sin-determinar","UNMAPPED_TOPIC"
"cand-81d95cf7-2a0b-5335-ba5d-99ebfe61e0f4","2bach-mates","block","sin-determinar","UNMAPPED_BLOCK"
"cand-089c6354-94c3-5b7b-baea-154325fb30e7","2bach-mates","topic","sin-determinar","UNMAPPED_TOPIC"
"cand-089c6354-94c3-5b7b-baea-154325fb30e7","2bach-mates","block","sin-determinar","UNMAPPED_BLOCK"
"cand-c0f965ee-2385-52fb-9734-61d8119c9190","2bach-mates","topic","sin-determinar","UNMAPPED_TOPIC"
"cand-c0f965ee-2385-52fb-9734-61d8119c9190","2bach-mates","block","sin-determinar","UNMAPPED_BLOCK"
"cand-f97f12a0-8250-546c-94e9-0033d094db19","2bach-mates","topic","sin-determinar","UNMAPPED_TOPIC"
"cand-f97f12a0-8250-546c-94e9-0033d094db19","2bach-mates","block","sin-determinar","UNMAPPED_BLOCK"
"cand-8bd7f8af-a757-5f60-b34f-005b9d60d8e5","2bach-mates","topic","sin-determinar","UNMAPPED_TOPIC"
"cand-8bd7f8af-a757-5f60-b34f-005b9d60d8e5","2bach-mates","block","sin-determinar","UNMAPPED_BLOCK"
"cand-be7df7c1-4c99-5109-8bbd-8e415c64eab3","2bach-mates","topic","sin-determinar","UNMAPPED_TOPIC"
"cand-be7df7c1-4c99-5109-8bbd-8e415c64eab3","2bach-mates","block","sin-determinar","UNMAPPED_BLOCK"
"cand-a46b6f76-2e9d-58dd-8326-ed2e9fa0e296","2bach-mates","topic","sin-determinar","UNMAPPED_TOPIC"
"cand-a46b6f76-2e9d-58dd-8326-ed2e9fa0e296","2bach-mates","block","sin-determinar","UNMAPPED_BLOCK"
"cand-e83f22c6-ce61-5bd1-bec2-597aa6854141","2bach-mates","topic","sin-determinar","UNMAPPED_TOPIC"
"cand-e83f22c6-ce61-5bd1-bec2-597aa6854141","2bach-mates","block","sin-determinar","UNMAPPED_BLOCK"
"cand-dab16954-a7ee-5ee8-8d15-01d331b2eb5c","2bach-mates","topic","sin-determinar","UNMAPPED_TOPIC"
"cand-dab16954-a7ee-5ee8-8d15-01d331b2eb5c","2bach-mates","block","sin-determinar","UNMAPPED_BLOCK"
"cand-46553846-9102-54da-ba21-6aec28f3865c","2bach-mates","topic","sin-determinar","UNMAPPED_TOPIC"
"cand-46553846-9102-54da-ba21-6aec28f3865c","2bach-mates","block","sin-determinar","UNMAPPED_BLOCK"
"cand-9ff4478c-41c9-5fe8-bfc7-4e88dc66e868","2bach-mates","topic","sin-determinar","UNMAPPED_TOPIC"
"cand-9ff4478c-41c9-5fe8-bfc7-4e88dc66e868","2bach-mates","block","sin-determinar","UNMAPPED_BLOCK"
"cand-76a735c6-98ba-598b-abc2-b5038188472d","2bach-mates","topic","sin-determinar","UNMAPPED_TOPIC"
"cand-76a735c6-98ba-598b-abc2-b5038188472d","2bach-mates","block","sin-determinar","UNMAPPED_BLOCK"
"cand-a3b83b43-f16d-590d-997d-c93174d9d4c7","2bach-mates","topic","sin-determinar","UNMAPPED_TOPIC"
"cand-a3b83b43-f16d-590d-997d-c93174d9d4c7","2bach-mates","block","sin-determinar","UNMAPPED_BLOCK"
"cand-74de8289-4cfa-522f-8966-b10ce3775390","2bach-mates","topic","sin-determinar","UNMAPPED_TOPIC"
"cand-74de8289-4cfa-522f-8966-b10ce3775390","2bach-mates","block","sin-determinar","UNMAPPED_BLOCK"
"cand-a4ec1fba-79e2-5afe-bc00-f9a6883904a3","2bach-mates","topic","sin-determinar","UNMAPPED_TOPIC"
"cand-a4ec1fba-79e2-5afe-bc00-f9a6883904a3","2bach-mates","block","sin-determinar","UNMAPPED_BLOCK"
"cand-873f49c3-ef13-5a8a-8bd5-41e72949fae8","2bach-mates","topic","sin-determinar","UNMAPPED_TOPIC"
"cand-873f49c3-ef13-5a8a-8bd5-41e72949fae8","2bach-mates","block","sin-determinar","UNMAPPED_BLOCK"
"cand-96ae8647-f67c-50ed-ad80-c4190dfb5ed1","2bach-mates","topic","sin-determinar","UNMAPPED_TOPIC"
"cand-96ae8647-f67c-50ed-ad80-c4190dfb5ed1","2bach-mates","block","sin-determinar","UNMAPPED_BLOCK"
"cand-ac84cd4e-9ff0-557e-910f-e4056dc4458b","2bach-mates","topic","sin-determinar","UNMAPPED_TOPIC"
"cand-ac84cd4e-9ff0-557e-910f-e4056dc4458b","2bach-mates","block","sin-determinar","UNMAPPED_BLOCK"
"cand-e76137db-adda-59ed-bd8d-91eb4cf65729","2bach-mates","topic","sin-determinar","UNMAPPED_TOPIC"
"cand-e76137db-adda-59ed-bd8d-91eb4cf65729","2bach-mates","block","sin-determinar","UNMAPPED_BLOCK"
"cand-10a9ee7d-3750-5b04-81b8-f13ec91aeb68","2bach-mates","topic","sin-determinar","UNMAPPED_TOPIC"
"cand-10a9ee7d-3750-5b04-81b8-f13ec91aeb68","2bach-mates","block","sin-determinar","UNMAPPED_BLOCK"
"cand-064a3618-b557-5875-9f78-d8ce8a05ad68","2bach-mates","topic","sin-determinar","UNMAPPED_TOPIC"
"cand-064a3618-b557-5875-9f78-d8ce8a05ad68","2bach-mates","block","sin-determinar","UNMAPPED_BLOCK"
"cand-f48d7f1c-313c-5f39-a6e9-e71df250bab5","2bach-mates","topic","sin-determinar","UNMAPPED_TOPIC"
"cand-f48d7f1c-313c-5f39-a6e9-e71df250bab5","2bach-mates","block","sin-determinar","UNMAPPED_BLOCK"
"cand-c2b646f4-c277-56e8-9f62-06d6ba7d6294","2bach-mates","topic","sin-determinar","UNMAPPED_TOPIC"
"cand-c2b646f4-c277-56e8-9f62-06d6ba7d6294","2bach-mates","block","sin-determinar","UNMAPPED_BLOCK"
"cand-efa91ff7-e764-5748-b5a2-6f0b5c9400ce","2bach-mates","topic","sin-determinar","UNMAPPED_TOPIC"
"cand-efa91ff7-e764-5748-b5a2-6f0b5c9400ce","2bach-mates","block","sin-determinar","UNMAPPED_BLOCK"
"cand-e14ac211-9c1d-503d-a8fd-3016b34bc706","2bach-mates","topic","sin-determinar","UNMAPPED_TOPIC"
"cand-e14ac211-9c1d-503d-a8fd-3016b34bc706","2bach-mates","block","sin-determinar","UNMAPPED_BLOCK"
"cand-dda5cf25-3c1e-5e1b-bbed-9ff836333dc6","2bach-mates","topic","sin-determinar","UNMAPPED_TOPIC"
"cand-dda5cf25-3c1e-5e1b-bbed-9ff836333dc6","2bach-mates","block","sin-determinar","UNMAPPED_BLOCK"
"cand-c9b0e7f8-41e5-5365-b513-97bedac0cabd","2bach-mates","topic","sin-determinar","UNMAPPED_TOPIC"
"cand-c9b0e7f8-41e5-5365-b513-97bedac0cabd","2bach-mates","block","sin-determinar","UNMAPPED_BLOCK"
"cand-55992830-9c23-51fc-a521-f5aa1cc6cf7c","2bach-mates","topic","sin-determinar","UNMAPPED_TOPIC"
"cand-55992830-9c23-51fc-a521-f5aa1cc6cf7c","2bach-mates","block","sin-determinar","UNMAPPED_BLOCK"
"cand-7f5087e5-4408-5802-8d08-8665f2436863","2bach-mates","topic","sin-determinar","UNMAPPED_TOPIC"
"cand-7f5087e5-4408-5802-8d08-8665f2436863","2bach-mates","block","sin-determinar","UNMAPPED_BLOCK"
"cand-a6dd5915-1dfa-5428-aa91-9e1e80c443fc","2bach-mates","topic","sin-determinar","UNMAPPED_TOPIC"
"cand-a6dd5915-1dfa-5428-aa91-9e1e80c443fc","2bach-mates","block","sin-determinar","UNMAPPED_BLOCK"
"cand-6d774d6b-4a5e-5c36-9b54-eb3408573ca0","2bach-mates","topic","sin-determinar","UNMAPPED_TOPIC"
"cand-6d774d6b-4a5e-5c36-9b54-eb3408573ca0","2bach-mates","block","sin-determinar","UNMAPPED_BLOCK"
"cand-c4cdd6aa-986a-5515-9ece-40aad726aac7","2bach-mates","topic","sin-determinar","UNMAPPED_TOPIC"
"cand-c4cdd6aa-986a-5515-9ece-40aad726aac7","2bach-mates","block","sin-determinar","UNMAPPED_BLOCK"
"cand-0e5e9e87-c37f-58e1-b718-94ee8b79eceb","2bach-mates","topic","sin-determinar","UNMAPPED_TOPIC"
"cand-0e5e9e87-c37f-58e1-b718-94ee8b79eceb","2bach-mates","block","sin-determinar","UNMAPPED_BLOCK"
"cand-fd26bee8-55bc-54c8-a0ae-0fda73109191","2bach-mates","topic","sin-determinar","UNMAPPED_TOPIC"
"cand-fd26bee8-55bc-54c8-a0ae-0fda73109191","2bach-mates","block","sin-determinar","UNMAPPED_BLOCK"
"cand-4a79619e-addb-5505-933c-50399d0bb359","2bach-mates","topic","sin-determinar","UNMAPPED_TOPIC"
"cand-4a79619e-addb-5505-933c-50399d0bb359","2bach-mates","block","sin-determinar","UNMAPPED_BLOCK"
"cand-e219c76d-2014-5560-becd-5a39842c2874","2bach-mates","topic","sin-determinar","UNMAPPED_TOPIC"
"cand-e219c76d-2014-5560-becd-5a39842c2874","2bach-mates","block","sin-determinar","UNMAPPED_BLOCK"
"cand-2156392d-86c2-54f1-81db-43e49c7a3e82","2bach-mates","topic","sin-determinar","UNMAPPED_TOPIC"
"cand-2156392d-86c2-54f1-81db-43e49c7a3e82","2bach-mates","block","sin-determinar","UNMAPPED_BLOCK"
"cand-30e718f7-c20d-520b-86b9-07e118bf1ea6","2bach-mates","topic","sin-determinar","UNMAPPED_TOPIC"
"cand-30e718f7-c20d-520b-86b9-07e118bf1ea6","2bach-mates","block","sin-determinar","UNMAPPED_BLOCK"
"cand-cddb43db-3854-5ccc-bfa9-b828250bb35d","2bach-mates","topic","sin-determinar","UNMAPPED_TOPIC"
"cand-cddb43db-3854-5ccc-bfa9-b828250bb35d","2bach-mates","block","sin-determinar","UNMAPPED_BLOCK"
"cand-f6a2736b-ed78-5106-900b-b4e1f1e188d3","2bach-mates","topic","sin-determinar","UNMAPPED_TOPIC"
"cand-f6a2736b-ed78-5106-900b-b4e1f1e188d3","2bach-mates","block","sin-determinar","UNMAPPED_BLOCK"
"cand-5496416a-0560-5e57-b297-7537b3ecf332","2bach-mates","topic","sin-determinar","UNMAPPED_TOPIC"
"cand-5496416a-0560-5e57-b297-7537b3ecf332","2bach-mates","block","sin-determinar","UNMAPPED_BLOCK"
"cand-60a21b46-cf54-5f38-bf16-15305d8bc615","2bach-mates","topic","sin-determinar","UNMAPPED_TOPIC"
"cand-60a21b46-cf54-5f38-bf16-15305d8bc615","2bach-mates","block","sin-determinar","UNMAPPED_BLOCK"
"cand-8956c127-dfbd-5118-8118-72f7b7d7d9cd","2bach-mates","topic","sin-determinar","UNMAPPED_TOPIC"
"cand-8956c127-dfbd-5118-8118-72f7b7d7d9cd","2bach-mates","block","sin-determinar","UNMAPPED_BLOCK"
"cand-75cb59e2-88e9-5db3-93b4-9910fcda9225","2bach-mates","topic","sin-determinar","UNMAPPED_TOPIC"
"cand-75cb59e2-88e9-5db3-93b4-9910fcda9225","2bach-mates","block","sin-determinar","UNMAPPED_BLOCK"
"cand-fecce8e1-54dd-5503-9555-01ad3a2b9143","2bach-mates","topic","sin-determinar","UNMAPPED_TOPIC"
"cand-fecce8e1-54dd-5503-9555-01ad3a2b9143","2bach-mates","block","sin-determinar","UNMAPPED_BLOCK"
"cand-ebf7ae00-c261-5a54-a07a-1431ff635d27","2bach-mates","topic","sin-determinar","UNMAPPED_TOPIC"
"cand-ebf7ae00-c261-5a54-a07a-1431ff635d27","2bach-mates","block","sin-determinar","UNMAPPED_BLOCK"
"cand-adfef163-1b57-59f1-bb94-ef1dcd14d7cf","2bach-mates","topic","sin-determinar","UNMAPPED_TOPIC"
"cand-adfef163-1b57-59f1-bb94-ef1dcd14d7cf","2bach-mates","block","sin-determinar","UNMAPPED_BLOCK"
"cand-9520d27e-63fb-56d7-a780-d335942fcbcf","2bach-mates","topic","sin-determinar","UNMAPPED_TOPIC"
"cand-9520d27e-63fb-56d7-a780-d335942fcbcf","2bach-mates","block","sin-determinar","UNMAPPED_BLOCK"
"cand-8529bd5a-2443-5d6e-ac49-5b4211382f85","2bach-mates","topic","sin-determinar","UNMAPPED_TOPIC"
"cand-8529bd5a-2443-5d6e-ac49-5b4211382f85","2bach-mates","block","sin-determinar","UNMAPPED_BLOCK"
"cand-5f7ec7c4-22fe-5f8b-8a2c-289f86de6946","2bach-mates","topic","sin-determinar","UNMAPPED_TOPIC"
"cand-5f7ec7c4-22fe-5f8b-8a2c-289f86de6946","2bach-mates","block","sin-determinar","UNMAPPED_BLOCK"
"cand-dd5dc589-a3f4-567b-be2a-7bcdbf309798","2bach-mates","topic","sin-determinar","UNMAPPED_TOPIC"
"cand-dd5dc589-a3f4-567b-be2a-7bcdbf309798","2bach-mates","block","sin-determinar","UNMAPPED_BLOCK"
"cand-4655c551-8a44-53f0-99a1-aaa19043b769","2bach-mates","topic","sin-determinar","UNMAPPED_TOPIC"
"cand-4655c551-8a44-53f0-99a1-aaa19043b769","2bach-mates","block","sin-determinar","UNMAPPED_BLOCK"
"cand-d45f8709-24e9-5e8f-ac17-c79eff274a19","2bach-mates","topic","sin-determinar","UNMAPPED_TOPIC"
"cand-d45f8709-24e9-5e8f-ac17-c79eff274a19","2bach-mates","block","sin-determinar","UNMAPPED_BLOCK"
"cand-c5a6dbdd-94fb-5cdc-a851-8465f0c341fc","2bach-mates","topic","sin-determinar","UNMAPPED_TOPIC"
"cand-c5a6dbdd-94fb-5cdc-a851-8465f0c341fc","2bach-mates","block","sin-determinar","UNMAPPED_BLOCK"
"cand-e36e38b7-6e34-525c-863d-94712bc70457","2bach-mates","topic","sin-determinar","UNMAPPED_TOPIC"
"cand-e36e38b7-6e34-525c-863d-94712bc70457","2bach-mates","block","sin-determinar","UNMAPPED_BLOCK"
"cand-53fffd8a-8f74-524e-83d5-d63424c17ad8","2bach-mates","topic","sin-determinar","UNMAPPED_TOPIC"
"cand-53fffd8a-8f74-524e-83d5-d63424c17ad8","2bach-mates","block","sin-determinar","UNMAPPED_BLOCK"
"cand-ba384bb7-d3f8-591f-9e7d-fdcaea0a72bb","2bach-mates","topic","sin-determinar","UNMAPPED_TOPIC"
"cand-ba384bb7-d3f8-591f-9e7d-fdcaea0a72bb","2bach-mates","block","sin-determinar","UNMAPPED_BLOCK"
"cand-73a9b44a-3e62-5798-ba01-4b66065db3c9","2bach-mates","topic","sin-determinar","UNMAPPED_TOPIC"
"cand-73a9b44a-3e62-5798-ba01-4b66065db3c9","2bach-mates","block","sin-determinar","UNMAPPED_BLOCK"
"cand-58b58c6b-18cf-51d1-bb68-9d5ae605ee7d","2bach-mates","topic","sin-determinar","UNMAPPED_TOPIC"
"cand-58b58c6b-18cf-51d1-bb68-9d5ae605ee7d","2bach-mates","block","sin-determinar","UNMAPPED_BLOCK"
"cand-4152b20b-b9aa-5f6c-bd3c-859c203d7411","2bach-mates","topic","sin-determinar","UNMAPPED_TOPIC"
"cand-4152b20b-b9aa-5f6c-bd3c-859c203d7411","2bach-mates","block","sin-determinar","UNMAPPED_BLOCK"
"cand-310cb6ef-f477-5941-9a4c-ca807d43e4cd","2bach-mates","topic","sin-determinar","UNMAPPED_TOPIC"
"cand-310cb6ef-f477-5941-9a4c-ca807d43e4cd","2bach-mates","block","sin-determinar","UNMAPPED_BLOCK"
"cand-b78ff2dc-8737-5460-8a5a-e06d93ae48a1","2bach-mates","topic","sin-determinar","UNMAPPED_TOPIC"
"cand-b78ff2dc-8737-5460-8a5a-e06d93ae48a1","2bach-mates","block","sin-determinar","UNMAPPED_BLOCK"
"cand-61cf38d3-06e9-5500-82f7-e2d929a04806","2bach-mates","topic","sin-determinar","UNMAPPED_TOPIC"
"cand-61cf38d3-06e9-5500-82f7-e2d929a04806","2bach-mates","block","sin-determinar","UNMAPPED_BLOCK"
"cand-81598dee-6ec0-5c5e-b6c5-a951296d62e5","2bach-mates","topic","sin-determinar","UNMAPPED_TOPIC"
"cand-81598dee-6ec0-5c5e-b6c5-a951296d62e5","2bach-mates","block","sin-determinar","UNMAPPED_BLOCK"
"cand-48fd3f74-7806-509f-ba2e-ee4a3404a5ef","2bach-mates","topic","sin-determinar","UNMAPPED_TOPIC"
"cand-48fd3f74-7806-509f-ba2e-ee4a3404a5ef","2bach-mates","block","sin-determinar","UNMAPPED_BLOCK"
"cand-295395b7-e92f-506b-b85f-c867e45dc170","2bach-mates","topic","sin-determinar","UNMAPPED_TOPIC"
"cand-295395b7-e92f-506b-b85f-c867e45dc170","2bach-mates","block","sin-determinar","UNMAPPED_BLOCK"
"cand-aa427c11-ef20-5924-b446-b43dc52c9aff","2bach-mates","topic","sin-determinar","UNMAPPED_TOPIC"
"cand-aa427c11-ef20-5924-b446-b43dc52c9aff","2bach-mates","block","sin-determinar","UNMAPPED_BLOCK"
"cand-762b2304-c552-5827-ba0b-5acbdc111df5","2bach-mates","topic","sin-determinar","UNMAPPED_TOPIC"
"cand-762b2304-c552-5827-ba0b-5acbdc111df5","2bach-mates","block","sin-determinar","UNMAPPED_BLOCK"
"cand-4f363d94-48c6-5a74-8f9d-e85034c1804f","2bach-mates","topic","sin-determinar","UNMAPPED_TOPIC"
"cand-4f363d94-48c6-5a74-8f9d-e85034c1804f","2bach-mates","block","sin-determinar","UNMAPPED_BLOCK"
"cand-69b7d98e-be87-5b2e-9bd8-a964b9c650d9","2bach-mates","topic","sin-determinar","UNMAPPED_TOPIC"
"cand-69b7d98e-be87-5b2e-9bd8-a964b9c650d9","2bach-mates","block","sin-determinar","UNMAPPED_BLOCK"
"cand-d867168b-1a7d-5aa2-bfec-ea17da08f60a","2bach-mates","topic","sin-determinar","UNMAPPED_TOPIC"
"cand-d867168b-1a7d-5aa2-bfec-ea17da08f60a","2bach-mates","block","sin-determinar","UNMAPPED_BLOCK"
"cand-d59d4f4d-9d91-5ce1-a511-af55f1f76cd0","2bach-mates","topic","sin-determinar","UNMAPPED_TOPIC"
"cand-d59d4f4d-9d91-5ce1-a511-af55f1f76cd0","2bach-mates","block","sin-determinar","UNMAPPED_BLOCK"
"cand-7b859703-127d-565c-b1d2-9bb853ddd198","2bach-mates","topic","sin-determinar","UNMAPPED_TOPIC"
"cand-7b859703-127d-565c-b1d2-9bb853ddd198","2bach-mates","block","sin-determinar","UNMAPPED_BLOCK"
"cand-3618967c-c01b-525d-9f6e-c00ccbc04bd9","2bach-mates","topic","sin-determinar","UNMAPPED_TOPIC"
"cand-3618967c-c01b-525d-9f6e-c00ccbc04bd9","2bach-mates","block","sin-determinar","UNMAPPED_BLOCK"
"cand-05b23213-9b32-5b09-8d09-f6e3004e2681","2bach-mates","topic","sin-determinar","UNMAPPED_TOPIC"
"cand-05b23213-9b32-5b09-8d09-f6e3004e2681","2bach-mates","block","sin-determinar","UNMAPPED_BLOCK"
"cand-f0065379-4716-54f9-ab65-1ce8dc5cbc0a","2bach-mates","topic","sin-determinar","UNMAPPED_TOPIC"
"cand-f0065379-4716-54f9-ab65-1ce8dc5cbc0a","2bach-mates","block","sin-determinar","UNMAPPED_BLOCK"
"cand-cce2115f-60a1-50b8-9793-80d9834f6111","2bach-mates","topic","sin-determinar","UNMAPPED_TOPIC"
"cand-cce2115f-60a1-50b8-9793-80d9834f6111","2bach-mates","block","sin-determinar","UNMAPPED_BLOCK"
"cand-d3152586-2c9e-51ee-a60d-f2db00dc024b","2bach-mates","topic","sin-determinar","UNMAPPED_TOPIC"
"cand-d3152586-2c9e-51ee-a60d-f2db00dc024b","2bach-mates","block","sin-determinar","UNMAPPED_BLOCK"
"cand-4eb1334e-1383-5bb8-9995-710365c88cf7","2bach-mates","topic","sin-determinar","UNMAPPED_TOPIC"
"cand-4eb1334e-1383-5bb8-9995-710365c88cf7","2bach-mates","block","sin-determinar","UNMAPPED_BLOCK"
"cand-3a7b053c-cb41-526b-8972-012a7d7fc361","2bach-mates","topic","sin-determinar","UNMAPPED_TOPIC"
"cand-3a7b053c-cb41-526b-8972-012a7d7fc361","2bach-mates","block","sin-determinar","UNMAPPED_BLOCK"
"cand-af24625a-b7d2-5b4e-b165-c824c0805652","2bach-mates","topic","sin-determinar","UNMAPPED_TOPIC"
"cand-af24625a-b7d2-5b4e-b165-c824c0805652","2bach-mates","block","sin-determinar","UNMAPPED_BLOCK"
"cand-abde68ac-0f6c-51f8-bc3e-feabc578b48c","2bach-mates","topic","sin-determinar","UNMAPPED_TOPIC"
"cand-abde68ac-0f6c-51f8-bc3e-feabc578b48c","2bach-mates","block","sin-determinar","UNMAPPED_BLOCK"
"cand-6629e29c-44b7-5ef4-9108-42a63f884828","2bach-mates","topic","sin-determinar","UNMAPPED_TOPIC"
"cand-6629e29c-44b7-5ef4-9108-42a63f884828","2bach-mates","block","sin-determinar","UNMAPPED_BLOCK"
"cand-d7e38607-4788-53e8-aa37-5a518a042395","2bach-mates","topic","sin-determinar","UNMAPPED_TOPIC"
"cand-d7e38607-4788-53e8-aa37-5a518a042395","2bach-mates","block","sin-determinar","UNMAPPED_BLOCK"
"cand-b44155e7-10a9-51b8-bb85-6eb23bd560e4","2bach-mates","topic","sin-determinar","UNMAPPED_TOPIC"
"cand-b44155e7-10a9-51b8-bb85-6eb23bd560e4","2bach-mates","block","sin-determinar","UNMAPPED_BLOCK"
"cand-96893b70-c97f-550a-aa45-8eb4b57afcae","2bach-mates","topic","sin-determinar","UNMAPPED_TOPIC"
"cand-96893b70-c97f-550a-aa45-8eb4b57afcae","2bach-mates","block","sin-determinar","UNMAPPED_BLOCK"
"cand-9b7ac0f5-b37f-5cca-9f0e-4ae3f9ebce61","2bach-mates","topic","sin-determinar","UNMAPPED_TOPIC"
"cand-9b7ac0f5-b37f-5cca-9f0e-4ae3f9ebce61","2bach-mates","block","sin-determinar","UNMAPPED_BLOCK"
"cand-ea9bad26-b09d-5a43-85ce-7613245649b3","2bach-mates","topic","sin-determinar","UNMAPPED_TOPIC"
"cand-ea9bad26-b09d-5a43-85ce-7613245649b3","2bach-mates","block","sin-determinar","UNMAPPED_BLOCK"
"cand-28b1f54d-90fe-5033-bec5-c6c8c92aa9ee","2bach-mates","topic","sin-determinar","UNMAPPED_TOPIC"
"cand-28b1f54d-90fe-5033-bec5-c6c8c92aa9ee","2bach-mates","block","sin-determinar","UNMAPPED_BLOCK"
"cand-5ec0e4a5-f9f5-5251-af8d-f06348c540bb","2bach-mates","topic","sin-determinar","UNMAPPED_TOPIC"
"cand-5ec0e4a5-f9f5-5251-af8d-f06348c540bb","2bach-mates","block","sin-determinar","UNMAPPED_BLOCK"
"cand-5fcf1ddc-5cfb-5ebe-a1cf-44fcac893d54","2bach-mates","topic","sin-determinar","UNMAPPED_TOPIC"
"cand-5fcf1ddc-5cfb-5ebe-a1cf-44fcac893d54","2bach-mates","block","sin-determinar","UNMAPPED_BLOCK"
"cand-0bcceaf0-d91d-5068-b81c-9be7750e1f61","2bach-mates","topic","sin-determinar","UNMAPPED_TOPIC"
"cand-0bcceaf0-d91d-5068-b81c-9be7750e1f61","2bach-mates","block","sin-determinar","UNMAPPED_BLOCK"
"cand-44fae4dc-1699-5c30-a16a-50fbe340f34c","2bach-mates","topic","sin-determinar","UNMAPPED_TOPIC"
"cand-44fae4dc-1699-5c30-a16a-50fbe340f34c","2bach-mates","block","sin-determinar","UNMAPPED_BLOCK"
"cand-1191ca59-5119-5246-8206-8ff525d152d4","2bach-mates","topic","sin-determinar","UNMAPPED_TOPIC"
"cand-1191ca59-5119-5246-8206-8ff525d152d4","2bach-mates","block","sin-determinar","UNMAPPED_BLOCK"
"cand-3f6a62ac-c2f4-5bdd-9bae-2efec6e58ac1","2bach-mates","topic","sin-determinar","UNMAPPED_TOPIC"
"cand-3f6a62ac-c2f4-5bdd-9bae-2efec6e58ac1","2bach-mates","block","sin-determinar","UNMAPPED_BLOCK"
"cand-d5b9a041-80bc-5de7-8ac0-187f52ca5faf","2bach-mates","topic","sin-determinar","UNMAPPED_TOPIC"
"cand-d5b9a041-80bc-5de7-8ac0-187f52ca5faf","2bach-mates","block","sin-determinar","UNMAPPED_BLOCK"
"cand-31a96a08-0654-5362-a629-86d030511805","2bach-mates","topic","sin-determinar","UNMAPPED_TOPIC"
"cand-31a96a08-0654-5362-a629-86d030511805","2bach-mates","block","sin-determinar","UNMAPPED_BLOCK"
"cand-b27c9ea5-3387-5ab0-aba5-6b4bfa9ef0f0","2bach-mates","topic","sin-determinar","UNMAPPED_TOPIC"
"cand-b27c9ea5-3387-5ab0-aba5-6b4bfa9ef0f0","2bach-mates","block","sin-determinar","UNMAPPED_BLOCK"
"cand-efaf4f79-5757-5807-8fd6-4509b8d13c60","2bach-mates","topic","sin-determinar","UNMAPPED_TOPIC"
"cand-efaf4f79-5757-5807-8fd6-4509b8d13c60","2bach-mates","block","sin-determinar","UNMAPPED_BLOCK"
"cand-50fc3ff1-8b64-513f-8a4e-cf628bfe9370","2bach-mates","topic","sin-determinar","UNMAPPED_TOPIC"
"cand-50fc3ff1-8b64-513f-8a4e-cf628bfe9370","2bach-mates","block","sin-determinar","UNMAPPED_BLOCK"
"cand-bff8b23e-a037-5179-a6d4-515125eb8c02","2bach-mates","topic","sin-determinar","UNMAPPED_TOPIC"
"cand-bff8b23e-a037-5179-a6d4-515125eb8c02","2bach-mates","block","sin-determinar","UNMAPPED_BLOCK"
"cand-e2b2efe0-500b-565f-8e80-65ad9e12d7d0","2bach-mates","topic","sin-determinar","UNMAPPED_TOPIC"
"cand-e2b2efe0-500b-565f-8e80-65ad9e12d7d0","2bach-mates","block","sin-determinar","UNMAPPED_BLOCK"
"cand-92861ced-c192-57bd-aaf6-f03f3988eed8","2bach-mates","topic","sin-determinar","UNMAPPED_TOPIC"
"cand-92861ced-c192-57bd-aaf6-f03f3988eed8","2bach-mates","block","sin-determinar","UNMAPPED_BLOCK"
"cand-ea405034-c38f-5b5f-bb48-c40e5949dce6","2bach-mates","topic","sin-determinar","UNMAPPED_TOPIC"
"cand-ea405034-c38f-5b5f-bb48-c40e5949dce6","2bach-mates","block","sin-determinar","UNMAPPED_BLOCK"
"cand-530a423b-6a6d-5b5a-8be5-42b4ead78efa","2bach-mates","topic","sin-determinar","UNMAPPED_TOPIC"
"cand-530a423b-6a6d-5b5a-8be5-42b4ead78efa","2bach-mates","block","sin-determinar","UNMAPPED_BLOCK"
"cand-34cea683-bf59-5569-929d-d68ed84713f5","2bach-mates","topic","sin-determinar","UNMAPPED_TOPIC"
"cand-34cea683-bf59-5569-929d-d68ed84713f5","2bach-mates","block","sin-determinar","UNMAPPED_BLOCK"
"cand-15994be7-6140-5258-a8db-0aad23d100f7","2bach-mates","topic","sin-determinar","UNMAPPED_TOPIC"
"cand-15994be7-6140-5258-a8db-0aad23d100f7","2bach-mates","block","sin-determinar","UNMAPPED_BLOCK"
"cand-b247af76-f35c-5d85-8e2f-90a9dce0da12","2bach-mates","topic","sin-determinar","UNMAPPED_TOPIC"
"cand-b247af76-f35c-5d85-8e2f-90a9dce0da12","2bach-mates","block","sin-determinar","UNMAPPED_BLOCK"
"cand-ad7b71f9-a3ae-5ddd-b060-9f87f52fde1a","2bach-mates","topic","sin-determinar","UNMAPPED_TOPIC"
"cand-ad7b71f9-a3ae-5ddd-b060-9f87f52fde1a","2bach-mates","block","sin-determinar","UNMAPPED_BLOCK"
"cand-fca6995c-9d3f-5886-bf89-d2d91f5a7e8e","2bach-mates","topic","sin-determinar","UNMAPPED_TOPIC"
"cand-fca6995c-9d3f-5886-bf89-d2d91f5a7e8e","2bach-mates","block","sin-determinar","UNMAPPED_BLOCK"
"cand-20973f7e-fa9f-5137-88bf-1a90bb8d2002","2bach-mates","topic","sin-determinar","UNMAPPED_TOPIC"
"cand-20973f7e-fa9f-5137-88bf-1a90bb8d2002","2bach-mates","block","sin-determinar","UNMAPPED_BLOCK"
"cand-4abe4880-cf66-5a4c-a7ae-3b3c186246ea","2bach-mates","topic","sin-determinar","UNMAPPED_TOPIC"
"cand-4abe4880-cf66-5a4c-a7ae-3b3c186246ea","2bach-mates","block","sin-determinar","UNMAPPED_BLOCK"
"cand-6bea0952-136a-513c-9328-6b85b3179f19","2bach-mates","topic","sin-determinar","UNMAPPED_TOPIC"
"cand-6bea0952-136a-513c-9328-6b85b3179f19","2bach-mates","block","sin-determinar","UNMAPPED_BLOCK"
"cand-bfd05a23-6204-5e61-807e-4e1477d0acca","2bach-mates","topic","sin-determinar","UNMAPPED_TOPIC"
"cand-bfd05a23-6204-5e61-807e-4e1477d0acca","2bach-mates","block","sin-determinar","UNMAPPED_BLOCK"
"cand-0fd8fa07-9cdc-5062-a576-55dbeac13975","2bach-mates","topic","sin-determinar","UNMAPPED_TOPIC"
"cand-0fd8fa07-9cdc-5062-a576-55dbeac13975","2bach-mates","block","sin-determinar","UNMAPPED_BLOCK"
"cand-95b07b71-0a61-5501-bd00-b8094585302d","2bach-mates","topic","sin-determinar","UNMAPPED_TOPIC"
"cand-95b07b71-0a61-5501-bd00-b8094585302d","2bach-mates","block","sin-determinar","UNMAPPED_BLOCK"
"cand-5a33217c-070d-50b9-b20e-060d0d9d7683","2bach-mates","topic","sin-determinar","UNMAPPED_TOPIC"
"cand-5a33217c-070d-50b9-b20e-060d0d9d7683","2bach-mates","block","sin-determinar","UNMAPPED_BLOCK"
"cand-f516220c-1572-57dd-8a65-4dfb987f23f7","2bach-mates","topic","sin-determinar","UNMAPPED_TOPIC"
"cand-f516220c-1572-57dd-8a65-4dfb987f23f7","2bach-mates","block","sin-determinar","UNMAPPED_BLOCK"
"cand-93012fa2-1a2e-5c6b-867e-841f1e990902","2bach-mates","topic","sin-determinar","UNMAPPED_TOPIC"
"cand-93012fa2-1a2e-5c6b-867e-841f1e990902","2bach-mates","block","sin-determinar","UNMAPPED_BLOCK"
"cand-c942d163-ca9d-54b6-ad5b-c1fefb6a35ec","2bach-mates","topic","sin-determinar","UNMAPPED_TOPIC"
"cand-c942d163-ca9d-54b6-ad5b-c1fefb6a35ec","2bach-mates","block","sin-determinar","UNMAPPED_BLOCK"
"cand-5bfc9a44-cb03-5cff-a12a-e27cb8894ade","2bach-mates","topic","sin-determinar","UNMAPPED_TOPIC"
"cand-5bfc9a44-cb03-5cff-a12a-e27cb8894ade","2bach-mates","block","sin-determinar","UNMAPPED_BLOCK"
"cand-02c4ce25-a94e-545c-8892-4a6599825a80","2bach-mates","topic","sin-determinar","UNMAPPED_TOPIC"
"cand-02c4ce25-a94e-545c-8892-4a6599825a80","2bach-mates","block","sin-determinar","UNMAPPED_BLOCK"
"cand-c987cacf-f9ef-5647-9860-afd34dca1fcb","2bach-mates","topic","sin-determinar","UNMAPPED_TOPIC"
"cand-c987cacf-f9ef-5647-9860-afd34dca1fcb","2bach-mates","block","sin-determinar","UNMAPPED_BLOCK"
"cand-8eefa890-5e28-52da-8c77-3e431f885cbb","2bach-mates","topic","sin-determinar","UNMAPPED_TOPIC"
"cand-8eefa890-5e28-52da-8c77-3e431f885cbb","2bach-mates","block","sin-determinar","UNMAPPED_BLOCK"
"cand-311998c7-c81c-50d8-94aa-0ed51abe72f2","2bach-mates","topic","sin-determinar","UNMAPPED_TOPIC"
"cand-311998c7-c81c-50d8-94aa-0ed51abe72f2","2bach-mates","block","sin-determinar","UNMAPPED_BLOCK"
"cand-bfb39db0-a7dd-57ca-956c-2977b81d78a5","2bach-mates","topic","sin-determinar","UNMAPPED_TOPIC"
"cand-bfb39db0-a7dd-57ca-956c-2977b81d78a5","2bach-mates","block","sin-determinar","UNMAPPED_BLOCK"
"cand-3ae2e42c-36c9-5c81-b12e-3f73b057815c","2bach-mates","topic","sin-determinar","UNMAPPED_TOPIC"
"cand-77a10614-7f76-5d1d-b695-bdd920b9b8ec","2bach-mates","topic","sin-determinar","UNMAPPED_TOPIC"
"cand-f37661ad-83b5-5a89-b6da-9c75ecfa28c4","2bach-mates","topic","sin-determinar","UNMAPPED_TOPIC"
"cand-f37661ad-83b5-5a89-b6da-9c75ecfa28c4","2bach-mates","block","sin-determinar","UNMAPPED_BLOCK"
"cand-ca69bea7-6041-588b-8895-478006a2a8a4","2bach-mates","topic","sin-determinar","UNMAPPED_TOPIC"
"cand-ca69bea7-6041-588b-8895-478006a2a8a4","2bach-mates","block","sin-determinar","UNMAPPED_BLOCK"
"cand-1909b1df-2063-5142-8b17-e677e7c70ad0","2bach-mates","topic","sin-determinar","UNMAPPED_TOPIC"
"cand-1909b1df-2063-5142-8b17-e677e7c70ad0","2bach-mates","block","sin-determinar","UNMAPPED_BLOCK"
"cand-51912b8d-c2f5-5afb-9d88-c022babbdc49","2bach-mates","topic","sin-determinar","UNMAPPED_TOPIC"
"cand-51912b8d-c2f5-5afb-9d88-c022babbdc49","2bach-mates","block","sin-determinar","UNMAPPED_BLOCK"
"cand-eb7c03d7-a480-530a-a589-b48647c3a8d4","2bach-mates","topic","sin-determinar","UNMAPPED_TOPIC"
"cand-eb7c03d7-a480-530a-a589-b48647c3a8d4","2bach-mates","block","sin-determinar","UNMAPPED_BLOCK"
"cand-617bcf18-2b13-52a5-b2b9-79594a1a54ae","2bach-mates","topic","sin-determinar","UNMAPPED_TOPIC"
"cand-617bcf18-2b13-52a5-b2b9-79594a1a54ae","2bach-mates","block","sin-determinar","UNMAPPED_BLOCK"
"cand-754006ec-f01f-55c1-8bdc-ce604ad2c6d0","2bach-mates","topic","sin-determinar","UNMAPPED_TOPIC"
"cand-754006ec-f01f-55c1-8bdc-ce604ad2c6d0","2bach-mates","block","sin-determinar","UNMAPPED_BLOCK"
"cand-0eedd783-30fa-539b-896b-3bce97609dd1","2bach-mates","topic","sin-determinar","UNMAPPED_TOPIC"
"cand-0eedd783-30fa-539b-896b-3bce97609dd1","2bach-mates","block","sin-determinar","UNMAPPED_BLOCK"
"cand-4b3f45cd-71fb-5716-be21-8c6db7f7153c","2bach-mates","topic","sin-determinar","UNMAPPED_TOPIC"
"cand-4b3f45cd-71fb-5716-be21-8c6db7f7153c","2bach-mates","block","sin-determinar","UNMAPPED_BLOCK"
"cand-3e773899-b187-5a83-9354-cefda17f2e5f","2bach-mates","topic","sin-determinar","UNMAPPED_TOPIC"
"cand-3e773899-b187-5a83-9354-cefda17f2e5f","2bach-mates","block","sin-determinar","UNMAPPED_BLOCK"
"cand-1f09c339-b084-53bc-8725-601b045ba1ae","2bach-mates","topic","sin-determinar","UNMAPPED_TOPIC"
"cand-1f09c339-b084-53bc-8725-601b045ba1ae","2bach-mates","block","sin-determinar","UNMAPPED_BLOCK"
"cand-2a92afc7-b02f-573b-8181-1aaf8e5736ee","2bach-mates","topic","sin-determinar","UNMAPPED_TOPIC"
"cand-2a92afc7-b02f-573b-8181-1aaf8e5736ee","2bach-mates","block","sin-determinar","UNMAPPED_BLOCK"
"cand-c8e71f2f-140c-5efa-9573-526b461d0261","2bach-mates","topic","sin-determinar","UNMAPPED_TOPIC"
"cand-c8e71f2f-140c-5efa-9573-526b461d0261","2bach-mates","block","sin-determinar","UNMAPPED_BLOCK"
"cand-9168879e-8bd9-5135-ac91-eea5fa167faf","2bach-mates","topic","sin-determinar","UNMAPPED_TOPIC"
"cand-9168879e-8bd9-5135-ac91-eea5fa167faf","2bach-mates","block","sin-determinar","UNMAPPED_BLOCK"
"cand-1b71a296-d9b7-5a09-a9b8-cbfdefb1b8bb","2bach-mates","topic","sin-determinar","UNMAPPED_TOPIC"
"cand-1b71a296-d9b7-5a09-a9b8-cbfdefb1b8bb","2bach-mates","block","sin-determinar","UNMAPPED_BLOCK"
"cand-62af27d9-0004-5840-8ff9-51a81ec7ec74","2bach-mates","topic","sin-determinar","UNMAPPED_TOPIC"
"cand-62af27d9-0004-5840-8ff9-51a81ec7ec74","2bach-mates","block","sin-determinar","UNMAPPED_BLOCK"
"cand-14cfd09b-0b5b-5745-b232-2aa3997db668","2bach-mates","topic","sin-determinar","UNMAPPED_TOPIC"
"cand-14cfd09b-0b5b-5745-b232-2aa3997db668","2bach-mates","block","sin-determinar","UNMAPPED_BLOCK"
"cand-929d66de-3f28-5c06-9bfd-732320ebf390","2bach-mates","topic","sin-determinar","UNMAPPED_TOPIC"
"cand-929d66de-3f28-5c06-9bfd-732320ebf390","2bach-mates","block","sin-determinar","UNMAPPED_BLOCK"
"cand-b6670ed8-e14e-592b-93e7-015421c502a5","2bach-mates","topic","sin-determinar","UNMAPPED_TOPIC"
"cand-b6670ed8-e14e-592b-93e7-015421c502a5","2bach-mates","block","sin-determinar","UNMAPPED_BLOCK"
"cand-4949161c-5676-5b3a-a580-5e698e6ec19a","2bach-mates","topic","sin-determinar","UNMAPPED_TOPIC"
"cand-4949161c-5676-5b3a-a580-5e698e6ec19a","2bach-mates","block","sin-determinar","UNMAPPED_BLOCK"
"cand-2bdfcb62-a592-580b-a5d2-933c444c780e","2bach-mates","topic","sin-determinar","UNMAPPED_TOPIC"
"cand-2bdfcb62-a592-580b-a5d2-933c444c780e","2bach-mates","block","sin-determinar","UNMAPPED_BLOCK"
"cand-b99d143c-54ed-598b-be28-611e2f98c5f4","2bach-mates","topic","sin-determinar","UNMAPPED_TOPIC"
"cand-b99d143c-54ed-598b-be28-611e2f98c5f4","2bach-mates","block","sin-determinar","UNMAPPED_BLOCK"
"cand-195b0a04-2c7a-539e-b328-968fb9feb65a","2bach-mates","topic","sin-determinar","UNMAPPED_TOPIC"
"cand-195b0a04-2c7a-539e-b328-968fb9feb65a","2bach-mates","block","sin-determinar","UNMAPPED_BLOCK"
"cand-4252eb98-fee0-53c5-8a0a-c1700f0588b5","2bach-mates","topic","sin-determinar","UNMAPPED_TOPIC"
"cand-4252eb98-fee0-53c5-8a0a-c1700f0588b5","2bach-mates","block","sin-determinar","UNMAPPED_BLOCK"
"cand-7f6bc800-8b5d-5467-b044-2ed5e72e1190","2bach-mates","topic","sin-determinar","UNMAPPED_TOPIC"
"cand-7f6bc800-8b5d-5467-b044-2ed5e72e1190","2bach-mates","block","sin-determinar","UNMAPPED_BLOCK"
"cand-76a5d6ef-6291-57c9-ac38-1fdeb65af28c","2bach-mates","topic","sin-determinar","UNMAPPED_TOPIC"
"cand-76a5d6ef-6291-57c9-ac38-1fdeb65af28c","2bach-mates","block","sin-determinar","UNMAPPED_BLOCK"
"cand-02f9047c-30c3-5017-90d1-71e00c53a473","2bach-mates","topic","sin-determinar","UNMAPPED_TOPIC"
"cand-02f9047c-30c3-5017-90d1-71e00c53a473","2bach-mates","block","sin-determinar","UNMAPPED_BLOCK"
"cand-b881673b-4f60-5bbf-ad6a-8546a4643bd2","2bach-mates","topic","sin-determinar","UNMAPPED_TOPIC"
"cand-b881673b-4f60-5bbf-ad6a-8546a4643bd2","2bach-mates","block","sin-determinar","UNMAPPED_BLOCK"
"cand-fa1ff942-e122-52fb-a89c-446cd1bb7e71","2bach-mates","topic","sin-determinar","UNMAPPED_TOPIC"
"cand-fa1ff942-e122-52fb-a89c-446cd1bb7e71","2bach-mates","block","sin-determinar","UNMAPPED_BLOCK"
"cand-6b04c279-eb8c-5133-b319-69b4034b789c","2bach-mates","topic","sin-determinar","UNMAPPED_TOPIC"
"cand-6b04c279-eb8c-5133-b319-69b4034b789c","2bach-mates","block","sin-determinar","UNMAPPED_BLOCK"
"cand-458ad483-8f96-517b-ba31-3fe11d347dd1","2bach-mates","topic","sin-determinar","UNMAPPED_TOPIC"
"cand-458ad483-8f96-517b-ba31-3fe11d347dd1","2bach-mates","block","sin-determinar","UNMAPPED_BLOCK"
"cand-55e21956-44d0-546d-a7e2-49807aaa9e1a","2bach-mates","topic","sin-determinar","UNMAPPED_TOPIC"
"cand-55e21956-44d0-546d-a7e2-49807aaa9e1a","2bach-mates","block","sin-determinar","UNMAPPED_BLOCK"
"cand-d033cd76-35be-53b7-a490-072af8f1694b","2bach-mates","topic","sin-determinar","UNMAPPED_TOPIC"
"cand-d033cd76-35be-53b7-a490-072af8f1694b","2bach-mates","block","sin-determinar","UNMAPPED_BLOCK"
"cand-cb238c34-b97d-500f-9d1e-ef0abd8b4c1d","2bach-mates","topic","sin-determinar","UNMAPPED_TOPIC"
"cand-cb238c34-b97d-500f-9d1e-ef0abd8b4c1d","2bach-mates","block","sin-determinar","UNMAPPED_BLOCK"
"cand-ef0e46e0-4b06-52f5-9ed8-628ad716230d","2bach-mates","topic","sin-determinar","UNMAPPED_TOPIC"
"cand-ef0e46e0-4b06-52f5-9ed8-628ad716230d","2bach-mates","block","sin-determinar","UNMAPPED_BLOCK"
"cand-59795e50-c27f-5525-9468-21d5f7cae934","2bach-mates","topic","sin-determinar","UNMAPPED_TOPIC"
"cand-59795e50-c27f-5525-9468-21d5f7cae934","2bach-mates","block","sin-determinar","UNMAPPED_BLOCK"
"cand-70115208-ab6d-59b0-a278-d71d5299c096","2bach-mates","topic","sin-determinar","UNMAPPED_TOPIC"
"cand-70115208-ab6d-59b0-a278-d71d5299c096","2bach-mates","block","sin-determinar","UNMAPPED_BLOCK"
"cand-847d393f-f985-5f10-852b-ac9973c479f5","2bach-mates","topic","sin-determinar","UNMAPPED_TOPIC"
"cand-847d393f-f985-5f10-852b-ac9973c479f5","2bach-mates","block","sin-determinar","UNMAPPED_BLOCK"
"cand-8a14f697-a762-5fc3-800a-d979f65305ca","2bach-mates","topic","sin-determinar","UNMAPPED_TOPIC"
"cand-8a14f697-a762-5fc3-800a-d979f65305ca","2bach-mates","block","sin-determinar","UNMAPPED_BLOCK"
"cand-111d9da2-4d0b-51fe-b940-19c9ff11ae05","2bach-mates","topic","sin-determinar","UNMAPPED_TOPIC"
"cand-111d9da2-4d0b-51fe-b940-19c9ff11ae05","2bach-mates","block","sin-determinar","UNMAPPED_BLOCK"
"cand-91ca43ae-c110-5ff5-85c8-87cd131167c8","2bach-mates","topic","sin-determinar","UNMAPPED_TOPIC"
"cand-91ca43ae-c110-5ff5-85c8-87cd131167c8","2bach-mates","block","sin-determinar","UNMAPPED_BLOCK"
"cand-43d226c0-b3ac-5ea0-8e28-1f4ce2408cc0","2bach-mates","topic","sin-determinar","UNMAPPED_TOPIC"
"cand-43d226c0-b3ac-5ea0-8e28-1f4ce2408cc0","2bach-mates","block","sin-determinar","UNMAPPED_BLOCK"
"cand-1b3a3aae-40d9-565a-8464-1109cf53af2b","2bach-mates","topic","sin-determinar","UNMAPPED_TOPIC"
"cand-1b3a3aae-40d9-565a-8464-1109cf53af2b","2bach-mates","block","sin-determinar","UNMAPPED_BLOCK"
"cand-30b1e076-e47c-59b1-96c1-caada29f7a36","2bach-mates","topic","sin-determinar","UNMAPPED_TOPIC"
"cand-30b1e076-e47c-59b1-96c1-caada29f7a36","2bach-mates","block","sin-determinar","UNMAPPED_BLOCK"
"cand-68c608b3-c816-5d35-a01a-1b7784e955d4","2bach-mates","topic","sin-determinar","UNMAPPED_TOPIC"
"cand-68c608b3-c816-5d35-a01a-1b7784e955d4","2bach-mates","block","sin-determinar","UNMAPPED_BLOCK"
"cand-4e16a05f-04f8-5eec-98b4-fd6d7c93ae01","2bach-mates","topic","sin-determinar","UNMAPPED_TOPIC"
"cand-4e16a05f-04f8-5eec-98b4-fd6d7c93ae01","2bach-mates","block","sin-determinar","UNMAPPED_BLOCK"
"cand-eb20fa0e-eb8b-580c-a1e5-f7a65080a202","2bach-mates","topic","sin-determinar","UNMAPPED_TOPIC"
"cand-eb20fa0e-eb8b-580c-a1e5-f7a65080a202","2bach-mates","block","sin-determinar","UNMAPPED_BLOCK"
"cand-0bcb2f12-b2e1-53df-859b-3a6175635e9e","2bach-mates","topic","sin-determinar","UNMAPPED_TOPIC"
"cand-0bcb2f12-b2e1-53df-859b-3a6175635e9e","2bach-mates","block","sin-determinar","UNMAPPED_BLOCK"
"cand-1cc846d6-e3c3-5797-a9aa-a4d9ee042f67","2bach-mates","topic","sin-determinar","UNMAPPED_TOPIC"
"cand-1cc846d6-e3c3-5797-a9aa-a4d9ee042f67","2bach-mates","block","sin-determinar","UNMAPPED_BLOCK"
"cand-5c0a0674-efdd-5d72-98c9-91b3c366ecba","2bach-mates","topic","sin-determinar","UNMAPPED_TOPIC"
"cand-5c0a0674-efdd-5d72-98c9-91b3c366ecba","2bach-mates","block","sin-determinar","UNMAPPED_BLOCK"
"cand-ece553c9-6f39-5f6a-9f20-369cc339ec57","2bach-mates","topic","sin-determinar","UNMAPPED_TOPIC"
"cand-ece553c9-6f39-5f6a-9f20-369cc339ec57","2bach-mates","block","sin-determinar","UNMAPPED_BLOCK"
"cand-a0da2f58-c1c7-50c8-9a3b-03d0964c021b","2bach-mates","topic","sin-determinar","UNMAPPED_TOPIC"
"cand-a0da2f58-c1c7-50c8-9a3b-03d0964c021b","2bach-mates","block","sin-determinar","UNMAPPED_BLOCK"
"cand-7223e1b8-b72d-5ad0-8c0f-84a1974af9db","2bach-mates","topic","sin-determinar","UNMAPPED_TOPIC"
"cand-7223e1b8-b72d-5ad0-8c0f-84a1974af9db","2bach-mates","block","sin-determinar","UNMAPPED_BLOCK"
"cand-c40e76f8-d35a-5bc6-a8b2-1a3d6e977f3b","2bach-mates","topic","sin-determinar","UNMAPPED_TOPIC"
"cand-c40e76f8-d35a-5bc6-a8b2-1a3d6e977f3b","2bach-mates","block","sin-determinar","UNMAPPED_BLOCK"
"cand-435370ea-7376-5be5-8ffd-2b6d2e282a3b","2bach-mates","topic","sin-determinar","UNMAPPED_TOPIC"
"cand-435370ea-7376-5be5-8ffd-2b6d2e282a3b","2bach-mates","block","sin-determinar","UNMAPPED_BLOCK"
"cand-5f038d59-ccd7-5b5b-8797-de021dadba6f","2bach-mates","topic","sin-determinar","UNMAPPED_TOPIC"
"cand-5f038d59-ccd7-5b5b-8797-de021dadba6f","2bach-mates","block","sin-determinar","UNMAPPED_BLOCK"
"cand-4fcc8de3-2b82-5961-ac7c-36f104c45c9c","2bach-mates","topic","sin-determinar","UNMAPPED_TOPIC"
"cand-4fcc8de3-2b82-5961-ac7c-36f104c45c9c","2bach-mates","block","sin-determinar","UNMAPPED_BLOCK"
"cand-2725544c-58fa-5a25-859a-1089551b5225","2bach-mates","topic","sin-determinar","UNMAPPED_TOPIC"
"cand-2725544c-58fa-5a25-859a-1089551b5225","2bach-mates","block","sin-determinar","UNMAPPED_BLOCK"
"cand-3dff8b7c-f4b3-5f9d-9cb6-c86ca1bcdc6e","2bach-mates","topic","sin-determinar","UNMAPPED_TOPIC"
"cand-3dff8b7c-f4b3-5f9d-9cb6-c86ca1bcdc6e","2bach-mates","block","sin-determinar","UNMAPPED_BLOCK"
"cand-4d316360-b436-5895-851f-97aafb08706b","2bach-mates","topic","sin-determinar","UNMAPPED_TOPIC"
"cand-4d316360-b436-5895-851f-97aafb08706b","2bach-mates","block","sin-determinar","UNMAPPED_BLOCK"
"cand-ffe36b7a-6b43-5923-bdd2-711e414ffda9","2bach-mates","topic","sin-determinar","UNMAPPED_TOPIC"
"cand-ffe36b7a-6b43-5923-bdd2-711e414ffda9","2bach-mates","block","sin-determinar","UNMAPPED_BLOCK"
"cand-ec6e275c-eb19-5a3c-a44c-7fb3273d8c8f","2bach-mates","topic","sin-determinar","UNMAPPED_TOPIC"
"cand-ec6e275c-eb19-5a3c-a44c-7fb3273d8c8f","2bach-mates","block","sin-determinar","UNMAPPED_BLOCK"
"cand-69358050-0c03-58d5-bf4b-0184c5fe1e36","2bach-mates","topic","sin-determinar","UNMAPPED_TOPIC"
"cand-69358050-0c03-58d5-bf4b-0184c5fe1e36","2bach-mates","block","sin-determinar","UNMAPPED_BLOCK"
"cand-4cbf2db4-1c2f-57df-84d6-5df1bacb3f0c","2bach-mates","topic","sin-determinar","UNMAPPED_TOPIC"
"cand-4cbf2db4-1c2f-57df-84d6-5df1bacb3f0c","2bach-mates","block","sin-determinar","UNMAPPED_BLOCK"
"cand-fa439b7b-daba-5cdf-9e1b-b2aaec4c3f2d","2bach-mates","topic","sin-determinar","UNMAPPED_TOPIC"
"cand-fa439b7b-daba-5cdf-9e1b-b2aaec4c3f2d","2bach-mates","block","sin-determinar","UNMAPPED_BLOCK"
"cand-4e10150e-aa3f-583d-a056-c732eab24579","2bach-mates","topic","sin-determinar","UNMAPPED_TOPIC"
"cand-4e10150e-aa3f-583d-a056-c732eab24579","2bach-mates","block","sin-determinar","UNMAPPED_BLOCK"
"cand-898011e8-c79b-5a3a-b2d1-641750a87fb9","2bach-mates","topic","sin-determinar","UNMAPPED_TOPIC"
"cand-898011e8-c79b-5a3a-b2d1-641750a87fb9","2bach-mates","block","sin-determinar","UNMAPPED_BLOCK"
"cand-2647780b-4afb-5c3f-85b4-89e6736d1171","2bach-mates","topic","sin-determinar","UNMAPPED_TOPIC"
"cand-2647780b-4afb-5c3f-85b4-89e6736d1171","2bach-mates","block","sin-determinar","UNMAPPED_BLOCK"
"cand-608ecc2d-5cd4-5ca1-959f-c4fa012e9bd8","2bach-mates","topic","sin-determinar","UNMAPPED_TOPIC"
"cand-608ecc2d-5cd4-5ca1-959f-c4fa012e9bd8","2bach-mates","block","sin-determinar","UNMAPPED_BLOCK"
"cand-46ddb3ff-d302-5845-96eb-4d42b8474678","2bach-mates","topic","sin-determinar","UNMAPPED_TOPIC"
"cand-46ddb3ff-d302-5845-96eb-4d42b8474678","2bach-mates","block","sin-determinar","UNMAPPED_BLOCK"
"cand-f4bef6b8-43b1-5205-9ef4-c18cb01f241e","2bach-mates","topic","sin-determinar","UNMAPPED_TOPIC"
"cand-f4bef6b8-43b1-5205-9ef4-c18cb01f241e","2bach-mates","block","sin-determinar","UNMAPPED_BLOCK"
"cand-c1ba9926-8fef-5b3a-8d1c-923169fbde6a","2bach-mates","topic","sin-determinar","UNMAPPED_TOPIC"
"cand-c1ba9926-8fef-5b3a-8d1c-923169fbde6a","2bach-mates","block","sin-determinar","UNMAPPED_BLOCK"
"cand-96f866fe-dc96-5de9-ab86-55441cd958cc","2bach-mates","topic","sin-determinar","UNMAPPED_TOPIC"
"cand-96f866fe-dc96-5de9-ab86-55441cd958cc","2bach-mates","block","sin-determinar","UNMAPPED_BLOCK"
"cand-590902a8-0dc3-5de0-8cdc-feb214a06f05","2bach-mates","topic","sin-determinar","UNMAPPED_TOPIC"
"cand-590902a8-0dc3-5de0-8cdc-feb214a06f05","2bach-mates","block","sin-determinar","UNMAPPED_BLOCK"
"cand-bf7eff6c-ba85-5619-acb2-f43ea4eccec2","2bach-mates","topic","sin-determinar","UNMAPPED_TOPIC"
"cand-bf7eff6c-ba85-5619-acb2-f43ea4eccec2","2bach-mates","block","sin-determinar","UNMAPPED_BLOCK"
"cand-53b2ab95-d87e-56b9-89d9-5d459bfcd882","2bach-mates","topic","sin-determinar","UNMAPPED_TOPIC"
"cand-53b2ab95-d87e-56b9-89d9-5d459bfcd882","2bach-mates","block","sin-determinar","UNMAPPED_BLOCK"
"cand-0d616d06-04df-59ea-a835-d71f14517325","2bach-mates","topic","sin-determinar","UNMAPPED_TOPIC"
"cand-0d616d06-04df-59ea-a835-d71f14517325","2bach-mates","block","sin-determinar","UNMAPPED_BLOCK"
"cand-dee47ce2-a5d7-551f-946a-98593ed831bf","2bach-mates","topic","sin-determinar","UNMAPPED_TOPIC"
"cand-dee47ce2-a5d7-551f-946a-98593ed831bf","2bach-mates","block","sin-determinar","UNMAPPED_BLOCK"
"cand-2a4a7320-eccb-59e3-bb0e-7e18d11f7f92","2bach-mates","topic","sin-determinar","UNMAPPED_TOPIC"
"cand-2a4a7320-eccb-59e3-bb0e-7e18d11f7f92","2bach-mates","block","sin-determinar","UNMAPPED_BLOCK"
"cand-ad098cef-1512-5215-915b-3cb9a5132fcf","2bach-mates","topic","sin-determinar","UNMAPPED_TOPIC"
"cand-ad098cef-1512-5215-915b-3cb9a5132fcf","2bach-mates","block","sin-determinar","UNMAPPED_BLOCK"
"cand-64f56df0-4ae9-5ef6-80f8-47e82521e600","2bach-mates","topic","sin-determinar","UNMAPPED_TOPIC"
"cand-64f56df0-4ae9-5ef6-80f8-47e82521e600","2bach-mates","block","sin-determinar","UNMAPPED_BLOCK"
"cand-0f24f279-1a35-5032-8338-13eca7e856c6","2bach-mates","topic","sin-determinar","UNMAPPED_TOPIC"
"cand-0f24f279-1a35-5032-8338-13eca7e856c6","2bach-mates","block","sin-determinar","UNMAPPED_BLOCK"
"cand-3aa511d4-4b20-5da3-849f-10ae05f95c38","2bach-mates","topic","sin-determinar","UNMAPPED_TOPIC"
"cand-3aa511d4-4b20-5da3-849f-10ae05f95c38","2bach-mates","block","sin-determinar","UNMAPPED_BLOCK"
"cand-01b5acd3-1788-5096-9890-681192fbf5c4","2bach-mates","topic","sin-determinar","UNMAPPED_TOPIC"
"cand-01b5acd3-1788-5096-9890-681192fbf5c4","2bach-mates","block","sin-determinar","UNMAPPED_BLOCK"
"cand-674bbfca-6b23-570b-b7e0-b1acceeba131","2bach-mates","topic","sin-determinar","UNMAPPED_TOPIC"
"cand-674bbfca-6b23-570b-b7e0-b1acceeba131","2bach-mates","block","sin-determinar","UNMAPPED_BLOCK"
"cand-e301b8bf-0a6a-5e1b-b97d-ff3ca2b03536","2bach-mates","topic","sin-determinar","UNMAPPED_TOPIC"
"cand-e301b8bf-0a6a-5e1b-b97d-ff3ca2b03536","2bach-mates","block","sin-determinar","UNMAPPED_BLOCK"
"cand-e85a0933-9bd7-52a5-ad85-39c5e9424c3c","2bach-mates","topic","sin-determinar","UNMAPPED_TOPIC"
"cand-e85a0933-9bd7-52a5-ad85-39c5e9424c3c","2bach-mates","block","sin-determinar","UNMAPPED_BLOCK"
"cand-4a0ac45b-40a9-5ffb-b4b7-85c6f3f00572","2bach-mates","topic","sin-determinar","UNMAPPED_TOPIC"
"cand-4a0ac45b-40a9-5ffb-b4b7-85c6f3f00572","2bach-mates","block","sin-determinar","UNMAPPED_BLOCK"
"cand-5aaf7cd2-5af2-55a3-a3e1-e40b189f9b35","2bach-mates","topic","sin-determinar","UNMAPPED_TOPIC"
"cand-5aaf7cd2-5af2-55a3-a3e1-e40b189f9b35","2bach-mates","block","sin-determinar","UNMAPPED_BLOCK"
"cand-ea495f96-804b-5ac7-8f2f-221f1e7b314b","2bach-mates","topic","sin-determinar","UNMAPPED_TOPIC"
"cand-ea495f96-804b-5ac7-8f2f-221f1e7b314b","2bach-mates","block","sin-determinar","UNMAPPED_BLOCK"
"cand-19cf4ca6-4764-56d5-9c51-19d2a215bcf9","2bach-mates","topic","sin-determinar","UNMAPPED_TOPIC"
"cand-19cf4ca6-4764-56d5-9c51-19d2a215bcf9","2bach-mates","block","sin-determinar","UNMAPPED_BLOCK"
"cand-9a0d334e-1026-5d29-89d2-d6f97b3b4ef0","2bach-mates","topic","sin-determinar","UNMAPPED_TOPIC"
"cand-9a0d334e-1026-5d29-89d2-d6f97b3b4ef0","2bach-mates","block","sin-determinar","UNMAPPED_BLOCK"
"cand-3127b945-9b94-5daa-9d3d-6c0cee846d33","2bach-mates","topic","sin-determinar","UNMAPPED_TOPIC"
"cand-3127b945-9b94-5daa-9d3d-6c0cee846d33","2bach-mates","block","sin-determinar","UNMAPPED_BLOCK"
"cand-1ad1932b-8267-5a55-aba7-dddd2e083708","2bach-mates","topic","sin-determinar","UNMAPPED_TOPIC"
"cand-1ad1932b-8267-5a55-aba7-dddd2e083708","2bach-mates","block","sin-determinar","UNMAPPED_BLOCK"
"cand-1219a243-6282-596f-98c1-d59420edc5f0","2bach-mates","topic","sin-determinar","UNMAPPED_TOPIC"
"cand-1219a243-6282-596f-98c1-d59420edc5f0","2bach-mates","block","sin-determinar","UNMAPPED_BLOCK"
"cand-681aba2b-5bb0-518d-b92c-8484b2e28c44","2bach-mates","topic","sin-determinar","UNMAPPED_TOPIC"
"cand-681aba2b-5bb0-518d-b92c-8484b2e28c44","2bach-mates","block","sin-determinar","UNMAPPED_BLOCK"
"cand-b4d02446-7b9a-5520-9993-79a199905a69","2bach-mates","topic","sin-determinar","UNMAPPED_TOPIC"
"cand-b4d02446-7b9a-5520-9993-79a199905a69","2bach-mates","block","sin-determinar","UNMAPPED_BLOCK"
"cand-7fb75e86-b3e3-5ce5-8fee-3b94339183e6","2bach-mates","topic","sin-determinar","UNMAPPED_TOPIC"
"cand-7fb75e86-b3e3-5ce5-8fee-3b94339183e6","2bach-mates","block","sin-determinar","UNMAPPED_BLOCK"
"cand-baffb918-d026-5b69-8da7-ac5e045628da","2bach-mates","topic","sin-determinar","UNMAPPED_TOPIC"
"cand-baffb918-d026-5b69-8da7-ac5e045628da","2bach-mates","block","sin-determinar","UNMAPPED_BLOCK"
"cand-48c5dbac-643a-569a-9a47-3e40b7c0c035","2bach-mates","topic","sin-determinar","UNMAPPED_TOPIC"
"cand-48c5dbac-643a-569a-9a47-3e40b7c0c035","2bach-mates","block","sin-determinar","UNMAPPED_BLOCK"
"cand-2982fdd6-aec7-55df-871a-9f1a33da6a6b","2bach-mates","topic","sin-determinar","UNMAPPED_TOPIC"
"cand-2982fdd6-aec7-55df-871a-9f1a33da6a6b","2bach-mates","block","sin-determinar","UNMAPPED_BLOCK"
"cand-676bf5e6-a094-5c27-b2d7-d170e75b572c","2bach-mates","topic","sin-determinar","UNMAPPED_TOPIC"
"cand-676bf5e6-a094-5c27-b2d7-d170e75b572c","2bach-mates","block","sin-determinar","UNMAPPED_BLOCK"
"cand-3fe29362-335f-5e26-b526-3c0cd471dc57","2bach-mates","topic","sin-determinar","UNMAPPED_TOPIC"
"cand-3fe29362-335f-5e26-b526-3c0cd471dc57","2bach-mates","block","sin-determinar","UNMAPPED_BLOCK"
"cand-eaf7c146-9c01-5a7a-a9eb-c9f4d2c0ae1e","2bach-mates","topic","sin-determinar","UNMAPPED_TOPIC"
"cand-eaf7c146-9c01-5a7a-a9eb-c9f4d2c0ae1e","2bach-mates","block","sin-determinar","UNMAPPED_BLOCK"
"cand-284939d3-60aa-588d-8337-195a10cfed16","2bach-mates","topic","sin-determinar","UNMAPPED_TOPIC"
"cand-284939d3-60aa-588d-8337-195a10cfed16","2bach-mates","block","sin-determinar","UNMAPPED_BLOCK"
"cand-5f19d713-3ac0-5287-9185-7ecdf5bb02fb","2bach-mates","topic","sin-determinar","UNMAPPED_TOPIC"
"cand-5f19d713-3ac0-5287-9185-7ecdf5bb02fb","2bach-mates","block","sin-determinar","UNMAPPED_BLOCK"
"cand-2829bc6b-f0c1-583d-b590-28a14c75db7b","2bach-mates","topic","sin-determinar","UNMAPPED_TOPIC"
"cand-2829bc6b-f0c1-583d-b590-28a14c75db7b","2bach-mates","block","sin-determinar","UNMAPPED_BLOCK"
"cand-12c898dd-547d-5ef2-ac10-fb1849a84771","2bach-mates","topic","sin-determinar","UNMAPPED_TOPIC"
"cand-12c898dd-547d-5ef2-ac10-fb1849a84771","2bach-mates","block","sin-determinar","UNMAPPED_BLOCK"
"cand-8c769281-4f2c-5da4-8bf2-345dbf9364da","2bach-mates","topic","sin-determinar","UNMAPPED_TOPIC"
"cand-8c769281-4f2c-5da4-8bf2-345dbf9364da","2bach-mates","block","sin-determinar","UNMAPPED_BLOCK"
"cand-2ad5c09f-0589-5576-9201-6687c598b872","2bach-mates","topic","sin-determinar","UNMAPPED_TOPIC"
"cand-2ad5c09f-0589-5576-9201-6687c598b872","2bach-mates","block","sin-determinar","UNMAPPED_BLOCK"
"cand-6a6c3ef9-e9b1-59ff-b148-1d7fa41ee5af","2bach-mates","topic","sin-determinar","UNMAPPED_TOPIC"
"cand-6a6c3ef9-e9b1-59ff-b148-1d7fa41ee5af","2bach-mates","block","sin-determinar","UNMAPPED_BLOCK"
"cand-cc4b15cf-8b53-5db1-9ef1-c260a1903f60","2bach-mates","topic","sin-determinar","UNMAPPED_TOPIC"
"cand-cc4b15cf-8b53-5db1-9ef1-c260a1903f60","2bach-mates","block","sin-determinar","UNMAPPED_BLOCK"
"cand-1f1b6976-bb72-5ab8-8b84-c97bf69dcce4","2bach-mates","topic","sin-determinar","UNMAPPED_TOPIC"
"cand-1f1b6976-bb72-5ab8-8b84-c97bf69dcce4","2bach-mates","block","sin-determinar","UNMAPPED_BLOCK"
"cand-120961ed-94a9-5f8b-ae08-59a73db8c036","2bach-mates","topic","sin-determinar","UNMAPPED_TOPIC"
"cand-120961ed-94a9-5f8b-ae08-59a73db8c036","2bach-mates","block","sin-determinar","UNMAPPED_BLOCK"
"cand-c1dabcf8-38c6-5dd7-8437-e42b169e4cf2","2bach-mates","topic","sin-determinar","UNMAPPED_TOPIC"
"cand-c1dabcf8-38c6-5dd7-8437-e42b169e4cf2","2bach-mates","block","sin-determinar","UNMAPPED_BLOCK"
"cand-a5d7cea3-4842-55cb-be12-8f26888423bc","2bach-mates","topic","sin-determinar","UNMAPPED_TOPIC"
"cand-a5d7cea3-4842-55cb-be12-8f26888423bc","2bach-mates","block","sin-determinar","UNMAPPED_BLOCK"
"cand-ad714f4f-b096-54e6-b11a-496f8353a07f","2bach-mates","topic","sin-determinar","UNMAPPED_TOPIC"
"cand-ad714f4f-b096-54e6-b11a-496f8353a07f","2bach-mates","block","sin-determinar","UNMAPPED_BLOCK"
"cand-ae294d2c-da15-55ab-bbff-fe0e912f1f30","2bach-mates","topic","sin-determinar","UNMAPPED_TOPIC"
"cand-ae294d2c-da15-55ab-bbff-fe0e912f1f30","2bach-mates","block","sin-determinar","UNMAPPED_BLOCK"
"cand-d11eca2e-a241-551a-a802-6b09ee2c7a7a","2bach-mates","topic","sin-determinar","UNMAPPED_TOPIC"
"cand-d11eca2e-a241-551a-a802-6b09ee2c7a7a","2bach-mates","block","sin-determinar","UNMAPPED_BLOCK"
"cand-36db9133-cc06-5829-a6be-6d70ccde4243","2bach-mates","topic","sin-determinar","UNMAPPED_TOPIC"
"cand-36db9133-cc06-5829-a6be-6d70ccde4243","2bach-mates","block","sin-determinar","UNMAPPED_BLOCK"
"cand-de31f2a4-7075-51c0-b993-6b208eedeb1b","2bach-mates","topic","sin-determinar","UNMAPPED_TOPIC"
"cand-de31f2a4-7075-51c0-b993-6b208eedeb1b","2bach-mates","block","sin-determinar","UNMAPPED_BLOCK"
"cand-318d7eb0-d016-5366-86c0-9ad46b53afdf","2bach-mates","topic","sin-determinar","UNMAPPED_TOPIC"
"cand-318d7eb0-d016-5366-86c0-9ad46b53afdf","2bach-mates","block","sin-determinar","UNMAPPED_BLOCK"
"cand-e3a08f0b-8411-5aa1-a2b3-62cda7d3e44c","2bach-mates","topic","sin-determinar","UNMAPPED_TOPIC"
"cand-e3a08f0b-8411-5aa1-a2b3-62cda7d3e44c","2bach-mates","block","sin-determinar","UNMAPPED_BLOCK"
"cand-4fad0a04-94d6-5bf0-bdd4-4ff520ffa71d","2bach-mates","topic","sin-determinar","UNMAPPED_TOPIC"
"cand-4fad0a04-94d6-5bf0-bdd4-4ff520ffa71d","2bach-mates","block","sin-determinar","UNMAPPED_BLOCK"
"cand-935ec9c6-b595-5d1e-9604-78f1e158f1c7","2bach-mates","topic","sin-determinar","UNMAPPED_TOPIC"
"cand-935ec9c6-b595-5d1e-9604-78f1e158f1c7","2bach-mates","block","sin-determinar","UNMAPPED_BLOCK"
"cand-44270103-8e29-539c-8e53-6e6ecb9e87d2","2bach-mates","topic","sin-determinar","UNMAPPED_TOPIC"
"cand-44270103-8e29-539c-8e53-6e6ecb9e87d2","2bach-mates","block","sin-determinar","UNMAPPED_BLOCK"
"cand-217d71db-9f2f-5782-9469-b2742162fd99","2bach-mates","topic","sin-determinar","UNMAPPED_TOPIC"
"cand-217d71db-9f2f-5782-9469-b2742162fd99","2bach-mates","block","sin-determinar","UNMAPPED_BLOCK"
"cand-1cb09461-648c-560d-b531-8f2166bf5e75","2bach-mates","topic","sin-determinar","UNMAPPED_TOPIC"
"cand-1cb09461-648c-560d-b531-8f2166bf5e75","2bach-mates","block","sin-determinar","UNMAPPED_BLOCK"
"cand-f7c38cf5-b397-538e-9dfe-a34204bebd6d","2bach-mates","topic","sin-determinar","UNMAPPED_TOPIC"
"cand-f7c38cf5-b397-538e-9dfe-a34204bebd6d","2bach-mates","block","sin-determinar","UNMAPPED_BLOCK"
"cand-3b864ed0-4e51-5d80-b8d0-40caa4cb66eb","2bach-mates","topic","sin-determinar","UNMAPPED_TOPIC"
"cand-3b864ed0-4e51-5d80-b8d0-40caa4cb66eb","2bach-mates","block","sin-determinar","UNMAPPED_BLOCK"
"cand-a3fa349b-8834-5557-8c0d-afeaccda8327","2bach-mates","topic","sin-determinar","UNMAPPED_TOPIC"
"cand-a3fa349b-8834-5557-8c0d-afeaccda8327","2bach-mates","block","sin-determinar","UNMAPPED_BLOCK"
"cand-089a8924-6e76-59c5-b3f4-7caaf8e6ab99","2bach-mates","topic","sin-determinar","UNMAPPED_TOPIC"
"cand-089a8924-6e76-59c5-b3f4-7caaf8e6ab99","2bach-mates","block","sin-determinar","UNMAPPED_BLOCK"
"cand-05015519-6823-57c4-8346-75aad87c4a52","2bach-mates","topic","sin-determinar","UNMAPPED_TOPIC"
"cand-05015519-6823-57c4-8346-75aad87c4a52","2bach-mates","block","sin-determinar","UNMAPPED_BLOCK"
"cand-755c2a61-cc67-5994-a81d-a1e50fdaf903","2bach-mates","topic","sin-determinar","UNMAPPED_TOPIC"
"cand-755c2a61-cc67-5994-a81d-a1e50fdaf903","2bach-mates","block","sin-determinar","UNMAPPED_BLOCK"
"cand-b956b5c0-3e2b-564b-8e39-b7b6317bc522","2bach-mates","topic","sin-determinar","UNMAPPED_TOPIC"
"cand-b956b5c0-3e2b-564b-8e39-b7b6317bc522","2bach-mates","block","sin-determinar","UNMAPPED_BLOCK"
"cand-4b7eb6e0-cc8b-5285-bbd4-bb02377d2d08","2bach-mates","topic","sin-determinar","UNMAPPED_TOPIC"
"cand-4b7eb6e0-cc8b-5285-bbd4-bb02377d2d08","2bach-mates","block","sin-determinar","UNMAPPED_BLOCK"
"cand-fa95654a-4dec-564c-b6ff-527c28240ca3","2bach-mates","topic","sin-determinar","UNMAPPED_TOPIC"
"cand-fa95654a-4dec-564c-b6ff-527c28240ca3","2bach-mates","block","sin-determinar","UNMAPPED_BLOCK"
"cand-8bfb2d02-22dc-5886-9347-44d86d06fcd8","2bach-mates","topic","sin-determinar","UNMAPPED_TOPIC"
"cand-8bfb2d02-22dc-5886-9347-44d86d06fcd8","2bach-mates","block","sin-determinar","UNMAPPED_BLOCK"
"cand-752dbf84-d81c-514b-99db-4e0524422f33","2bach-mates","topic","sin-determinar","UNMAPPED_TOPIC"
"cand-752dbf84-d81c-514b-99db-4e0524422f33","2bach-mates","block","sin-determinar","UNMAPPED_BLOCK"
"cand-f919415e-de5a-5628-a055-c6d561dbd780","2bach-mates","topic","sin-determinar","UNMAPPED_TOPIC"
"cand-f919415e-de5a-5628-a055-c6d561dbd780","2bach-mates","block","sin-determinar","UNMAPPED_BLOCK"
"cand-88220509-5b04-5ce7-9b4c-4acce72d10b9","2bach-mates","topic","sin-determinar","UNMAPPED_TOPIC"
"cand-88220509-5b04-5ce7-9b4c-4acce72d10b9","2bach-mates","block","sin-determinar","UNMAPPED_BLOCK"
"cand-0be0ac5a-ef89-5232-aeb5-778201b29f13","2bach-mates","topic","sin-determinar","UNMAPPED_TOPIC"
"cand-0be0ac5a-ef89-5232-aeb5-778201b29f13","2bach-mates","block","sin-determinar","UNMAPPED_BLOCK"
"cand-b0bf85a7-5a7b-50bd-b474-5453543cb74f","2bach-mates","topic","sin-determinar","UNMAPPED_TOPIC"
"cand-b0bf85a7-5a7b-50bd-b474-5453543cb74f","2bach-mates","block","sin-determinar","UNMAPPED_BLOCK"
"cand-9374abb7-ed47-5493-b059-82fbb5c7d390","2bach-mates","topic","sin-determinar","UNMAPPED_TOPIC"
"cand-9374abb7-ed47-5493-b059-82fbb5c7d390","2bach-mates","block","sin-determinar","UNMAPPED_BLOCK"
"cand-ab2872ff-41fe-53e1-a3ad-d003106e7717","2bach-mates","topic","sin-determinar","UNMAPPED_TOPIC"
"cand-ab2872ff-41fe-53e1-a3ad-d003106e7717","2bach-mates","block","sin-determinar","UNMAPPED_BLOCK"
"cand-48d796b6-47c4-5641-8734-b06d91bac276","2bach-mates","topic","sin-determinar","UNMAPPED_TOPIC"
"cand-48d796b6-47c4-5641-8734-b06d91bac276","2bach-mates","block","sin-determinar","UNMAPPED_BLOCK"
"cand-027e56ad-3b22-5572-bbb2-87600a11ac2a","2bach-mates","topic","sin-determinar","UNMAPPED_TOPIC"
"cand-027e56ad-3b22-5572-bbb2-87600a11ac2a","2bach-mates","block","sin-determinar","UNMAPPED_BLOCK"
"cand-670524d2-3971-5c31-b874-e8239f8b4733","2bach-mates","topic","sin-determinar","UNMAPPED_TOPIC"
"cand-670524d2-3971-5c31-b874-e8239f8b4733","2bach-mates","block","sin-determinar","UNMAPPED_BLOCK"
"cand-6bacee71-72a8-5815-ad4b-3809b2a194b3","2bach-mates","topic","sin-determinar","UNMAPPED_TOPIC"
"cand-6bacee71-72a8-5815-ad4b-3809b2a194b3","2bach-mates","block","sin-determinar","UNMAPPED_BLOCK"
"cand-796372d2-cda4-55fc-aa00-387fe8295d9e","2bach-mates","topic","sin-determinar","UNMAPPED_TOPIC"
"cand-796372d2-cda4-55fc-aa00-387fe8295d9e","2bach-mates","block","sin-determinar","UNMAPPED_BLOCK"
"cand-6bf60102-45d5-5d8a-88cf-0de4d179e220","2bach-mates","topic","sin-determinar","UNMAPPED_TOPIC"
"cand-6bf60102-45d5-5d8a-88cf-0de4d179e220","2bach-mates","block","sin-determinar","UNMAPPED_BLOCK"
"cand-2961f9b8-a8c3-589e-a797-16c84dc4faed","2bach-mates","topic","sin-determinar","UNMAPPED_TOPIC"
"cand-2961f9b8-a8c3-589e-a797-16c84dc4faed","2bach-mates","block","sin-determinar","UNMAPPED_BLOCK"
"cand-e80adac5-4387-528f-8581-f6ae8c8df8db","2bach-mates","topic","sin-determinar","UNMAPPED_TOPIC"
"cand-e80adac5-4387-528f-8581-f6ae8c8df8db","2bach-mates","block","sin-determinar","UNMAPPED_BLOCK"
"cand-6afeb3c0-8928-5237-b498-10a1681851d9","2bach-mates","topic","sin-determinar","UNMAPPED_TOPIC"
"cand-6afeb3c0-8928-5237-b498-10a1681851d9","2bach-mates","block","sin-determinar","UNMAPPED_BLOCK"
"cand-ad47b858-6e07-582a-8521-113e8721b876","2bach-mates","topic","sin-determinar","UNMAPPED_TOPIC"
"cand-ad47b858-6e07-582a-8521-113e8721b876","2bach-mates","block","sin-determinar","UNMAPPED_BLOCK"
"cand-cbc97f78-3c55-5468-a2d9-1979f60bd71d","2bach-mates","topic","sin-determinar","UNMAPPED_TOPIC"
"cand-cbc97f78-3c55-5468-a2d9-1979f60bd71d","2bach-mates","block","sin-determinar","UNMAPPED_BLOCK"
"cand-f092d342-cec7-5659-bd68-a651c6446c88","2bach-mates","topic","sin-determinar","UNMAPPED_TOPIC"
"cand-f092d342-cec7-5659-bd68-a651c6446c88","2bach-mates","block","sin-determinar","UNMAPPED_BLOCK"
"cand-26db9653-0fda-5638-bf10-9358c2049c10","2bach-mates","topic","sin-determinar","UNMAPPED_TOPIC"
"cand-26db9653-0fda-5638-bf10-9358c2049c10","2bach-mates","block","sin-determinar","UNMAPPED_BLOCK"
"cand-1fead476-9b52-5e94-9ef3-7f895a80604a","2bach-mates","topic","sin-determinar","UNMAPPED_TOPIC"
"cand-1fead476-9b52-5e94-9ef3-7f895a80604a","2bach-mates","block","sin-determinar","UNMAPPED_BLOCK"
"cand-3d0ecf3b-6780-531b-a8df-7c2f1f9e81d3","2bach-mates","topic","sin-determinar","UNMAPPED_TOPIC"
"cand-bb14d85c-76fd-5a9f-9e0a-0563a7d420ad","2bach-mates","topic","sin-determinar","UNMAPPED_TOPIC"
"cand-c43ade3a-101f-5a46-812d-6178f7e10c01","2bach-mates","topic","sin-determinar","UNMAPPED_TOPIC"
"cand-c43ade3a-101f-5a46-812d-6178f7e10c01","2bach-mates","block","sin-determinar","UNMAPPED_BLOCK"
"cand-d8fe31de-676a-535a-82e6-d9dae207cd8b","2bach-mates","topic","sin-determinar","UNMAPPED_TOPIC"
"cand-d8fe31de-676a-535a-82e6-d9dae207cd8b","2bach-mates","block","sin-determinar","UNMAPPED_BLOCK"
"cand-4d2e1360-934e-5768-a745-5d5e7c4cb6dc","2bach-mates","topic","sin-determinar","UNMAPPED_TOPIC"
"cand-4d2e1360-934e-5768-a745-5d5e7c4cb6dc","2bach-mates","block","sin-determinar","UNMAPPED_BLOCK"
"cand-3bb20da0-a641-55dc-8530-fe1d2bf83ead","2bach-mates","topic","sin-determinar","UNMAPPED_TOPIC"
"cand-3bb20da0-a641-55dc-8530-fe1d2bf83ead","2bach-mates","block","sin-determinar","UNMAPPED_BLOCK"
"cand-91a8e7cd-1baa-5885-a3d4-123c16d5224f","2bach-mates","topic","sin-determinar","UNMAPPED_TOPIC"
"cand-91a8e7cd-1baa-5885-a3d4-123c16d5224f","2bach-mates","block","sin-determinar","UNMAPPED_BLOCK"
"cand-cceb9cd2-0c40-5a39-b81b-e7b0acb2e9bf","2bach-mates","topic","sin-determinar","UNMAPPED_TOPIC"
"cand-cceb9cd2-0c40-5a39-b81b-e7b0acb2e9bf","2bach-mates","block","sin-determinar","UNMAPPED_BLOCK"
"cand-d26e3ee1-463c-5acb-80bd-7e45a4fedf5c","2bach-mates","topic","sin-determinar","UNMAPPED_TOPIC"
"cand-d26e3ee1-463c-5acb-80bd-7e45a4fedf5c","2bach-mates","block","sin-determinar","UNMAPPED_BLOCK"
"cand-1003f21e-fbd5-5809-b80a-9d92f3a532db","2bach-mates","topic","sin-determinar","UNMAPPED_TOPIC"
"cand-1003f21e-fbd5-5809-b80a-9d92f3a532db","2bach-mates","block","sin-determinar","UNMAPPED_BLOCK"
"cand-d8d80a0c-1e1c-58c1-9cf3-d44059fb9c88","2bach-mates","topic","sin-determinar","UNMAPPED_TOPIC"
"cand-fa9c6406-64ce-540f-9feb-212d849455fa","2bach-mates","topic","sin-determinar","UNMAPPED_TOPIC"
"cand-fa9c6406-64ce-540f-9feb-212d849455fa","2bach-mates","block","sin-determinar","UNMAPPED_BLOCK"
"cand-3e38cf73-32f6-5909-9995-a4982cf40211","2bach-mates","topic","sin-determinar","UNMAPPED_TOPIC"
"cand-3e38cf73-32f6-5909-9995-a4982cf40211","2bach-mates","block","sin-determinar","UNMAPPED_BLOCK"
"cand-5a6a99fd-54d3-5856-bd8a-17584f1265fc","2bach-mates","topic","sin-determinar","UNMAPPED_TOPIC"
"cand-5a6a99fd-54d3-5856-bd8a-17584f1265fc","2bach-mates","block","sin-determinar","UNMAPPED_BLOCK"
"cand-3add2694-e8a1-5648-b9c8-dc19e4bd7f68","2bach-mates","topic","sin-determinar","UNMAPPED_TOPIC"
"cand-3add2694-e8a1-5648-b9c8-dc19e4bd7f68","2bach-mates","block","sin-determinar","UNMAPPED_BLOCK"
"cand-9e7d30ff-f25e-5b6c-8468-a5aa57a2f763","2bach-mates","topic","sin-determinar","UNMAPPED_TOPIC"
"cand-9e7d30ff-f25e-5b6c-8468-a5aa57a2f763","2bach-mates","block","sin-determinar","UNMAPPED_BLOCK"
"cand-3aefff3c-55d0-5deb-951e-17f7ea4f7185","2bach-mates","topic","sin-determinar","UNMAPPED_TOPIC"
"cand-3aefff3c-55d0-5deb-951e-17f7ea4f7185","2bach-mates","block","sin-determinar","UNMAPPED_BLOCK"
"cand-8233b774-80ae-57c5-a13b-8344a7c6e59d","2bach-mates","topic","sin-determinar","UNMAPPED_TOPIC"
"cand-8233b774-80ae-57c5-a13b-8344a7c6e59d","2bach-mates","block","sin-determinar","UNMAPPED_BLOCK"
"cand-d24f1c3e-d27c-52e6-bfce-9f0ddf7b0ec9","2bach-mates","topic","sin-determinar","UNMAPPED_TOPIC"
"cand-d24f1c3e-d27c-52e6-bfce-9f0ddf7b0ec9","2bach-mates","block","sin-determinar","UNMAPPED_BLOCK"
"cand-d606c2a4-17c1-5a3e-9fbd-edc415288dcd","2bach-mates","topic","sin-determinar","UNMAPPED_TOPIC"
"cand-d606c2a4-17c1-5a3e-9fbd-edc415288dcd","2bach-mates","block","sin-determinar","UNMAPPED_BLOCK"
"cand-00c5cba0-6017-5af3-b685-752ff248ffad","2bach-mates","topic","sin-determinar","UNMAPPED_TOPIC"
"cand-00c5cba0-6017-5af3-b685-752ff248ffad","2bach-mates","block","sin-determinar","UNMAPPED_BLOCK"
"cand-e1e1a4c2-d8f2-5ede-bb32-af9128f0a92a","2bach-mates","topic","sin-determinar","UNMAPPED_TOPIC"
"cand-e1e1a4c2-d8f2-5ede-bb32-af9128f0a92a","2bach-mates","block","sin-determinar","UNMAPPED_BLOCK"
"cand-df90c608-584c-5601-8ddf-8e7de466f461","2bach-mates","topic","sin-determinar","UNMAPPED_TOPIC"
"cand-df90c608-584c-5601-8ddf-8e7de466f461","2bach-mates","block","sin-determinar","UNMAPPED_BLOCK"
"cand-56fe8b18-2ae4-5afe-a072-99c66f2d0356","2bach-mates","topic","sin-determinar","UNMAPPED_TOPIC"
"cand-56fe8b18-2ae4-5afe-a072-99c66f2d0356","2bach-mates","block","sin-determinar","UNMAPPED_BLOCK"
"cand-e857fa23-ce20-5502-a4f6-dba6cdeac171","2bach-mates","topic","sin-determinar","UNMAPPED_TOPIC"
"cand-e857fa23-ce20-5502-a4f6-dba6cdeac171","2bach-mates","block","sin-determinar","UNMAPPED_BLOCK"
"cand-c79b422e-c2fe-55a1-85c9-345ced6d921a","2bach-mates","topic","sin-determinar","UNMAPPED_TOPIC"
"cand-c79b422e-c2fe-55a1-85c9-345ced6d921a","2bach-mates","block","sin-determinar","UNMAPPED_BLOCK"
"cand-915fd934-20ba-5a85-b635-83ddab3c66e4","2bach-mates","topic","sin-determinar","UNMAPPED_TOPIC"
"cand-915fd934-20ba-5a85-b635-83ddab3c66e4","2bach-mates","block","sin-determinar","UNMAPPED_BLOCK"
"cand-61666a6e-7897-5941-8323-c310aae58bf7","2bach-mates","topic","sin-determinar","UNMAPPED_TOPIC"
"cand-61666a6e-7897-5941-8323-c310aae58bf7","2bach-mates","block","sin-determinar","UNMAPPED_BLOCK"
"cand-08da6f87-91cc-5639-bd0d-e2646754e0b9","2bach-mates","topic","sin-determinar","UNMAPPED_TOPIC"
"cand-08da6f87-91cc-5639-bd0d-e2646754e0b9","2bach-mates","block","sin-determinar","UNMAPPED_BLOCK"
"cand-f7f71de4-5516-5ebd-b6d8-944a42549fab","2bach-mates","topic","sin-determinar","UNMAPPED_TOPIC"
"cand-f7f71de4-5516-5ebd-b6d8-944a42549fab","2bach-mates","block","sin-determinar","UNMAPPED_BLOCK"
"cand-9e475abb-cdc6-559f-ae7f-8f774d406c40","2bach-mates","topic","sin-determinar","UNMAPPED_TOPIC"
"cand-9e475abb-cdc6-559f-ae7f-8f774d406c40","2bach-mates","block","sin-determinar","UNMAPPED_BLOCK"
"cand-39aa4667-d00c-556a-9928-ebc26a90c892","2bach-mates","topic","sin-determinar","UNMAPPED_TOPIC"
"cand-39aa4667-d00c-556a-9928-ebc26a90c892","2bach-mates","block","sin-determinar","UNMAPPED_BLOCK"
"cand-5708d311-0e3a-5805-bae4-0239348f50e1","2bach-mates","topic","sin-determinar","UNMAPPED_TOPIC"
"cand-5708d311-0e3a-5805-bae4-0239348f50e1","2bach-mates","block","sin-determinar","UNMAPPED_BLOCK"
"cand-b6ca6f06-c0e3-520b-9709-0114616e5fd7","2bach-mates","topic","sin-determinar","UNMAPPED_TOPIC"
"cand-b6ca6f06-c0e3-520b-9709-0114616e5fd7","2bach-mates","block","sin-determinar","UNMAPPED_BLOCK"
"cand-296f5a3c-f172-5322-b150-8a3157918f9a","2bach-mates","topic","sin-determinar","UNMAPPED_TOPIC"
"cand-296f5a3c-f172-5322-b150-8a3157918f9a","2bach-mates","block","sin-determinar","UNMAPPED_BLOCK"
"cand-5cfc18a1-b1a3-5c83-9f38-3b8bbd039b09","2bach-mates","topic","sin-determinar","UNMAPPED_TOPIC"
"cand-5cfc18a1-b1a3-5c83-9f38-3b8bbd039b09","2bach-mates","block","sin-determinar","UNMAPPED_BLOCK"
"cand-14142200-9df4-5e04-b065-84671ca8ed5e","2bach-mates","topic","sin-determinar","UNMAPPED_TOPIC"
"cand-14142200-9df4-5e04-b065-84671ca8ed5e","2bach-mates","block","sin-determinar","UNMAPPED_BLOCK"
