originalIdentity,candidateId,exerciseId,courseId,subjectId,community,state,inaccessibleCause,publicationImpediments,sourceRecordIds
"ccss-i-original-inequalities-lamps-feasible","cand-c8081b71-289d-5d4f-b127-29767d958f46","ex-697e7a99-fe4f-50d4-8b53-346f0f61e8ab","1bach-ccss","matematicas-ccss-i","","BLOCKED","LOADED_NOT_MATERIALIZED_BY_CURRENT_ROUTES","[""MODALITIES_MISSING"",""MODALITY_UNDEMONSTRATED"",""UNMAPPED_TOPIC"",""REVIEW_FINDINGS_OPEN"",""SOLUTION_DEVELOPMENT_INSUFFICIENT"",""SOLUTION_REVIEW_REQUIRED"",""SYMBOLIC_EQUIVALENCE_NOT_PROVEN""]","[""src-2db5f6af-4700-5ce3-8796-1594f8da144b""]"
"ccss-i-original-inequalities-oil-mixture","cand-53b73a36-31ef-5bff-af2a-360d41b17d47","ex-a386d999-d7b6-57ed-86ed-a9236b8efa19","1bach-ccss","matematicas-ccss-i","","BLOCKED","LOADED_NOT_MATERIALIZED_BY_CURRENT_ROUTES","[""MODALITIES_MISSING"",""MODALITY_UNDEMONSTRATED"",""UNMAPPED_TOPIC"",""REVIEW_FINDINGS_OPEN"",""SOLUTION_DEVELOPMENT_INSUFFICIENT"",""SOLUTION_REVIEW_REQUIRED"",""SYMBOLIC_EQUIVALENCE_NOT_PROVEN""]","[""src-ba5b4190-1a26-561d-8214-02ec4dbdf54a""]"
"ccss-i-original-inequalities-pens-feasible","cand-edc41e18-26e3-5721-a04a-78650d7d6c9d","ex-b0fd6e94-d1e3-556d-9fec-77f06f2fb24d","1bach-ccss","matematicas-ccss-i","","BLOCKED","LOADED_NOT_MATERIALIZED_BY_CURRENT_ROUTES","[""MODALITIES_MISSING"",""MODALITY_UNDEMONSTRATED"",""UNMAPPED_TOPIC"",""REVIEW_FINDINGS_OPEN"",""SOLUTION_DEVELOPMENT_INSUFFICIENT"",""SOLUTION_REVIEW_REQUIRED"",""SYMBOLIC_EQUIVALENCE_NOT_PROVEN""]","[""src-2c682c8d-f314-5ec1-98c2-a5325e648de5""]"
"ccss-i-original-inequalities-sales-commission","cand-89376f77-31eb-55b0-b65f-4a28979ad71c","ex-2e9b636d-23a1-52a5-8b1a-db7bc209b7f1","1bach-ccss","matematicas-ccss-i","","BLOCKED","LOADED_NOT_MATERIALIZED_BY_CURRENT_ROUTES","[""MODALITIES_MISSING"",""MODALITY_UNDEMONSTRATED"",""UNMAPPED_TOPIC"",""REVIEW_FINDINGS_OPEN"",""SOLUTION_DEVELOPMENT_INSUFFICIENT"",""SOLUTION_REVIEW_REQUIRED"",""SYMBOLIC_EQUIVALENCE_NOT_PROVEN""]","[""src-3bc9cbd7-7f50-5cb0-81a5-e6367ae511e3""]"
"ccss-i-original-inequalities-train-feasible","cand-577b5c1d-ba36-54f6-a90d-d73f5b64d282","ex-9c6044b2-c2f9-5803-bf00-1924dbf4a1b5","1bach-ccss","matematicas-ccss-i","","BLOCKED","LOADED_NOT_MATERIALIZED_BY_CURRENT_ROUTES","[""MODALITIES_MISSING"",""MODALITY_UNDEMONSTRATED"",""UNMAPPED_TOPIC"",""REVIEW_FINDINGS_OPEN"",""SOLUTION_DEVELOPMENT_INSUFFICIENT"",""SOLUTION_REVIEW_REQUIRED"",""SYMBOLIC_EQUIVALENCE_NOT_PROVEN""]","[""src-8665f936-855f-54e6-baf6-c5ed74ff282f""]"
"ccss-i-original-stat-dataset-range","cand-9b44a663-aab4-597f-98a2-465f772bb2e4","ex-024ddb44-9c23-5675-a8bf-987ce8df247e","1bach-ccss","matematicas-ccss-i","","BLOCKED","LOADED_NOT_MATERIALIZED_BY_CURRENT_ROUTES","[""CHOICE_DUPLICATED"",""MODALITIES_MISSING"",""MODALITY_UNDEMONSTRATED"",""MULTIPLE_CORRECT_EQUIVALENTS"",""UNMAPPED_TOPIC"",""REVIEW_FINDINGS_OPEN"",""SOLUTION_DEVELOPMENT_INSUFFICIENT"",""SOLUTION_REVIEW_REQUIRED""]","[""src-59e9101a-8601-5ee3-95f2-bbd9261242d0""]"
"ccss2-algebra-922108cb6e0a-acciones","cand-76713052-f071-52f9-9d62-7193a3bea394","ex-f386e196-1f5a-5db7-a0c3-17adf38ca05a","2bach-ccss","matematicas-ccss-ii","Castilla-La Mancha","BLOCKED","EXACT_DUPLICATE_ACCESSIBLE_ELSEWHERE","[""ANSWER_MISSING"",""MODALITIES_MISSING"",""MODALITY_UNDEMONSTRATED"",""SOLUTION_MISSING"",""UNMAPPED_TOPIC"",""PAU_MODALITY_UNDECLARED"",""SOLUTION_REVIEW_REQUIRED""]","[""src-a0b3df49-9b72-53bc-a257-6c45bffe76a0""]"
"ccss2-analisis-6fb47f3cb8db","cand-591376d7-5257-5dd9-bd86-6d17ded483c7","ex-a0da2490-836a-58cd-a5a8-d9d0f731e019","2bach-ccss","matematicas-ccss-ii","Castilla-La Mancha","BLOCKED","LOADED_NOT_MATERIALIZED_BY_CURRENT_ROUTES","[""ANSWER_MISSING"",""MODALITIES_MISSING"",""MODALITY_UNDEMONSTRATED"",""SOLUTION_MISSING"",""UNMAPPED_TOPIC"",""PAU_MODALITY_UNDECLARED"",""SOLUTION_REVIEW_REQUIRED""]","[""src-e734be97-2608-59fb-9ff5-73e20ba2cc08""]"
"ccss2-analisis-767a8fb58506","cand-96ab4638-37ec-5763-89fd-9470da9027c5","ex-f3238d3a-9ead-5784-bab5-d0c8fbf16d9d","2bach-ccss","matematicas-ccss-ii","Castilla-La Mancha","BLOCKED","LOADED_NOT_MATERIALIZED_BY_CURRENT_ROUTES","[""ANSWER_MISSING"",""MODALITIES_MISSING"",""MODALITY_UNDEMONSTRATED"",""SOLUTION_MISSING"",""UNMAPPED_TOPIC"",""PAU_MODALITY_UNDECLARED"",""SOLUTION_REVIEW_REQUIRED""]","[""src-4863ea33-de5e-5199-93d1-9a9b7c6705b5""]"
"ccss2-analisis-9b6c41f5b7e3","cand-6858ab73-0a57-56bd-a121-1c428ce29442","ex-85204d42-e6aa-57da-852c-7812b593dc93","2bach-ccss","matematicas-ccss-ii","Castilla-La Mancha","BLOCKED","LOADED_NOT_MATERIALIZED_BY_CURRENT_ROUTES","[""ANSWER_MISSING"",""MODALITIES_MISSING"",""MODALITY_UNDEMONSTRATED"",""SOLUTION_MISSING"",""UNMAPPED_TOPIC"",""PAU_MODALITY_UNDECLARED"",""SOLUTION_REVIEW_REQUIRED""]","[""src-6baa7c50-73fa-58c1-8326-d29e2355d5e1""]"
"ccss2-analisis-add54a8ef955","cand-b44617fb-f6bb-50c6-bdc4-1de1d83d2216","ex-fc1665bb-7416-55be-9f90-0003a578a33d","2bach-ccss","matematicas-ccss-ii","Castilla-La Mancha","BLOCKED","LOADED_NOT_MATERIALIZED_BY_CURRENT_ROUTES","[""ANSWER_MISSING"",""MODALITIES_MISSING"",""MODALITY_UNDEMONSTRATED"",""SOLUTION_MISSING"",""UNMAPPED_TOPIC"",""PAU_MODALITY_UNDECLARED"",""SOLUTION_REVIEW_REQUIRED""]","[""src-cf18a0ec-3d1f-50fd-8620-bfdcfaa61c76""]"
"ccss2-analisis-b62abf6d5c57","cand-8f2c86cc-c939-5be7-ae3b-cfc6661e4eae","ex-6643cb67-b501-53fa-930b-3adb3a1b6ad5","2bach-ccss","matematicas-ccss-ii","Castilla-La Mancha","BLOCKED","LOADED_NOT_MATERIALIZED_BY_CURRENT_ROUTES","[""ANSWER_MISSING"",""MODALITIES_MISSING"",""MODALITY_UNDEMONSTRATED"",""SOLUTION_MISSING"",""UNMAPPED_TOPIC"",""PAU_MODALITY_UNDECLARED"",""SOLUTION_REVIEW_REQUIRED""]","[""src-79dd838c-29fb-58a9-a930-064af4200396""]"
"ccss2-analisis-c1fefc343cb7","cand-49a076d4-6ba6-5876-99af-fdc8bb839f31","ex-3036a30e-6010-5235-9832-94510a099ef7","2bach-ccss","matematicas-ccss-ii","Castilla-La Mancha","BLOCKED","LOADED_NOT_MATERIALIZED_BY_CURRENT_ROUTES","[""ANSWER_MISSING"",""MODALITIES_MISSING"",""MODALITY_UNDEMONSTRATED"",""SOLUTION_MISSING"",""UNMAPPED_TOPIC"",""MATH_REPRESENTATION_UNDECLARED"",""PAU_MODALITY_UNDECLARED"",""SOLUTION_REVIEW_REQUIRED""]","[""src-22f84a89-c7e3-5f39-b8e9-e1d1ecab3c41""]"
"ccss2-analisis-d7d531d9b22d-globo-b","cand-b55d672d-78d9-59f7-809b-19608a76d3cf","ex-da4d3005-5c8e-59ac-b377-a96dd1f73dbc","2bach-ccss","matematicas-ccss-ii","Castilla-La Mancha","BLOCKED","LOADED_NOT_MATERIALIZED_BY_CURRENT_ROUTES","[""ANSWER_MISSING"",""MODALITIES_MISSING"",""MODALITY_UNDEMONSTRATED"",""SOLUTION_MISSING"",""UNMAPPED_TOPIC"",""PAU_MODALITY_UNDECLARED"",""SOLUTION_REVIEW_REQUIRED""]","[""src-7bb76065-2417-52fd-bd89-5e73791da030""]"
"ccss2-analisis-ef3faa073aff","cand-3f9ad5c2-c143-5ae7-b0e4-87356282fa6b","ex-66687076-dba2-5db2-879e-73a1e0ca94eb","2bach-ccss","matematicas-ccss-ii","Castilla-La Mancha","BLOCKED","LOADED_NOT_MATERIALIZED_BY_CURRENT_ROUTES","[""ANSWER_MISSING"",""MODALITIES_MISSING"",""MODALITY_UNDEMONSTRATED"",""SOLUTION_MISSING"",""UNMAPPED_TOPIC"",""MATH_REPRESENTATION_UNDECLARED"",""PAU_MODALITY_UNDECLARED"",""SOLUTION_REVIEW_REQUIRED""]","[""src-b9e2deee-10c3-5c36-b182-7f8461b0aa07""]"
"ccss2-def-01","cand-ae212a65-17b3-5866-937e-6005c6272549","ex-10d775a2-aa83-564b-85e4-80e768842f66","2bach-ccss","matematicas-ccss-ii","","BLOCKED","LOADED_NOT_MATERIALIZED_BY_CURRENT_ROUTES","[""COMMUNITY_UNMAPPED"",""MODALITIES_MISSING"",""MODALITY_UNDEMONSTRATED"",""PAU_COMMUNITY_MISSING"",""UNMAPPED_TOPIC"",""PAU_DETAIL_INCOMPLETE"",""PAU_MODALITY_UNDECLARED""]","[""src-b6a38095-aecc-5d89-a271-f55b66899013""]"
"ccss2-def-02","cand-c973baca-28dd-512a-bb70-e16606557e24","ex-58ad8723-3962-5f9b-a054-1952f2fff728","2bach-ccss","matematicas-ccss-ii","","BLOCKED","LOADED_NOT_MATERIALIZED_BY_CURRENT_ROUTES","[""COMMUNITY_UNMAPPED"",""MODALITIES_MISSING"",""MODALITY_UNDEMONSTRATED"",""PAU_COMMUNITY_MISSING"",""UNMAPPED_TOPIC"",""PAU_DETAIL_INCOMPLETE"",""PAU_MODALITY_UNDECLARED""]","[""src-0807e8d2-ca15-50dd-a5ee-2dbfa2fb2ce4""]"
"ccss2-def-04","cand-bd12088e-a2ad-5200-83be-3b5e63c9d1ec","ex-9001842c-2d44-56d6-8795-f354719c7797","2bach-ccss","matematicas-ccss-ii","","BLOCKED","LOADED_NOT_MATERIALIZED_BY_CURRENT_ROUTES","[""COMMUNITY_UNMAPPED"",""MODALITIES_MISSING"",""MODALITY_UNDEMONSTRATED"",""PAU_COMMUNITY_MISSING"",""UNMAPPED_TOPIC"",""PAU_DETAIL_INCOMPLETE"",""PAU_MODALITY_UNDECLARED""]","[""src-ab69ccb7-4d74-5e8b-a39e-a500f66ff295""]"
"ccss2-def-05","cand-f9cbd5c4-0bb6-5f24-91c5-351d69e7f0cc","ex-60364ebe-6f7f-5c76-b0a1-42b07cb7ba18","2bach-ccss","matematicas-ccss-ii","","BLOCKED","LOADED_NOT_MATERIALIZED_BY_CURRENT_ROUTES","[""COMMUNITY_UNMAPPED"",""MODALITIES_MISSING"",""MODALITY_UNDEMONSTRATED"",""PAU_COMMUNITY_MISSING"",""UNMAPPED_TOPIC"",""PAU_DETAIL_INCOMPLETE"",""PAU_MODALITY_UNDECLARED""]","[""src-efcac82b-4d59-5992-bc00-a456de9f13b0""]"
"ccss2-def-06","cand-667a865c-a784-5500-9608-08731f3fc04b","ex-b797b42b-a13d-573a-b203-32eae43fa06c","2bach-ccss","matematicas-ccss-ii","","BLOCKED","LOADED_NOT_MATERIALIZED_BY_CURRENT_ROUTES","[""COMMUNITY_UNMAPPED"",""MODALITIES_MISSING"",""MODALITY_UNDEMONSTRATED"",""PAU_COMMUNITY_MISSING"",""UNMAPPED_TOPIC"",""PAU_DETAIL_INCOMPLETE"",""PAU_MODALITY_UNDECLARED""]","[""src-87a8221b-d012-5802-a38f-5e675d222116""]"
"ccss2-def-07","cand-9d3e1640-4a9e-5d84-8cd4-700020df7103","ex-acfa08a7-4603-5354-9154-bfeab6777f0b","2bach-ccss","matematicas-ccss-ii","","BLOCKED","LOADED_NOT_MATERIALIZED_BY_CURRENT_ROUTES","[""COMMUNITY_UNMAPPED"",""MODALITIES_MISSING"",""MODALITY_UNDEMONSTRATED"",""PAU_COMMUNITY_MISSING"",""UNMAPPED_TOPIC"",""PAU_DETAIL_INCOMPLETE"",""PAU_MODALITY_UNDECLARED""]","[""src-d88b5d9f-a53d-5b0f-95cd-0011d379fc42""]"
"ccss2-def-08","cand-5c95cfc7-2f05-590b-974b-d3894d9ba39a","ex-e200d0a0-c0ce-5268-85c8-5b4400bbaf89","2bach-ccss","matematicas-ccss-ii","","BLOCKED","LOADED_NOT_MATERIALIZED_BY_CURRENT_ROUTES","[""COMMUNITY_UNMAPPED"",""MODALITIES_MISSING"",""MODALITY_UNDEMONSTRATED"",""PAU_COMMUNITY_MISSING"",""UNMAPPED_TOPIC"",""PAU_DETAIL_INCOMPLETE"",""PAU_MODALITY_UNDECLARED""]","[""src-bdf95411-a67e-56d4-8cfb-ec4e8459d6c0""]"
"ccss2-def-09","cand-c5d7aa8c-ba4c-5956-8f06-b0c1415a87ad","ex-d585bbe1-0c54-529d-8e7b-0e13bfa1f00d","2bach-ccss","matematicas-ccss-ii","","BLOCKED","LOADED_NOT_MATERIALIZED_BY_CURRENT_ROUTES","[""COMMUNITY_UNMAPPED"",""MODALITIES_MISSING"",""MODALITY_UNDEMONSTRATED"",""PAU_COMMUNITY_MISSING"",""UNMAPPED_TOPIC"",""PAU_DETAIL_INCOMPLETE"",""PAU_MODALITY_UNDECLARED"",""SOLUTION_DEVELOPMENT_INSUFFICIENT""]","[""src-3d95f5ad-3cbb-5b99-a7b7-a04d841b0299""]"
"ccss2-def-11","cand-133b6a9a-1a4a-5514-a70f-997d2b048983","ex-11cab6a4-8fdd-5644-acbc-fedbf13c301b","2bach-ccss","matematicas-ccss-ii","","BLOCKED","LOADED_NOT_MATERIALIZED_BY_CURRENT_ROUTES","[""COMMUNITY_UNMAPPED"",""MODALITIES_MISSING"",""MODALITY_UNDEMONSTRATED"",""PAU_COMMUNITY_MISSING"",""UNMAPPED_TOPIC"",""PAU_DETAIL_INCOMPLETE"",""PAU_MODALITY_UNDECLARED""]","[""src-105e90a3-b458-56f7-8fa8-6998e9bcf3fe""]"
"ccss2-def-12","cand-b80c74bb-4de7-5aa9-b752-a7d91d5f8f90","ex-be90915e-a964-5af2-b6dd-22eff4edcb65","2bach-ccss","matematicas-ccss-ii","","BLOCKED","LOADED_NOT_MATERIALIZED_BY_CURRENT_ROUTES","[""COMMUNITY_UNMAPPED"",""MODALITIES_MISSING"",""MODALITY_UNDEMONSTRATED"",""PAU_COMMUNITY_MISSING"",""UNMAPPED_TOPIC"",""PAU_DETAIL_INCOMPLETE"",""PAU_MODALITY_UNDECLARED""]","[""src-f2b42b9e-b6e9-5404-930e-263812ef6172""]"
"ccss2-ind-01","cand-752a0227-e5cf-513d-b2c8-985a957a860b","ex-cc6412b7-6bf8-5e3a-b206-25f070f6d657","2bach-ccss","matematicas-ccss-ii","","BLOCKED","LOADED_NOT_MATERIALIZED_BY_CURRENT_ROUTES","[""COMMUNITY_UNMAPPED"",""MODALITIES_MISSING"",""MODALITY_UNDEMONSTRATED"",""PAU_COMMUNITY_MISSING"",""UNMAPPED_TOPIC"",""PAU_DETAIL_INCOMPLETE"",""PAU_MODALITY_UNDECLARED"",""SYMBOLIC_EQUIVALENCE_NOT_PROVEN""]","[""src-53ec8a9c-428d-5ae3-8c15-11c2d6378470""]"
"ccss2-ind-03","cand-aed95de8-eec4-552d-8743-b5d51ceb6294","ex-4475fcf0-1015-51d5-9b16-d2421100a803","2bach-ccss","matematicas-ccss-ii","","BLOCKED","LOADED_NOT_MATERIALIZED_BY_CURRENT_ROUTES","[""COMMUNITY_UNMAPPED"",""MODALITIES_MISSING"",""MODALITY_UNDEMONSTRATED"",""PAU_COMMUNITY_MISSING"",""UNMAPPED_TOPIC"",""PAU_DETAIL_INCOMPLETE"",""PAU_MODALITY_UNDECLARED""]","[""src-478181cc-b275-5e8f-acaf-7fcc773fd918""]"
"ccss2-ind-06","cand-08298b78-72a7-5301-b114-86b44c399818","ex-5878bca9-2734-541c-a9be-a0d29b48ffa6","2bach-ccss","matematicas-ccss-ii","","BLOCKED","LOADED_NOT_MATERIALIZED_BY_CURRENT_ROUTES","[""COMMUNITY_UNMAPPED"",""MODALITIES_MISSING"",""MODALITY_UNDEMONSTRATED"",""PAU_COMMUNITY_MISSING"",""UNMAPPED_TOPIC"",""PAU_DETAIL_INCOMPLETE"",""PAU_MODALITY_UNDECLARED""]","[""src-91491ae9-fd3f-5a09-b1eb-10825048b2c7""]"
"ccss2-ind-08","cand-2afea60d-a785-5fce-bc1b-aa2d3a148fd0","ex-8d586526-f808-5db4-9907-c34964464327","2bach-ccss","matematicas-ccss-ii","","BLOCKED","LOADED_NOT_MATERIALIZED_BY_CURRENT_ROUTES","[""COMMUNITY_UNMAPPED"",""MODALITIES_MISSING"",""MODALITY_UNDEMONSTRATED"",""PAU_COMMUNITY_MISSING"",""UNMAPPED_TOPIC"",""PAU_DETAIL_INCOMPLETE"",""PAU_MODALITY_UNDECLARED"",""SYMBOLIC_EQUIVALENCE_NOT_PROVEN""]","[""src-eb9f360c-c6bd-57ec-8020-72bc4f0584d1""]"
"ccss2-ind-09","cand-074621ca-196f-5537-8ec6-54939e69d52e","ex-75604737-6ea1-578a-9a2c-4950ec67bbfa","2bach-ccss","matematicas-ccss-ii","","BLOCKED","LOADED_NOT_MATERIALIZED_BY_CURRENT_ROUTES","[""COMMUNITY_UNMAPPED"",""MODALITIES_MISSING"",""MODALITY_UNDEMONSTRATED"",""PAU_COMMUNITY_MISSING"",""UNMAPPED_TOPIC"",""PAU_DETAIL_INCOMPLETE"",""PAU_MODALITY_UNDECLARED"",""SYMBOLIC_EQUIVALENCE_NOT_PROVEN""]","[""src-b15503c6-9800-51ee-9f51-28d9845e995b""]"
"ccss2-ind-11","cand-4b45bed5-2fac-5c84-9254-0f36362370eb","ex-abfde854-5ab6-573d-8b2f-48cd53f61218","2bach-ccss","matematicas-ccss-ii","","BLOCKED","LOADED_NOT_MATERIALIZED_BY_CURRENT_ROUTES","[""COMMUNITY_UNMAPPED"",""MODALITIES_MISSING"",""MODALITY_UNDEMONSTRATED"",""PAU_COMMUNITY_MISSING"",""UNMAPPED_TOPIC"",""PAU_DETAIL_INCOMPLETE"",""PAU_MODALITY_UNDECLARED"",""SYMBOLIC_EQUIVALENCE_NOT_PROVEN""]","[""src-f32a6384-4718-5902-8e89-0e1080a32352""]"
"ccss2-ind-12","cand-30df3f01-db0d-5393-9c27-85a3bdb26e9d","ex-76e1dbb8-b95a-5889-b185-0e9ad10acd58","2bach-ccss","matematicas-ccss-ii","","BLOCKED","LOADED_NOT_MATERIALIZED_BY_CURRENT_ROUTES","[""COMMUNITY_UNMAPPED"",""MODALITIES_MISSING"",""MODALITY_UNDEMONSTRATED"",""PAU_COMMUNITY_MISSING"",""UNMAPPED_TOPIC"",""PAU_DETAIL_INCOMPLETE"",""PAU_MODALITY_UNDECLARED"",""SOLUTION_DEVELOPMENT_INSUFFICIENT"",""SYMBOLIC_EQUIVALENCE_NOT_PROVEN""]","[""src-8d45ff35-1862-58ad-9436-32871cbdf504""]"
"ccss2-ind-14","cand-170559e0-e6e5-5ff8-be81-6d5959145661","ex-5736b740-1981-5bfd-b6b7-fefdce49842c","2bach-ccss","matematicas-ccss-ii","","BLOCKED","LOADED_NOT_MATERIALIZED_BY_CURRENT_ROUTES","[""COMMUNITY_UNMAPPED"",""MODALITIES_MISSING"",""MODALITY_UNDEMONSTRATED"",""PAU_COMMUNITY_MISSING"",""UNMAPPED_TOPIC"",""PAU_DETAIL_INCOMPLETE"",""PAU_MODALITY_UNDECLARED""]","[""src-d6e81149-3ab0-5874-9fa7-58c8cd6ecefb""]"
"ccss2-ind-15","cand-7743c831-38c0-5c6a-b8f3-26fe76db1fd2","ex-446578cd-782c-5042-a35e-6a55ce71028f","2bach-ccss","matematicas-ccss-ii","","BLOCKED","LOADED_NOT_MATERIALIZED_BY_CURRENT_ROUTES","[""COMMUNITY_UNMAPPED"",""MODALITIES_MISSING"",""MODALITY_UNDEMONSTRATED"",""PAU_COMMUNITY_MISSING"",""UNMAPPED_TOPIC"",""PAU_DETAIL_INCOMPLETE"",""PAU_MODALITY_UNDECLARED""]","[""src-8bfbee93-4213-51d6-a017-2a62d20019eb""]"
"ccss2-ind-16","cand-efeb9c2c-5f96-514f-ac8e-63be98e262d3","ex-c3a73ce6-455c-52f5-8726-0fc58729bba5","2bach-ccss","matematicas-ccss-ii","","BLOCKED","LOADED_NOT_MATERIALIZED_BY_CURRENT_ROUTES","[""COMMUNITY_UNMAPPED"",""MODALITIES_MISSING"",""MODALITY_UNDEMONSTRATED"",""PAU_COMMUNITY_MISSING"",""UNMAPPED_TOPIC"",""PAU_DETAIL_INCOMPLETE"",""PAU_MODALITY_UNDECLARED"",""SOLUTION_DEVELOPMENT_INSUFFICIENT""]","[""src-0c9c0d80-9224-52ef-941b-5cd65a8ea232""]"
"ccss2-ind-18","cand-80e12c1d-34fd-569f-85be-1431f219d5ae","ex-9c7f5921-7344-54e3-a4c3-a94e930afa08","2bach-ccss","matematicas-ccss-ii","","BLOCKED","LOADED_NOT_MATERIALIZED_BY_CURRENT_ROUTES","[""COMMUNITY_UNMAPPED"",""MODALITIES_MISSING"",""MODALITY_UNDEMONSTRATED"",""PAU_COMMUNITY_MISSING"",""UNMAPPED_TOPIC"",""PAU_DETAIL_INCOMPLETE"",""PAU_MODALITY_UNDECLARED""]","[""src-0a6b7752-7bb3-5233-acdb-694494777162""]"
"ccss2-ind-19","cand-f76e28bd-4157-55d4-be88-336baa9707ff","ex-3f78593b-776a-58c3-8f4d-572389ef7b91","2bach-ccss","matematicas-ccss-ii","","BLOCKED","LOADED_NOT_MATERIALIZED_BY_CURRENT_ROUTES","[""COMMUNITY_UNMAPPED"",""MODALITIES_MISSING"",""MODALITY_UNDEMONSTRATED"",""PAU_COMMUNITY_MISSING"",""UNMAPPED_TOPIC"",""PAU_DETAIL_INCOMPLETE"",""PAU_MODALITY_UNDECLARED"",""SYMBOLIC_EQUIVALENCE_NOT_PROVEN""]","[""src-1dc63a34-6c39-5141-bd54-73e461ea9971""]"
"ccss2-ind-20","cand-31f3f70b-b145-5cbd-8854-07ff9f199025","ex-ba885104-0934-52ce-90a5-16237593932e","2bach-ccss","matematicas-ccss-ii","","BLOCKED","LOADED_NOT_MATERIALIZED_BY_CURRENT_ROUTES","[""COMMUNITY_UNMAPPED"",""MODALITIES_MISSING"",""MODALITY_UNDEMONSTRATED"",""PAU_COMMUNITY_MISSING"",""UNMAPPED_TOPIC"",""PAU_DETAIL_INCOMPLETE"",""PAU_MODALITY_UNDECLARED"",""SYMBOLIC_EQUIVALENCE_NOT_PROVEN""]","[""src-dd8daba8-e30c-5ae9-a429-051559ca0586""]"
"ccss2-ind-21","cand-2b0c02f6-0a57-51c7-879c-401cfcfef342","ex-1ae3ba22-dab7-5aa0-98d0-2b851c8f77a0","2bach-ccss","matematicas-ccss-ii","","BLOCKED","LOADED_NOT_MATERIALIZED_BY_CURRENT_ROUTES","[""COMMUNITY_UNMAPPED"",""MODALITIES_MISSING"",""MODALITY_UNDEMONSTRATED"",""PAU_COMMUNITY_MISSING"",""UNMAPPED_TOPIC"",""PAU_DETAIL_INCOMPLETE"",""PAU_MODALITY_UNDECLARED"",""SYMBOLIC_EQUIVALENCE_NOT_PROVEN""]","[""src-7c6a227f-4905-526d-8efd-418876b13776""]"
"ccss2-ind-23","cand-1ca2590b-ac33-5307-8a83-d9762d9e2441","ex-637f8de9-84f3-55cf-aff5-15cad9c100fd","2bach-ccss","matematicas-ccss-ii","","BLOCKED","LOADED_NOT_MATERIALIZED_BY_CURRENT_ROUTES","[""COMMUNITY_UNMAPPED"",""MODALITIES_MISSING"",""MODALITY_UNDEMONSTRATED"",""PAU_COMMUNITY_MISSING"",""UNMAPPED_TOPIC"",""PAU_DETAIL_INCOMPLETE"",""PAU_MODALITY_UNDECLARED"",""SYMBOLIC_EQUIVALENCE_NOT_PROVEN""]","[""src-fe8df586-428f-5ab4-92b6-952039d2dcfe""]"
"ccss2-ind-24","cand-546e3da9-7863-5042-a120-dbc4353fdaa7","ex-d6976372-ff76-5724-a36d-808bb554b9ba","2bach-ccss","matematicas-ccss-ii","","BLOCKED","LOADED_NOT_MATERIALIZED_BY_CURRENT_ROUTES","[""COMMUNITY_UNMAPPED"",""MODALITIES_MISSING"",""MODALITY_UNDEMONSTRATED"",""PAU_COMMUNITY_MISSING"",""UNMAPPED_TOPIC"",""PAU_DETAIL_INCOMPLETE"",""PAU_MODALITY_UNDECLARED"",""SYMBOLIC_EQUIVALENCE_NOT_PROVEN""]","[""src-b5228e56-a3b8-598e-81de-e9ba3f9aea10""]"
"d1-div3","","","sin-determinar","","","NOT_CONVERTED","AUXILIARY_HISTORICAL","[""AUXILIARY_RECORD""]","[""src-b1b588cd-6c09-59f2-9dea-25441068b111""]"
"d1-div5","","","sin-determinar","","","NOT_CONVERTED","AUXILIARY_HISTORICAL","[""AUXILIARY_RECORD""]","[""src-7d69e1ed-cb4d-50d2-8db0-300a223d356b""]"
"d1-equivalent","","","sin-determinar","","","NOT_CONVERTED","AUXILIARY_HISTORICAL","[""AUXILIARY_RECORD""]","[""src-7adec883-5331-5acf-8918-f7f85ab4e963""]"
"d1-factor","","","sin-determinar","","","NOT_CONVERTED","AUXILIARY_HISTORICAL","[""AUXILIARY_RECORD""]","[""src-4e4e02d5-685a-521a-b017-2a2674b46733""]"
"d1-frac","","","sin-determinar","","","NOT_CONVERTED","AUXILIARY_HISTORICAL","[""AUXILIARY_RECORD""]","[""src-2c47dab2-fe4f-5d51-bed1-2fec216764c8""]"
"d1-intsub","","","sin-determinar","","","NOT_CONVERTED","AUXILIARY_HISTORICAL","[""AUXILIARY_RECORD""]","[""src-df05d1ac-6678-5ed8-a68c-ac82e1f124ab""]"
"d1-intsum","","","sin-determinar","","","NOT_CONVERTED","AUXILIARY_HISTORICAL","[""AUXILIARY_RECORD""]","[""src-3fbb6400-15ac-59c2-b334-90a41a30d38e""]"
"d1-mcd","","","sin-determinar","","","NOT_CONVERTED","AUXILIARY_HISTORICAL","[""AUXILIARY_RECORD""]","[""src-c68a2e62-6466-51d2-90a0-ce5914a267ab""]"
"d1-mcm","","","sin-determinar","","","NOT_CONVERTED","AUXILIARY_HISTORICAL","[""AUXILIARY_RECORD""]","[""src-a2d5378e-228f-594a-8da1-c5c47d1e501a""]"
"d1-natural","","","sin-determinar","","","NOT_CONVERTED","AUXILIARY_HISTORICAL","[""AUXILIARY_RECORD""]","[""src-52592c29-bfa3-5557-aa33-08ac889f508a""]"
"d1-order","","","sin-determinar","","","NOT_CONVERTED","AUXILIARY_HISTORICAL","[""AUXILIARY_RECORD""]","[""src-14699f23-8f2b-54fa-93bb-10cc014ca9ef""]"
"d1-power","","","sin-determinar","","","NOT_CONVERTED","AUXILIARY_HISTORICAL","[""AUXILIARY_RECORD""]","[""src-66d4c30e-1d3d-5be8-a321-914b1c293f61""]"
"d1-prime","","","sin-determinar","","","NOT_CONVERTED","AUXILIARY_HISTORICAL","[""AUXILIARY_RECORD""]","[""src-a1a95c0e-15a0-5048-b5db-b4b2aac69c55""]"
"d1-root","","","sin-determinar","","","NOT_CONVERTED","AUXILIARY_HISTORICAL","[""AUXILIARY_RECORD""]","[""src-f84ea742-187c-518b-b15e-b13df5599802""]"
"d1-sign","","","sin-determinar","","","NOT_CONVERTED","AUXILIARY_HISTORICAL","[""AUXILIARY_RECORD""]","[""src-efb5f242-2a60-5e5d-add3-7fbdce2f271d""]"
"exercise","cand-4dd5a5d4-95ab-5edf-8104-748fe8e9f806","ex-0a0cf096-a7be-5392-9eda-5ba30ca83140","2bach-mates","matematicas-ii","Madrid","BLOCKED","LOADED_NOT_MATERIALIZED_BY_CURRENT_ROUTES","[""ANSWER_MISSING"",""COURSE_CONFLICT"",""MODALITIES_MISSING"",""MODALITY_UNDEMONSTRATED"",""SOLUTION_MISSING"",""UNMAPPED_TOPIC"",""MATH_REPRESENTATION_UNDECLARED"",""PAU_DETAIL_INCOMPLETE"",""PAU_MODALITY_UNDECLARED"",""SOLUTION_REVIEW_REQUIRED"",""STATEMENT_VARIANTS""]","[""src-001bcb75-26a8-55a7-a131-e613930888d3"",""src-002c414b-f00d-557a-b14d-e2e7bca0e904"",""src-0052566a-1aa3-57c9-bd79-4f428b4a8484"",""src-00656b80-0ca0-5a2e-a35b-2949e5261e7a"",""src-008613ef-fdcc-57ee-b46e-6edfdc93f6a1"",""src-0097c9e2-0feb-541a-9180-a6f13d19b800"",""src-00c08aab-33c7-583c-bbe6-0a82d5e992e2"",""src-00cbd08e-0904-5a0a-8547-f5ff7df2de33"",""src-00cc5763-6e70-5256-a4a9-d2cef794a242"",""src-00d31aa8-5ccf-5f1a-90c0-c24293051ba4"",""src-00e30a30-bfac-5b9a-98b3-916cbc127957"",""src-00f35494-c206-5e80-8cd0-e939cc8eeda4"",""src-00fa2701-039f-5775-a6fa-dbfbebfd6783"",""src-01242d6a-fad0-58de-821b-1945f91a2c7d"",""src-0145a137-2fd9-5ef4-baea-a53e67876a6c"",""src-01b33528-0ca9-5989-b54b-90fbd1e4bf22"",""src-01b5942c-a4e6-5c42-8817-e8450a5b41c3"",""src-01c5b13f-070f-5b16-9abe-407510ce22e0"",""src-01db26ea-e786-51f0-9aa7-6760dd578cea"",""src-01fd580e-71a1-5011-b916-93176bcd9e36"",""src-020e1aa1-4016-5377-8280-3c7ed0608a54"",""src-0210ea6a-8b2b-5233-bdcb-4139ff0f7e00"",""src-02460931-5a05-5f62-8d44-bcfe128ad535"",""src-02484e75-c5fe-5721-b86a-7dfdaf5a7b0c"",""src-024aac81-af34-5d58-8370-52bf67ef29d7"",""src-024e1ec1-f6c6-5e94-8571-0f6ff6aa5340"",""src-0286c9e5-1916-5992-b42f-b8b0ed0e76bf"",""src-028f2f60-15fe-525e-a34c-1c5dc75c7f7e"",""src-02a020a1-f12d-56a2-a38a-29efa1be74da"",""src-03443075-6872-5df7-b463-ac44f072db8f"",""src-03911b99-77c5-5fa3-82ce-fcef7e6c2752"",""src-03972cbf-0b10-5fc1-9d2c-11cf7ad2c39f"",""src-03aadd2b-09eb-5c4c-bd5c-c2fa20fe943d"",""src-03b20ec3-cbe6-5537-a234-52010ea841e9"",""src-03b2ed7a-1497-506c-8a07-8c954587afcf"",""src-03ce0760-17c2-52b6-9d72-f5922679d6ac"",""src-03d46afa-06bb-5b5b-bf20-b4e29c07a45e"",""src-03e39349-5706-5128-bb08-4c0d62ffecea"",""src-0406c7bf-4c6d-589a-a2c3-2ef6e34654d4"",""src-04089851-f4ad-5d03-bb19-3e3ef448853f"",""src-04541d3d-afe5-5681-a9a7-40ab4dfb2876"",""src-045dae6c-1bc3-5289-a295-acc37059cc14"",""src-0461694d-007b-5075-bdf7-b8ebf8347a6d"",""src-047693b5-34dc-5d8c-9c78-2a849e7dee2c"",""src-0491d2d9-ae73-522d-a778-2b53bc69b6f5"",""src-04b2f019-3e32-52be-ae47-fa31da603a8f"",""src-04dd4147-622c-5eb4-9c56-74df43331431"",""src-04ddaab1-2291-55f1-a667-32b208d9a01b"",""src-0504aed1-3b5b-50ce-9634-e0baa49fe6f0"",""src-052e9639-ca2c-583e-aeb0-aab06f7414e3"",""src-058da82c-61c2-5c2d-b118-872f719e658c"",""src-05ade4ba-4a8b-5ed8-8e91-f37af41f5ec2"",""src-05cc71b9-442c-593e-9f0f-8dc2cf40e6a8"",""src-06091fa9-1ecf-503b-a499-c5be8a0a200f"",""src-061f1ec3-9bd3-5cd8-a7a7-5ad951009b15"",""src-062e286b-a668-58ce-9ab3-938134337b04"",""src-063323b5-c92b-597f-89d6-aaca82f33a3f"",""src-0638296c-c6a4-5bd3-94b3-fab85280eb01"",""src-064c2723-2eb1-5c39-b683-84b5c8e6d9cc"",""src-066fb3dd-d84b-5e2a-a93d-f9f3c41bfa83"",""src-067dc945-84dc-574c-abca-314b74ba667c"",""src-068f6051-7fdf-55da-a7ad-f77aa83edbd7"",""src-0694f9df-85ae-5e7f-b6d8-1645050f7bef"",""src-06ae04ae-fdac-5ff7-a3e9-e5b912ff5e44"",""src-077a0ae0-5bca-59d1-9ac1-791b92cd5b5b"",""src-07bdcd12-1814-5393-8939-81a8270563b9"",""src-081e5c51-3bcb-50f9-937a-095951ca9c24"",""src-082ccd78-02fe-58ec-a58d-43089c9a6c56"",""src-088627c8-7331-59cc-86f3-4eb77918a4ad"",""src-0886bea0-777d-53de-989b-09f5ddeae19b"",""src-08a7e03e-59b2-51c2-9c6a-59cdbbab3cda"",""src-08b2ddaa-37fd-52f7-b0da-4ad65fbd5777"",""src-08b7c433-0d77-5a96-91d2-69c90d80f34a"",""src-09623208-cd10-5567-9c81-525448a10165"",""src-0a009370-5cd7-5c3b-ac7b-a5f174830895"",""src-0a08db94-999d-5700-ae6d-a7d0583468cb"",""src-0a2687a8-7ac5-5a21-82cc-013e970092fb"",""src-0a81788e-c0a4-5ce1-b121-cefb9d07fa6c"",""src-0ace1479-b6f8-5e1a-9661-aa42ea5c45c0"",""src-0b18f65e-e00a-5f9e-bfb1-6bb2246a7e89"",""src-0b366987-3694-57b7-8831-dd0b896304c6"",""src-0bd15d7a-cd40-53b8-a575-56d0a3e0319c"",""src-0bec5f32-05e7-5d60-9d65-00a93f749bf5"",""src-0c28b848-f525-523c-b230-f287e7d9cb55"",""src-0c7327ae-4a27-567f-b712-ce6bc995ee4e"",""src-0c76b9c7-dc00-542c-b40a-93343df0bde1"",""src-0c995a4c-1ebe-53bf-8acc-910b9791a4b5"",""src-0cc0ea63-9c10-5839-af2b-db4588d05dba"",""src-0ce99cec-9454-5a36-9797-fdf79f344cf8"",""src-0cfa8534-5493-58d9-9e46-d75d8b65b9bf"",""src-0d20fc2d-0104-59ee-a1bc-794392c91d91"",""src-0d233c48-555a-5b0f-83ec-77f3a6087286"",""src-0d3e4eab-e0e9-5ee9-939a-79b42fbfcef1"",""src-0d67e0ac-b5dd-5498-981c-a47319d593ff"",""src-0d6c5a04-7ade-549b-a354-a0c10c1dc878"",""src-0d9e788f-0ed5-5ab4-96a5-cf5be0947b2c"",""src-0dc4a6d3-5cfd-515f-abdc-6e119a375519"",""src-0dd00ba2-72ee-592f-a427-0c69739744ff"",""src-0ddb84e1-fa48-5825-a744-124c35476127"",""src-0e4a39c6-dea8-5422-899c-80123aa5476f"",""src-0e82e5a9-d261-5634-8009-04d82a88f0ac"",""src-0ec7f6ae-6df2-5a55-8b2c-cba574e0e59a"",""src-0ed2a8c7-2af2-5204-b42c-76efeee3c2f5"",""src-0eebb938-6b16-5f4a-8b23-708577bfaf91"",""src-0ef1d262-6298-5805-aadd-0e5d94d5e47d"",""src-0f3227f0-ad41-581c-ba0f-d9c5789b6f1f"",""src-0f33ebf6-d0f9-5c07-aee7-54a1974b7a7a"",""src-0f61e3e2-c75d-5e5b-ba0e-1a21635a2bf4"",""src-0fe3c92e-319a-5735-b627-82f057dae69b"",""src-100f28aa-380a-5f26-af41-57da4fc908bc"",""src-1026e7e0-6b76-5e59-bd61-3bce0667ba86"",""src-1033c41b-1b59-58ed-b1fb-6a5349308c03"",""src-1068b5e6-9f76-5429-81fa-2b6b67b99c49"",""src-1074ad8f-4b43-5a1b-9e73-d91a0af49b4f"",""src-10814d36-8d36-5b9f-960f-2219d1e0cbe0"",""src-10a1b5cb-4f34-5187-a6b7-9c27d6496a75"",""src-10b5aaef-ea30-5c12-b972-7eda518c4a51"",""src-10cf5ffa-2136-547a-bad2-67ea9888753c"",""src-111827f3-7748-5122-b385-eb35466f6491"",""src-1170c25c-81a3-5df2-998d-b7ad35bd8006"",""src-11ff7619-fa8e-5d63-aaf8-0b48388f5d95"",""src-12024b16-0c33-5fb2-bbf6-392ff83ef2af"",""src-1237642e-1579-584d-bfa5-da663e83ffff"",""src-128c4e46-7977-5fad-840c-6d8269100618"",""src-129eb058-a509-5bb9-b4d1-0d3e9776957a"",""src-12d0db8e-14ef-5205-abf8-e3fc901e738a"",""src-12df7a37-0638-50a9-8bfc-450957f0f3a5"",""src-12e0401b-64c2-58b5-ae04-d6806b5e6d66"",""src-12e826fc-0ae4-59b0-aa24-459012642fec"",""src-12eb3e31-e106-5033-b7a5-0a3333952c1d"",""src-1337b7dc-baa3-5e3e-8d91-5b354fe87755"",""src-13431415-577c-5dcc-9516-fb06e3d21372"",""src-136d6ef0-81f5-5515-9971-417aecb0dd69"",""src-13b0e6b6-9e4b-5c0d-b403-b192ff47764e"",""src-14123adc-be52-5aab-83d9-2986990efd09"",""src-141aebc9-ee1a-5018-886a-c491776dd1a1"",""src-14245a05-3ea4-51de-8935-b02b9603eaf6"",""src-14263fa5-f05f-572b-9d21-d74c7d36f54b"",""src-1442a7fc-aef5-5bcd-88e3-3dfc7a655f18"",""src-146b2565-5139-552b-bb8b-4e847fe29585"",""src-149d83a8-40fc-5f50-8696-d7f9ad74dfeb"",""src-14a5728e-9f99-5d46-b20f-f14d1fdb2496"",""src-14c650cd-027a-5bbe-993a-2bef901e7392"",""src-14d679b1-4f05-5072-abe9-260223a00715"",""src-1512cefc-8b13-56e7-9925-d387b16a150c"",""src-1531d990-541a-5424-91f0-7e2096f374e8"",""src-1542cf86-c590-5abf-b57c-3f05c41e4279"",""src-1543c9d6-2c9b-55f2-9aa8-e0c39b15a7cb"",""src-15788ed8-cba1-55fc-a080-8c16b7944a29"",""src-15a87dfb-fc08-5a3d-8e39-43c19a4b8bee"",""src-15a953c2-b25d-5f5d-9e0b-492ac834253d"",""src-15b7e911-e279-5478-a22b-c4c076a2480e"",""src-15c376c9-4af7-5627-8b3d-51b6fe69b806"",""src-15e0dfad-5e0d-5c17-93ce-4688762e5cdb"",""src-160aab30-b066-5e8d-a40d-2bd4b379382c"",""src-161e3a4e-9ba3-5225-9ab9-271e25dd4db1"",""src-16241eba-259d-5480-821d-b748b6dd741d"",""src-1635dac5-c4ff-510d-ab47-a15a375d8234"",""src-168537b9-6adc-5edd-a25e-46073e991efe"",""src-16989130-3fce-543a-a870-412ad1f9973e"",""src-16e4ac05-4d25-5856-a6ee-146315901b55"",""src-16f25cf6-cdba-520c-a648-391ae7ec30c8"",""src-1718f156-f169-5700-bd50-7ad15f542d8c"",""src-1726baff-6e63-553f-ac95-342649d362eb"",""src-17869e88-4c58-5796-9f30-99be8cdbfcbc"",""src-17fade43-6e0e-5fa7-b14e-d32db25c7bab"",""src-17ff10c6-d352-5167-a895-52cba18d09c8"",""src-180b202c-c3b3-58fd-853b-4a9b68f71f15"",""src-1854cd93-9127-5b08-b68e-7eca9877a0a2"",""src-186f5866-f542-5a68-ba84-0b90a08cef18"",""src-1897afe5-b34f-535e-9fd2-37542fa51dff"",""src-18f04e30-b74f-5764-bf26-eaa277a325d2"",""src-193a49d6-8230-5fb3-892a-90078ef04135"",""src-1952b6e7-6118-5d1d-97dc-25fefdcd2385"",""src-197b9577-7652-5049-84be-f3d7da1b0c06"",""src-1985fa96-9d1a-55cd-befc-eaec1fa3f336"",""src-19ab6729-f009-513c-bb58-7a32caa7660d"",""src-19c38d5b-b4da-5d06-8857-f54fec380c0c"",""src-19d09c0d-3e0c-5236-9fde-b88eea398220"",""src-19e10528-fb39-5f1f-907c-d76fe4a95c5c"",""src-19ed271d-cce4-553a-99be-8dd34ce36be7"",""src-1a33edad-cba6-5d91-9463-a1f1a44e9b8a"",""src-1a351348-eb4a-5139-b2bc-7f4e44d816a2"",""src-1a4646b5-00c0-5189-98a0-ffdc48da5990"",""src-1a7e566f-a1b7-5554-a29f-f92748900f1a"",""src-1a8a63ef-4e3d-507e-8e48-5352da9a7e8c"",""src-1a95301a-8fb4-52fc-89a6-22f4d4cff002"",""src-1aa95e55-434c-5562-81ea-a1f7edd8f5c3"",""src-1aaf95b1-ea50-54ae-8890-6eeae4bb3b42"",""src-1aca000b-7e62-5a6e-a891-fd86365d5d8e"",""src-1acc2ed5-0537-51cd-a081-47843593050a"",""src-1ae1bd22-ef07-5a8f-a96f-4532fd3d5dcc"",""src-1b1e4efc-f2ff-5e6d-858f-19baaf79faf0"",""src-1b5a0046-9580-5777-a6e1-f0c32bf87c62"",""src-1ba46039-90cb-58c0-9d7e-a2f6122cac0c"",""src-1bfb98c0-1537-50b8-8b6c-d2f1258508b3"",""src-1c01aff0-5ccc-5f71-8a88-8e37ef238304"",""src-1c64c433-a27c-5ef9-989f-15663daf8a56"",""src-1ca79974-adc9-5cef-85e1-c182cf5c02a0"",""src-1d0d54d5-83b1-5873-8bda-9292c48c6743"",""src-1d0dc766-69af-5c5f-a383-0efa9af7d482"",""src-1d370b98-07f3-55e0-8971-3d43f5584f1c"",""src-1d3ce2dc-2e9d-5d57-a1b8-798b35c45572"",""src-1dc4097c-a084-5f1d-975a-fcc7b2d29356"",""src-1dcaeae5-77fc-5031-85d5-f0ef5caddce2"",""src-1dd29c26-59cc-580d-bf2c-923e0adcaee5"",""src-1df51102-04ce-5a2f-ae61-73c365db3c37"",""src-1e1f83a5-2ab7-520c-b9f0-213a29e3c595"",""src-1e239f01-8339-5601-bdef-a633cb5f743d"",""src-1e45a23f-737a-5c29-864a-a27407b54ae7"",""src-1e82092d-eda4-576e-a9d8-c6dd0921e67d"",""src-1e859d68-51eb-5933-90be-e51ce8e946cb"",""src-1ea3a686-59e5-544b-ac6f-8310bb5d4c60"",""src-1ed18732-6e91-5e3d-9e8e-df11867da0d5"",""src-1edcddc9-2d77-53f1-a9ce-02e1188e376f"",""src-1f176ea5-2fb1-5132-8202-1b0dde342f91"",""src-1f3a8ee7-7015-53e4-9266-62208b49ca5f"",""src-1f4db712-5e4c-5783-9706-89000e856bf0"",""src-1f500ea5-6068-5020-83b1-4750727bb86c"",""src-1f6c4471-3e3e-5c73-9cc0-c19fc1032405"",""src-1f85a645-ca9d-5fb9-a4de-ade85c587f6d"",""src-1fbac394-f466-50fb-aca7-cd3a5ec65bba"",""src-1fc73d0f-109d-5bc6-b76e-1206812e6de8"",""src-1fcc4b36-deeb-54c3-96ba-2ef627fa2d60"",""src-1fd46185-c56f-5b91-b39e-157ffcad8299"",""src-1fefb685-1925-5bd8-b83d-aa2d87425736"",""src-1ff18308-d54b-574c-9ef4-3c18fa003d2a"",""src-1ff81efb-9676-58ae-8e78-cf48f9d73d16"",""src-201e9442-a8cc-506e-a184-e2eb02b75d9e"",""src-2039c66f-1132-5525-a9b1-fa7c36b068eb"",""src-203c626c-ddfe-555d-a432-3b288941d847"",""src-2088f780-b3cd-52eb-8624-354c89e1c19c"",""src-20a18778-ac2b-5760-8073-08dbdd814a12"",""src-20a35243-ff55-53e8-947c-fb30d0efbe02"",""src-20ced947-1f84-5a7a-ba58-0cd1815b7196"",""src-20d1a802-9495-57a7-9b51-38c5de714aaa"",""src-211cf701-5884-55f1-a940-cd71f3ab6a48"",""src-2153249d-b0d3-586d-9548-f6895d7d20bf"",""src-2160cbde-08bb-50df-a2e0-899e067c4135"",""src-2195ab28-52af-58dc-8d41-007e0d1ccab4"",""src-21b4450d-8164-530f-b422-4c864a53f167"",""src-21d30954-e4f2-5338-b490-b0f44e664ff9"",""src-21e6c811-a012-53bd-967c-3e22643643f9"",""src-21f76275-c09d-5538-a65e-1fe73aabeb0d"",""src-223c883d-7018-5f55-b33e-b9e0a30bc040"",""src-2271c9a0-6fd3-5c63-addf-9d10d40419a8"",""src-2284794a-d706-5db2-9abf-bc028f9a5d5d"",""src-23181495-a58a-5855-8c76-a991cd53dc21"",""src-234307a1-8005-5e6f-81bd-193bfef75ab6"",""src-23434dcf-0bdd-5d0d-9fa6-10d6bd57a2b2"",""src-23c3e2b6-5464-5921-a19f-38ac27933313"",""src-23d6cd27-0513-5104-a670-e66eff699aea"",""src-240e5a3a-135e-55c7-b431-077ee8f9f365"",""src-241ed967-7dba-5c50-a03a-b0f5aa895b27"",""src-24280e7a-d762-5833-b587-9d49c13b34c9"",""src-243ecfda-6f8a-5faf-9c32-ca953aca7211"",""src-2470a864-0bf2-573e-bc5d-a7f2930a1123"",""src-2488619b-e88d-5289-924b-24e1522eddcf"",""src-2497314c-af9d-5ebb-b93f-cf07c55276cd"",""src-24a2ea44-05a7-52e4-9c77-5ccf4335c336"",""src-24a62db5-db96-5ea8-ba33-ea2d366665f9"",""src-24b3a69d-12da-5838-b73b-76faa9a3f6ae"",""src-24d14965-3346-5411-a3bf-77906dc24153"",""src-24ee3641-1312-550d-be0e-99c4ef105ee1"",""src-250fd721-0865-57c6-875d-ce35b31004f9"",""src-2575366f-3a7f-5cb6-9ca4-ceb98b4964d7"",""src-2577f8a3-540b-5ddf-8a0c-932f25fc34bb"",""src-2588a5be-394b-5cc8-afff-cfbd8ddb94d6"",""src-258cf29f-edfc-5c98-b57e-ea4caec0c8e0"",""src-25c40d69-eab0-50b9-97a2-8171a1574382"",""src-25c444bc-fbd3-57a3-b7f5-478607644893"",""src-25c5624a-6bf8-5614-8db4-6e1ff34c22cc"",""src-25c5a6be-d4e8-5ed2-a266-82b2e8385c9b"",""src-25fda2d5-69a2-5e54-b5d8-825422f60c69"",""src-2614a8b0-d963-5484-9efc-503545dd4af6"",""src-26366688-4547-575a-bfb0-a318e55db64d"",""src-264f4d0a-68fb-503b-be5f-876f43a09d58"",""src-265d0e09-8d1a-5fcf-9a53-0b9d6983f962"",""src-2664ef42-a936-52c3-bc19-0ab89f17cdfe"",""src-2696f9db-7853-5cef-900b-5704051b0b2f"",""src-26cc8d27-c70c-53be-bcaf-17f34edb6142"",""src-26e74f72-eb32-528e-8283-620fae286518"",""src-27543288-7c91-5ed3-b2a9-2b0074b9fc7b"",""src-275e5524-f36f-58cb-9fc2-a350d2266e2c"",""src-27706b0a-30ec-5adb-9f39-40e07f76773a"",""src-27a61221-676b-52de-a70f-40dcebe66247"",""src-2803b15b-839f-5687-b567-e9311a758a38"",""src-28253f6c-a1c8-50a4-ada3-5887936a9afd"",""src-284b3b0d-875a-5336-b3bd-e31dc799d6cb"",""src-285b493e-cb8c-59e6-a7d2-716384f2cd12"",""src-28ac8a38-acfc-5846-9880-9af242347ecb"",""src-28f19a29-bb0e-5c61-89f8-6da95b278c76"",""src-28f59f57-d7ae-5922-aefe-52c8b2c6b296"",""src-290297ce-169a-5837-92c3-7d2cb5075ca1"",""src-29123763-786d-5d37-b561-da9d4bb01fad"",""src-294de4c9-0976-55b2-9c8e-c5215f62e7ed"",""src-2955f41a-e942-573e-b1e4-61b797cea230"",""src-295ef813-5e56-5404-9193-c3e65ed1743d"",""src-2962b05f-7554-5242-940c-1ed5eee567b9"",""src-2985d79c-d54e-5e2b-b2c5-800c03ef40a1"",""src-298fb76b-8d32-5da4-ad01-4ec989cc6753"",""src-29e7c78b-1c1e-5a18-a90e-f8ac1362282d"",""src-2a09e985-ccc3-50bd-8686-be8babbed9fc"",""src-2a0a506b-f39f-56f1-b57b-c4700d204bef"",""src-2a27eea0-530c-5037-a6e4-2029b724cf74"",""src-2a2fd5a5-d289-589e-a420-db3d4ea17c1b"",""src-2a544514-6633-5ce6-83f1-4fae04062077"",""src-2a750aa2-ac67-5540-bb10-330e1347832b"",""src-2ac7665a-ef50-5728-af1a-a7c932109e1c"",""src-2ae2a8c9-12d9-57cc-bff1-8b6a52b1b394"",""src-2b4d7e1f-bd4c-5769-bac2-113237c6ed60"",""src-2b4fad87-5b53-5d9c-bb9c-a082aa8c5b1c"",""src-2b9c72d5-08ad-558c-a9d2-66f071a9b2ec"",""src-2ba696de-61ad-5b17-ac9d-4522f93a32db"",""src-2c2441d3-55c3-5d1a-b240-7ea52917699d"",""src-2c359d2d-1b5c-54a9-ad68-dc477faec11d"",""src-2c726046-9d5f-5566-a805-72d341e66991"",""src-2c7ac9ab-080c-5b80-8b61-000663da9f8d"",""src-2cc62237-49ec-5335-ad2e-c3dbf0a51399"",""src-2cc7b9fc-ace2-5db1-bf89-1884936cd8d2"",""src-2cd507fc-8132-53bf-94de-0acb2aa6716c"",""src-2cf0ee74-abad-52f3-87a6-334ebaf3c69b"",""src-2cfa3318-cfc7-584d-9576-ed0fed6004d8"",""src-2cfe7064-5ce5-5d33-bbe2-aa0c43f070f1"",""src-2d5daa9a-ae91-5405-8b93-27c9e2de7a0a"",""src-2d7a9cbd-dbac-50dd-8497-5a59123122e1"",""src-2db1f85f-caaf-55d5-9a92-dbc7acfa2702"",""src-2dc58ae3-06f7-52e2-9820-819e21fbde6f"",""src-2de788ca-555f-5a54-bc71-2f79a8ee3588"",""src-2dfe134f-47be-5888-b69a-1cd1cfdc436c"",""src-2e031a27-79e8-5135-a258-beed4901dbe7"",""src-2e443bb9-1492-5e55-a894-3359ba263f6b"",""src-2e50a071-ad84-5f76-9436-6ef9d703a1cc"",""src-2e6dd13a-c2a6-5467-b515-a4eae9846c01"",""src-2ea3d3b8-fb4d-5a03-82a9-a964d7a4fbf4"",""src-2ebb6764-081b-5c3d-8308-7c66c5b99f8f"",""src-2f0951dc-b783-53a6-9425-7dc63133267b"",""src-2f0ad45c-2418-5bae-b449-6e7e61051846"",""src-2f148287-7f62-5b31-9e38-bb1f70bd298c"",""src-2f8b6634-8297-59de-89ab-68e7aa728f1d"",""src-2fbab307-8256-58de-be8e-db96bddd2812"",""src-2fcfef48-e51a-5b42-a110-0dcaf0ce267e"",""src-2fd6bda1-60a5-5e6c-a468-f9da39d7c51e"",""src-301ad70a-8e45-53a5-85ff-81b01ecb85c2"",""src-301ce64f-2384-52f7-8436-5a7ceffa5204"",""src-3038b280-f5db-5970-a338-47ba84908325"",""src-304f9fa5-78bd-5086-b5df-c155b6b4fe94"",""src-3053023e-9395-527d-8f3d-d35415fa13f7"",""src-306e3942-f305-57f2-8fe2-73750646ef98"",""src-30813465-9909-57da-b441-4b4564f06686"",""src-30a8cf09-d128-58f2-96f5-e08810018b78"",""src-30d98bd9-479e-5807-ad3f-d92d39597a98"",""src-30e529fc-b931-51d6-82b1-fc32821ba8d0"",""src-3108aa2a-0d16-5e73-9802-733abbc92f06"",""src-3126002e-3bb6-51af-9934-a55c359e2185"",""src-3149c0b6-0b5e-58e6-83d1-e8acbce9e458"",""src-3174cb07-b341-583a-9c49-2931ab85f4ab"",""src-319dd8ae-2abc-55df-9c6a-4e6f01fb0518"",""src-31d653c0-22c7-5fb6-8f60-92b6f91080e5"",""src-31e38916-1d77-50f7-94db-8c771b19126d"",""src-31f6070f-88cc-55ae-acf1-3ea48f0ad1b8"",""src-323299da-9afa-5940-bc92-0b5e3680d629"",""src-3253638f-03f9-51d9-af8d-37129b7847ea"",""src-326dfec1-96ca-5164-9a67-cc9ece7eeb0e"",""src-32cd1b9b-3ece-57e7-8f4d-a16d5a9ae3bc"",""src-32d7683d-02f4-55b1-ad5c-32be5069394f"",""src-32df9d9f-8c29-5040-bc7c-04f2cd7f7a98"",""src-32f80f56-ab1c-5ae4-b559-b60f6c6d5289"",""src-3314edca-9e28-57d6-9644-24511c1a94d9"",""src-33230bd3-e6dd-5928-b643-320e2a38f135"",""src-33696079-7cac-544b-8292-dc8ffb897ce7"",""src-33792d46-b9d0-534e-b848-cc72926bb3b4"",""src-339cf091-1f56-566b-b7d1-9ea8c3ef148b"",""src-33a55c29-ba79-56f5-a652-7658c09b2231"",""src-33b98908-0180-53b5-90be-a320e2bed60d"",""src-33b9f534-56a9-5f69-8e0c-82ad4ffc3321"",""src-33bda5f0-0bf8-58c5-877c-78cf9d6e802c"",""src-33dd8043-3b13-5b96-b717-a5ad2c23ea61"",""src-33e2dbf7-f238-5f7b-918b-8b325163b754"",""src-34051ceb-b069-5bd4-aade-8df12da863de"",""src-34229a9e-c5ce-5af7-848c-fe716c7b2579"",""src-344aa1e8-2903-5042-a840-f63adc73570a"",""src-347c434b-2b35-5239-b2cb-009608977871"",""src-34a49873-6591-5b23-884d-ff4ffdaabb2c"",""src-34b8f179-d069-5bad-a6b1-02bd4a4342ab"",""src-34d55206-0f69-5f62-8621-cfa7eeef8e8e"",""src-34e58f9b-9a77-5c5d-a1ea-01f0222a23da"",""src-350ffebd-8ffe-5d3d-9c03-11d1cf8d64c9"",""src-351e684a-7f58-5980-9e2e-0cd37fdf019d"",""src-353eb315-b3e1-55b9-8301-533351d56fee"",""src-3555cae8-f339-53ab-a2d4-0baf3d064efb"",""src-3559daaa-c674-5f44-959c-a37709436901"",""src-355badc0-5709-5d91-a902-12869b00760a"",""src-357caea8-c65b-504c-8893-5aa0d6114733"",""src-35efa2f3-c502-5bd8-af6a-90a6add571eb"",""src-35f6fbbd-9588-50e5-a60e-dc2e3500fdae"",""src-35ffc15b-d946-50dc-962e-97dea8fb3393"",""src-360a15db-884b-5f8e-9d25-dc0a9b6a3b63"",""src-36649ca9-51a3-5897-a05f-fe7dfc64809a"",""src-36954ea9-80e9-50e2-a98d-86b45241c0de"",""src-36aa9e6a-c268-5654-bfa4-41d44b9cdefb"",""src-36dec46d-9f6b-5ea4-88fb-b95424cc7151"",""src-36eb0dba-33b5-5683-b897-35fa45e8e8d2"",""src-36eeae6c-e0d0-50da-822f-4a64733e3a01"",""src-370470c8-faba-5487-8655-12cb43e32088"",""src-377a3ef3-2330-588a-a1ae-3c7b85bb60a9"",""src-37b07fa2-9acc-5b3c-901e-f4a90f2c075f"",""src-37d2d1a3-9115-5bd4-88b2-c80b51561578"",""src-384a7f1b-3cf4-581a-aec1-4232282e4314"",""src-3862c369-f817-52a4-9605-645ee5d708d7"",""src-3867fe8d-118f-5f32-9971-8b2416cd9072"",""src-387cdc32-648c-5b95-ba8a-30bfd77a6a9e"",""src-389a0b73-45f3-57d0-be4a-15ec25a40b6b"",""src-38e81635-f336-5e28-ae81-9037dc0c484a"",""src-38e837e4-e3fa-579a-a570-49f5d887d7e6"",""src-391fba50-ba8d-560a-a7e6-6a8422744956"",""src-3925074e-cceb-5d4b-a703-93b2efe2f5d5"",""src-3a164b98-e777-53ef-b6e0-f409eefa26ee"",""src-3a1c1a5d-272c-5b13-b026-2420929061a5"",""src-3a7e30ea-5762-550f-94db-5e528f7c7aac"",""src-3a922a09-cc22-57d2-adec-5c6effa8f370"",""src-3adbadea-2081-5f71-844e-e9f5569c512c"",""src-3ae929b4-aac7-5167-9453-5d6c5afe9ffe"",""src-3aed263f-8214-5be9-8ab2-84af6ff9fbc8"",""src-3b4529cb-68f2-5764-90af-c8f6715a5053"",""src-3b508efb-6534-52fd-af43-951969bedfec"",""src-3b59bd97-c22a-581f-8b8d-ccee7fc117f2"",""src-3b68008b-4467-5b1c-a026-c8e37c74f815"",""src-3b8e1894-af19-5200-9e19-5cb6a4d7009b"",""src-3c18305d-6596-579f-b965-9eeca01a1ce9"",""src-3c3344f1-b1e5-5486-9965-249dca18dfba"",""src-3c528aae-fc56-5f28-bb54-988e32117749"",""src-3c5d2bea-4204-5dee-bbe3-00090498bff6"",""src-3c8dab1d-f22d-5e19-a3e7-b7134bb37e68"",""src-3cb9f97e-a07a-53fa-88cc-8266697b47f9"",""src-3cd729b0-9311-5250-8e4a-fd23fe86c28e"",""src-3ce4fbeb-a64b-5040-9ee3-861709c1856c"",""src-3ce5e59f-9c89-59d2-867d-ca14ddf50b3e"",""src-3d1b79f0-e542-59b4-9a51-fab7482dce66"",""src-3d21289e-4e2b-5d0d-9165-b82977ce2e1e"",""src-3d47fd44-c91b-528c-a0f7-14a7560c1bb4"",""src-3d6b0894-289b-5836-8483-70ab215799fb"",""src-3dd9cf26-0f31-5354-a1db-b472ecbe7f98"",""src-3e10a476-fee6-5fe3-a0df-0d31fa1cd048"",""src-3e23c54f-f4c5-5597-aa3b-6d8c207f807f"",""src-3e69d7ce-f56f-53f6-a21f-15d118ffd1d4"",""src-3e7e86b0-8dd3-5470-9823-5bc1c8bc1c2c"",""src-3e9e7624-1ba7-556d-baab-85cc43d2a431"",""src-3ea8bf2b-a607-525c-bc0a-552be816e2f9"",""src-3f163ec2-b126-54a8-b9de-1a156c9ae1ec"",""src-3f228d84-092c-51bd-812d-5222f15ffdc9"",""src-3f40a859-0df7-5db2-b00b-395322c6470c"",""src-3f4745b0-c4f2-5d12-b914-d3bce40233e4"",""src-3f65e7c0-f7ac-5d78-96d3-8d9ddc47490e"",""src-3f796b47-cfc3-5b65-8078-6022d9fdce1e"",""src-3f8e337c-5922-5914-9843-0c822c9e1c7a"",""src-3fb2fa39-4fbc-5eb3-af40-29cafa9143da"",""src-3fde62e0-a890-558d-baf0-9463b841ae2e"",""src-3fe5f21f-9671-53a2-8e24-8ebc461a2b63"",""src-3ffeedd3-5e66-5ab4-a963-2300e72d3a9a"",""src-403bdd7d-77f7-5d44-b388-022d5138614a"",""src-403e3849-653f-5759-9110-97c6dac85e25"",""src-40773420-2f5e-5bf3-b0a6-fa3b131737b3"",""src-40b85c31-262f-5631-900c-ea32d8a56ddd"",""src-40c9c239-cca5-5e8b-8299-902c0edcbec9"",""src-40d9d7e9-9a8e-5b92-a5d5-4f7f351d2fe3"",""src-41305f8c-8fa4-5a90-826f-c30b9dd22b74"",""src-417af38e-efd6-5d77-a93e-e5beeb436018"",""src-41909c0c-1c90-5c05-a651-50df4b04ca21"",""src-419541a8-1b26-5d7c-bc8a-0b26d89fece8"",""src-419feeee-d42c-5dc7-a52b-0063a64213df"",""src-41c23bb3-e406-5980-8781-d9111837bef9"",""src-41c583c4-3009-5556-aff6-88fbb03089da"",""src-41e3612d-0b81-5b0c-919c-37671b658abb"",""src-41e41db3-477a-542d-b3a8-a53196d0991c"",""src-41fdb31f-d62a-5f7d-a95f-7ed71f250b62"",""src-42523002-7310-52c5-bd55-807dbe0b50f8"",""src-430fcb8b-384e-5ba9-9d6b-0d16c43815d3"",""src-433c16c6-e141-5d8f-9b20-091e6bf9761b"",""src-43523945-3703-53c6-b1d4-c731b2d9864e"",""src-43df4b7a-9925-5bbe-9580-0cc9be5165e7"",""src-444867a5-298c-593d-9499-c1a5733ed613"",""src-4465d73c-a8f8-5afd-ad14-3e8b98fb018e"",""src-448ea659-fa74-551c-ad44-48874d28edb4"",""src-44c3696c-d52c-5711-b41c-8fc40a917744"",""src-44e18cb5-100e-5023-b28a-c71345d13723"",""src-45123fca-8072-58f6-af16-fcedb473ad4b"",""src-4577b62e-dfb5-551c-9dc3-2fe8a886da55"",""src-459fe4db-952a-5e37-b865-3b2b88a069e1"",""src-45af0df4-1c2e-5326-8cf0-1a5493f964de"",""src-45c829f5-f9e8-523c-83f6-e27c43d8000c"",""src-45e4ab82-ef1b-5eaf-b747-2bd80ce0761f"",""src-460250cd-604f-55bd-be75-812e786bf4c2"",""src-4603e7a8-cc17-5c66-b9a3-8eeeef9d0b2f"",""src-46156773-e6e7-54ef-92f4-04b75a7d24c1"",""src-463906bc-b726-5f2e-9311-8b1090e1acac"",""src-464f4fc4-79c9-5c45-b35b-c55cd815a5ac"",""src-466e4199-f94c-5639-867c-200fb38432b1"",""src-46c7a5af-b0be-505c-bbe2-9d8b4b65b674"",""src-46d035bb-2f6a-5511-a1ae-2a35ed003867"",""src-4742cb30-2af1-5002-a5cb-5e5dd3e03460"",""src-476be324-b343-5615-a101-401e948eca85"",""src-476f04f6-a93b-5772-985c-26d04b77e8b8"",""src-478d1c86-65e2-54e5-bdd6-5ec52bb306de"",""src-480cb4c1-5da4-5ff3-89c1-3abfa7837ee7"",""src-485d2660-a6d3-5e4f-8a09-468f00042ba8"",""src-48602efb-b2b3-546e-a631-29811fb64566"",""src-486ff364-cb41-5e5b-8c18-2e56e1292227"",""src-488e6d15-3bbb-58b8-b1f7-f33da58cdbdc"",""src-48c65a67-fbff-5fd3-9257-5b54337beb19"",""src-48e93d69-501e-541b-8605-4bfcf2919f9a"",""src-49100596-cdf2-5051-88a0-0422c87edd44"",""src-49576386-f0c7-5bd4-a1e6-edb3e66f45d0"",""src-496588f6-96ea-5341-bcd6-b097bf40fc51"",""src-496bb34b-bab2-50b9-8765-fbd16a2116d0"",""src-49a9d70d-52d5-527d-9343-2c9994b81465"",""src-4a22f792-a161-5dfe-97ed-d7fd1f7bf561"",""src-4a9c2916-a141-5541-a869-965d5bca46bf"",""src-4aaa737d-95ad-5c52-b877-2e80265800fd"",""src-4ac21d00-a364-594f-9b66-55e7a1a211fc"",""src-4b3edc8f-0826-5fd5-8d08-21f45dd3ce07"",""src-4bb2a315-3876-502c-a2b3-014480b5c853"",""src-4bf09c74-5a25-5dd5-b787-82d7624c6ccf"",""src-4c11d186-ac87-5b2b-80f3-fc829e36274c"",""src-4c2fec32-3775-5c0b-a683-5edf4fca3fd1"",""src-4c97caa2-7ea0-5054-ba3a-17e2d569307a"",""src-4ca6a836-6f57-5f35-a2ef-838e1af0c6fe"",""src-4cb49b9b-5a87-570b-82c9-b17ec3034e35"",""src-4ccb1ec5-71d2-5de3-9a86-14287e452c0f"",""src-4cfb6ff6-a155-5b82-8805-211c74fa0155"",""src-4d43e948-eef4-5f52-8db3-7cac7ba3c890"",""src-4d53436c-7e20-5a11-b0d8-b16595b66553"",""src-4d85fe29-ef77-55a9-b127-3eb8e2b406d3"",""src-4e2e2f89-9c41-57ba-8e8d-94db96bf06be"",""src-4e45420b-c6e2-56fd-a12b-f40ba93a8ba1"",""src-4ea68b4e-3405-5bd0-b9c2-e2bead054018"",""src-4edb4215-53bb-517c-8628-f1e040b44a15"",""src-4f098f88-47ec-5fef-87ff-4b6b7d4a59a6"",""src-4f1c50ad-a029-59fc-976e-bffc587ef998"",""src-4f1ef236-10fd-5bd5-9e8f-d370c8cd6aa3"",""src-4f5b4640-5f53-5a08-b4dd-6fdf31db5d71"",""src-4f93d8af-41eb-5e81-afd4-8407ff60c6c5"",""src-4fc457eb-95a6-5cbb-bb78-6ec4e5669d2c"",""src-4fffa8a1-26a3-54f9-ae83-0814ca320227"",""src-5014f05b-bd5f-50f8-810d-5c48fc0b8cce"",""src-50446031-4e54-56ab-86f3-2be294c50f15"",""src-504616d4-3531-5d6a-b3e7-2f213eb6550f"",""src-50506ef4-5e18-53bb-b07f-5334f056bce0"",""src-505fc3f9-1ef1-5878-bc37-7c3d1105dde4"",""src-50b76882-4c71-5fee-b661-39d79b0cda5c"",""src-50bc70e8-c1ba-5b7e-8a1d-22dfa1f1e691"",""src-50c74f68-c8b4-528d-8503-aaca92c159d3"",""src-5126dbd4-1049-59ca-af67-01402e65ff91"",""src-51346936-90cf-5a9c-b253-f8200b3a9af1"",""src-5164472d-92b3-5165-8fad-01c8ca11cc93"",""src-5172f676-fccf-5125-bafc-9607366b8610"",""src-51d4088e-c4ca-5b25-a279-452c97bcb339"",""src-51ea9ed9-e02b-50cd-a24e-a23b0211fd79"",""src-51f7de3b-df36-5e1c-a35b-0be3ccff8f06"",""src-5203ec77-8d89-5c74-b793-7998a77f778d"",""src-5204ab34-e1dd-5aad-8ebf-443a081a0392"",""src-5214b17f-05b3-58af-9c06-51c255ac6328"",""src-521de434-9a4b-5ebe-babc-745375f3b5d1"",""src-5232dffd-0d63-5abd-8a4c-a92a55124401"",""src-52360f8e-2f00-50a1-bd03-1b4eba04ba12"",""src-52399a38-5217-5e55-8136-a93b778abae6"",""src-526fd386-7a72-5481-b548-486c8b4f5fb0"",""src-5283c3b3-2c43-5281-81d1-c05e215369ce"",""src-529091b1-f90f-55ea-ab2c-7d9040bac4d4"",""src-52e95370-f763-5dad-9ef4-02deabbb29b4"",""src-52f9e57b-6fe9-5005-9628-92939435acc8"",""src-53080823-9196-54d5-838e-696487b544b0"",""src-53475b69-46a8-5ddc-89ef-dd8b05ebbe0e"",""src-537492f8-ccdc-56d0-9964-10c9a5c3c436"",""src-53790282-f0d3-5ab6-af97-2537d4810acb"",""src-537f16f7-fa17-5f82-a5ac-9c13a57a969e"",""src-5389ab9a-4b23-56be-8956-35f37ca55a94"",""src-53a10067-7fae-5fdc-a62d-7b09f8e7fc0c"",""src-53ab4afa-0f35-56c3-b978-f9793788128a"",""src-53edc921-eb5e-5561-8f9a-a45ca6806d36"",""src-545902ac-9980-51ba-b05b-59ae749ca6ac"",""src-5463dd25-2138-52e2-96b9-2e963e3d1920"",""src-548d9fc2-b5ef-5abb-b759-8988b4a479a9"",""src-551baa27-f4a7-52f4-a8ca-a5a3138f8622"",""src-555124e8-3b1e-54fc-8bd8-67412fb8118c"",""src-555997b8-3e90-57cc-b45b-12c46f82cbaf"",""src-557d9446-d590-5c8d-8143-4823c24bc844"",""src-55c25fc0-65d3-5384-a175-7642af78ff55"",""src-55e381ea-888c-5704-bca4-6b353178d569"",""src-55e625f8-84e6-5a5e-aeeb-9d7eb8ac7e47"",""src-5612fee7-1e15-5cde-b3a0-bf81242a72ee"",""src-5639d676-28f2-5eb9-9007-a1ebf189f9ca"",""src-563d0d24-55bd-5624-b89c-34bf8525a964"",""src-56443036-5e4d-514b-89cc-b67754c8e116"",""src-567a8f9f-9ea6-5935-bdf8-6ab654da9949"",""src-569010bb-19f7-5daa-9c48-59928ed954c9"",""src-56a8f930-9905-50c1-83d4-5c79f4a9c0fe"",""src-56b1ac49-7799-5c8f-babe-08d8c0fa6992"",""src-56f6ef9f-1a98-5ae8-870b-dafb8bd9855e"",""src-56ffea99-1732-5ec6-858e-aabea0a5c553"",""src-578b859b-245c-56fa-86f4-76dfbc18827e"",""src-57cf68be-7b06-5c8e-b553-fe989f3dbac8"",""src-586abcd3-ca45-56c1-8e3e-e94538b7ce79"",""src-586ef1a4-b5ac-5aca-87b3-00208a20b483"",""src-58f192ed-0bc5-5492-b250-d2a5ba8c8d14"",""src-59115df1-0c21-52ba-a4a2-979b69c99888"",""src-591629fe-6b7f-5c7e-8dbd-a3a7ffe0524e"",""src-593a6ecc-6583-5c20-92d8-035b1beff72f"",""src-594d51f0-a71a-54e8-85c3-dee88c896dde"",""src-595629c9-e428-566f-b6e1-60f22ca19046"",""src-59a51b97-015b-5a23-91ce-a4181689bd38"",""src-59c4954c-5800-50f4-ae31-3e9306eb0da9"",""src-59c5b229-f894-5f1f-80c7-9c1087f12f1c"",""src-59d03b94-920f-561c-a8df-5612439b12d5"",""src-59de3f85-4278-519a-a2bb-61f93c9df76d"",""src-59e250f7-3f62-5f39-9787-9435eaa9cd8f"",""src-59fcd2c0-6ea1-5c3c-a495-e53baf49899a"",""src-5a1094d3-e6a0-5dbb-b0d6-5b1db4935b76"",""src-5a15c9b8-b262-5923-ab3a-8692fb999ad2"",""src-5a27bbec-956b-5480-91a1-21d011675231"",""src-5a6c1403-476b-5d19-b728-a938dc697758"",""src-5a71f69b-d1c0-5c88-9972-2029c02296b2"",""src-5a8ae5a9-c6d2-519e-8a9f-37a57a0802eb"",""src-5a97ebc1-f7be-5718-b4c2-27a62c468522"",""src-5a9c5f9d-7754-5546-be82-9a822d4ca285"",""src-5aa817ef-47bb-5464-a566-469601745cdd"",""src-5ab3b8a3-e9a3-5142-b4e8-80afe3e06228"",""src-5ad5d027-37bb-5a85-9a24-cdb7964bf58e"",""src-5b0b8ee2-85a2-5947-9f8e-10cf3d7f2d69"",""src-5b0d0cad-c5ad-5de6-8883-73af6e443841"",""src-5b0ede12-06d4-5868-a02e-e612952b2172"",""src-5b1ae0f3-9dba-5fb5-8013-302fa5c97b41"",""src-5b47367d-6ccb-56db-873b-234a81dd6ec9"",""src-5b6e1b39-9191-5c72-ad5b-e6d8096018ef"",""src-5b8f07e1-db76-5485-90c8-29a455ec02d6"",""src-5bb9614f-0c15-5949-837c-c87257df6aff"",""src-5bf4583a-8972-5589-a781-bc00da72d746"",""src-5c094136-1896-5210-b389-cf7ec9178d31"",""src-5c41a47b-b5a9-5c65-b604-63cb6e007d36"",""src-5c43e388-568d-5b5e-bed5-282a4cdc4696"",""src-5c4b0479-e335-55f0-8c4e-cfa9a524b61e"",""src-5c513032-a681-58f0-8ea8-52f10c62b0f3"",""src-5c588996-2f0d-54c9-9f9c-16711d11e424"",""src-5c677dd1-02f0-5b70-be0b-5b0ade979bf5"",""src-5cbf0dca-5621-5c48-a3b0-a01db3e1fd41"",""src-5cd2a544-2277-567a-a386-1b21f9e02b34"",""src-5cdabc1b-b65f-5ad6-9b97-b29933d31bee"",""src-5ce27503-c6c3-551c-9f96-ad701580cbca"",""src-5d203040-63d7-54a3-bdac-49ba561fa9ac"",""src-5d379ed9-5e74-58ea-a877-bd251507e873"",""src-5d598532-c6bd-5a88-a25a-3983191a0022"",""src-5d764f53-276f-5740-b42a-9c65874c8bf0"",""src-5d8ace55-8e7f-52a6-bfef-6533000fccba"",""src-5d9d98f4-1ec3-51b4-826c-db7113685e0a"",""src-5dbc84a3-3e83-5e93-ad29-4bf2950c3867"",""src-5dc303b0-042a-5ffb-a1b7-eab1050464a1"",""src-5dc5563f-a0ab-5194-92f7-fd46c0796032"",""src-5de6751d-d5de-5a6c-9c0a-ec6419e0fb91"",""src-5de8ae10-8fc7-5404-b9cf-b3417bb86869"",""src-5e12ed12-67ef-5a6e-b423-751971a6744c"",""src-5e37cb1f-3efe-56c9-84e2-eeef4dd540a9"",""src-5e391853-9b00-5ab6-900f-ca3484535745"",""src-5e9e4b99-bb6f-5584-8a9a-76d5bdcdf7c5"",""src-5ec2b4e7-3f93-546b-8353-01aaa63ace76"",""src-5ed37217-0d8a-5023-be28-ef3f7d798644"",""src-5ee8543e-fb35-5381-a3fe-e30a90ff1407"",""src-5eec7024-5e7d-5d02-8afe-bf6cdae72f89"",""src-5ef844cf-8adb-522f-8e1f-8d6b30cde36c"",""src-5efbef3d-0886-5223-a97d-b341695826a3"",""src-5f25ca52-98bc-5ab0-9f0f-b09e85e0f5dd"",""src-5f658bb4-0cb7-5595-bc55-c4cc9efd3772"",""src-5fa304df-87f0-5122-ad21-bdf278a46a67"",""src-5fd9b767-7bfb-5484-8aad-73b1b745a048"",""src-5fe62b4d-a734-54fc-894b-bbeca8ac3586"",""src-5ffd511d-000f-5b53-8a07-adaa50bc9c78"",""src-600fabfe-3bdc-518e-988e-2e8ff5487961"",""src-6035fb83-12f2-5e75-ba5e-34d7c4de818d"",""src-609cbe34-71f2-54ba-bb9c-429ce40fb418"",""src-60b10198-eb60-5541-a980-fd05ca956ff8"",""src-60b25ab4-3bd8-5eb8-8fa8-4dd0d1e15b4d"",""src-60b45167-88be-529b-9ff0-6290919e22ba"",""src-611de0a6-095c-5001-8524-1f944877b59e"",""src-613989b7-55dd-5811-967c-e846760eea3f"",""src-614abcf8-6c82-5488-a7ec-9ff789ce239e"",""src-616125fa-f1a7-5ae5-a626-33f83de97cda"",""src-61975c84-24b8-5c31-861b-93d0a1691340"",""src-61ac1e8d-e85e-53a4-b8c6-db194ef9cf93"",""src-61b1ce1f-2cf5-5d70-9da1-4a81de65a670"",""src-61f63937-71a6-5916-a395-0b20500573a7"",""src-62249be0-28ed-5d16-964b-030d1cb100c6"",""src-62454f6d-ab85-5a53-aa3b-cefc4f68cdff"",""src-624bdd7c-064e-5900-9a84-6215b75506b4"",""src-625e136d-fd00-5015-a34c-8a9db7ece19d"",""src-629995fd-55aa-5be5-aa10-27613970cc93"",""src-629b0894-b085-5c6b-b65e-7c5f20921f29"",""src-629d733a-4a76-5e64-b8c8-3a26a9c5ec2b"",""src-62a7e282-b31b-5eb7-94e0-e95834fe2256"",""src-62a7f21c-13d4-5f2e-a34c-462f9b4cc362"",""src-62df97ff-4c0a-5c23-8d37-dd51a38d7bba"",""src-62fbbc3f-1265-54ff-882b-674eeebe174e"",""src-630e448f-e31d-54a0-8c55-73dd59a176fb"",""src-6317bfb8-1fa4-5f65-b433-ecfb000691ad"",""src-632b43e6-f2c1-5fe8-b8f3-fbff02dae656"",""src-634bb183-8133-54d9-b54a-555f1178cfc8"",""src-63b052ca-c16b-5280-b006-69a4bbec4633"",""src-63fa949d-c1cc-5368-82ed-d457d5b2cb1c"",""src-64071213-d853-5a05-92c6-35106d7dc8c5"",""src-640f82af-cdd8-5854-81b2-b7ff2d6899fe"",""src-6413cea6-ac52-50b2-be76-5f67ece2e8fd"",""src-6422fad3-15c4-5260-b534-fc0bc1265d7b"",""src-646479ae-0439-5c13-bc26-de3d278b5afc"",""src-64679f54-228e-57cb-8570-1a96523601e1"",""src-64ab1730-9ce4-5434-855a-ee48d9e53c49"",""src-64bfda1e-f049-5e30-8d16-6425acf0ba7b"",""src-64c99408-ecbf-5a78-b726-8b846231ed54"",""src-64edc98e-6f9c-5602-bc19-ea2b10d3b2b0"",""src-6550c49c-ec58-5824-80b0-b270bb4869f9"",""src-6591bc7d-ec9c-5c6f-883d-02e157577dd8"",""src-659c1766-0b57-5847-b59a-31b4d35b2117"",""src-65a7e010-3ce9-5d2a-9309-b19fbc667595"",""src-65aa67b1-ed79-5926-a46e-f68b55546394"",""src-6604af5b-9167-5f3b-afc7-f19ad7800490"",""src-6644375f-6a31-531b-8155-59757424430e"",""src-664a6eab-9e2a-5c92-9a3d-625c6306b9ea"",""src-6657963b-8f9a-5a6e-8823-1f435b47e8bd"",""src-66887101-f82f-5c6e-a69c-d6182a4e29e8"",""src-66bd7d63-21c2-51a6-b33b-cab1aad0ed63"",""src-66e30443-6503-5c06-9cba-cbc7a35ba3a1"",""src-67bb20a6-3b5d-502b-a5b0-b8f929758b47"",""src-67dd0b2f-e315-57c9-9d47-7eac184996c2"",""src-67f2768e-c3e0-5800-b41c-0c4c572b94ff"",""src-67f4bc0a-4e6a-5ef6-8041-a3642a8149b6"",""src-6824237d-69d0-540e-9f86-4eda9bbe71ac"",""src-68375d7b-ec59-5da6-ab2b-730b0ebc4c2f"",""src-68611287-4cf6-5214-9330-5c4bdc0d8666"",""src-68759ae3-dc37-5357-bb50-f56f811242a2"",""src-68b0179d-200b-551e-8875-c36516923f6f"",""src-68d93f07-4e2f-5565-9412-c16a7ff3a69c"",""src-69088fac-a6ff-53a4-95fe-ed153de001f0"",""src-6912b439-01ca-5ed3-913d-bb17e4c2575c"",""src-69650dff-eca5-5388-a2e5-caffa7a59ba7"",""src-696cc8e6-a168-5676-9163-5da634d48c22"",""src-6989853e-cd46-5921-9088-2bd29ba96736"",""src-69982cae-3fd5-5651-87a6-d8042f6737a1"",""src-69c0fc2c-612d-51e8-a575-c296d622f187"",""src-69e9f1de-5d6d-5173-8e37-288f359e0cc4"",""src-6a2f3214-ae57-5c67-ba96-95ca271e1848"",""src-6a61cbe1-e79b-5a64-a18d-1d395236c732"",""src-6a6d7da0-d66b-5e58-8770-e9e098da5fca"",""src-6a8bb63a-ece0-57c1-90d2-23d930f545f0"",""src-6aa6192c-d18a-5814-a27a-a61ef1bc40a5"",""src-6ab7ec14-8dd4-595c-88db-fdc5d8c5e353"",""src-6ad436d2-fa27-5dbd-9b77-9767b35893c1"",""src-6b135609-ba6c-5d77-9d74-f47e8f0b687c"",""src-6b13be02-52e5-503c-84ae-3012664badd4"",""src-6b213f49-634b-5e0d-8118-bd384a7b2c56"",""src-6b304371-d42f-5246-9b3f-e5b68c58ff51"",""src-6b3db37d-6b0b-525d-abd7-8f70579b1b54"",""src-6b6c9cde-2eaa-5faa-9638-9434917965ed"",""src-6b715613-00fb-5ce1-a773-7252d74e7d5c"",""src-6bd18f33-a1de-520f-90e4-acaa59f15550"",""src-6be4dc33-6d69-5562-9b31-0bdfdb89925f"",""src-6c31b9df-27fa-519b-94d4-d0d4d3fae21e"",""src-6c686fd3-2677-5dca-8b90-07c3c2cce2d3"",""src-6c78f19d-9831-523d-8ee2-8c3e85d571af"",""src-6c8c08d0-e25b-5af9-aa70-29af709ebc6a"",""src-6c92852f-6b98-5d7f-b082-f78a27d55d7a"",""src-6ccc6cd3-648e-502e-b14e-807a11ce77a8"",""src-6ce5f408-acf2-5a8f-af4b-78e544b14e74"",""src-6d3522de-7c2c-5bd4-88fb-3b1d7c3df091"",""src-6d434e08-e69b-51f1-a066-50dba2e6e998"",""src-6d84c58a-5082-5da9-8dc5-17e25f5178b0"",""src-6d889650-07e1-5e1c-9391-9eb816377c59"",""src-6dbfd08b-635f-51b6-9fdf-37e1aef6a4ff"",""src-6ddc80a1-8d1a-517f-a326-754bb895f8be"",""src-6e4ad071-ea29-5064-880c-40b82ff6bb62"",""src-6e57ab86-2547-5f82-a9ef-9ccf3db59532"",""src-6e62e910-318f-55d4-ac64-f924bb9cd465"",""src-6e8dec68-b0a8-5e9f-ae66-11f6d88e5009"",""src-6e8facd8-99b7-5941-a9bc-92b36c62c0fc"",""src-6e937d5c-f3b4-54da-a702-0d38957a1edc"",""src-6e9d7461-949f-5bed-ae62-083c9dda956f"",""src-6eb45069-2e7b-5997-9627-d3291a895487"",""src-6ec06601-b83a-5a32-ac11-6dbcd8e859e3"",""src-6ef67f03-60cb-500b-99cf-8a18c53dc886"",""src-6f4a7ce2-bce9-5bd7-bbb0-c0801873a680"",""src-6f6fa7c9-3806-5ed6-8026-6ddc4ac1019e"",""src-6f8029ac-9be5-573e-a514-5e79df0d9219"",""src-6fd8404c-c533-5b1a-8c00-65a30c4604ab"",""src-700d36d1-6fa5-5bd9-b696-9f7abdce3584"",""src-702b88a6-9f68-5081-914f-4a2edc6c7a45"",""src-70653bf8-308f-5c79-9469-9ff76d2f3099"",""src-7086e622-a8a8-5504-a438-a19f1e2304d6"",""src-710fcdb0-b899-5867-9f9a-40b95936a6ad"",""src-711a58b6-1c0d-5970-a8dd-3c7eb3b6da41"",""src-714a5a1a-774f-5b2f-8099-a1167db418ca"",""src-71a998c5-5709-5547-87af-c8141355d04b"",""src-72344197-e255-5379-8a2c-e80efd14a490"",""src-72417488-dbbe-5eda-9a76-d151b316f13c"",""src-72566064-c5fd-5000-8e4e-e6c0754630eb"",""src-72608df0-177d-547e-a8d0-05c040e30762"",""src-7261ac24-b891-55f6-9f93-bfd31b3445d3"",""src-726ca71b-9272-51ef-9666-aa07fadf3c99"",""src-72729c4b-7155-5fc6-9df7-416dd69ffe0f"",""src-729266f9-2e54-5fd1-83fb-e29eec868360"",""src-72ba446c-907b-51c7-a0c4-7ec28088f012"",""src-72e6e885-0f62-5868-9717-2e59f1cfdf5d"",""src-7310e2e3-2c78-5d7f-af3f-89cf54f1e8fb"",""src-732ed70f-36e7-53dd-a8f8-49c78aacb533"",""src-73c4679c-bd64-58af-bb66-05c024cf7f74"",""src-73c985ec-a40a-56f4-a009-f147f3d90887"",""src-73cc4677-8bff-5859-b56e-720ebb077146"",""src-73eb872f-8e0b-59e1-8d26-c021b3f0236f"",""src-73fd3ee8-bb07-5fa0-b922-bbf9170f3548"",""src-741f9e02-01a9-5baf-816a-d02cbac5cf3b"",""src-7434a0d8-1bb9-5e3e-b31f-b8e7b14e32dd"",""src-74669d04-2c31-5130-bc01-1f7857092925"",""src-74cf96ae-a1af-5dd5-b2d1-1a1c32bc3abe"",""src-74d6df98-bca6-58fa-9803-20dbad0b8b32"",""src-74f9c26e-b1b9-5c15-84ec-8b74b91f8a74"",""src-74fd1770-dce2-51c4-9b8a-ad1bef21bbb5"",""src-750556e5-881c-5db2-b2a4-31eb80b49063"",""src-751db4a7-122b-56a5-b29c-228f3a461e61"",""src-753aa301-02e1-5922-93a9-1a3edd94b9f7"",""src-7580d544-e60c-5937-822d-8fa55a613575"",""src-7595e22a-137c-5f39-ab81-1e44192cd154"",""src-75ad1ea8-e7f8-5bbb-9e80-b222c6cbc91f"",""src-75ec207c-8055-536f-bae8-e8067e141dd2"",""src-75fffba1-2987-5519-9a03-02e997470fd3"",""src-76291957-6797-500f-a95e-5a1edb4e4fdb"",""src-762c2cd3-3ddf-5434-8501-454cf51190a3"",""src-76501ec4-5da0-52ea-9428-e1e27836797b"",""src-76a56dbc-a367-559f-8b66-3c04ad43bc65"",""src-76e0cc79-2184-5071-8f82-499f3c57c573"",""src-771aeab7-9bd6-5bb9-85c4-856a14f52158"",""src-772be1d1-afde-52b7-8ea0-95c1271ec142"",""src-77369ab7-cf47-51d3-a0f4-5812746f31cb"",""src-774287c1-9ce0-5ce6-822c-b1e4a26462da"",""src-776e50c4-358a-5036-882f-cfe41245b87d"",""src-778d2788-e6f8-5195-a190-c6cd1b908848"",""src-7797d405-598c-5dc3-b2bf-b7adcb0de2f8"",""src-779980cb-a829-54d2-8667-018b6d21fbc2"",""src-77a0bd2b-4de4-5e64-87e6-46f893fbb3cc"",""src-78279751-9b12-5441-bda2-2f28e17d1a3f"",""src-7837763f-7c51-5780-9cf6-61e2396b2810"",""src-78743173-f5a4-5489-bb70-1d730fbc306c"",""src-78b9cfd2-b008-5dc5-9e86-a537514dbdd7"",""src-78d76935-8570-5078-90fd-55c2b3f42f41"",""src-78e2daa7-42d1-5ef9-a249-bc12d2e13767"",""src-79292d1a-30a4-5d77-8104-01f8e19986e3"",""src-792e738a-6803-5989-af4b-0bec63c41ddd"",""src-7947567c-cb85-5096-922d-0ad81cc03623"",""src-79c6fa04-72cf-5725-95aa-a1d43faea691"",""src-79d221ad-5a8d-582a-9e5d-d49944316ce5"",""src-7a0e3f69-309e-5a5c-b737-433b42cec233"",""src-7a18a8a4-f768-5369-b1f6-4afec30564d7"",""src-7a3222a9-71fa-5f3d-b1a9-d887aa45c15a"",""src-7a406bf4-1340-58b3-b9f0-2f7583dd5b9c"",""src-7a45c821-c9b8-5c7c-a8ec-e599e961294f"",""src-7ac1c7d5-373e-588f-9719-477585aba38e"",""src-7ac942d5-6078-54e4-979e-fa7dd682ac29"",""src-7aca9d81-34f4-5f15-998f-195a953cf7a2"",""src-7b012595-ea8d-515a-9338-001ba83e4186"",""src-7b16a484-abbc-5e3d-8fec-900c58410a60"",""src-7b1e42ad-ef97-5b2e-ad5f-18ecf3b7d7cf"",""src-7b8223a2-497a-538b-92b0-c06e825016ae"",""src-7c095dac-5645-5724-86fd-afee9ce91ede"",""src-7c0b6e9b-c8b9-5137-a078-e4a4f6b5ed02"",""src-7c1f065b-b115-5571-b5f4-96c3ce02ec40"",""src-7c48eb4f-7f25-59f2-9481-27e16894231f"",""src-7c5ed416-46df-53ab-840e-6e73a2f5a61d"",""src-7c6ed090-f062-544c-9e2a-179aca28c75d"",""src-7cb29109-3338-5e48-9fc0-6cd2e5893ee5"",""src-7cd7693f-28d3-5e87-b67e-415b1121c0f6"",""src-7cdd7e10-ac0f-5980-bffc-75a9ec76cfb9"",""src-7cf5943e-ff2b-597e-b99b-ef416cb25aab"",""src-7cff45c7-cc01-5650-a1eb-bc207ae677c7"",""src-7ddfbff5-da50-5ba8-ac37-6713861b3b11"",""src-7df34d17-5eef-5cad-8647-cc44067ebba5"",""src-7dfca697-7f79-5dd5-a7a9-60ca38b664ce"",""src-7e39c81d-16c5-5c50-96ec-a4caedad5224"",""src-7efc4447-c01c-5324-93a9-2dd4eefd3c27"",""src-7f335818-0a8f-5f10-b27f-6aee22cd751b"",""src-7f50d076-85da-55e2-a48c-d3cdc90d441f"",""src-7f884689-a7e2-5cfa-8d4f-e5b0ca3d7bdf"",""src-7f9954ad-de73-5aa2-b0f5-a539019bf1b5"",""src-7fa3aafa-c73d-5af2-a894-62c096991b75"",""src-7fb2d330-4c7a-5196-ad42-85044ae055fa"",""src-800ea5a1-ec5b-5d02-b728-246df35a8760"",""src-8010b247-0327-5e8a-a784-9ef926708eb0"",""src-801258c0-d9e9-5f15-b091-5b46081e2fa8"",""src-80aef576-0f43-5704-bb64-c425d551f9ce"",""src-80c873d6-ed9d-524b-8a2e-39b91bca2ed8"",""src-816db59c-7ea8-5171-8b45-ca5432fce74f"",""src-817d2efe-185e-5c9a-98c2-031254d0e7ef"",""src-817d4853-7e47-5bb0-8ad2-560cd141f720"",""src-81812a81-76de-5a5a-ba8e-b2774a0e1a66"",""src-819b8bef-fe0c-59fd-938f-7e97d43173d4"",""src-819e2772-3095-5f39-9f47-684efded5f89"",""src-81a17060-4d8e-59ea-9537-f9c944c7d244"",""src-81b0b8e2-6ac3-53d3-906a-3371b5981674"",""src-81b1b0f8-dfc9-5393-a848-4eec29df7609"",""src-81ba15b3-6780-5488-9f49-f4b0af936eaf"",""src-8223899b-1642-511a-89bd-9566be11b78e"",""src-8236c7f4-2ce1-5416-9e97-9ca1425ddcfa"",""src-82423ab7-1d65-566f-b37d-9068443c3c9a"",""src-82ebf0c9-c162-56a9-b131-3d20020586ad"",""src-83003787-bdc1-5c97-8256-63390e4d3d7d"",""src-83139e6b-8e0f-5fc4-9460-ebaa2c961b2e"",""src-8319dfaf-8a5e-5212-85c1-c0c408bf28ad"",""src-8360df79-7cad-5a38-9a84-4fdf5987823a"",""src-8388b388-2e0d-5949-b86c-1c670bd135c9"",""src-8390ac06-faee-5714-ba99-d511e05f3924"",""src-83be6902-4494-5fa3-ae6d-2fe285508b96"",""src-840f6c01-ae6a-56cc-857e-7836930de95e"",""src-8448f3e8-80a5-5308-9d32-f8c36b2b4472"",""src-8448f6ac-7fb8-508a-bbcc-6b10ff2cbfa0"",""src-84523656-7476-5a1d-909c-0cf818ee3e6c"",""src-8455c11f-c01a-5824-8d3b-bed076ceb89f"",""src-845ab1a2-5e64-58af-9199-07310fbdd75b"",""src-84cbaf14-4518-5b04-8b2f-bf4e036aadcb"",""src-84d83e16-a0a0-56b5-92eb-da17d88fc7af"",""src-84dc7bf9-4588-56a1-988f-3a7cfb1e1dc4"",""src-84e03264-084c-5247-9199-dc3210eb8670"",""src-84e19c66-d10a-5bc4-a56e-f65a75783d8e"",""src-8536e070-eccf-54f0-8e1d-e55d0464a467"",""src-8536f29d-fb28-5444-902b-40e9e7e102b8"",""src-855668d1-0a09-5694-b247-7d584e91984a"",""src-857e27a7-de92-54e8-b5ec-9a4facee06a1"",""src-85974b45-00cb-5412-a1c1-7e6dfbadb9bd"",""src-85a9de66-944d-5f66-8a97-0b34c6a76195"",""src-86169334-937f-578d-9aca-fde4645433fe"",""src-863bc0b7-01ad-5f4f-9f24-ab10094e7257"",""src-8651dd82-60d6-56d0-a4b2-b5f5eb74915d"",""src-866ddb44-5011-5e6f-9a48-836859448218"",""src-868f7d9b-d783-5fb6-9d2e-268d1baf829e"",""src-8693cc9e-af0a-597a-b7ec-d067b5cd6388"",""src-86b4b6b6-45bf-593e-a7ba-9370a4f802e9"",""src-86e7354d-a949-5dd0-bae1-e2b4eae538bd"",""src-86fb79d9-43b9-58b3-bfc2-46a67221d2ff"",""src-86fda7da-c8a4-5370-a8a1-cc843a4da74f"",""src-872c2e28-9c19-59de-81de-a18c5590c493"",""src-872cce0c-a10a-51b2-877c-2888d5fb0b84"",""src-87755475-9fce-5549-9148-eb07f9fcb0f6"",""src-87a9881d-fa93-5cc9-a259-e5883d1bdfbb"",""src-880aa6b7-b130-5b5a-bda2-659461233e4a"",""src-880c7287-6bab-5b7b-9c45-4716f850f1fb"",""src-8838a82e-34b6-5a80-add3-70e6f12d2306"",""src-88a13737-adfc-5959-9e47-ef75900393f2"",""src-88b377ba-f28b-5a50-9f5e-afaedec53b19"",""src-88de875e-1033-52b5-a0b4-76de8a51a9a7"",""src-88fb27ae-aad2-5d89-b137-01a0af58127a"",""src-8905c5ae-9e41-5ad4-9fe3-6584adcfdfb3"",""src-894b8e7d-8082-57b5-8e9f-d998b07c3433"",""src-89949fab-bee0-5ddb-9f78-0128fb9e9d27"",""src-89b6c709-8fba-5f12-9ca8-9d8f9a57f3f0"",""src-89ffcd1c-1e6c-57d5-87c9-0f045781339f"",""src-8a20c31d-79ec-5cb2-99a8-28259f1ccb16"",""src-8a30d810-cd49-5c2b-a646-d20d665f5ddb"",""src-8a3e6780-a2d4-5273-a776-1eeeedccb20f"",""src-8a55a014-ce15-5aa8-b425-d8e3a0f3f051"",""src-8a5eccb1-97b3-5ae8-9e8c-62be1a108e0a"",""src-8aa833a9-4bcd-5fa6-a882-3f989f02b1bf"",""src-8ab0934f-ff31-577c-80be-102194fbd3f3"",""src-8adb8fe5-bb2b-58be-982f-36ff3cac8704"",""src-8bb8886e-e640-5731-9600-0175b2ba4b9b"",""src-8bbadaf5-249d-572d-89b5-8057cb521ccd"",""src-8bbea55c-57d8-51af-ba56-d9a9467e3fb8"",""src-8be3b9ae-424c-5439-8edf-cde398819459"",""src-8c05f366-b2b1-5cd6-8751-f19ece6c7ba3"",""src-8c0eb50a-659d-5b3a-ad8d-979164d2af67"",""src-8c3850c4-b187-5723-b867-bc39d206e346"",""src-8ca12415-8b15-52a0-8284-9a02d90c9e4b"",""src-8ca7cb99-3152-5766-8692-2eeb8a5643b9"",""src-8cb9aea3-8f20-5adc-b8ec-b9682b08d9ea"",""src-8ccb22e8-e96a-5df9-9fe5-e548e421e2ea"",""src-8cd14c4d-8adf-585e-bf26-db0fd99d6de4"",""src-8d00239a-3b2a-58d5-b3b9-94d70f220ece"",""src-8d5c0475-006e-5a3e-a162-77ca3f70af86"",""src-8d8ae235-59be-54e0-903c-c0ff2180a2fd"",""src-8d96b544-ea51-598e-8185-97edd5d73cea"",""src-8db2aa35-6552-5d15-892c-053449b3b0c2"",""src-8dc7d7d9-a3fd-5632-a5e2-019d0fe42123"",""src-8dedda6f-b615-5d30-83a8-d1806258f311"",""src-8e42be5b-8025-5c91-b6c3-c8b4c44b3b50"",""src-8e7eacd7-ee5a-5c8d-9b97-b15311765e80"",""src-8e864f24-5106-5651-b4bc-383cba751026"",""src-8ec0cf19-53ec-5e4b-978b-6f1b2490a1bc"",""src-8ed1d24d-e638-509c-bb66-7cf83874f96b"",""src-8ed33abe-040d-57d3-988d-e9cb9f1c9d89"",""src-8ed46b50-5d00-537f-88cd-9d9c978529f4"",""src-8f4fc9bf-ec9c-5fd3-9d68-1104c514cbc5"",""src-8f56fff9-5879-5218-a00f-0e091ce68abc"",""src-8f5c220c-a19b-50bb-ae43-56abd3a2234c"",""src-8f9b0489-d94d-53ab-bdc0-e1aa063681b3"",""src-8fc1b706-6784-5b55-9bb5-56c06333ea0f"",""src-8fca31a1-6da9-59a4-a4bc-f42a9002cb0a"",""src-90004d87-299a-56d9-8bce-6b7b181e4dfb"",""src-9084c1d6-c453-5d47-8a1d-8541069c1779"",""src-90d1530b-74eb-57ab-b456-85fa2172662f"",""src-90d20fed-d969-594f-a286-023b4f998651"",""src-910f0f15-4a9e-5380-baea-7ac4f6bd9d19"",""src-91607171-8c00-503e-a931-e6bc1ffac21d"",""src-917f45df-d063-577a-9709-1b43d38947fe"",""src-919b240d-2960-5ab3-ae1e-60099795003f"",""src-919eb842-86f7-5289-947a-9a79973f98ae"",""src-91a5785b-57e2-58f7-a6c0-ed5bb1d8b7b4"",""src-91d972ba-bb3b-5296-a10e-18c91cfbd1e9"",""src-922b8642-3861-55da-9a84-e87b400c6315"",""src-92376a2c-741f-5b30-8aab-b9dc132105e8"",""src-926fa929-9855-506d-b275-03dff717ebbb"",""src-92ae2052-e988-55e3-ae10-fda49d7f33ea"",""src-93522968-f768-53fb-945e-daa025a21cec"",""src-9362529b-69a6-58e1-89c4-c1b6564f5c07"",""src-9364641f-e6bc-5756-ac1a-b01798c55de0"",""src-93939879-65e6-52d8-aa25-083a8bc4a7a0"",""src-93b582c3-389a-51ec-b5e3-763c792ff1df"",""src-93d5dc9f-9f7b-5d26-a75a-036c3d273efa"",""src-944d1516-7225-5cf6-89b7-ffb8f88d2920"",""src-945b68c3-884d-598f-87d4-96654d2bd1cc"",""src-947025bf-c9ad-5c44-ad84-c7529d2c7761"",""src-947f64f0-7552-5d73-b40f-1328a70623be"",""src-94bd8979-4944-5225-a6e3-de845f3e073d"",""src-9539ce6b-e77b-532d-9667-32958b6c3399"",""src-95537f64-cff1-5c4e-afff-ebec577c4246"",""src-956fec5c-6a07-5a6b-a769-ebbf6290ce49"",""src-95b46dba-d109-55df-96dd-338e2aa74cd1"",""src-95c5f732-7df6-51b6-acb5-3ea671d94bc4"",""src-95cf9d48-544d-5627-ba3b-a5840a824fa7"",""src-95ec3c1f-9ef5-515f-b303-365d7f501c87"",""src-960992ec-81eb-5007-b65f-a596cbb18896"",""src-960e044a-cf55-5883-b917-c59d42a4d0c4"",""src-96562e48-5636-50c8-a8ad-effceff8c112"",""src-968b366c-4ea3-5d92-806a-00a935a57332"",""src-96c4ffe8-7b4d-5736-a983-5201eb33c528"",""src-96cda989-dbf1-5784-a055-30fdeaab7be3"",""src-97d70a9c-db53-57e6-9c31-9043dca76551"",""src-98003c1c-91ff-5a5c-80a1-5c66041881b5"",""src-982eb82f-5a8d-5b8e-8340-28cc62f95978"",""src-986fba96-bef2-5b1d-925a-015d9ad3b965"",""src-98cca4ca-e6ca-5f63-b948-986d15d21a5a"",""src-98dfbe4e-a658-51fb-b88e-8c22f437cdea"",""src-98e0ec2e-5ef1-5e6a-a024-ff57c8ec3bc3"",""src-9924fff4-ea36-57c1-b1d4-21d7fb5fb35b"",""src-99641bd4-8c98-5c90-a47f-d823d74bf209"",""src-997de230-f83f-5df6-9d37-c16813388eb6"",""src-99b62135-85d5-53d1-a3f6-b315e0a376b8"",""src-99c61cf2-4293-5477-98aa-cab98bfeb2f9"",""src-99dd1911-6741-502c-8ced-5fabf128e1bb"",""src-9a275444-3770-53e8-81e4-e67e09c8d609"",""src-9a33ef95-655b-5bf3-ba9c-b55c8b0a7e11"",""src-9a38dc89-60c7-5cb4-85fa-e890ccca4e47"",""src-9a3e2d8f-787c-5912-8b24-d9101a435692"",""src-9a49cd37-6f42-5683-a6cb-02e1afa653f6"",""src-9a54faa1-5335-5d04-bd02-e57643060605"",""src-9a9f6881-8706-5344-b0e6-3021ab234c1e"",""src-9b003f51-2b0b-5501-ba5b-32251f5aeaf5"",""src-9b6b9a3c-7ad9-5009-96f5-fd57308f5697"",""src-9b798088-1ba2-5658-87b3-1165627f0a78"",""src-9b865d52-78b7-5add-9b87-949dd1c1fea2"",""src-9ba6f1c8-31d0-5fac-8202-32015f42750b"",""src-9bb9a2f2-0562-58b1-b6f2-d05a6aa42f43"",""src-9bbe8882-6888-54bf-8577-07ca9305a74a"",""src-9bc300a0-cf6b-5161-b173-cc02bd5c637c"",""src-9bd44f3f-8ab6-55df-8583-593d4ea8094b"",""src-9c039d61-a9b7-5d3c-b2ad-082ad2a73627"",""src-9c99912c-6694-554a-8ef2-4d65c27936cd"",""src-9c9c217d-26bd-5a77-a92e-44d3d4bf17c6"",""src-9cf9c224-a413-5a6f-b30b-b72015bc39f5"",""src-9d441537-0035-5eeb-81e3-d288f0ee73d8"",""src-9d61e8bd-925f-51a3-9cbb-70a0a3a5655d"",""src-9d7ec966-9eea-52c6-8731-c09779886500"",""src-9d8c9f15-e079-56a3-91d5-b12511c5f0aa"",""src-9db0a8af-b6d5-55ae-9797-ad8d0175ddb3"",""src-9db9335a-ab79-5a2a-bf3f-d3d8ff5b76e6"",""src-9de212ec-3e1d-520d-b1ea-c22efc3f17a2"",""src-9de7e37b-919c-5582-807c-ff6bcd45adbd"",""src-9de861c9-4eaf-5913-93f4-830a118ccfb4"",""src-9e3c9738-48ef-57b8-9a9e-a9628e780bd5"",""src-9ebd34e4-8e39-5eec-987e-333e0e93d9c3"",""src-9ec33324-6420-5e56-a3f5-9917c30ccf12"",""src-9ec544c4-ed3e-5bda-a167-5e4684716b89"",""src-9efa8989-dd8b-5270-90a3-be627bbeb243"",""src-9f167552-2f40-5e22-b3d2-0907b4d48f60"",""src-9f6c1fe3-146a-572f-8aa5-481504112366"",""src-9fb1697f-6703-5342-a9f2-7c2b2a154744"",""src-9fd24cbe-4461-5010-80c7-86914da28272"",""src-9fdf4e08-dc3f-5b81-b2df-fd61b067d81e"",""src-9fe04200-0ef0-5c5a-b55f-0f442970aefa"",""src-a0103d9b-fe42-551b-b85e-170d387479ea"",""src-a0218ca7-2564-5ba5-84d0-65702ced8b67"",""src-a03aa4ed-33aa-5282-b141-3dfdc5dd0e86"",""src-a0911918-9008-5859-a9c9-cc7813ea541b"",""src-a0eb657c-0b77-5403-94b5-34bbee3a51fd"",""src-a0ff13cd-dc05-54ae-ad7d-4faa9c7cb2c2"",""src-a13bc34e-fe89-5a56-b3b0-740218a7ea32"",""src-a15662b9-fdb8-5841-a643-e1e037e875ed"",""src-a1671ea5-6374-551e-b30c-c28504b247c3"",""src-a176461a-71e3-5c54-a6fd-bbb6058d3b18"",""src-a21fb32a-0078-5ab1-a0f0-9c7b15b23140"",""src-a2283213-56a3-519e-a563-3b09fb82abfc"",""src-a24f5958-5651-5f01-b795-b84c369bd9ed"",""src-a2c6e440-cc72-586b-8ee5-17d280621c0c"",""src-a3020326-2d64-5c3f-912d-f9e62851fa7f"",""src-a3865e0e-f967-5061-a4e6-ec3295e50d19"",""src-a3b49652-9962-5d8b-bb26-3690c6d400a0"",""src-a4216c31-2ed9-5570-a489-8e071898628f"",""src-a42a00d2-36bb-5ad4-8168-436271d418fb"",""src-a43e1a22-4e69-53e4-9ab5-4067b294c6d4"",""src-a4476785-07dd-5347-9d2e-cb8801cd099c"",""src-a4592a2e-de21-5dc4-8df1-164f823be3aa"",""src-a464dd4c-bbb1-52ce-b236-9fc77c23165b"",""src-a474b92a-7628-596a-9110-aa23f6abd861"",""src-a48f2d73-30c1-5efe-b518-847246e6b10c"",""src-a497a0fe-cafd-578f-96ca-b8b01f8dfb1f"",""src-a4b032d2-5e8c-50b7-9c25-c0666a24357f"",""src-a4cdc4e4-0a1e-5ab1-b8f0-44054a489305"",""src-a4e57cd8-f2ec-53d4-8472-f2958078f88d"",""src-a4ebf9e1-57b9-5021-b221-7ab5c39acc91"",""src-a4edb57a-16c0-5dd1-aee2-8c9bcb5892ce"",""src-a5038d56-5f63-525c-b35d-3f60b3101f99"",""src-a519a948-c5bc-5636-9922-9ab163f97107"",""src-a51c8c66-a3cc-590c-879b-1377689b5dc8"",""src-a52e6994-84e8-5aa7-83b9-e218f96ac248"",""src-a538cf9c-f71a-5335-8566-e0f544d230ea"",""src-a5746a8a-416a-5971-be40-00b29325e76c"",""src-a578c358-4913-5606-b734-f36bc15e6d4a"",""src-a58019ae-ca97-5520-9435-e897fb71fee2"",""src-a5bca7c6-0e5c-59b1-b3a0-455f137d3930"",""src-a5cb825c-dbae-59e0-a0ab-562b05980e8f"",""src-a5f1923f-c6bd-5c11-b581-bde1055fdf94"",""src-a5f27977-4b1c-5976-978f-024cf93c5793"",""src-a60b95d9-9dcb-5f04-bf05-df9f61dfe45d"",""src-a6530458-f127-5a25-90e4-aa14ffe9e269"",""src-a6692b90-cebc-56bb-9363-2b3119c51287"",""src-a66aaa59-54b4-500c-9950-e01faa7736d7"",""src-a68fa29b-5f31-53e0-b0b4-d7adbb89f83c"",""src-a6bcb189-9d19-507b-b72b-4d5e9ae285d5"",""src-a6ed66ec-3e5c-5215-bec0-75f07ae85b80"",""src-a70b36ad-acdb-5b1c-b7e2-64ffe6ebe4c4"",""src-a70d4206-59f9-5740-a7e0-503e37f01a18"",""src-a729bfb0-26af-5fce-8584-f3c495e3b347"",""src-a734c983-b61b-521f-86d0-f28854cb66fe"",""src-a7449646-af7a-5f43-9b80-37d8bb26569c"",""src-a76db9e2-6f2c-54c9-b980-46b4c81c9dfd"",""src-a76e2886-80db-5a5d-824a-051e540f2199"",""src-a7769979-fd58-51e1-94ef-893bc7bc880f"",""src-a7a0cd6a-c0be-5abd-9f53-b5c5caa6caac"",""src-a7d77871-9ce1-53ae-b24c-62b4e9eb6f9d"",""src-a7db5a95-37cf-52a5-bc48-3d5a66194486"",""src-a7df1941-1a41-5824-839c-eacbd7df17ad"",""src-a7f8da95-37cd-5fa6-b24b-46d26e3a4317"",""src-a8048a56-aad5-5d2c-94b3-ff9161886dac"",""src-a80e96c4-0eb5-5817-bbb3-eede14e65dd8"",""src-a8763b8c-38d9-50f6-8895-69b6cc78f63f"",""src-a87f09be-4149-5b34-bb59-014dbef26e4b"",""src-a89409b5-fd89-5f5b-8909-2d31216b39b4"",""src-a8c01abe-071d-59b0-acc4-1404b554c3cf"",""src-a8c4ca6c-4edf-5b63-99d9-0c342d5e3689"",""src-a8d230a4-7d58-58fe-b2e4-f94da9664187"",""src-a8eb6c4d-7d2c-5b48-a72a-a851e7d8252c"",""src-a9235330-dc8b-5abb-a38d-ed75448131af"",""src-a93d1545-08ce-5291-8f58-fd5b760a09d8"",""src-a96a6f26-1cc1-5e05-8dca-0d7baab303e4"",""src-a9a00dbc-4198-591e-9273-1aa2290ca0fe"",""src-aa1c3bc6-97a5-582a-a080-5799f524237d"",""src-aa20fb82-595b-5cf4-abd4-c18cc8c16015"",""src-aa4e374d-ac20-5f6e-9f5c-cfa942872a3f"",""src-aa4e452b-d29e-5f4a-b944-84aa183676c9"",""src-aa998a02-cd9f-5839-b879-65ca07dacb31"",""src-aaf76a9b-6deb-5999-a273-87a8e91272c7"",""src-ab0eb07c-a8b9-59de-8d44-342772eadd7f"",""src-ab3c85b6-d300-5286-a3e8-4d7d517f3d45"",""src-ab3ea042-a595-55d5-aeb0-7e7ef0521049"",""src-ab7d62b9-5299-549d-8db0-32442047f3cb"",""src-ab8e20dc-407c-5c47-aa63-e476b5faa43b"",""src-aba01c6e-8cd2-5425-87c6-14a68b56e857"",""src-abdcdf49-84e3-5167-a840-424fc0c6fafe"",""src-abdd8557-7514-5224-aa02-530e71dea95a"",""src-abf321b3-d0e8-5664-8be8-963558b6694e"",""src-ac13c3f3-0e4c-5109-908a-24d7a8b05f4b"",""src-ac6b3822-9c13-5a7d-bce7-b3310972cbb3"",""src-ac7d9654-7d53-5f25-bfef-a11db37c23c1"",""src-aca73c8e-f002-52c1-894d-dbad1bd62186"",""src-acb65ab0-23dc-5425-9b7d-1bf51a393850"",""src-acc77f08-6a73-5a41-a9dd-f586f12abfb4"",""src-acef06a6-8b2b-55ee-9b3f-a007a867ed4b"",""src-ad54ea66-2e2f-50ac-b793-858d566ec545"",""src-ad5bda4c-8acf-51b5-b200-79f3b655302a"",""src-adcd4321-b6a0-5b6d-8742-7775dbdf9d96"",""src-adead645-3a14-536e-b730-3a7359bc013e"",""src-ae0c8442-89ea-587e-9617-5303ed14b6fa"",""src-ae60ed36-dd24-5a37-a9f7-61965dda0841"",""src-ae620713-252f-5252-9722-f35ce98afe01"",""src-ae853da3-0b13-599b-860f-7122f2bbe447"",""src-aeed1461-4eee-51e4-92d9-6b36ec9d3f1f"",""src-aef0c24a-78fd-5373-82de-e15c6199f9ed"",""src-af0401ff-0a48-50d0-a27c-656e1f9d49c9"",""src-af378a62-1bb7-530d-9dba-03c97a4c753e"",""src-af859436-a5eb-5c8a-9299-48688d4c3982"",""src-af8d7687-8362-5b81-a1dd-db86790dde92"",""src-af8da8ba-bcd1-51ad-a011-1804f8ccc2ab"",""src-afb37a22-1d5d-57be-a05b-4a5361c33fc6"",""src-afbce4e8-26cd-579c-b0f6-e6c17e56e689"",""src-afc24cf4-2e60-52b8-8edf-d0a0058b170a"",""src-b00f15d6-69ce-53eb-99e1-69c786b969fb"",""src-b0296178-f9ba-57b5-8190-256bc4ef165f"",""src-b035ad0d-902d-523b-86c2-54b402a423da"",""src-b06e277f-f08b-5d92-9231-51e55f8e86f3"",""src-b0921eef-8854-5fb3-b1ec-deda6e9cc823"",""src-b0df0f93-78d0-56b3-8783-6ca6f48f2009"",""src-b0f05912-4c73-58ed-9423-1e2d3dd2ee70"",""src-b11003bd-d8af-5d9b-afc1-3c4e81c715f1"",""src-b12b4f92-2fd9-5b85-ad2e-880cbf62bf8b"",""src-b143186c-ac73-56df-9322-4378674df35a"",""src-b169017b-5fe8-5403-9925-cc96a7ee1bd9"",""src-b17397dc-acd7-54ef-b46b-b16928f86475"",""src-b17f8003-bc6f-5136-86f7-429bb9e2b476"",""src-b1b891e8-145e-5eac-8956-51dfa582ac69"",""src-b1dcfe2f-c7dd-5c05-a2a9-cee551b51463"",""src-b1e201b6-98fa-5971-99df-94740c246b16"",""src-b23aa1cf-95f2-56da-983d-a208ed2464fa"",""src-b23cf966-0084-5dbf-8c00-c1aa2366adaf"",""src-b26ed551-3100-5d69-b645-d89c17026a5d"",""src-b28aafec-fb55-5b31-a2d0-304218113b16"",""src-b2968d92-fe19-5db5-b938-cec0c5663289"",""src-b2ca5a73-e343-5bc8-8916-750e503d15ff"",""src-b2cc4d87-1d49-5c3a-8694-9dd4aead84c8"",""src-b2fd5a97-b915-5b62-9893-7c87ec43deff"",""src-b3254bf9-7b8b-5556-9e86-cd51f0ddff0d"",""src-b3271594-04fa-50d7-85b3-9e879ea05fbc"",""src-b33287d9-a2e9-5a44-9a02-4c880d7b9d84"",""src-b3658893-5398-566f-abce-7e404ec635ad"",""src-b3ab278e-de27-54e4-8d40-abb903e05c44"",""src-b3e9d36f-03bd-5e87-b6d1-13187a05c114"",""src-b42ec664-4272-5e3b-89c3-57cc3dfe531d"",""src-b46c562b-7736-565f-ab06-83097b53f022"",""src-b46e408e-4ac4-5468-8b28-7f9227da773e"",""src-b4746df0-c520-5aaf-8cb3-045f98e00aa1"",""src-b47f0a84-e1f6-5695-9133-d9c1f5129f01"",""src-b489583e-b2e6-5521-9bcd-ad8f6cde9565"",""src-b4939d8b-d52d-5544-8a5c-73d874a73c8c"",""src-b51f9b8d-c1b0-5a39-b18b-13c361492752"",""src-b5276927-0746-5392-b4f3-0ddec8e78492"",""src-b5591a41-faaf-5453-95b4-863c868f8f9c"",""src-b56b8e5b-2e77-5270-931c-ec85a3604736"",""src-b56d29d6-906d-5402-927c-e727282fd2bb"",""src-b57173c7-c3d0-5439-8b57-8f9b94e25f44"",""src-b58e2865-4975-5d05-92ff-5cc6c3a7233e"",""src-b5da0804-09aa-5d99-90ea-f9ec054ff1eb"",""src-b5dc7d98-dcee-5118-bd9e-3ab503a2eaee"",""src-b5f9d429-4ba5-5a2a-bd3f-e3bf3000d9ad"",""src-b6107058-5c0d-568a-bc78-4f4b9eb3a7a1"",""src-b61bd71d-d81b-5b40-9b73-ab3a6a14a52f"",""src-b62d3206-d04c-54d6-865f-ebaca44a2d14"",""src-b6adbc8b-531a-5f4d-a13f-f7ac81d3b5f2"",""src-b70a1f0c-7825-5d90-9bbb-15f29b61d768"",""src-b79c1000-b9cf-52b0-838a-6190cc65aa9f"",""src-b8143347-169a-5ea7-bfd6-ea1b255a6de9"",""src-b8244179-542c-5848-b4a1-7b2b8abaa830"",""src-b85f1d0f-7d57-5132-95f9-89a9685780b6"",""src-b8a6b92e-56b2-51f4-be97-f78f8efcf248"",""src-b8e0b08a-04fd-5393-a293-b9257a034fe4"",""src-b8e6edbe-17d4-55ee-8165-47d4a27baeab"",""src-b8fcda45-2c21-588d-8044-f79f4b6d2ed5"",""src-b913fdac-1c2e-5be3-ab83-be0429ea22ae"",""src-b91c7718-57d9-56e7-9a09-e12c4aeb1aaf"",""src-b97f9a87-e6d4-582c-98e7-9a6f2ffbd5fb"",""src-b9e69cae-7aa9-5b6b-a902-4fa0c245abc2"",""src-ba0de802-ff14-5a34-9cc3-0e4288f5e787"",""src-ba0ebce4-1ca1-5872-9ec2-51bfccf8f4a6"",""src-ba17189d-1317-595b-bd57-9acef31a61f6"",""src-ba1bdf90-8cc4-567c-9ca4-52b3dc2d72a8"",""src-ba209685-8ebd-5cef-9146-41f0fac4c0f6"",""src-ba20d21c-2011-5f68-9a7c-64830e3da937"",""src-bad0baac-d2d2-522f-83c9-f642c4b73b88"",""src-bae8d9c1-a8c2-5117-af98-06f26a574e87"",""src-bb00ee0e-b82b-5c70-937d-d364aa310ee7"",""src-bb1eacd5-f9b5-507a-9835-1dbbd11b005d"",""src-bb25c259-f118-5aa7-ae87-b61e7009f2e8"",""src-bb2ad9dd-ddc3-517c-9d26-9a9da98284f7"",""src-bb2d6c59-0ee1-566c-8271-6539430befd9"",""src-bb5ae52a-ebbb-5bbc-b41e-21bc37bd3ca8"",""src-bb61cca7-e6c5-51f1-afcc-54758aae3da7"",""src-bb702146-5ead-56e6-90e1-4e1a29c3408f"",""src-bbaa9565-20a3-5edc-a575-e77fcddd0285"",""src-bbb6baf2-a73a-5d6a-90e8-4fcba1b2c400"",""src-bbb80faf-baef-5ee2-aca0-b7dc6508fca6"",""src-bbc8b012-d7fa-5e9f-a94b-5a544a47c3af"",""src-bc09ab15-7531-58d0-8944-8ba3831bbd89"",""src-bc18fb29-2e91-57b2-82ab-4931bd3915f8"",""src-bc36775a-20fd-5bc6-bd08-068424189100"",""src-bc378ce0-65ea-555b-a605-40e9e1591067"",""src-bc3bb725-0c50-5d89-9c4c-30addc591fd9"",""src-bc7fbf63-3b1e-5075-bd3a-90de144b40b3"",""src-bc818f2d-fd5f-5d78-b2f0-7fb0712ad516"",""src-bc88af8d-96be-54c3-9ad6-f23334b81da2"",""src-bc8cfbd0-8665-5cfd-b8c7-43b04f610c42"",""src-bcb22e3c-1dfa-52dc-820e-7cc082c1d28e"",""src-bcd1f6b2-5eac-5812-9257-fefa66d8eb4e"",""src-bce3ee7f-01c3-5df7-b39d-afb917a6348c"",""src-bcec3db1-2dd3-5567-b78d-8d4255b574f6"",""src-bcfb4918-6ab0-5955-a23a-98d8f8f3ec35"",""src-bd2da5b9-bc4e-57ee-a764-117e773ea937"",""src-bd7beb21-c426-58d8-be35-52deae9303a8"",""src-bdaa7958-d3bf-53a7-bc1d-6b6c24300f10"",""src-be130bfa-c586-523b-af60-fe616b420789"",""src-be23af42-4fea-53a4-8ed4-ed97e4ea1450"",""src-be34045a-4528-539b-8af2-bdeca5cdac49"",""src-be352e70-c7b1-574a-b985-968b62273992"",""src-bf1b73ca-3b7f-55e3-8dda-44f07a02ebc4"",""src-bf24ff48-5cf5-5b1d-b279-cd5c5a857715"",""src-bf37bd8e-2764-5351-a0db-1978d0b7a241"",""src-bf448547-69a9-5003-b764-cb5bd3342a33"",""src-bf519d88-5ee0-5467-ac23-70e493ca934e"",""src-bf65fb72-2b16-5b6f-b800-40e7f6ac3615"",""src-bf7deb18-4177-57e1-b91a-7acb3a5f135b"",""src-bfba29f2-20cd-5f80-86de-952e70b9c8a7"",""src-bfc52f5d-dc47-5314-8216-f52be4060844"",""src-bfff8b8d-31ab-5ad7-b648-e2d42544847f"",""src-c0227a2c-1b05-5117-b237-d391a42bde16"",""src-c0629bb6-1454-56f1-b326-c84642c38e4e"",""src-c076a585-0dd3-5735-94fc-745eec6a18f7"",""src-c0d7605c-1229-5385-80ce-1cae2080b973"",""src-c0e1051b-3869-56b1-a2ff-a9051d0c9710"",""src-c13e8a2a-29e2-5da8-af20-a8a2761ae3e5"",""src-c1b1d944-6b34-580c-9231-ecb5036980ce"",""src-c1b54a6a-1780-55b6-9dc6-25b10a9e82f3"",""src-c1b68317-84c3-52c1-aa73-c109e93f74c0"",""src-c1edd233-2aaa-5122-a17a-7d8e0b04a083"",""src-c22a5824-1c58-5720-a8d2-c40653eb507b"",""src-c2423d9d-e74a-5c10-acd6-d3892cbbfff2"",""src-c2b9b3a4-b183-55b6-9a21-cca89a9e04c9"",""src-c2ec75ee-8b58-5130-a2d0-366eae0a2429"",""src-c2f7c1a3-9e58-5a07-a79d-b2d0a6a0457e"",""src-c305c4e6-8865-55a1-ac41-55a05d9e25d9"",""src-c31a0d7d-887b-5b15-99fb-a58d3c55c901"",""src-c333af71-30aa-53ef-82e9-5bb9fc442bf8"",""src-c3499674-5809-5d07-9ccb-afc4401e9d7a"",""src-c36e933d-011d-575e-a391-856fca536070"",""src-c3b10457-e75c-5d59-b4fc-ca3c9214d88e"",""src-c3dfb049-650d-5410-8de8-b452b13e0f56"",""src-c42e626d-c655-5dfe-8c47-82c04951a6cb"",""src-c432b4ec-c3c9-5d73-86d7-9c76ac0ae5eb"",""src-c492600f-69d4-5811-8a0c-662a08f4d269"",""src-c4b5ae89-ab39-58ed-a3d5-945f3c1ca580"",""src-c4f42189-bee8-5be0-a1ba-a31c53a5459c"",""src-c572b1ed-e149-5740-93ec-b46ad324d109"",""src-c57e05b5-f3f3-5381-bef1-8dbbd4450f67"",""src-c592e7f7-beea-5279-b58e-ce4fd3d15fb7"",""src-c606db2c-c03e-5f65-a404-2de35a2f2b07"",""src-c616fa7c-673f-5d4e-84c9-b8a56010b109"",""src-c61bccc3-3403-5584-a359-8641fc66f276"",""src-c68a5b90-1467-5aea-80e3-b1d690598a16"",""src-c694c2fc-03ba-5ef7-aa4c-02c303103a06"",""src-c6c23cb0-f7c9-5a7c-a4a6-db45870a9103"",""src-c75776f0-b649-58b2-84a0-311acf33fda4"",""src-c77ba1a8-a312-5323-b04c-fe8037b44d76"",""src-c791b664-5cdd-5069-a48a-6e6198db624d"",""src-c7af646b-d9e6-51a8-8e57-69dd7e66b4c2"",""src-c7b20841-dd7d-5321-99db-05a9332f14d2"",""src-c7ceece4-93ad-528d-8968-49757b769129"",""src-c7d286fc-7abd-5d83-8550-1e14b846f7f5"",""src-c7d6ee58-15f6-5677-86b5-e81d2f44dbe8"",""src-c806e2ea-f2ce-5a1c-82f8-5b6caccf9a40"",""src-c822f475-fa3c-5e11-b2c2-ab9795306f3a"",""src-c82eb306-45a0-5b39-a752-34bfdb73f2e1"",""src-c833e024-dbd2-538a-b2d7-4e0ee450ba7e"",""src-c86c4c79-11ab-586c-ba74-a8ab479cc0eb"",""src-c910a519-1478-5c06-8de9-111f1a68f893"",""src-c91ab62e-2871-596f-8ed7-f52251bf9172"",""src-c9377f53-c609-5567-bde9-e1bf1eb0c6bf"",""src-c991ba31-2188-516d-8484-e1d02f6c343a"",""src-c9c177ff-6501-5356-8b8c-e8ed83289f1f"",""src-ca196cba-c84d-54a3-9f78-da8dd2c6ddde"",""src-ca5266f3-f528-5b1e-a83b-d7e16db7a962"",""src-ca57f686-5bea-5381-a0d0-f77f9357c5f0"",""src-ca72a94b-a49f-5681-ba75-fa26ceca6c85"",""src-ca9dab0d-3674-578c-b42f-91b513b78c71"",""src-caab1599-8ec4-5545-963c-501faf589b21"",""src-cad54b40-1d15-5295-bd37-a21c0de6f9a5"",""src-cad63a59-5a81-5db4-b9d1-b72ccb55d995"",""src-cb090676-2620-5271-b36c-0b71c2121ab5"",""src-cb4453ba-d126-50ec-ab98-af7d0c362dbc"",""src-cb6ad364-81dd-52d1-8e4a-be912f442edf"",""src-cb97f2e8-2283-5824-a589-e38f8761e620"",""src-cbd9e4a9-832f-53c7-872d-3de35a46cd45"",""src-cbf01377-0bf4-5b45-8ca9-beec447adb73"",""src-cc9cea79-5a27-5e95-8c43-d8ab1b5983aa"",""src-cc9f48ac-6c09-5547-a138-267b02999302"",""src-ccb3d8d1-e6b2-5a27-a2b8-2cc5b42c0492"",""src-ccea48c7-3b63-5838-9dc4-398e813269e9"",""src-ccf99dca-8648-501f-a9a8-8ac39e4ec701"",""src-ccfe8939-1601-5d22-bf13-06f3cb00a1a5"",""src-cd009ae3-8065-5d40-97bb-ad8c44ff3135"",""src-cd1ae4f9-33f3-58f3-947b-a9a992734ce7"",""src-cd1ee6b1-db7e-5c5c-9bea-6e9e297f6cc1"",""src-cd69fa3c-d344-5d22-9219-e5d249f8d11c"",""src-cd80b0ef-016a-5b75-ae10-6e2edbf0c4dc"",""src-cd8c0ea8-8548-5493-89f6-a84a3381d603"",""src-cd922cfb-4ce4-5cbf-b98c-732ece325e91"",""src-cd9c9be7-569b-5c8b-9848-31b864b61027"",""src-cda86452-d881-54dd-a34d-744fb1925215"",""src-cdd3945b-19fe-5b11-8f53-62c2e3418a0d"",""src-cdf505bf-9a28-55c2-9d80-ee9b5c251eea"",""src-cdfdf730-f7a4-57bc-b743-2e8617b65b59"",""src-ce002f21-7080-51e0-8799-f56685b46ce5"",""src-ce18b879-d4f9-5623-b1cf-37dd7a776629"",""src-ce4a0e28-4ff1-5512-acde-27affd06882e"",""src-ce5ef032-15f0-5b38-a9c0-2c3fe96c5c57"",""src-ce71b295-013e-5e0a-ba32-493a7a97436d"",""src-cf07b9df-e21e-5fcd-a2ab-6d309a79a424"",""src-cf3916fc-19ac-50ab-ad9a-185707762a94"",""src-cf3975f7-51e2-53cc-a1db-256e743fd215"",""src-cf4a407a-3d53-5bd9-8cca-3a24d0781765"",""src-cf5b0f53-ad10-5286-b21e-ad30d6e36555"",""src-cf8d12d7-29b6-5779-9583-86b3fdadab84"",""src-cfbe4c5f-5267-5851-967c-5091dd12ed39"",""src-cff39e65-e8e8-5d0f-9c39-8bfcd9e0c26c"",""src-d04a52ac-5111-54c0-886d-d42e7181ff1a"",""src-d05be774-cc13-5950-a0da-a50f3a6193d2"",""src-d07aaade-297a-5c64-a8e1-606aae1e6117"",""src-d095ec6c-e75b-563f-b0f2-90de12337b0f"",""src-d0b6e673-10c0-50c7-992a-2acc4ea547ab"",""src-d0cfc9b4-5e26-5651-b3c4-f17ed0ce36a6"",""src-d0dc2bdf-990f-5cf7-8510-2819fd5a1cd0"",""src-d101ec61-8427-582c-904d-945dad4bfd37"",""src-d1153a5f-d85a-5570-848b-f324956cf402"",""src-d1390ff4-02f5-510e-9654-d3b49c99236c"",""src-d14a2ccc-bba1-5a79-9ac0-48017850aa96"",""src-d15d86e7-112a-56b9-967c-10380311de90"",""src-d1689b9a-09a4-5cdf-b245-a6166e0153c7"",""src-d173b012-4c62-52f6-a58c-749f7ff30dd3"",""src-d181d16c-ff96-54ad-9778-b024fdfed64c"",""src-d19b1bef-21de-5d77-b8e5-8bd5e2973c51"",""src-d1ba231a-5a19-5a5c-8266-50d5746f540b"",""src-d1d9851e-31b5-5c46-a74d-2ae53fd7e433"",""src-d24b6c5b-e582-5ca0-be83-55a76b18cfd5"",""src-d254d80f-8b33-5f7b-9ea6-bc10472af7fc"",""src-d29e4f09-0d14-5a93-99fe-c2203809c69d"",""src-d2bdc021-f7cd-564f-933c-ae9f9449e617"",""src-d2cfe507-e89b-52b2-bb01-407e4aa5ffc9"",""src-d2d6da0e-edc7-503e-a97b-c4f02a29f63c"",""src-d2d765dd-94fa-5dc9-8ffe-0e04e7c5728f"",""src-d2fd583b-c1aa-5022-b7d7-0c4a748bddea"",""src-d318e744-11db-537b-9e23-989cab99283a"",""src-d35ad7b4-a925-530d-9b06-9789e8d46ff2"",""src-d3964667-fa42-5bfd-a365-67bc042f6e75"",""src-d3cd4a77-b418-55cf-9d5f-8b07770d5acb"",""src-d449ef95-293d-5083-b770-e749b6f172ce"",""src-d44ebbe8-fc93-5329-9253-0d10d013626e"",""src-d456da9f-e8b4-5c53-87aa-77d8b8475faa"",""src-d45e7073-c4ca-537e-bf7c-e238e889815d"",""src-d472a5e0-af52-5688-b390-60d426abd4f5"",""src-d48463b6-22c9-5a41-8ec7-d19c2b3c9cdc"",""src-d48c422f-6615-5548-9612-d02e32dd1395"",""src-d4ae93cd-adac-50f8-a41b-da2859ba3570"",""src-d4c64e08-8c35-507c-bd18-958ba451fc89"",""src-d4cd7a22-4f9f-5d47-a6e5-e33968a7490a"",""src-d4dc9a77-3838-5710-a825-03b1fa95e6a9"",""src-d4fc1826-724f-52ea-92ea-c38cb6a5827b"",""src-d53faa6c-80da-57c8-b26e-b08b78c47544"",""src-d5a97a79-a80d-55f6-aa6e-16e009edfd31"",""src-d5c6f6af-797e-5a92-ba28-4f8a5e6c874d"",""src-d5d62949-7d98-522f-9722-ceaf2156feed"",""src-d5dd7f7f-0d9d-5dc4-b0a3-4ad0ce80cce7"",""src-d61ed889-b90c-5262-9c70-c21c33efbc41"",""src-d6612916-6cfe-5517-9715-917b2ce57667"",""src-d668587a-6f9e-51f3-be2b-6385c9c89cc6"",""src-d66afd2d-1334-5db4-bac3-0133e4eb9e4a"",""src-d67a2249-d865-525c-a060-673ac82d89e0"",""src-d688e78e-4b18-56f8-b593-20f72927dd8a"",""src-d69c9088-bf05-5003-a20b-56b418968c33"",""src-d69cc4b7-3412-5b0b-8c0a-5ac5ed654461"",""src-d6a6070d-c503-5b7e-b3c0-0752eb54aa26"",""src-d72994ee-5692-57dd-aa9f-863ecc0712ea"",""src-d732e651-287f-50c5-9bff-405bac6bd7a6"",""src-d733488e-7ad2-58c8-a305-97a5276997e1"",""src-d75e9b29-59d1-5a5a-9176-78a73b6b9c92"",""src-d78ce27f-4e59-5c9f-8ecd-3f6fde008a65"",""src-d7dd9b0b-eeea-57e5-9eeb-838febf13029"",""src-d82f842b-dadd-5f2a-b816-006fb69511d5"",""src-d8616a18-0774-5e59-ae03-67bc6d43f0b5"",""src-d86c9767-7670-52f0-a2de-33481e4f1e34"",""src-d8a5a8bd-7047-590c-899b-0d6b077ea851"",""src-d8e35256-6bb0-5001-a462-f91e5eaabc12"",""src-d9129985-d7fc-5947-ab91-ef0d41ad9771"",""src-d9145e24-3269-5df8-b2de-6d0958d39698"",""src-d9679672-944d-5aa6-9ff4-2dd635c95cd6"",""src-d99aba6c-3450-55ca-817d-3cc069c60f60"",""src-d9ac49e4-7ecb-5320-989d-7b08acdbd0d8"",""src-d9e254ea-6a91-5587-9147-af100f0a8bd8"",""src-d9f03748-eb0f-500a-86d9-2605373cfc44"",""src-d9f2c0f4-1faf-567d-848e-cffd4eac7366"",""src-da10724e-cedc-5441-a0e6-838c23f687b7"",""src-da654916-1cac-5c5a-86fe-280de2b8496b"",""src-da65fb2d-ccc9-56a5-99fa-50ad3367170b"",""src-da8d39de-56e4-5acf-91c1-d280a92e2322"",""src-da9d3f65-e9d0-500b-b9a7-9ffb2c4c4d6c"",""src-daa2cbb1-a213-53e6-9cfe-3480e09dd220"",""src-dafac878-8bf9-53a5-894e-28eed2333694"",""src-db01d834-e219-5e93-b6c0-713f9978d0fd"",""src-db7016f4-7b06-5a9a-bebe-fc4237472571"",""src-db811ae1-6a5b-577a-b8ea-f62ab9bf1862"",""src-db9657aa-951d-5ed8-8352-3f1ad3784b56"",""src-dc213b62-d7b2-5fee-8401-09f769d0bf96"",""src-dc2c5580-487e-59ea-9d58-1a912d9a3665"",""src-dc6b0e7e-ca0c-52b8-ab59-202cc346181c"",""src-dc6dc8ad-f43d-5afb-8803-905928d5f07c"",""src-dc7df455-8c33-55de-8cd7-97f496b56d58"",""src-dc884f3c-a506-5883-9e5a-00e75b1c3fe8"",""src-dc93bc33-18a7-5fe0-a5a3-543eb9aa4c1f"",""src-dcd25d44-a18a-5486-90b9-8f7b1337814e"",""src-dcead8b3-debd-5abb-b760-fc7f1274cedd"",""src-dceb66f7-bac3-50fb-9276-42f6ef728576"",""src-dd3faa36-87fa-5a9f-b1b8-b2afdd408dfb"",""src-dd4d7ee0-d78f-5531-adc4-e8b38182ba14"",""src-dda750ce-9395-52d3-b0b6-955f9b81ea52"",""src-dde6fc24-a8ae-519e-ae8c-8ef75ca60a59"",""src-de381571-38cc-58c9-a7aa-45d97dd670a1"",""src-de81e4c0-dff1-54de-93ec-220eba325aee"",""src-de95f41d-a3fa-50d3-b937-f0a1b99306c8"",""src-de9c5763-7087-5589-9c2c-85ae44037223"",""src-dea2f6e9-2fd6-5ec5-a55c-0c4172d98bc5"",""src-df5f3f18-66e4-53ab-b086-4ee378fec14d"",""src-df7a07c8-e340-5404-810e-944cec631e6a"",""src-e005ad97-2aca-5e98-86a2-14e394f8c530"",""src-e05540d4-9cfe-5b78-9edf-eadbb910e6dc"",""src-e073f017-6a0e-59ce-803b-d27628ea6782"",""src-e0829c05-9624-5579-ba6f-61bbfdf7158c"",""src-e0906c67-d68d-54f8-9cd5-57a8cf8acf4f"",""src-e096cf40-8892-5821-b8bd-5f24a4485796"",""src-e0be0981-9fe8-5fcb-b944-e7943c0d2e77"",""src-e0fd437f-0b32-5217-89ce-a7e81006dd2a"",""src-e1247df1-9e11-5121-b2c3-97a6c66ff79f"",""src-e16e137b-b9c1-5d5a-8724-8da119cf0364"",""src-e17550c0-9a55-5f2d-bb1b-49494cdef4f2"",""src-e1a643bb-46d2-5897-8293-a30b8525d0c9"",""src-e1e88215-91ca-5406-bcdb-52d83fe9952d"",""src-e2167ecc-6f5a-5369-9ebb-63450411a3b3"",""src-e216feb8-5381-5980-aeaa-1eb22aa03d45"",""src-e21f1252-4fdf-54e8-bafa-fbf375e36b83"",""src-e2400dfd-bb3d-5c98-9fc0-58abacc3bb03"",""src-e2778fa9-1c75-5c05-bd2d-01a6f9bebc73"",""src-e296e65c-7256-5416-a60d-8a582c3c7054"",""src-e298926d-ec32-5903-86e8-a940198f21a1"",""src-e2f52a92-2d13-5926-96b0-110bd1aa8bfc"",""src-e3756923-7b38-51e8-b523-6aa723e7458b"",""src-e39c941b-9a8f-5f17-bc76-63d305b74496"",""src-e3a7c4be-cfda-56c5-a70b-2b73fc0c299e"",""src-e3a99a2b-6f5e-5bd3-8b87-97d37ed06d64"",""src-e3b0c90f-f620-50e9-b217-66e0593d52f1"",""src-e3e81e6a-316f-59f9-9c44-696e313d3138"",""src-e3edab70-cf1b-5478-810d-ce9cd233be93"",""src-e416c064-9804-5ff1-91f8-6bd94870b969"",""src-e41c699c-ef37-5c38-b6a9-e978d98458ba"",""src-e42500c5-3f94-54a4-9c3d-7fe017338fc6"",""src-e4282812-f405-54a5-b5d1-f7e367c5c626"",""src-e430923b-b403-5feb-b592-84451dc1956f"",""src-e46e8ae3-347d-5110-86fc-18ee09634fd9"",""src-e471a705-f960-5231-b1ac-6748ba4006be"",""src-e482e4a9-12c9-515f-ac24-77062acade8e"",""src-e48d1769-b58f-5582-809f-8f32ccfc5bdd"",""src-e4d0d65c-5a03-582d-b5bf-ed62798212e2"",""src-e5270bb4-4ef3-52ec-8266-46208179e383"",""src-e52f7cb2-f65d-5428-9000-4da747e61e71"",""src-e538b657-e635-5311-927b-bf929cd48ff2"",""src-e54eef8d-4b88-593b-915f-3efb5d92b788"",""src-e5b6dae0-9932-50b1-8c50-2671014d11a4"",""src-e5ebd842-8c10-5997-8268-de3adbeaf13d"",""src-e6268b8e-d2fe-5a5b-9bee-74b8547c81c3"",""src-e63067e9-47e7-5877-b91f-4c4258b913d9"",""src-e6311026-7492-511a-84f0-d15abbe33ce0"",""src-e65edea8-bf5d-5998-89fe-c6e809b56293"",""src-e667044f-bf9c-5637-bbd2-ea2ff58c3ce7"",""src-e6743f51-9272-5ccb-b8f7-3035c51858b2"",""src-e6c29301-d167-5090-8555-f49e890839dd"",""src-e6d5f75a-8a46-53dd-8b2a-2db209b23458"",""src-e6ebdc61-d554-5636-b923-23ff6b6e38c3"",""src-e6f59a06-41d4-5844-9305-902505159dd0"",""src-e700b841-df07-57d7-a0ab-e3e39dd8aa00"",""src-e718c190-7077-5bd8-a182-148aa1495825"",""src-e725fa64-42e3-552e-b2dc-ca9a229f8698"",""src-e75d7047-c5b9-533f-88d2-c70e388acadd"",""src-e76531a5-cf70-541e-8599-2b6d17c2878b"",""src-e76a94d4-6599-5ff2-8f2a-dcf314ce204f"",""src-e795449b-619b-582b-b656-c1544e76d250"",""src-e7a01699-0107-5b85-8a1f-f44a474a2de1"",""src-e7ca1ac2-2fa6-54a8-8965-13e054fb9ac5"",""src-e7f7bac5-2311-5ada-ae1b-30fa6bf0652b"",""src-e8377fef-b888-5d24-98fd-36e817063fbb"",""src-e83b4e07-2c9e-50bc-a305-3204db769733"",""src-e86799ee-755f-577b-8f0f-63ebeff8a021"",""src-e889a681-59fc-52b6-ab91-05e33f4fef58"",""src-e8e667bd-6f48-5391-9fb7-27924f4e0cc3"",""src-e8f4b148-a9cb-51ad-9ce3-cc3cba2d2eb3"",""src-e8fe7ca0-f0f0-588d-a8c6-68d600f8ffd9"",""src-e90b1f6b-44b9-5124-9396-379e3d21ea64"",""src-e91ce5b5-8dda-5f34-86d5-b0f7efe4d648"",""src-e9b07d3a-3607-5267-a8d0-3404bec2f8bd"",""src-e9b9009f-786a-560a-bebc-373c9530ec84"",""src-e9bbecfb-08f9-5eda-a440-3e13bf8a860c"",""src-e9f7508f-70f8-5a25-9a04-51098eac4400"",""src-ea374067-456d-513b-8bd1-df71fe069ec5"",""src-ea3e41fb-cd78-5ddb-92bb-f0528a398ae9"",""src-ea51efc5-0ac8-5171-b0db-fc5286f02547"",""src-ea8dc1f8-adba-5d77-80c5-b329b9e66ccf"",""src-eab3c4f9-28db-5432-957b-440089e41791"",""src-eacf3803-74db-57fc-918c-b934269512b4"",""src-ead79144-934c-5b3f-b8b8-197dda504dc6"",""src-eae13677-3c44-5a20-a48e-566200d91801"",""src-eaf9a839-b10e-5062-af48-30e2ec3ffa21"",""src-eb0f80a4-8e89-5ad0-a372-6d7fe2d1f4f5"",""src-eb38d0cb-3394-5deb-b2e2-89564f979be2"",""src-eb4745b0-8269-528b-b2ef-aa2bafe5926c"",""src-eb582f65-c6c7-5e2d-83f7-9bc6bc7873eb"",""src-eb701b16-289f-51da-a85b-2f0dee615768"",""src-eb759ec3-3257-544e-aea7-20c0f91d620d"",""src-eb777a61-b10a-5a3a-9948-b0593ffe9062"",""src-eb81a2f3-ef39-509a-b927-82a6dfe4c10e"",""src-eb921c4d-6821-51cf-b7e1-ed0653be3633"",""src-ebe6315b-7d07-544a-bf18-ad80e2106008"",""src-ebf640e6-f6a5-54cc-aaad-990abc23a5de"",""src-ec12b8d3-d8e3-5e4f-9a25-56b6f04cc40a"",""src-ec3edf95-2bf0-55f6-9257-0b1878c8f918"",""src-ec5c928d-0b34-514a-a7af-e1419b8b8d0c"",""src-ec5f757f-0065-5d1c-8639-50ca3c19ff7c"",""src-ec66e15c-8f8f-5a1b-aa0f-7b67d5d55cc3"",""src-ec99229d-1ef8-5881-a994-5d7f068ffe56"",""src-eca2eef8-e400-573c-a933-85e07873833e"",""src-eceb12c1-144b-50d6-9357-0bf445a8351a"",""src-ecfe40fa-85d7-5c6e-9114-842e1607c40d"",""src-ed18b930-24b5-5539-bd3e-ed84c6744e6b"",""src-ed33f189-c1e9-5c0b-8f7a-09d05bbd77b2"",""src-eda10b29-0bad-5a8c-99be-74c43638473c"",""src-eda5b8f6-0315-5e9b-acb3-58a2a4fa2857"",""src-edca447e-938f-5e3d-8094-6de832ac2ba6"",""src-edeec882-fa8e-5f40-8eb4-d463b4dedc34"",""src-ee121837-5706-54aa-b507-d94c4d1f86e9"",""src-ee1d0b26-d733-5603-9f1e-ac3c4dc90955"",""src-ee2f094c-0c60-5562-83f5-d23bc778da1c"",""src-ee6e8a04-d6f6-541c-bb82-bd271ef2bd76"",""src-ee822d6a-f27c-5852-814d-310b1cd6d829"",""src-ee8d7aef-6af0-5a03-9940-a387b0933b4e"",""src-eecb779e-5732-5023-956a-b11a67dec293"",""src-eeeff60d-1b5d-5c27-89a1-bfecbf7bb50d"",""src-ef6b1d2c-9cee-5d7b-aaa3-d155ef6ac2ce"",""src-efbe19f9-5d3f-5ebf-988f-9f8b80e093cb"",""src-efd0b1a7-a6b9-5c3b-8a3d-5bf32bc8fb90"",""src-f0afb16d-7dc3-5135-8342-84b340595962"",""src-f0bdc734-ba09-58a7-b9e5-9288ae0acc8f"",""src-f101f694-65af-5b39-b9e9-3c82bed3af35"",""src-f1372903-b8be-58e2-b20f-d2f524941a24"",""src-f16f337e-37f4-53bc-a94b-b92a43d05ec8"",""src-f18655a6-39a4-571b-9a69-9a6ca674d24f"",""src-f1cd56a5-55c6-56bd-bb6f-4afb6c3bb881"",""src-f1d429fb-fe06-5e93-b2e2-dbea537b8ff1"",""src-f2025090-f8d2-5e12-b0ef-949d79f67642"",""src-f25baecf-6a24-5a6a-be9b-4541ce8d1aca"",""src-f25dcef3-f312-5256-90bd-272a4ef19ab8"",""src-f2690f98-8da5-5dc0-a286-5f8ed5648036"",""src-f28a69a9-7642-5709-a8af-202a05ebcbad"",""src-f2909b27-58ca-523b-b8c8-8e5f82fd23ca"",""src-f3172013-d090-50c0-92cc-4f5ce9fbb65a"",""src-f318cda2-e362-59fe-9b6b-cca864af79d3"",""src-f34814cd-b570-5a58-88f8-205111f4bf8b"",""src-f3a7722a-093e-587e-a847-2fb08347f7b9"",""src-f3f3bca3-5ae5-5a12-8ea2-318717a2f9b9"",""src-f3fabca2-bfd0-5e68-95b5-757203124a1f"",""src-f421e22c-5e28-5604-9c5f-20f88b48a2d5"",""src-f44d9697-1502-55be-bd0a-1d0b86a6de1f"",""src-f464ee63-4e21-585e-a922-c921812ac78b"",""src-f467c684-0cde-5836-9e84-29d017efab17"",""src-f4aa12bb-6e06-5c59-b4b8-460c3ba3ad44"",""src-f4bb998b-7287-5fdb-9fc4-51d4606fee1e"",""src-f4c1e1ce-09fa-59e1-ad9b-7ab7bef05c45"",""src-f4c83966-2dbd-5ee3-98aa-130536a66b76"",""src-f4f998f5-c1c9-53e6-977e-6ba868e27881"",""src-f529dc99-7780-5024-8da1-2aafe5ee8976"",""src-f535d2c8-9a26-5d21-89a5-5b50074e524e"",""src-f5557b61-1761-56a5-aa73-67dbdf753f54"",""src-f571b214-52c0-541f-a3af-3e25dad88be3"",""src-f5ac6012-ddb3-577c-a098-e315ae56aef9"",""src-f5f33598-0289-57d2-8ebb-da21a66a4368"",""src-f61e3018-a3da-592e-8d21-b0b92f9ab8d1"",""src-f69de9b4-8df6-5cf3-9b01-e9b674d7701b"",""src-f6bedeb1-1d1b-5e15-9413-2247a50064bc"",""src-f70bf88f-de1f-589b-8450-b1782f64b170"",""src-f7254cdf-ac30-573c-b6bd-d4867d9b85b1"",""src-f73ab6cc-a798-54f9-b7b8-a929b6467ef2"",""src-f7c96a14-1022-50e7-96a5-9a2132f4a65d"",""src-f7cf8a3d-60b8-5ef9-b405-de1eef38418d"",""src-f7ed25ce-0bec-5fc7-8193-6514c8fc7d30"",""src-f83e938f-9cab-584e-9bad-339033d6160d"",""src-f8ad03cf-8291-5fa5-831d-5a45848f540f"",""src-f8b1c5ac-3af5-5e7d-a705-1b70aa2d01ee"",""src-f8bb620d-96df-5f1a-bf76-73baada50ed4"",""src-f8df026e-1f73-509e-918a-686d4c01b5e5"",""src-f8ed3bfb-6e9a-56e4-819b-42571b512122"",""src-f93bf45c-5b4a-56f1-bed4-704c5ff0245e"",""src-f93c286c-cc23-5e03-9c27-34b78f4b0ffe"",""src-f98ac99a-71bb-58da-8d51-1e2cf5e17d52"",""src-f9d23008-ee6d-579f-8ba2-687f56be62bf"",""src-f9ea83ea-6350-5c2f-b9d5-976bd9575fe2"",""src-fa19edd3-13e1-56dd-86c2-d9f61ed44d74"",""src-fa1aa419-a1f7-5b4c-a852-b0edd5f003a4"",""src-fa4a86d9-0745-5e0c-9720-18c62d44de5d"",""src-fac3b0c9-9b72-5954-a96e-45be2daba349"",""src-fae16c6b-7a91-5876-9a8a-9e862261141d"",""src-fb102a7d-dd4c-514a-b6fc-3b8d878c132d"",""src-fb137894-8e0e-5466-a6c4-b38057fbb542"",""src-fb35d7e2-72db-55bb-b1d1-016b97723470"",""src-fb588b58-515d-5c9c-b89e-0ec76b016fc7"",""src-fbaf3d1a-caf5-5bfd-9529-054d79020b3f"",""src-fbc778f0-9496-5ebb-ab46-41d852d13d7b"",""src-fbd5900d-bf57-59a1-ad90-0c32211d3ecd"",""src-fc5f9c2d-1f51-5317-8b7e-2cd81bc3a2a2"",""src-fc84ea5b-3479-5777-a8d9-d3976c5b4d8f"",""src-fc9ec67e-5bd9-5db1-8f87-79802bdf0279"",""src-fccfdfb4-71bd-559f-9fda-440dddb7be9d"",""src-fcfd2e03-e968-5439-b506-b248d2720159"",""src-fd2056f4-a5c7-537b-9288-62b4520df655"",""src-fe087bb2-6412-551f-a775-3345998bda67"",""src-fe131dc2-2365-59d6-931d-3438c371b1d1"",""src-feac63fa-af20-5f26-a8cc-c02f5b7ca399"",""src-ff262cb8-0efd-58e8-92de-0fdbf2dbf3da"",""src-ff53452f-8fb4-5783-9d10-bc3775f3489c"",""src-fff17447-92b4-5145-be58-847135083d33""]"
"mates2-algebra-01585defe9a5-opcion-b","cand-e5a77ad2-63c4-5aa6-8f59-a5dcb4c37864","ex-2778eb02-a7b7-5eaa-903a-b686aae9b417","2bach-mates","matematicas-ii","","BLOCKED","LOADED_NOT_MATERIALIZED_BY_CURRENT_ROUTES","[""ANSWER_MISSING"",""COMMUNITY_UNMAPPED"",""MODALITIES_MISSING"",""MODALITY_UNDEMONSTRATED"",""PAU_COMMUNITY_MISSING"",""SOLUTION_MISSING"",""UNMAPPED_TOPIC"",""MATH_REPRESENTATION_UNDECLARED"",""PAU_MODALITY_UNDECLARED"",""SOLUTION_REVIEW_REQUIRED""]","[""src-a6995d80-cc57-5309-8ad6-bb47b97c5fd2""]"
"mates2-algebra-04b7b2a213e1","cand-bd6892f8-4eef-5a46-86d3-c7a0ea48b01a","ex-b6d43e71-1db4-531f-98d0-64c5b0497987","2bach-mates","matematicas-ii","Castilla-La Mancha","BLOCKED","LOADED_NOT_MATERIALIZED_BY_CURRENT_ROUTES","[""ANSWER_MISSING"",""MODALITIES_MISSING"",""MODALITY_UNDEMONSTRATED"",""SOLUTION_MISSING"",""UNMAPPED_TOPIC"",""MATH_REPRESENTATION_UNDECLARED"",""PAU_DETAIL_INCOMPLETE"",""PAU_MODALITY_UNDECLARED"",""SOLUTION_REVIEW_REQUIRED""]","[""src-ee68e177-11f9-5f46-887b-f68c94bcc061""]"
"mates2-algebra-059ea1b6822c","cand-e9118849-67ae-5468-92ce-80e26e5e4db5","ex-293cf1e0-95fb-5b9b-8f5d-d7fac2bc1c8a","2bach-mates","matematicas-ii","Castilla-La Mancha","BLOCKED","LOADED_NOT_MATERIALIZED_BY_CURRENT_ROUTES","[""ANSWER_MISSING"",""MODALITIES_MISSING"",""MODALITY_UNDEMONSTRATED"",""SOLUTION_MISSING"",""UNMAPPED_TOPIC"",""MATH_REPRESENTATION_UNDECLARED"",""PAU_MODALITY_UNDECLARED"",""SOLUTION_REVIEW_REQUIRED""]","[""src-9e35d41b-034e-5d12-b3f4-3638ea0c8655""]"
"mates2-algebra-093420513872","cand-929bb6a9-3d0f-5e61-b5ab-83c1ab485615","ex-a5914ca6-26a6-568f-aade-39f73941f5b9","2bach-mates","matematicas-ii","Castilla-La Mancha","BLOCKED","LOADED_NOT_MATERIALIZED_BY_CURRENT_ROUTES","[""ANSWER_MISSING"",""MODALITIES_MISSING"",""MODALITY_UNDEMONSTRATED"",""SOLUTION_MISSING"",""UNMAPPED_TOPIC"",""MATH_REPRESENTATION_UNDECLARED"",""PAU_MODALITY_UNDECLARED"",""SOLUTION_REVIEW_REQUIRED""]","[""src-ef261fd5-5c2b-54ed-8ea3-6dca20840151""]"
"mates2-algebra-0b098c0bd0db","cand-171f0fe3-2743-5019-9ff2-7ccf85d59b2b","ex-f8917299-98d6-5481-a12c-2fe7a901c554","2bach-mates","matematicas-ii","Castilla-La Mancha","BLOCKED","LOADED_NOT_MATERIALIZED_BY_CURRENT_ROUTES","[""ANSWER_MISSING"",""MODALITIES_MISSING"",""MODALITY_UNDEMONSTRATED"",""SOLUTION_MISSING"",""UNMAPPED_TOPIC"",""MATH_REPRESENTATION_UNDECLARED"",""PAU_DETAIL_INCOMPLETE"",""PAU_MODALITY_UNDECLARED"",""SOLUTION_REVIEW_REQUIRED""]","[""src-72ec2c79-cba6-5a64-b99e-833f4e4227f1""]"
"mates2-algebra-0e1faecfc42b","cand-1d38a58d-2ce5-5e48-8ea1-f9ab1931a477","ex-5228e18e-6244-58fa-97cb-44221ca4b012","2bach-mates","matematicas-ii","Castilla-La Mancha","BLOCKED","LOADED_NOT_MATERIALIZED_BY_CURRENT_ROUTES","[""ANSWER_MISSING"",""MODALITIES_MISSING"",""MODALITY_UNDEMONSTRATED"",""SOLUTION_MISSING"",""UNMAPPED_TOPIC"",""MATH_REPRESENTATION_UNDECLARED"",""PAU_MODALITY_UNDECLARED"",""SOLUTION_REVIEW_REQUIRED""]","[""src-30b8d7fd-e76a-513d-93a2-dd8c96401aaa""]"
"mates2-algebra-0fbb00b26b49","cand-1ad670bd-caa1-5d1f-8185-03979c757392","ex-acf39b5c-ea93-58d5-a49c-636fcdf3d7cc","2bach-mates","matematicas-ii","Castilla-La Mancha","BLOCKED","LOADED_NOT_MATERIALIZED_BY_CURRENT_ROUTES","[""ANSWER_MISSING"",""MODALITIES_MISSING"",""MODALITY_UNDEMONSTRATED"",""SOLUTION_MISSING"",""UNMAPPED_TOPIC"",""MATH_REPRESENTATION_UNDECLARED"",""PAU_DETAIL_INCOMPLETE"",""PAU_MODALITY_UNDECLARED"",""SOLUTION_REVIEW_REQUIRED""]","[""src-c2282d5c-8a42-5874-a846-73fe30144872""]"
"mates2-algebra-12033d53b3a8","cand-2a0c3952-bc30-5030-a5c1-28f16e2cd79a","ex-400e1c39-64bb-5f1f-a7f8-5a16ffefcd9d","2bach-mates","matematicas-ii","Castilla-La Mancha","BLOCKED","LOADED_NOT_MATERIALIZED_BY_CURRENT_ROUTES","[""ANSWER_MISSING"",""MODALITIES_MISSING"",""MODALITY_UNDEMONSTRATED"",""SOLUTION_MISSING"",""UNMAPPED_TOPIC"",""MATH_REPRESENTATION_UNDECLARED"",""PAU_MODALITY_UNDECLARED"",""SOLUTION_REVIEW_REQUIRED""]","[""src-3d4091b8-ce45-53ca-b298-82abdc2dd735""]"
"mates2-algebra-1214104fc2e7","cand-88b30b9a-1dc9-5f02-a4b5-56cf112b9dfb","ex-a585ff90-fb6c-5de5-8ebc-b26f3929633f","2bach-mates","matematicas-ii","Castilla-La Mancha","BLOCKED","LOADED_NOT_MATERIALIZED_BY_CURRENT_ROUTES","[""ANSWER_MISSING"",""MODALITIES_MISSING"",""MODALITY_UNDEMONSTRATED"",""SOLUTION_MISSING"",""UNMAPPED_TOPIC"",""MATH_REPRESENTATION_UNDECLARED"",""PAU_MODALITY_UNDECLARED"",""SOLUTION_REVIEW_REQUIRED""]","[""src-81e5e1b3-10e9-52e4-badb-99e75876b291""]"
"mates2-algebra-18a8a3fbb232","cand-12be2b03-d270-5ddc-ba22-2dff89622c79","ex-a956679f-1df8-58b6-b345-d08900cdd8f2","2bach-mates","matematicas-ii","Castilla-La Mancha","BLOCKED","LOADED_NOT_MATERIALIZED_BY_CURRENT_ROUTES","[""ANSWER_MISSING"",""MODALITIES_MISSING"",""MODALITY_UNDEMONSTRATED"",""SOLUTION_MISSING"",""UNMAPPED_TOPIC"",""MATH_REPRESENTATION_UNDECLARED"",""PAU_DETAIL_INCOMPLETE"",""PAU_MODALITY_UNDECLARED"",""SOLUTION_REVIEW_REQUIRED""]","[""src-6dc32914-ce12-5036-99ed-b8357461b3e9""]"
"mates2-algebra-1f38ba485df9","cand-074d8dd0-0dd7-5ff7-9bcd-219b630fdfa4","ex-84f6b624-f273-5e24-b900-687746caf1f7","2bach-mates","matematicas-ii","Castilla-La Mancha","BLOCKED","LOADED_NOT_MATERIALIZED_BY_CURRENT_ROUTES","[""ANSWER_MISSING"",""MODALITIES_MISSING"",""MODALITY_UNDEMONSTRATED"",""SOLUTION_MISSING"",""UNMAPPED_TOPIC"",""PAU_MODALITY_UNDECLARED"",""SOLUTION_REVIEW_REQUIRED""]","[""src-c1279d23-446e-532c-b70f-58f915487532""]"
"mates2-algebra-23451889bd3a","cand-8bedc1d0-a595-5338-82e0-d6c3445e14e3","ex-e5d5739e-909c-5539-bf77-c80e3b3a54e2","2bach-mates","matematicas-ii","Castilla-La Mancha","BLOCKED","LOADED_NOT_MATERIALIZED_BY_CURRENT_ROUTES","[""ANSWER_MISSING"",""MODALITIES_MISSING"",""MODALITY_UNDEMONSTRATED"",""SOLUTION_MISSING"",""UNMAPPED_TOPIC"",""MATH_REPRESENTATION_UNDECLARED"",""PAU_MODALITY_UNDECLARED"",""SOLUTION_REVIEW_REQUIRED""]","[""src-0b9549e6-5dbc-5bcb-bbf2-6be1b1b51ff1""]"
"mates2-algebra-298681d1ae56","cand-b0fab358-0934-5020-b615-5e92caa0555c","ex-ad236153-fbe8-5999-865d-04737a718e94","2bach-mates","matematicas-ii","Castilla-La Mancha","BLOCKED","LOADED_NOT_MATERIALIZED_BY_CURRENT_ROUTES","[""ANSWER_MISSING"",""MODALITIES_MISSING"",""MODALITY_UNDEMONSTRATED"",""SOLUTION_MISSING"",""UNMAPPED_TOPIC"",""MATH_REPRESENTATION_UNDECLARED"",""PAU_MODALITY_UNDECLARED"",""SOLUTION_REVIEW_REQUIRED""]","[""src-4e007c5e-fdac-5a1c-b795-e308ed588a23""]"
"mates2-algebra-298681d1ae56-opcion-b","cand-ac999122-1a1b-5430-a3d4-3f911c028b69","ex-b3dcae2c-e5f4-5041-951a-35972b30dcfd","2bach-mates","matematicas-ii","","BLOCKED","LOADED_NOT_MATERIALIZED_BY_CURRENT_ROUTES","[""ANSWER_MISSING"",""COMMUNITY_UNMAPPED"",""MODALITIES_MISSING"",""MODALITY_UNDEMONSTRATED"",""PAU_COMMUNITY_MISSING"",""SOLUTION_MISSING"",""UNMAPPED_TOPIC"",""MATH_REPRESENTATION_UNDECLARED"",""PAU_MODALITY_UNDECLARED"",""SOLUTION_REVIEW_REQUIRED""]","[""src-ba454c99-8fe0-54d7-9b25-400d0e41a5d4""]"
"mates2-algebra-2bd5d9c32d30","cand-799e3eb0-954f-57a1-a963-dc34ce948f59","ex-f5d7a090-a245-5e18-ba9f-ea6293f5ed92","2bach-mates","matematicas-ii","Castilla-La Mancha","BLOCKED","LOADED_NOT_MATERIALIZED_BY_CURRENT_ROUTES","[""ANSWER_MISSING"",""MODALITIES_MISSING"",""MODALITY_UNDEMONSTRATED"",""SOLUTION_MISSING"",""UNMAPPED_TOPIC"",""MATH_REPRESENTATION_UNDECLARED"",""PAU_MODALITY_UNDECLARED"",""SOLUTION_REVIEW_REQUIRED""]","[""src-ac2e0078-f2fb-5b4d-b62f-9b0cf46c543a""]"
"mates2-algebra-2e3f0085a835","cand-dcf62bb2-1518-577d-8ce1-c055c900be6d","ex-8c708334-7ec5-5f50-b272-c73d60b7a86e","2bach-mates","matematicas-ii","Castilla-La Mancha","BLOCKED","LOADED_NOT_MATERIALIZED_BY_CURRENT_ROUTES","[""ANSWER_MISSING"",""MODALITIES_MISSING"",""MODALITY_UNDEMONSTRATED"",""SOLUTION_MISSING"",""UNMAPPED_TOPIC"",""MATH_REPRESENTATION_UNDECLARED"",""PAU_MODALITY_UNDECLARED"",""SOLUTION_REVIEW_REQUIRED""]","[""src-a40e3a6f-4e1c-5f3b-820e-85feda4dbe9c""]"
"mates2-algebra-2f0e891180bf","cand-4635f069-79fb-5bcf-bc12-d49aad4b3a21","ex-ebc05153-3052-55ac-8b56-ed47f10a8125","2bach-mates","matematicas-ii","Castilla-La Mancha","BLOCKED","LOADED_NOT_MATERIALIZED_BY_CURRENT_ROUTES","[""ANSWER_MISSING"",""MODALITIES_MISSING"",""MODALITY_UNDEMONSTRATED"",""SOLUTION_MISSING"",""UNMAPPED_TOPIC"",""MATH_REPRESENTATION_UNDECLARED"",""PAU_MODALITY_UNDECLARED"",""SOLUTION_REVIEW_REQUIRED""]","[""src-75caaa48-0371-5ecd-85d4-bb7e7e9fc9ce""]"
"mates2-algebra-2f0e891180bf--mates-ii-algebra-2","cand-f5cb993b-3895-582d-a9f4-3b561cac1b7f","ex-80e6e3ea-2c89-55b3-9235-a431ee4632d3","2bach-mates","matematicas-ii","Castilla-La Mancha","BLOCKED","LOADED_NOT_MATERIALIZED_BY_CURRENT_ROUTES","[""ANSWER_MISSING"",""MODALITIES_MISSING"",""MODALITY_UNDEMONSTRATED"",""SOLUTION_MISSING"",""UNMAPPED_TOPIC"",""MATH_REPRESENTATION_UNDECLARED"",""PAU_MODALITY_UNDECLARED"",""SOLUTION_REVIEW_REQUIRED""]","[""src-dcc395ca-cb69-5bbe-9b60-a3f3e5fb2f3e""]"
"mates2-algebra-2f0e891180bf--mates-ii-algebra-3","cand-dd5bc4c1-cd34-5ac0-a85b-0534a9c756b6","ex-7f634809-f2f6-5649-9cde-5d67fc214b81","2bach-mates","matematicas-ii","Castilla-La Mancha","BLOCKED","LOADED_NOT_MATERIALIZED_BY_CURRENT_ROUTES","[""ANSWER_MISSING"",""MODALITIES_MISSING"",""MODALITY_UNDEMONSTRATED"",""SOLUTION_MISSING"",""UNMAPPED_TOPIC"",""MATH_REPRESENTATION_UNDECLARED"",""PAU_MODALITY_UNDECLARED"",""SOLUTION_REVIEW_REQUIRED""]","[""src-9c5e0db1-ff1f-545c-a23a-70ca8d83b47d""]"
"mates2-algebra-37d8fd5fa0be","cand-5e7de5f0-4020-5bfd-857c-0a4ef0ee0612","ex-103298da-531b-5032-9e82-a930a7b6b229","2bach-mates","matematicas-ii","Castilla-La Mancha","BLOCKED","LOADED_NOT_MATERIALIZED_BY_CURRENT_ROUTES","[""ANSWER_MISSING"",""MODALITIES_MISSING"",""MODALITY_UNDEMONSTRATED"",""SOLUTION_MISSING"",""UNMAPPED_TOPIC"",""PAU_DETAIL_INCOMPLETE"",""PAU_MODALITY_UNDECLARED"",""SOLUTION_REVIEW_REQUIRED""]","[""src-2987051e-631a-5388-934b-a6ff654480ee""]"
"mates2-algebra-3f13643831be","cand-a1086c2e-7592-5b12-b99d-3824d60c98c0","ex-e22ffb57-7a4c-52b2-8e7a-908214291a9a","2bach-mates","matematicas-ii","Castilla-La Mancha","BLOCKED","LOADED_NOT_MATERIALIZED_BY_CURRENT_ROUTES","[""ANSWER_MISSING"",""MODALITIES_MISSING"",""MODALITY_UNDEMONSTRATED"",""SOLUTION_MISSING"",""UNMAPPED_TOPIC"",""MATH_REPRESENTATION_UNDECLARED"",""PAU_MODALITY_UNDECLARED"",""SOLUTION_REVIEW_REQUIRED""]","[""src-da2b22da-14c1-5958-b016-1c69ea6643a3""]"
"mates2-algebra-3fb388cbdc48","cand-bad82707-52a3-517e-9f58-a187792fc0e8","ex-b85793b8-8b93-5f56-a98c-ec82ed7f048d","2bach-mates","matematicas-ii","Castilla-La Mancha","BLOCKED","LOADED_NOT_MATERIALIZED_BY_CURRENT_ROUTES","[""ANSWER_MISSING"",""MODALITIES_MISSING"",""MODALITY_UNDEMONSTRATED"",""SOLUTION_MISSING"",""UNMAPPED_TOPIC"",""MATH_REPRESENTATION_UNDECLARED"",""PAU_DETAIL_INCOMPLETE"",""PAU_MODALITY_UNDECLARED"",""SOLUTION_REVIEW_REQUIRED""]","[""src-d19b0dd4-8c62-5118-b201-0dc8b050f475""]"
"mates2-algebra-483621554b12","cand-dc90dae1-b9a7-518f-a2bc-4acdbb095f95","ex-99e870dd-e95d-5093-8059-3d02a6860c52","2bach-mates","matematicas-ii","Castilla-La Mancha","BLOCKED","LOADED_NOT_MATERIALIZED_BY_CURRENT_ROUTES","[""ANSWER_MISSING"",""MODALITIES_MISSING"",""MODALITY_UNDEMONSTRATED"",""SOLUTION_MISSING"",""UNMAPPED_TOPIC"",""MATH_REPRESENTATION_UNDECLARED"",""PAU_MODALITY_UNDECLARED"",""SOLUTION_REVIEW_REQUIRED""]","[""src-0d8d6a87-77a0-511b-b158-d8ce9ed845a3""]"
"mates2-algebra-4ac02a46a7dc","cand-d113eaad-0e1c-5f71-88a2-9d45384a830e","ex-b63bf20f-9170-5e3a-9e80-8bb7f3e6d93f","2bach-mates","matematicas-ii","Castilla-La Mancha","BLOCKED","LOADED_NOT_MATERIALIZED_BY_CURRENT_ROUTES","[""ANSWER_MISSING"",""MODALITIES_MISSING"",""MODALITY_UNDEMONSTRATED"",""SOLUTION_MISSING"",""UNMAPPED_TOPIC"",""PAU_DETAIL_INCOMPLETE"",""PAU_MODALITY_UNDECLARED"",""SOLUTION_REVIEW_REQUIRED""]","[""src-48939c08-f876-55b5-b38e-8f4ac86611ae""]"
"mates2-algebra-4f7d267572f4","cand-9854bed7-c09c-5d92-a728-44cf37134d0b","ex-8a990a1c-5617-578d-b726-e1ce5e663643","2bach-mates","matematicas-ii","Castilla-La Mancha","BLOCKED","LOADED_NOT_MATERIALIZED_BY_CURRENT_ROUTES","[""ANSWER_MISSING"",""MODALITIES_MISSING"",""MODALITY_UNDEMONSTRATED"",""SOLUTION_MISSING"",""UNMAPPED_TOPIC"",""MATH_REPRESENTATION_UNDECLARED"",""PAU_MODALITY_UNDECLARED"",""SOLUTION_REVIEW_REQUIRED""]","[""src-7537a7e8-11af-542e-929a-cf98b03bdf39""]"
"mates2-algebra-509a0ef7125b","cand-12241f69-1a61-52c4-89d2-40ebf4959d8b","ex-45853f7d-35ac-5fb9-99a2-ca344ce237a7","2bach-mates","matematicas-ii","Castilla-La Mancha","BLOCKED","LOADED_NOT_MATERIALIZED_BY_CURRENT_ROUTES","[""ANSWER_MISSING"",""MODALITIES_MISSING"",""MODALITY_UNDEMONSTRATED"",""SOLUTION_MISSING"",""UNMAPPED_TOPIC"",""MATH_REPRESENTATION_UNDECLARED"",""PAU_MODALITY_UNDECLARED"",""SOLUTION_REVIEW_REQUIRED""]","[""src-8e1061ff-3579-54bf-9b8c-0ec8fb41fc44""]"
"mates2-algebra-509a0ef7125b--mates-ii-algebra-2","cand-8a2b91db-e102-538f-8193-c035f04678ec","ex-ed4d625c-aa04-5183-ad18-4806686e9265","2bach-mates","matematicas-ii","Castilla-La Mancha","BLOCKED","LOADED_NOT_MATERIALIZED_BY_CURRENT_ROUTES","[""ANSWER_MISSING"",""MODALITIES_MISSING"",""MODALITY_UNDEMONSTRATED"",""SOLUTION_MISSING"",""UNMAPPED_TOPIC"",""PAU_MODALITY_UNDECLARED"",""SOLUTION_REVIEW_REQUIRED""]","[""src-256b426a-e58d-5e2e-9e38-0a780beb300c""]"
"mates2-algebra-509a0ef7125b--mates-ii-algebra-3","cand-ca35e4ba-c3bb-5c48-ab2e-0d0fb04a8442","ex-43d5cb68-ab67-5884-9f7f-a69043b1b3e3","2bach-mates","matematicas-ii","Castilla-La Mancha","BLOCKED","LOADED_NOT_MATERIALIZED_BY_CURRENT_ROUTES","[""ANSWER_MISSING"",""MODALITIES_MISSING"",""MODALITY_UNDEMONSTRATED"",""SOLUTION_MISSING"",""UNMAPPED_TOPIC"",""MATH_REPRESENTATION_UNDECLARED"",""PAU_MODALITY_UNDECLARED"",""SOLUTION_REVIEW_REQUIRED""]","[""src-5523bb30-34c4-5d7e-a3c2-a6358175bcae""]"
"mates2-algebra-50adfe390f26","cand-ec67832d-ef6f-5101-b67b-b1a8cbc043aa","ex-8a60a1ac-7119-59b2-abdb-248bba91f40e","2bach-mates","matematicas-ii","Castilla-La Mancha","BLOCKED","LOADED_NOT_MATERIALIZED_BY_CURRENT_ROUTES","[""ANSWER_MISSING"",""MODALITIES_MISSING"",""MODALITY_UNDEMONSTRATED"",""SOLUTION_MISSING"",""UNMAPPED_TOPIC"",""MATH_REPRESENTATION_UNDECLARED"",""PAU_MODALITY_UNDECLARED"",""SOLUTION_REVIEW_REQUIRED""]","[""src-68588adc-053c-5b7d-918c-e1696aa8710c""]"
"mates2-algebra-55b209cb415f","cand-8b95afc0-3088-5c82-9235-290d53c39646","ex-37b43a3a-0e2e-510d-a35a-a1cca53adea3","2bach-mates","matematicas-ii","Castilla-La Mancha","BLOCKED","LOADED_NOT_MATERIALIZED_BY_CURRENT_ROUTES","[""ANSWER_MISSING"",""MODALITIES_MISSING"",""MODALITY_UNDEMONSTRATED"",""SOLUTION_MISSING"",""UNMAPPED_TOPIC"",""MATH_REPRESENTATION_UNDECLARED"",""PAU_DETAIL_INCOMPLETE"",""PAU_MODALITY_UNDECLARED"",""SOLUTION_REVIEW_REQUIRED""]","[""src-12417cf0-3d11-55cb-911c-c567b2d40d08""]"
"mates2-algebra-61670efb9b14","cand-a45998ad-128d-5b1f-8def-aef2cd664150","ex-aa828060-362a-5cb8-8e5f-2bc8849936b7","2bach-mates","matematicas-ii","Castilla-La Mancha","BLOCKED","LOADED_NOT_MATERIALIZED_BY_CURRENT_ROUTES","[""ANSWER_MISSING"",""MODALITIES_MISSING"",""MODALITY_UNDEMONSTRATED"",""SOLUTION_MISSING"",""UNMAPPED_TOPIC"",""MATH_REPRESENTATION_UNDECLARED"",""PAU_MODALITY_UNDECLARED"",""SOLUTION_REVIEW_REQUIRED""]","[""src-6c67714c-5903-5b59-855d-383367bbd99c""]"
"mates2-algebra-61670efb9b14-opcion-b","cand-bed60fba-643d-5505-925e-117f7e1385b7","ex-132d6fd6-597e-513c-9483-a2f701159092","2bach-mates","matematicas-ii","","BLOCKED","LOADED_NOT_MATERIALIZED_BY_CURRENT_ROUTES","[""ANSWER_MISSING"",""COMMUNITY_UNMAPPED"",""MODALITIES_MISSING"",""MODALITY_UNDEMONSTRATED"",""PAU_COMMUNITY_MISSING"",""SOLUTION_MISSING"",""UNMAPPED_TOPIC"",""MATH_REPRESENTATION_UNDECLARED"",""PAU_MODALITY_UNDECLARED"",""SOLUTION_REVIEW_REQUIRED""]","[""src-609adbe3-756a-51dc-a6a2-6fe5afb25fa2""]"
"mates2-algebra-661956aadb57","cand-ad2ef1bf-67fe-52c7-bd8c-7577dabbcdc8","ex-d8bfd5c6-dd53-5adc-98fc-65c240f8891a","2bach-mates","matematicas-ii","Castilla-La Mancha","BLOCKED","LOADED_NOT_MATERIALIZED_BY_CURRENT_ROUTES","[""ANSWER_MISSING"",""MODALITIES_MISSING"",""MODALITY_UNDEMONSTRATED"",""SOLUTION_MISSING"",""UNMAPPED_TOPIC"",""MATH_REPRESENTATION_UNDECLARED"",""PAU_MODALITY_UNDECLARED"",""SOLUTION_REVIEW_REQUIRED""]","[""src-b59fbfdd-b72c-51e8-b857-740cfa7c6282""]"
"mates2-algebra-676cfc737e63","cand-aae81bb9-3195-54fc-81a0-5c9518337243","ex-f689645f-642e-50c8-950b-09d8a25d16f8","2bach-mates","matematicas-ii","Castilla-La Mancha","BLOCKED","LOADED_NOT_MATERIALIZED_BY_CURRENT_ROUTES","[""ANSWER_MISSING"",""MODALITIES_MISSING"",""MODALITY_UNDEMONSTRATED"",""SOLUTION_MISSING"",""UNMAPPED_TOPIC"",""MATH_REPRESENTATION_UNDECLARED"",""PAU_DETAIL_INCOMPLETE"",""PAU_MODALITY_UNDECLARED"",""SOLUTION_REVIEW_REQUIRED""]","[""src-3af87b6a-ee03-5b62-98e3-56d28bd27d31""]"
"mates2-algebra-6b602ef2ed12","cand-799972a2-cd51-5f1e-9cdf-8e1a2fd9bf92","ex-abd5e172-bad1-5331-a576-5c66b66f412e","2bach-mates","matematicas-ii","Castilla-La Mancha","BLOCKED","LOADED_NOT_MATERIALIZED_BY_CURRENT_ROUTES","[""ANSWER_MISSING"",""MODALITIES_MISSING"",""MODALITY_UNDEMONSTRATED"",""SOLUTION_MISSING"",""UNMAPPED_TOPIC"",""MATH_REPRESENTATION_UNDECLARED"",""PAU_DETAIL_INCOMPLETE"",""PAU_MODALITY_UNDECLARED"",""SOLUTION_REVIEW_REQUIRED""]","[""src-a4c24ed5-dbca-5053-ab2e-afd45034a7d1""]"
"mates2-algebra-6c6f339e8058","cand-3d398686-7d73-50ad-9664-ae776997a15a","ex-0de75d0d-8682-540c-9a4b-9c7eb6f05a41","2bach-mates","matematicas-ii","Castilla-La Mancha","BLOCKED","LOADED_NOT_MATERIALIZED_BY_CURRENT_ROUTES","[""ANSWER_MISSING"",""MODALITIES_MISSING"",""MODALITY_UNDEMONSTRATED"",""SOLUTION_MISSING"",""UNMAPPED_TOPIC"",""MATH_REPRESENTATION_UNDECLARED"",""PAU_MODALITY_UNDECLARED"",""SOLUTION_REVIEW_REQUIRED""]","[""src-8c5ce861-2cfc-5ca2-9c64-40e9ae143a6c""]"
"mates2-algebra-6d5df708c707","cand-a834431a-fc79-5b48-8581-9f4e32661311","ex-e62b9418-96be-5cb7-a1cd-21c8a92787c8","2bach-mates","matematicas-ii","Castilla-La Mancha","BLOCKED","LOADED_NOT_MATERIALIZED_BY_CURRENT_ROUTES","[""ANSWER_MISSING"",""MODALITIES_MISSING"",""MODALITY_UNDEMONSTRATED"",""SOLUTION_MISSING"",""UNMAPPED_TOPIC"",""MATH_REPRESENTATION_UNDECLARED"",""PAU_MODALITY_UNDECLARED"",""SOLUTION_REVIEW_REQUIRED""]","[""src-4795fe0d-5e61-51c1-aa72-91d02f2c26be""]"
"mates2-algebra-719a42f0ac16","cand-394a8cab-9d53-5cc3-9248-f64ae8bc895b","ex-3309bfca-f3c3-51e6-a72f-f9787c917046","2bach-mates","matematicas-ii","Castilla-La Mancha","BLOCKED","LOADED_NOT_MATERIALIZED_BY_CURRENT_ROUTES","[""ANSWER_MISSING"",""MODALITIES_MISSING"",""MODALITY_UNDEMONSTRATED"",""SOLUTION_MISSING"",""UNMAPPED_TOPIC"",""MATH_REPRESENTATION_UNDECLARED"",""PAU_MODALITY_UNDECLARED"",""SOLUTION_REVIEW_REQUIRED""]","[""src-4b405bce-ad08-59ff-acff-d89197b72ab6""]"
"mates2-algebra-753a3da59814--mates-ii-algebra-2","cand-c4abbfe3-ca5e-52b9-9314-218e8fa3ad03","ex-3ce85b86-b074-5b6d-bbbf-1d3eb74f0d09","2bach-mates","matematicas-ii","Castilla-La Mancha","BLOCKED","LOADED_NOT_MATERIALIZED_BY_CURRENT_ROUTES","[""ANSWER_MISSING"",""MODALITIES_MISSING"",""MODALITY_UNDEMONSTRATED"",""SOLUTION_MISSING"",""UNMAPPED_TOPIC"",""MATH_REPRESENTATION_UNDECLARED"",""PAU_MODALITY_UNDECLARED"",""SOLUTION_REVIEW_REQUIRED""]","[""src-ea12df3a-c168-5ab6-915a-8e0ad7c36d57""]"
"mates2-algebra-753a3da59814--mates-ii-algebra-3","cand-3bd90802-6ac9-5870-bee1-5f63b7177da8","ex-1046c251-cf6d-55db-8b2f-ce1fee56da8d","2bach-mates","matematicas-ii","Castilla-La Mancha","BLOCKED","LOADED_NOT_MATERIALIZED_BY_CURRENT_ROUTES","[""ANSWER_MISSING"",""MODALITIES_MISSING"",""MODALITY_UNDEMONSTRATED"",""SOLUTION_MISSING"",""UNMAPPED_TOPIC"",""MATH_REPRESENTATION_UNDECLARED"",""PAU_MODALITY_UNDECLARED"",""SOLUTION_REVIEW_REQUIRED""]","[""src-b7200926-ac11-560a-9e00-98d84bed8747""]"
"mates2-algebra-7ced403695df--mates-ii-algebra-2","cand-86981fac-67b1-59a5-b5b8-17edb35e11bb","ex-4c66b870-ae98-5039-89dc-6ca642a2e2e0","2bach-mates","matematicas-ii","Castilla-La Mancha","BLOCKED","LOADED_NOT_MATERIALIZED_BY_CURRENT_ROUTES","[""ANSWER_MISSING"",""MODALITIES_MISSING"",""MODALITY_UNDEMONSTRATED"",""SOLUTION_MISSING"",""UNMAPPED_TOPIC"",""MATH_REPRESENTATION_UNDECLARED"",""PAU_MODALITY_UNDECLARED"",""SOLUTION_REVIEW_REQUIRED""]","[""src-f6b6bfcf-4382-57b6-b21b-adacee06dcb3""]"
"mates2-algebra-7ced403695df--mates-ii-algebra-3","cand-f18f69d1-d90f-514c-9fe2-e2aa7e9f0985","ex-77fe91d7-c6ce-5922-afbc-c11b45160bc5","2bach-mates","matematicas-ii","Castilla-La Mancha","BLOCKED","LOADED_NOT_MATERIALIZED_BY_CURRENT_ROUTES","[""ANSWER_MISSING"",""MODALITIES_MISSING"",""MODALITY_UNDEMONSTRATED"",""SOLUTION_MISSING"",""UNMAPPED_TOPIC"",""MATH_REPRESENTATION_UNDECLARED"",""PAU_MODALITY_UNDECLARED"",""SOLUTION_REVIEW_REQUIRED""]","[""src-4e2cdaef-3575-555d-b560-3326e918e4c7""]"
"mates2-algebra-7ece49c1c635","cand-57686d82-9b10-5093-ae40-017f9da5bca0","ex-27d70a92-1ffe-50ff-adef-f5cc895aefb5","2bach-mates","matematicas-ii","Castilla-La Mancha","BLOCKED","LOADED_NOT_MATERIALIZED_BY_CURRENT_ROUTES","[""ANSWER_MISSING"",""MODALITIES_MISSING"",""MODALITY_UNDEMONSTRATED"",""SOLUTION_MISSING"",""UNMAPPED_TOPIC"",""MATH_REPRESENTATION_UNDECLARED"",""PAU_MODALITY_UNDECLARED"",""SOLUTION_REVIEW_REQUIRED""]","[""src-3034d49a-1160-5943-9a19-599b48732bfb""]"
"mates2-algebra-83141b6eb0ee","cand-d6190b12-5be2-5c80-bd1b-8c95e12680e2","ex-6b46006d-55df-501a-a9ee-17b2c62af00f","2bach-mates","matematicas-ii","Castilla-La Mancha","BLOCKED","LOADED_NOT_MATERIALIZED_BY_CURRENT_ROUTES","[""ANSWER_MISSING"",""MODALITIES_MISSING"",""MODALITY_UNDEMONSTRATED"",""SOLUTION_MISSING"",""UNMAPPED_TOPIC"",""MATH_REPRESENTATION_UNDECLARED"",""PAU_MODALITY_UNDECLARED"",""SOLUTION_REVIEW_REQUIRED""]","[""src-ab35649a-f2c4-5492-bc96-844baa19b8a4""]"
"mates2-algebra-855a5ceb1079","cand-1107e333-37c0-57c2-a619-21d94784ebf6","ex-3d37c876-07e6-596c-9b1e-24edb94ef6d5","2bach-mates","matematicas-ii","Castilla-La Mancha","BLOCKED","LOADED_NOT_MATERIALIZED_BY_CURRENT_ROUTES","[""ANSWER_MISSING"",""MODALITIES_MISSING"",""MODALITY_UNDEMONSTRATED"",""SOLUTION_MISSING"",""UNMAPPED_TOPIC"",""MATH_REPRESENTATION_UNDECLARED"",""PAU_DETAIL_INCOMPLETE"",""PAU_MODALITY_UNDECLARED"",""SOLUTION_REVIEW_REQUIRED""]","[""src-dc0c6f92-34d6-52de-931f-8a01ded83775""]"
"mates2-algebra-875b0ef3bcbe","cand-ae121f8d-b154-5c4a-b71a-2312a7940346","ex-7b9e57a1-b5b7-5b81-81af-ef97679171df","2bach-mates","matematicas-ii","Castilla-La Mancha","BLOCKED","LOADED_NOT_MATERIALIZED_BY_CURRENT_ROUTES","[""ANSWER_MISSING"",""MODALITIES_MISSING"",""MODALITY_UNDEMONSTRATED"",""SOLUTION_MISSING"",""UNMAPPED_TOPIC"",""MATH_REPRESENTATION_UNDECLARED"",""PAU_MODALITY_UNDECLARED"",""SOLUTION_REVIEW_REQUIRED""]","[""src-57c2503f-bf8d-586b-82fc-89373c87649c""]"
"mates2-algebra-875b0ef3bcbe-opcion-b","cand-3125ce24-d061-5641-9373-ccfc12f7ad5f","ex-88aa9b08-58da-52ab-97ce-6960735ddf74","2bach-mates","matematicas-ii","","BLOCKED","LOADED_NOT_MATERIALIZED_BY_CURRENT_ROUTES","[""ANSWER_MISSING"",""COMMUNITY_UNMAPPED"",""MODALITIES_MISSING"",""MODALITY_UNDEMONSTRATED"",""PAU_COMMUNITY_MISSING"",""SOLUTION_MISSING"",""UNMAPPED_TOPIC"",""MATH_REPRESENTATION_UNDECLARED"",""PAU_MODALITY_UNDECLARED"",""SOLUTION_REVIEW_REQUIRED""]","[""src-5c13c9dc-1333-51b6-bb39-13d7921a36b0""]"
"mates2-algebra-882f9ebab859","cand-0a826cdd-c12d-5c09-b636-1653bb0d87af","ex-d7eb8343-de79-5dc5-b7d7-76b738d5f562","2bach-mates","matematicas-ii","Castilla-La Mancha","BLOCKED","LOADED_NOT_MATERIALIZED_BY_CURRENT_ROUTES","[""ANSWER_MISSING"",""MODALITIES_MISSING"",""MODALITY_UNDEMONSTRATED"",""SOLUTION_MISSING"",""UNMAPPED_TOPIC"",""MATH_REPRESENTATION_UNDECLARED"",""PAU_MODALITY_UNDECLARED"",""SOLUTION_REVIEW_REQUIRED""]","[""src-2c37786a-7ebc-5971-8456-8cd68220081f""]"
"mates2-algebra-8868a842cb11","cand-1f437f7a-e8ce-565c-9283-a463bd353907","ex-d4b8e889-7a32-51ec-9ecb-5150a8ca5ebe","2bach-mates","matematicas-ii","Castilla-La Mancha","BLOCKED","LOADED_NOT_MATERIALIZED_BY_CURRENT_ROUTES","[""ANSWER_MISSING"",""MODALITIES_MISSING"",""MODALITY_UNDEMONSTRATED"",""SOLUTION_MISSING"",""UNMAPPED_TOPIC"",""MATH_REPRESENTATION_UNDECLARED"",""PAU_MODALITY_UNDECLARED"",""SOLUTION_REVIEW_REQUIRED""]","[""src-22efe4d2-2444-5828-bd52-2124bfd49bd8""]"
"mates2-algebra-8ecc736a73d6","cand-e51f0981-595d-5320-a1b1-492c2f1e6de7","ex-9b0cde7e-0573-5dc4-ae8c-8b1b5883474c","2bach-mates","matematicas-ii","Castilla-La Mancha","BLOCKED","LOADED_NOT_MATERIALIZED_BY_CURRENT_ROUTES","[""ANSWER_MISSING"",""MODALITIES_MISSING"",""MODALITY_UNDEMONSTRATED"",""SOLUTION_MISSING"",""UNMAPPED_TOPIC"",""MATH_REPRESENTATION_UNDECLARED"",""PAU_MODALITY_UNDECLARED"",""SOLUTION_REVIEW_REQUIRED""]","[""src-f87502fb-2f8d-56d7-9d31-f69e8564c3f2""]"
"mates2-algebra-8ecc736a73d6-opcion-b","cand-03dca606-2052-5a62-adfc-72216647144c","ex-3632d10e-f975-557c-8439-92cfc2370749","2bach-mates","matematicas-ii","","BLOCKED","LOADED_NOT_MATERIALIZED_BY_CURRENT_ROUTES","[""ANSWER_MISSING"",""COMMUNITY_UNMAPPED"",""MODALITIES_MISSING"",""MODALITY_UNDEMONSTRATED"",""PAU_COMMUNITY_MISSING"",""SOLUTION_MISSING"",""UNMAPPED_TOPIC"",""MATH_REPRESENTATION_UNDECLARED"",""PAU_MODALITY_UNDECLARED"",""SOLUTION_REVIEW_REQUIRED""]","[""src-bf551d43-321b-55c4-aa0d-6d7c8ea303d8""]"
"mates2-algebra-9118a8157a8b","cand-52141903-85f5-5c9d-ad3f-7311b5f4e753","ex-ac3c1ede-1885-5e73-9162-55c7043937fc","2bach-mates","matematicas-ii","Castilla-La Mancha","BLOCKED","EXACT_DUPLICATE_ACCESSIBLE_ELSEWHERE","[""ANSWER_MISSING"",""MODALITIES_MISSING"",""MODALITY_UNDEMONSTRATED"",""SOLUTION_MISSING"",""UNMAPPED_TOPIC"",""PAU_MODALITY_UNDECLARED"",""SOLUTION_REVIEW_REQUIRED""]","[""src-1f97c51a-f31d-53bf-8091-9151d168303a""]"
"mates2-algebra-9118a8157a8b-opcion-b","cand-83790b03-4452-5a64-ba73-b5ec7048717c","ex-1cd4daf0-7ddd-5d16-ad8e-2a1891df059c","2bach-mates","matematicas-ii","","BLOCKED","LOADED_NOT_MATERIALIZED_BY_CURRENT_ROUTES","[""ANSWER_MISSING"",""COMMUNITY_UNMAPPED"",""MODALITIES_MISSING"",""MODALITY_UNDEMONSTRATED"",""PAU_COMMUNITY_MISSING"",""SOLUTION_MISSING"",""UNMAPPED_TOPIC"",""MATH_REPRESENTATION_UNDECLARED"",""PAU_MODALITY_UNDECLARED"",""SOLUTION_REVIEW_REQUIRED""]","[""src-fc6f9c07-5953-56fb-aee9-7d2d04c40802""]"
"mates2-algebra-92100b325d2a","cand-14fd9ed1-2cec-5ee5-af59-aa1ac3d7a761","ex-8d1fffac-374e-500f-b410-5ec1863cd560","2bach-mates","matematicas-ii","Castilla-La Mancha","BLOCKED","LOADED_NOT_MATERIALIZED_BY_CURRENT_ROUTES","[""ANSWER_MISSING"",""MODALITIES_MISSING"",""MODALITY_UNDEMONSTRATED"",""SOLUTION_MISSING"",""UNMAPPED_TOPIC"",""MATH_REPRESENTATION_UNDECLARED"",""PAU_DETAIL_INCOMPLETE"",""PAU_MODALITY_UNDECLARED"",""SOLUTION_REVIEW_REQUIRED""]","[""src-2d3b9135-f401-5e2f-937f-f13d817883da""]"
"mates2-algebra-94fc52735321","cand-2850e1de-d04b-500a-ab8f-fea1a871907e","ex-7637b6fd-6923-5b41-bd1b-8f119140dfd0","2bach-mates","matematicas-ii","Castilla-La Mancha","BLOCKED","LOADED_NOT_MATERIALIZED_BY_CURRENT_ROUTES","[""ANSWER_MISSING"",""MODALITIES_MISSING"",""MODALITY_UNDEMONSTRATED"",""SOLUTION_MISSING"",""UNMAPPED_TOPIC"",""MATH_REPRESENTATION_UNDECLARED"",""PAU_MODALITY_UNDECLARED"",""SOLUTION_REVIEW_REQUIRED""]","[""src-9ab72a3f-bc20-5ab5-a9c1-297b819205d6""]"
"mates2-algebra-96b820c9ff52","cand-beb0b32b-2ff9-5ee0-8fb9-2894ecbcaaed","ex-df3a05b3-bc66-55ec-b221-f82419c125ad","2bach-mates","matematicas-ii","Castilla-La Mancha","BLOCKED","LOADED_NOT_MATERIALIZED_BY_CURRENT_ROUTES","[""ANSWER_MISSING"",""MODALITIES_MISSING"",""MODALITY_UNDEMONSTRATED"",""SOLUTION_MISSING"",""UNMAPPED_TOPIC"",""PAU_DETAIL_INCOMPLETE"",""PAU_MODALITY_UNDECLARED"",""SOLUTION_REVIEW_REQUIRED""]","[""src-cdc7390b-1874-55d0-b0ac-3c4576944953""]"
"mates2-algebra-9b42223deea8","cand-1d7ca0c1-8b9c-5489-a302-208ddce0e287","ex-2185bf54-ede4-5eca-8759-c7f7f8952496","2bach-mates","matematicas-ii","Castilla-La Mancha","BLOCKED","LOADED_NOT_MATERIALIZED_BY_CURRENT_ROUTES","[""ANSWER_MISSING"",""MODALITIES_MISSING"",""MODALITY_UNDEMONSTRATED"",""SOLUTION_MISSING"",""UNMAPPED_TOPIC"",""MATH_REPRESENTATION_UNDECLARED"",""PAU_DETAIL_INCOMPLETE"",""PAU_MODALITY_UNDECLARED"",""SOLUTION_REVIEW_REQUIRED""]","[""src-b6d347d2-aba1-5c64-bb62-029e1386abae""]"
"mates2-algebra-9e9a9f41e8fa","cand-a1e6afd0-60a0-517a-b6ee-3b931b6c2bf7","ex-a4a59a3b-3f22-5300-b5f8-548cf7a093ad","2bach-mates","matematicas-ii","Castilla-La Mancha","BLOCKED","LOADED_NOT_MATERIALIZED_BY_CURRENT_ROUTES","[""ANSWER_MISSING"",""MODALITIES_MISSING"",""MODALITY_UNDEMONSTRATED"",""SOLUTION_MISSING"",""UNMAPPED_TOPIC"",""MATH_REPRESENTATION_UNDECLARED"",""PAU_MODALITY_UNDECLARED"",""SOLUTION_REVIEW_REQUIRED""]","[""src-160a3840-631b-59a1-985c-ec8811367e84""]"
"mates2-algebra-9f4094e5eb15","cand-868ec939-c73e-52d6-9996-47bdb90521a9","ex-445476a0-a579-56a2-8b53-c5fca63fe86a","2bach-mates","matematicas-ii","Castilla-La Mancha","BLOCKED","LOADED_NOT_MATERIALIZED_BY_CURRENT_ROUTES","[""ANSWER_MISSING"",""MODALITIES_MISSING"",""MODALITY_UNDEMONSTRATED"",""SOLUTION_MISSING"",""UNMAPPED_TOPIC"",""MATH_REPRESENTATION_UNDECLARED"",""PAU_MODALITY_UNDECLARED"",""SOLUTION_REVIEW_REQUIRED""]","[""src-6eebc778-997d-574a-aa62-49aa4fbaca6b""]"
"mates2-algebra-a1d5209c3fe7","cand-58584969-2695-5613-b693-1c6babe97c2c","ex-80d304c0-647f-5182-8044-39c4feb8124b","2bach-mates","matematicas-ii","Castilla-La Mancha","BLOCKED","LOADED_NOT_MATERIALIZED_BY_CURRENT_ROUTES","[""ANSWER_MISSING"",""MODALITIES_MISSING"",""MODALITY_UNDEMONSTRATED"",""SOLUTION_MISSING"",""UNMAPPED_TOPIC"",""MATH_REPRESENTATION_UNDECLARED"",""PAU_MODALITY_UNDECLARED"",""SOLUTION_REVIEW_REQUIRED""]","[""src-5fe67a2c-ef6f-5013-be97-1f344670553c""]"
"mates2-algebra-a2773d25e6b7","cand-21c159fe-8fe8-5801-8642-8c30fca5db10","ex-0399d40b-c1de-59ba-8594-659cd77efb7a","2bach-mates","matematicas-ii","Castilla-La Mancha","BLOCKED","LOADED_NOT_MATERIALIZED_BY_CURRENT_ROUTES","[""ANSWER_MISSING"",""MODALITIES_MISSING"",""MODALITY_UNDEMONSTRATED"",""SOLUTION_MISSING"",""UNMAPPED_TOPIC"",""MATH_REPRESENTATION_UNDECLARED"",""PAU_MODALITY_UNDECLARED"",""SOLUTION_REVIEW_REQUIRED""]","[""src-157aa5a8-9958-57f9-b32c-90a6b2a9699e""]"
"mates2-algebra-a3610a941abe","cand-cf747e05-d647-52ba-aca4-5f3d63743bb1","ex-baab3604-2f63-510b-bf2b-1b54b25a9c7c","2bach-mates","matematicas-ii","Castilla-La Mancha","BLOCKED","LOADED_NOT_MATERIALIZED_BY_CURRENT_ROUTES","[""ANSWER_MISSING"",""MODALITIES_MISSING"",""MODALITY_UNDEMONSTRATED"",""SOLUTION_MISSING"",""UNMAPPED_TOPIC"",""MATH_REPRESENTATION_UNDECLARED"",""PAU_MODALITY_UNDECLARED"",""SOLUTION_REVIEW_REQUIRED""]","[""src-20754e0d-ceb7-5387-b38f-3eb371bfc2bc""]"
"mates2-algebra-a5433a3bb098","cand-12224c26-70e9-53c8-921d-e9dc563b22a3","ex-b84d7bc1-bc81-5673-9ca7-c58cd020f3be","2bach-mates","matematicas-ii","Castilla-La Mancha","BLOCKED","LOADED_NOT_MATERIALIZED_BY_CURRENT_ROUTES","[""ANSWER_MISSING"",""MODALITIES_MISSING"",""MODALITY_UNDEMONSTRATED"",""SOLUTION_MISSING"",""UNMAPPED_TOPIC"",""MATH_REPRESENTATION_UNDECLARED"",""PAU_DETAIL_INCOMPLETE"",""PAU_MODALITY_UNDECLARED"",""SOLUTION_REVIEW_REQUIRED""]","[""src-715a17a6-8782-58ef-a3c1-def443d5d373""]"
"mates2-algebra-aaa935001c0f","cand-b79355b5-86bf-5b88-84c3-1b6482aefa53","ex-b64cb36a-5d47-57e0-abe1-ea66aff5bf16","2bach-mates","matematicas-ii","Castilla-La Mancha","BLOCKED","LOADED_NOT_MATERIALIZED_BY_CURRENT_ROUTES","[""ANSWER_MISSING"",""MODALITIES_MISSING"",""MODALITY_UNDEMONSTRATED"",""SOLUTION_MISSING"",""UNMAPPED_TOPIC"",""PAU_MODALITY_UNDECLARED"",""SOLUTION_REVIEW_REQUIRED""]","[""src-9410c7f0-3113-509c-84ed-df142490fc2d""]"
"mates2-algebra-ab93184173bc","cand-63e5afb2-f2f8-5d4c-b7a6-ef27a94060b0","ex-8638b4e4-6a99-526e-a441-14649c313a02","2bach-mates","matematicas-ii","Castilla-La Mancha","BLOCKED","LOADED_NOT_MATERIALIZED_BY_CURRENT_ROUTES","[""ANSWER_MISSING"",""MODALITIES_MISSING"",""MODALITY_UNDEMONSTRATED"",""SOLUTION_MISSING"",""UNMAPPED_TOPIC"",""MATH_REPRESENTATION_UNDECLARED"",""PAU_MODALITY_UNDECLARED"",""SOLUTION_REVIEW_REQUIRED""]","[""src-d03f012f-0d02-5296-931c-de01fa574297""]"
"mates2-algebra-ad4d05ce19b7","cand-c4b211e5-d1bb-5e4c-90e9-dca9ef54b927","ex-87953506-71f7-5ab9-810d-da066398e9e2","2bach-mates","matematicas-ii","Castilla-La Mancha","BLOCKED","LOADED_NOT_MATERIALIZED_BY_CURRENT_ROUTES","[""ANSWER_MISSING"",""MODALITIES_MISSING"",""MODALITY_UNDEMONSTRATED"",""SOLUTION_MISSING"",""UNMAPPED_TOPIC"",""MATH_REPRESENTATION_UNDECLARED"",""PAU_MODALITY_UNDECLARED"",""SOLUTION_REVIEW_REQUIRED""]","[""src-4d502f55-1fda-507f-8f3e-013b44e54e65""]"
"mates2-algebra-adef7c810043","cand-282a52c4-d96e-5413-82c0-0b4fbc984f74","ex-e1830c71-cb1f-5a9a-8a70-b5f51e39954a","2bach-mates","matematicas-ii","Castilla-La Mancha","BLOCKED","LOADED_NOT_MATERIALIZED_BY_CURRENT_ROUTES","[""ANSWER_MISSING"",""MODALITIES_MISSING"",""MODALITY_UNDEMONSTRATED"",""SOLUTION_MISSING"",""UNMAPPED_TOPIC"",""MATH_REPRESENTATION_UNDECLARED"",""PAU_MODALITY_UNDECLARED"",""SOLUTION_REVIEW_REQUIRED""]","[""src-5509061d-dedf-512e-a4d5-2874fbfe65d1""]"
"mates2-algebra-ae705f2ea550","cand-a31bef43-f39f-5c9f-8745-9d3af46effec","ex-03ec5494-c0f4-5b54-a528-2902f1369cfd","2bach-mates","matematicas-ii","Castilla-La Mancha","BLOCKED","LOADED_NOT_MATERIALIZED_BY_CURRENT_ROUTES","[""ANSWER_MISSING"",""MODALITIES_MISSING"",""MODALITY_UNDEMONSTRATED"",""SOLUTION_MISSING"",""UNMAPPED_TOPIC"",""MATH_REPRESENTATION_UNDECLARED"",""PAU_MODALITY_UNDECLARED"",""SOLUTION_REVIEW_REQUIRED""]","[""src-2ce353dd-dc6e-5f22-bfc7-e908c7090387""]"
"mates2-algebra-b9ed20a447e7","cand-94f1ef7e-ef83-557a-87a7-194fa9985fac","ex-9197b7af-c027-5a98-b699-45166c47c6fe","2bach-mates","matematicas-ii","Castilla-La Mancha","BLOCKED","EXACT_DUPLICATE_ACCESSIBLE_ELSEWHERE","[""ANSWER_MISSING"",""MODALITIES_MISSING"",""MODALITY_UNDEMONSTRATED"",""SOLUTION_MISSING"",""UNMAPPED_TOPIC"",""PAU_MODALITY_UNDECLARED"",""SOLUTION_REVIEW_REQUIRED""]","[""src-fb79b2c1-67d7-5f51-b1f2-cbc0e45416a8""]"
"mates2-algebra-bd31f462ebee","cand-1d8a28d6-3655-5dd8-b527-308206e4ea78","ex-897f5a84-b9cd-581f-88f5-ff426027b76a","2bach-mates","matematicas-ii","Castilla-La Mancha","BLOCKED","LOADED_NOT_MATERIALIZED_BY_CURRENT_ROUTES","[""ANSWER_MISSING"",""MODALITIES_MISSING"",""MODALITY_UNDEMONSTRATED"",""SOLUTION_MISSING"",""UNMAPPED_TOPIC"",""MATH_REPRESENTATION_UNDECLARED"",""PAU_DETAIL_INCOMPLETE"",""PAU_MODALITY_UNDECLARED"",""SOLUTION_REVIEW_REQUIRED""]","[""src-a5f2b096-abf1-5266-b6ed-735040a9118c""]"
"mates2-algebra-bef6a939a2bf","cand-def2d623-c86e-55f0-8d2b-7de0bfe4fd10","ex-4c6184ab-b43f-559e-9e69-99b4d09859fb","2bach-mates","matematicas-ii","Castilla-La Mancha","BLOCKED","LOADED_NOT_MATERIALIZED_BY_CURRENT_ROUTES","[""ANSWER_MISSING"",""MODALITIES_MISSING"",""MODALITY_UNDEMONSTRATED"",""SOLUTION_MISSING"",""UNMAPPED_TOPIC"",""MATH_REPRESENTATION_UNDECLARED"",""PAU_MODALITY_UNDECLARED"",""SOLUTION_REVIEW_REQUIRED""]","[""src-dc432309-65a6-5eab-8817-01c7e732378d""]"
"mates2-algebra-c0ea99403ce1","cand-fdc87b1d-ab8d-58bd-8c5c-5523ea216d5c","ex-15bab9db-3c55-55f1-bc51-a8c8cc955cdf","2bach-mates","matematicas-ii","Castilla-La Mancha","BLOCKED","LOADED_NOT_MATERIALIZED_BY_CURRENT_ROUTES","[""ANSWER_MISSING"",""MODALITIES_MISSING"",""MODALITY_UNDEMONSTRATED"",""SOLUTION_MISSING"",""UNMAPPED_TOPIC"",""MATH_REPRESENTATION_UNDECLARED"",""PAU_MODALITY_UNDECLARED"",""SOLUTION_REVIEW_REQUIRED""]","[""src-e588f2d3-0462-5ce6-85bc-91e05d68afbd""]"
"mates2-algebra-c1d9825fad41--mates-ii-algebra-2","cand-2a24905c-44a2-5fd9-88d0-701eee8d02cc","ex-9e46b40c-388b-548f-83e8-08c2d81dce6d","2bach-mates","matematicas-ii","Castilla-La Mancha","BLOCKED","LOADED_NOT_MATERIALIZED_BY_CURRENT_ROUTES","[""ANSWER_MISSING"",""MODALITIES_MISSING"",""MODALITY_UNDEMONSTRATED"",""SOLUTION_MISSING"",""UNMAPPED_TOPIC"",""MATH_REPRESENTATION_UNDECLARED"",""PAU_MODALITY_UNDECLARED"",""SOLUTION_REVIEW_REQUIRED""]","[""src-96ab1d02-88b1-539b-95e7-5decd9c36334""]"
"mates2-algebra-c1d9825fad41--mates-ii-algebra-3","cand-c2475ea6-db6e-51ab-8753-8ceda21bbfc8","ex-b917b44b-7979-52eb-beea-358027329982","2bach-mates","matematicas-ii","Castilla-La Mancha","BLOCKED","LOADED_NOT_MATERIALIZED_BY_CURRENT_ROUTES","[""ANSWER_MISSING"",""MODALITIES_MISSING"",""MODALITY_UNDEMONSTRATED"",""SOLUTION_MISSING"",""UNMAPPED_TOPIC"",""MATH_REPRESENTATION_UNDECLARED"",""PAU_MODALITY_UNDECLARED"",""SOLUTION_REVIEW_REQUIRED""]","[""src-030aae3c-d334-54d5-99d8-87acd61a3103""]"
"mates2-algebra-c932e9687d88","cand-b13aa814-01c4-5a34-b164-e3d23cefb0ba","ex-0be080b5-ed02-5052-a62f-94c8a99d17cd","2bach-mates","matematicas-ii","Castilla-La Mancha","BLOCKED","LOADED_NOT_MATERIALIZED_BY_CURRENT_ROUTES","[""ANSWER_MISSING"",""MODALITIES_MISSING"",""MODALITY_UNDEMONSTRATED"",""SOLUTION_MISSING"",""UNMAPPED_TOPIC"",""MATH_REPRESENTATION_UNDECLARED"",""PAU_DETAIL_INCOMPLETE"",""PAU_MODALITY_UNDECLARED"",""SOLUTION_REVIEW_REQUIRED""]","[""src-ce9ce3ec-6fd3-5395-9acd-51a21f19f983""]"
"mates2-algebra-ca4c38561244","cand-552edffe-4c46-5ac9-86f5-268170367132","ex-cbbc43d4-6a10-541a-bc14-3aa6a2c83949","2bach-mates","matematicas-ii","Castilla-La Mancha","BLOCKED","LOADED_NOT_MATERIALIZED_BY_CURRENT_ROUTES","[""ANSWER_MISSING"",""MODALITIES_MISSING"",""MODALITY_UNDEMONSTRATED"",""SOLUTION_MISSING"",""UNMAPPED_TOPIC"",""MATH_REPRESENTATION_UNDECLARED"",""PAU_DETAIL_INCOMPLETE"",""PAU_MODALITY_UNDECLARED"",""SOLUTION_REVIEW_REQUIRED""]","[""src-f897b2e5-daeb-5706-b0db-eb91fb5d4cbf""]"
"mates2-algebra-d053de2a6dba","cand-0027aeb3-5d51-5929-8087-421f220bd2b3","ex-2ce32b6b-e556-5c80-95ff-4d79b6022a80","2bach-mates","matematicas-ii","Castilla-La Mancha","BLOCKED","LOADED_NOT_MATERIALIZED_BY_CURRENT_ROUTES","[""ANSWER_MISSING"",""MODALITIES_MISSING"",""MODALITY_UNDEMONSTRATED"",""SOLUTION_MISSING"",""UNMAPPED_TOPIC"",""MATH_REPRESENTATION_UNDECLARED"",""PAU_DETAIL_INCOMPLETE"",""PAU_MODALITY_UNDECLARED"",""SOLUTION_REVIEW_REQUIRED""]","[""src-ab7304c7-55aa-5724-b6cf-3163e9a58958""]"
"mates2-algebra-d1c1615352bd","cand-c676e0ff-68ee-5cc3-a301-b2a4421e72ca","ex-5212a776-29a6-5dbb-9f3c-eab898dc4841","2bach-mates","matematicas-ii","Castilla-La Mancha","BLOCKED","LOADED_NOT_MATERIALIZED_BY_CURRENT_ROUTES","[""ANSWER_MISSING"",""MODALITIES_MISSING"",""MODALITY_UNDEMONSTRATED"",""SOLUTION_MISSING"",""UNMAPPED_TOPIC"",""MATH_REPRESENTATION_UNDECLARED"",""PAU_DETAIL_INCOMPLETE"",""PAU_MODALITY_UNDECLARED"",""SOLUTION_REVIEW_REQUIRED""]","[""src-da347b87-6c16-5d66-a4b0-643b8a1b551d""]"
"mates2-algebra-d538cc9133da","cand-7dd01dd7-9457-57ca-96ab-46595f689ed2","ex-94193f16-e6f9-5886-9910-5135e0dca359","2bach-mates","matematicas-ii","Castilla-La Mancha","BLOCKED","LOADED_NOT_MATERIALIZED_BY_CURRENT_ROUTES","[""ANSWER_MISSING"",""MODALITIES_MISSING"",""MODALITY_UNDEMONSTRATED"",""SOLUTION_MISSING"",""UNMAPPED_TOPIC"",""MATH_REPRESENTATION_UNDECLARED"",""PAU_MODALITY_UNDECLARED"",""SOLUTION_REVIEW_REQUIRED""]","[""src-0820498c-009c-5313-959d-8f5fb06a7be2""]"
"mates2-algebra-d83425fe8b43","cand-6eb878ec-aadb-5dd0-a243-2429e33913dc","ex-580c1722-840d-5832-a323-88386617ea00","2bach-mates","matematicas-ii","Castilla-La Mancha","BLOCKED","LOADED_NOT_MATERIALIZED_BY_CURRENT_ROUTES","[""ANSWER_MISSING"",""MODALITIES_MISSING"",""MODALITY_UNDEMONSTRATED"",""SOLUTION_MISSING"",""UNMAPPED_TOPIC"",""MATH_REPRESENTATION_UNDECLARED"",""PAU_MODALITY_UNDECLARED"",""SOLUTION_REVIEW_REQUIRED""]","[""src-48368dca-916d-5d74-9ab0-862a1aefc44b""]"
"mates2-algebra-d977e7654b9a","cand-ccaef1b1-72c3-5920-a980-1354c61668b5","ex-4993453d-df78-564a-8034-57b94bf6d639","2bach-mates","matematicas-ii","Castilla-La Mancha","BLOCKED","LOADED_NOT_MATERIALIZED_BY_CURRENT_ROUTES","[""ANSWER_MISSING"",""MODALITIES_MISSING"",""MODALITY_UNDEMONSTRATED"",""SOLUTION_MISSING"",""UNMAPPED_TOPIC"",""MATH_REPRESENTATION_UNDECLARED"",""PAU_DETAIL_INCOMPLETE"",""PAU_MODALITY_UNDECLARED"",""SOLUTION_REVIEW_REQUIRED""]","[""src-3da38b2c-a9ed-50ee-82c5-f2363c3b9cb8""]"
"mates2-algebra-dd819abff1b8-opcion-b","cand-c5519c61-c278-51dc-8163-a0f9708969f4","ex-429c942e-8483-5778-8ee8-135ce4d5f59c","2bach-mates","matematicas-ii","","BLOCKED","LOADED_NOT_MATERIALIZED_BY_CURRENT_ROUTES","[""ANSWER_MISSING"",""COMMUNITY_UNMAPPED"",""MODALITIES_MISSING"",""MODALITY_UNDEMONSTRATED"",""PAU_COMMUNITY_MISSING"",""SOLUTION_MISSING"",""UNMAPPED_TOPIC"",""MATH_REPRESENTATION_UNDECLARED"",""PAU_MODALITY_UNDECLARED"",""SOLUTION_REVIEW_REQUIRED""]","[""src-0c7caf1b-2ede-5555-9add-0cc418849ec8""]"
"mates2-algebra-e5c000caf053","cand-3e2d2308-b908-59c6-8656-f2c8e23a8d6c","ex-57a4cc1e-6486-517b-8765-d824dd015ab0","2bach-mates","matematicas-ii","Castilla-La Mancha","BLOCKED","LOADED_NOT_MATERIALIZED_BY_CURRENT_ROUTES","[""ANSWER_MISSING"",""MODALITIES_MISSING"",""MODALITY_UNDEMONSTRATED"",""SOLUTION_MISSING"",""UNMAPPED_TOPIC"",""MATH_REPRESENTATION_UNDECLARED"",""PAU_MODALITY_UNDECLARED"",""SOLUTION_REVIEW_REQUIRED""]","[""src-74b96572-b303-5f79-a569-5e797c7c448f""]"
"mates2-algebra-e78a0fa831e5--mates-ii-algebra-2","cand-6d5be23e-35ae-5567-83b3-73856443d664","ex-502b41c8-85b6-5b6c-9da8-ba6e84c7ea6a","2bach-mates","matematicas-ii","Castilla-La Mancha","BLOCKED","LOADED_NOT_MATERIALIZED_BY_CURRENT_ROUTES","[""ANSWER_MISSING"",""MODALITIES_MISSING"",""MODALITY_UNDEMONSTRATED"",""SOLUTION_MISSING"",""UNMAPPED_TOPIC"",""MATH_REPRESENTATION_UNDECLARED"",""PAU_MODALITY_UNDECLARED"",""SOLUTION_REVIEW_REQUIRED""]","[""src-dc2cab78-cd99-59fe-999c-53af4a8d5764""]"
"mates2-algebra-e78a0fa831e5--mates-ii-algebra-3","cand-b25758f4-dab2-5077-986b-afd5b4a5df83","ex-9f18f3f2-ea35-5d9b-9a08-1a6c5a02dda6","2bach-mates","matematicas-ii","Castilla-La Mancha","BLOCKED","LOADED_NOT_MATERIALIZED_BY_CURRENT_ROUTES","[""ANSWER_MISSING"",""MODALITIES_MISSING"",""MODALITY_UNDEMONSTRATED"",""SOLUTION_MISSING"",""UNMAPPED_TOPIC"",""MATH_REPRESENTATION_UNDECLARED"",""PAU_MODALITY_UNDECLARED"",""SOLUTION_REVIEW_REQUIRED""]","[""src-d582612d-0fc8-536e-bc2e-3734ea83b37c""]"
"mates2-algebra-ea6836533bd6","cand-6e7f606c-4a16-5b7d-8ef2-ff6cba3eb5ea","ex-743ca96b-2497-5f80-834c-02eb16ccab05","2bach-mates","matematicas-ii","Castilla-La Mancha","BLOCKED","LOADED_NOT_MATERIALIZED_BY_CURRENT_ROUTES","[""ANSWER_MISSING"",""MODALITIES_MISSING"",""MODALITY_UNDEMONSTRATED"",""SOLUTION_MISSING"",""UNMAPPED_TOPIC"",""MATH_REPRESENTATION_UNDECLARED"",""PAU_MODALITY_UNDECLARED"",""SOLUTION_REVIEW_REQUIRED""]","[""src-e983df62-4d40-5cbd-86b9-66364f8811ac""]"
"mates2-algebra-ebcf577b1b42","cand-bddcf4a0-29f0-578c-b0fc-44b6f7a06f71","ex-7b1cd292-ecea-5064-83f5-2374001175f3","2bach-mates","matematicas-ii","Castilla-La Mancha","BLOCKED","LOADED_NOT_MATERIALIZED_BY_CURRENT_ROUTES","[""ANSWER_MISSING"",""MODALITIES_MISSING"",""MODALITY_UNDEMONSTRATED"",""SOLUTION_MISSING"",""UNMAPPED_TOPIC"",""MATH_REPRESENTATION_UNDECLARED"",""PAU_MODALITY_UNDECLARED"",""SOLUTION_REVIEW_REQUIRED""]","[""src-fcd01001-3c14-5a90-8134-49692140cdda""]"
"mates2-algebra-ed0555aa57f5","cand-23a866ad-7abf-5a58-a884-cc2a746ef579","ex-7fe48157-b7e4-545b-94b1-faef42eface5","2bach-mates","matematicas-ii","Castilla-La Mancha","BLOCKED","LOADED_NOT_MATERIALIZED_BY_CURRENT_ROUTES","[""ANSWER_MISSING"",""MODALITIES_MISSING"",""MODALITY_UNDEMONSTRATED"",""SOLUTION_MISSING"",""UNMAPPED_TOPIC"",""MATH_REPRESENTATION_UNDECLARED"",""PAU_MODALITY_UNDECLARED"",""SOLUTION_REVIEW_REQUIRED""]","[""src-128d9fe7-e0ee-5b9c-9149-97b05e990849""]"
"mates2-algebra-f09b31d6e92e","cand-1b9ccbf6-f1a1-5dcf-b1df-d75211f73050","ex-91bd7d72-8a7d-558d-91cf-d277866077f6","2bach-mates","matematicas-ii","Castilla-La Mancha","BLOCKED","LOADED_NOT_MATERIALIZED_BY_CURRENT_ROUTES","[""ANSWER_MISSING"",""MODALITIES_MISSING"",""MODALITY_UNDEMONSTRATED"",""SOLUTION_MISSING"",""UNMAPPED_TOPIC"",""MATH_REPRESENTATION_UNDECLARED"",""PAU_MODALITY_UNDECLARED"",""SOLUTION_REVIEW_REQUIRED""]","[""src-050877cd-b247-5eb5-a747-76d60597d606""]"
"mates2-algebra-f09edcaf6770","cand-0d1ec26e-17a1-5056-a2a4-f9b18c963935","ex-dca02edf-5fa3-5052-9969-d5f488cb5741","2bach-mates","matematicas-ii","Castilla-La Mancha","BLOCKED","LOADED_NOT_MATERIALIZED_BY_CURRENT_ROUTES","[""ANSWER_MISSING"",""MODALITIES_MISSING"",""MODALITY_UNDEMONSTRATED"",""SOLUTION_MISSING"",""UNMAPPED_TOPIC"",""MATH_REPRESENTATION_UNDECLARED"",""PAU_MODALITY_UNDECLARED"",""SOLUTION_REVIEW_REQUIRED""]","[""src-cba92f20-1eb7-5959-9c1b-1816a3ac0c76""]"
"mates2-algebra-f2fde0a28337","cand-aff085a5-b1ae-51a6-9514-e0f46736f143","ex-15324381-bed6-5e10-9700-80d4fa5779d9","2bach-mates","matematicas-ii","Castilla-La Mancha","BLOCKED","LOADED_NOT_MATERIALIZED_BY_CURRENT_ROUTES","[""ANSWER_MISSING"",""MODALITIES_MISSING"",""MODALITY_UNDEMONSTRATED"",""SOLUTION_MISSING"",""UNMAPPED_TOPIC"",""MATH_REPRESENTATION_UNDECLARED"",""PAU_MODALITY_UNDECLARED"",""SOLUTION_REVIEW_REQUIRED""]","[""src-336625f5-767d-500a-9f70-6c025afbb60a""]"
"mates2-algebra-f2fde0a28337-opcion-b","cand-e074bf5f-693c-5574-9921-2a4a4ee60e7b","ex-5aed0949-7642-5045-84cc-a142db790527","2bach-mates","matematicas-ii","","BLOCKED","LOADED_NOT_MATERIALIZED_BY_CURRENT_ROUTES","[""ANSWER_MISSING"",""COMMUNITY_UNMAPPED"",""MODALITIES_MISSING"",""MODALITY_UNDEMONSTRATED"",""PAU_COMMUNITY_MISSING"",""SOLUTION_MISSING"",""UNMAPPED_TOPIC"",""MATH_REPRESENTATION_UNDECLARED"",""PAU_MODALITY_UNDECLARED"",""SOLUTION_REVIEW_REQUIRED""]","[""src-b3653457-0ed1-5415-b711-848f6dcedc58""]"
"mates2-algebra-f3a44f69bbf5","cand-7649f81a-0adf-5f40-92c4-0207ef201998","ex-b520396a-1e68-54dd-9576-fc41f64ecd0e","2bach-mates","matematicas-ii","Castilla-La Mancha","BLOCKED","LOADED_NOT_MATERIALIZED_BY_CURRENT_ROUTES","[""ANSWER_MISSING"",""MODALITIES_MISSING"",""MODALITY_UNDEMONSTRATED"",""SOLUTION_MISSING"",""UNMAPPED_TOPIC"",""MATH_REPRESENTATION_UNDECLARED"",""PAU_MODALITY_UNDECLARED"",""SOLUTION_REVIEW_REQUIRED""]","[""src-d06470c6-4ce1-5d20-bb57-9e7e1860a900""]"
"mates2-algebra-f4c01938a1f5","cand-c6a3cd97-0c8b-57a9-8e22-438242bb9ed5","ex-cdae81df-7b96-598c-bfd5-bdd4609bf795","2bach-mates","matematicas-ii","Castilla-La Mancha","BLOCKED","LOADED_NOT_MATERIALIZED_BY_CURRENT_ROUTES","[""ANSWER_MISSING"",""MODALITIES_MISSING"",""MODALITY_UNDEMONSTRATED"",""SOLUTION_MISSING"",""UNMAPPED_TOPIC"",""MATH_REPRESENTATION_UNDECLARED"",""PAU_DETAIL_INCOMPLETE"",""PAU_MODALITY_UNDECLARED"",""SOLUTION_REVIEW_REQUIRED""]","[""src-d2d51094-5534-5b3e-92b3-bcf5d958d7a0""]"
"mates2-algebra-f5b9eeccd1b4","cand-76aa5655-69c6-5c5f-b938-7ed28b7e98c5","ex-778bd168-4834-5cd2-9f19-7c4f1558fa8e","2bach-mates","matematicas-ii","Castilla-La Mancha","BLOCKED","LOADED_NOT_MATERIALIZED_BY_CURRENT_ROUTES","[""ANSWER_MISSING"",""MODALITIES_MISSING"",""MODALITY_UNDEMONSTRATED"",""SOLUTION_MISSING"",""UNMAPPED_TOPIC"",""MATH_REPRESENTATION_UNDECLARED"",""PAU_DETAIL_INCOMPLETE"",""PAU_MODALITY_UNDECLARED"",""SOLUTION_REVIEW_REQUIRED""]","[""src-b7470976-d4fe-548b-ba8c-3a30fede69c3""]"
"mates2-algebra-f7c3e512b235","cand-7159942f-df37-5489-aa72-6c76cc01aba1","ex-35c67841-d6e9-5adb-9564-6e1ffde698b9","2bach-mates","matematicas-ii","Castilla-La Mancha","BLOCKED","LOADED_NOT_MATERIALIZED_BY_CURRENT_ROUTES","[""ANSWER_MISSING"",""MODALITIES_MISSING"",""MODALITY_UNDEMONSTRATED"",""SOLUTION_MISSING"",""UNMAPPED_TOPIC"",""MATH_REPRESENTATION_UNDECLARED"",""PAU_DETAIL_INCOMPLETE"",""PAU_MODALITY_UNDECLARED"",""SOLUTION_REVIEW_REQUIRED""]","[""src-7f91cc0a-b4ed-55a3-b233-75e5b4206f62""]"
"mates2-algebra-f92004b193db","cand-05acc67b-fa1b-5086-923a-23cfdfaaa942","ex-cf1fff2f-500e-5e45-b5bd-4556998f3cd6","2bach-mates","matematicas-ii","Castilla-La Mancha","BLOCKED","LOADED_NOT_MATERIALIZED_BY_CURRENT_ROUTES","[""ANSWER_MISSING"",""MODALITIES_MISSING"",""MODALITY_UNDEMONSTRATED"",""SOLUTION_MISSING"",""UNMAPPED_TOPIC"",""MATH_REPRESENTATION_UNDECLARED"",""PAU_DETAIL_INCOMPLETE"",""PAU_MODALITY_UNDECLARED"",""SOLUTION_REVIEW_REQUIRED""]","[""src-4bb7dbff-fef1-5bfc-9043-506398c4f70f""]"
"mates2-algebra-fb5c41919964","cand-ca00e983-d4eb-5ca2-bb9a-7bf23d18e43b","ex-988d39b4-0aa2-5aa0-8ec5-767e0264df6a","2bach-mates","matematicas-ii","Castilla-La Mancha","BLOCKED","LOADED_NOT_MATERIALIZED_BY_CURRENT_ROUTES","[""ANSWER_MISSING"",""MODALITIES_MISSING"",""MODALITY_UNDEMONSTRATED"",""SOLUTION_MISSING"",""UNMAPPED_TOPIC"",""MATH_REPRESENTATION_UNDECLARED"",""PAU_DETAIL_INCOMPLETE"",""PAU_MODALITY_UNDECLARED"",""SOLUTION_REVIEW_REQUIRED""]","[""src-430e53b1-b88f-5dba-9af6-7d91688f4f78""]"
"mates2-algebra-fbda0dadcbcd","cand-cf098167-a31a-52fb-aaf6-d511fec74b92","ex-9df121fb-6f9c-5ee8-9bb4-36e0a242f9c7","2bach-mates","matematicas-ii","Castilla-La Mancha","BLOCKED","LOADED_NOT_MATERIALIZED_BY_CURRENT_ROUTES","[""ANSWER_MISSING"",""MODALITIES_MISSING"",""MODALITY_UNDEMONSTRATED"",""SOLUTION_MISSING"",""UNMAPPED_TOPIC"",""PAU_DETAIL_INCOMPLETE"",""PAU_MODALITY_UNDECLARED"",""SOLUTION_REVIEW_REQUIRED""]","[""src-047bd482-f626-5daa-b577-ef65e7d4aa8a""]"
"mates2-algebra-fdb72826878e","cand-de611aa3-8a56-5e5e-b942-32dccc2e0fde","ex-f79b1446-7e42-5d83-9326-0dcc3e97bf37","2bach-mates","matematicas-ii","Castilla-La Mancha","BLOCKED","LOADED_NOT_MATERIALIZED_BY_CURRENT_ROUTES","[""ANSWER_MISSING"",""MODALITIES_MISSING"",""MODALITY_UNDEMONSTRATED"",""SOLUTION_MISSING"",""UNMAPPED_TOPIC"",""MATH_REPRESENTATION_UNDECLARED"",""PAU_MODALITY_UNDECLARED"",""SOLUTION_REVIEW_REQUIRED""]","[""src-bb66f3a5-f3e9-5ef0-8479-1d83f06f4f6b""]"
"mates2-algebra-fe1862e55f34","cand-f3445999-558e-5062-8270-9b0d53e137c8","ex-ed9d5e9d-2a88-5850-b200-8e9531596110","2bach-mates","matematicas-ii","Castilla-La Mancha","BLOCKED","LOADED_NOT_MATERIALIZED_BY_CURRENT_ROUTES","[""ANSWER_MISSING"",""MODALITIES_MISSING"",""MODALITY_UNDEMONSTRATED"",""SOLUTION_MISSING"",""UNMAPPED_TOPIC"",""MATH_REPRESENTATION_UNDECLARED"",""PAU_MODALITY_UNDECLARED"",""SOLUTION_REVIEW_REQUIRED""]","[""src-19df9ba4-85ac-5978-b73e-d1a85e5b6b14""]"
"mates2-algebra-fe1862e55f34-opcion-b","cand-d47bc597-c867-5b51-94f2-f2587c73cef5","ex-a5047a14-1fd5-5129-9e8e-259dbe77b646","2bach-mates","matematicas-ii","","BLOCKED","LOADED_NOT_MATERIALIZED_BY_CURRENT_ROUTES","[""ANSWER_MISSING"",""COMMUNITY_UNMAPPED"",""MODALITIES_MISSING"",""MODALITY_UNDEMONSTRATED"",""PAU_COMMUNITY_MISSING"",""SOLUTION_MISSING"",""UNMAPPED_TOPIC"",""MATH_REPRESENTATION_UNDECLARED"",""PAU_MODALITY_UNDECLARED"",""SOLUTION_REVIEW_REQUIRED""]","[""src-e84aa190-6d49-593d-bc98-828d6756ee5d""]"
"mates2-algebra-fe482eaf78de","cand-3ed5de8a-cf98-5717-b901-37a5658ffac6","ex-98062edc-d1ac-5f47-bf0a-5108e390b81b","2bach-mates","matematicas-ii","Castilla-La Mancha","BLOCKED","LOADED_NOT_MATERIALIZED_BY_CURRENT_ROUTES","[""ANSWER_MISSING"",""MODALITIES_MISSING"",""MODALITY_UNDEMONSTRATED"",""SOLUTION_MISSING"",""UNMAPPED_TOPIC"",""PAU_DETAIL_INCOMPLETE"",""PAU_MODALITY_UNDECLARED"",""SOLUTION_REVIEW_REQUIRED""]","[""src-1ec5a295-3e77-5792-82cd-ea8856c9cf23""]"
"mates2-analisis-018ce0509802","cand-d33760c2-67d0-58aa-85d1-681bed0321b9","ex-36c42eae-8b0e-588b-86fe-0abb7c5819f1","2bach-mates","matematicas-ii","Castilla-La Mancha","BLOCKED","LOADED_NOT_MATERIALIZED_BY_CURRENT_ROUTES","[""ANSWER_MISSING"",""MODALITIES_MISSING"",""MODALITY_UNDEMONSTRATED"",""SOLUTION_MISSING"",""UNMAPPED_TOPIC"",""MATH_REPRESENTATION_UNDECLARED"",""PAU_DETAIL_INCOMPLETE"",""PAU_MODALITY_UNDECLARED"",""SOLUTION_REVIEW_REQUIRED""]","[""src-8306ba5d-6f76-5909-a7fc-afd6545fab2d""]"
"mates2-analisis-034285af7350","cand-70d5607c-eb3e-5578-81f1-74e67ef6e393","ex-7047fd4c-4a95-5542-a4d6-d79f0093343f","2bach-mates","matematicas-ii","Castilla-La Mancha","BLOCKED","LOADED_NOT_MATERIALIZED_BY_CURRENT_ROUTES","[""ANSWER_MISSING"",""MODALITIES_MISSING"",""MODALITY_UNDEMONSTRATED"",""SOLUTION_MISSING"",""UNMAPPED_TOPIC"",""PAU_DETAIL_INCOMPLETE"",""PAU_MODALITY_UNDECLARED"",""SOLUTION_REVIEW_REQUIRED""]","[""src-1c0a8120-8e3f-5064-9626-b03363abc3da""]"
"mates2-analisis-042bc96d2d11","cand-5ac32247-dcf2-5d5f-b588-2859b63813c5","ex-d6a2de7b-b488-5d9b-af46-e44901f99094","2bach-mates","matematicas-ii","Castilla-La Mancha","BLOCKED","LOADED_NOT_MATERIALIZED_BY_CURRENT_ROUTES","[""ANSWER_MISSING"",""MODALITIES_MISSING"",""MODALITY_UNDEMONSTRATED"",""SOLUTION_MISSING"",""UNMAPPED_TOPIC"",""MATH_REPRESENTATION_UNDECLARED"",""PAU_MODALITY_UNDECLARED"",""SOLUTION_REVIEW_REQUIRED""]","[""src-864cfaa5-2148-5e49-a088-a8d06d817cb7""]"
"mates2-analisis-05537b514c88","cand-0ec5980d-e3fe-519b-b5c4-b165c8731038","ex-5a4c8fe8-96d8-5bb9-99a0-f2a2f5cbbb85","2bach-mates","matematicas-ii","Castilla-La Mancha","BLOCKED","LOADED_NOT_MATERIALIZED_BY_CURRENT_ROUTES","[""ANSWER_MISSING"",""MODALITIES_MISSING"",""MODALITY_UNDEMONSTRATED"",""SOLUTION_MISSING"",""UNMAPPED_TOPIC"",""PAU_MODALITY_UNDECLARED"",""SOLUTION_REVIEW_REQUIRED""]","[""src-40fce1af-ef20-5cff-bb5a-fd96977faed0""]"
"mates2-analisis-066e18a48abd","cand-46feb1d2-ea83-5c13-995a-39c8b48cb28d","ex-92a7679c-57b4-5e42-b71f-5eace02c895c","2bach-mates","matematicas-ii","Castilla-La Mancha","BLOCKED","LOADED_NOT_MATERIALIZED_BY_CURRENT_ROUTES","[""ANSWER_MISSING"",""MODALITIES_MISSING"",""MODALITY_UNDEMONSTRATED"",""SOLUTION_MISSING"",""UNMAPPED_TOPIC"",""PAU_MODALITY_UNDECLARED"",""SOLUTION_REVIEW_REQUIRED""]","[""src-cf842b55-1062-5feb-92f4-7481edc760f4""]"
"mates2-analisis-066e18a48abd--mates-ii-analisis-2","cand-c7637d8a-ee6e-5454-8cd4-0f5afbc50f1a","ex-d5570175-efa6-5a1f-b676-365507c17519","2bach-mates","matematicas-ii","Castilla-La Mancha","BLOCKED","LOADED_NOT_MATERIALIZED_BY_CURRENT_ROUTES","[""ANSWER_MISSING"",""MODALITIES_MISSING"",""MODALITY_UNDEMONSTRATED"",""SOLUTION_MISSING"",""UNMAPPED_TOPIC"",""PAU_MODALITY_UNDECLARED"",""SOLUTION_REVIEW_REQUIRED""]","[""src-fd3c7fdc-ad0f-58e2-9571-73fd4dd64efa""]"
"mates2-analisis-066e18a48abd--mates-ii-analisis-3","cand-f671dadd-c2a8-595b-b4f4-1f27da823691","ex-981a753c-5f05-5ac7-8736-05aa89a7e0d8","2bach-mates","matematicas-ii","Castilla-La Mancha","BLOCKED","LOADED_NOT_MATERIALIZED_BY_CURRENT_ROUTES","[""ANSWER_MISSING"",""MODALITIES_MISSING"",""MODALITY_UNDEMONSTRATED"",""SOLUTION_MISSING"",""UNMAPPED_TOPIC"",""MATH_REPRESENTATION_UNDECLARED"",""PAU_MODALITY_UNDECLARED"",""SOLUTION_REVIEW_REQUIRED""]","[""src-9e8e5c34-5f3e-5d2b-801f-b60c4c0a406c""]"
"mates2-analisis-066e18a48abd--mates-ii-analisis-4","cand-9c0c7e8e-232f-519f-8e27-25b013469227","ex-ffce538b-ba0e-5cf1-bc8a-14996f83a11c","2bach-mates","matematicas-ii","Castilla-La Mancha","BLOCKED","LOADED_NOT_MATERIALIZED_BY_CURRENT_ROUTES","[""ANSWER_MISSING"",""MODALITIES_MISSING"",""MODALITY_UNDEMONSTRATED"",""SOLUTION_MISSING"",""UNMAPPED_TOPIC"",""PAU_MODALITY_UNDECLARED"",""SOLUTION_REVIEW_REQUIRED""]","[""src-9b312b71-7fcb-5561-95a7-984d45545ee7""]"
"mates2-analisis-07029fe0c9fd","cand-1abe3dbe-8d00-560f-b4c1-d402b91ecfb8","ex-da63d376-0da8-5352-a24d-c99e26dd759b","2bach-mates","matematicas-ii","Castilla-La Mancha","BLOCKED","LOADED_NOT_MATERIALIZED_BY_CURRENT_ROUTES","[""ANSWER_MISSING"",""MODALITIES_MISSING"",""MODALITY_UNDEMONSTRATED"",""SOLUTION_MISSING"",""UNMAPPED_TOPIC"",""PAU_MODALITY_UNDECLARED"",""SOLUTION_REVIEW_REQUIRED""]","[""src-d603959a-425b-5b0e-89b8-789bdda8fe67""]"
"mates2-analisis-07029fe0c9fd-1b","cand-536359cd-9c98-5cc4-9b58-b0f58bf5a4eb","ex-06a7e35e-73d1-5de9-bcf3-00aeaa646403","2bach-mates","matematicas-ii","","BLOCKED","LOADED_NOT_MATERIALIZED_BY_CURRENT_ROUTES","[""ANSWER_MISSING"",""COMMUNITY_UNMAPPED"",""MODALITIES_MISSING"",""MODALITY_UNDEMONSTRATED"",""PAU_COMMUNITY_MISSING"",""SOLUTION_MISSING"",""UNMAPPED_TOPIC"",""MATH_REPRESENTATION_UNDECLARED"",""PAU_MODALITY_UNDECLARED"",""SOLUTION_REVIEW_REQUIRED""]","[""src-d82430c0-7f59-5c6f-bcf5-26176e818588""]"
"mates2-analisis-07029fe0c9fd-2a","cand-527c676e-da59-5be3-9550-3cf6067c9f85","ex-aff1c178-f8fb-5ab0-8a75-c27f8a7013cc","2bach-mates","matematicas-ii","","BLOCKED","LOADED_NOT_MATERIALIZED_BY_CURRENT_ROUTES","[""ANSWER_MISSING"",""COMMUNITY_UNMAPPED"",""MODALITIES_MISSING"",""MODALITY_UNDEMONSTRATED"",""PAU_COMMUNITY_MISSING"",""SOLUTION_MISSING"",""UNMAPPED_TOPIC"",""PAU_MODALITY_UNDECLARED"",""SOLUTION_REVIEW_REQUIRED""]","[""src-d1142452-4aec-52b8-8bd0-1b3042eb9199""]"
"mates2-analisis-07029fe0c9fd-2b","cand-0b19d7ed-92b9-5fea-8fb4-2ea1fec4678f","ex-fe3ceff4-2549-5b9c-a7c6-b19f1c526243","2bach-mates","matematicas-ii","","BLOCKED","LOADED_NOT_MATERIALIZED_BY_CURRENT_ROUTES","[""ANSWER_MISSING"",""COMMUNITY_UNMAPPED"",""MODALITIES_MISSING"",""MODALITY_UNDEMONSTRATED"",""PAU_COMMUNITY_MISSING"",""SOLUTION_MISSING"",""UNMAPPED_TOPIC"",""MATH_REPRESENTATION_UNDECLARED"",""PAU_MODALITY_UNDECLARED"",""SOLUTION_REVIEW_REQUIRED""]","[""src-b5abded1-821d-579e-9aa1-55ed6335aa7c""]"
"mates2-analisis-072978380ff5","cand-f9bad6d8-a028-545e-8bf7-d727055626e2","ex-a5478f14-4e81-5200-80e1-33a6ac3214de","2bach-mates","matematicas-ii","Castilla-La Mancha","BLOCKED","LOADED_NOT_MATERIALIZED_BY_CURRENT_ROUTES","[""ANSWER_MISSING"",""MODALITIES_MISSING"",""MODALITY_UNDEMONSTRATED"",""SOLUTION_MISSING"",""UNMAPPED_TOPIC"",""PAU_MODALITY_UNDECLARED"",""SOLUTION_REVIEW_REQUIRED""]","[""src-52f4d6c1-2584-5138-91d2-f62025ce8219""]"
"mates2-analisis-07af7c78fa22","cand-af3951b9-dcb7-5c82-9282-08137b585ad5","ex-c19206d6-5462-56d0-9b07-0652cc6221b3","2bach-mates","matematicas-ii","Castilla-La Mancha","BLOCKED","LOADED_NOT_MATERIALIZED_BY_CURRENT_ROUTES","[""ANSWER_MISSING"",""MODALITIES_MISSING"",""MODALITY_UNDEMONSTRATED"",""SOLUTION_MISSING"",""UNMAPPED_TOPIC"",""PAU_DETAIL_INCOMPLETE"",""PAU_MODALITY_UNDECLARED"",""SOLUTION_REVIEW_REQUIRED""]","[""src-6fa05d80-2197-59c9-89c7-cf1c31d65804""]"
"mates2-analisis-07e43b1dcab1","cand-650cc82d-eff4-563a-8077-c37dcdcd50cc","ex-548263d6-3b24-5650-a9d1-112298279248","2bach-mates","matematicas-ii","Castilla-La Mancha","BLOCKED","LOADED_NOT_MATERIALIZED_BY_CURRENT_ROUTES","[""ANSWER_MISSING"",""MODALITIES_MISSING"",""MODALITY_UNDEMONSTRATED"",""SOLUTION_MISSING"",""UNMAPPED_TOPIC"",""PAU_MODALITY_UNDECLARED"",""SOLUTION_REVIEW_REQUIRED""]","[""src-81d246cd-3ed6-5184-9cca-f731b7f99cba""]"
"mates2-analisis-08be07cb7771","cand-b96f2496-e638-537b-9af3-a09e579b7f13","ex-9b1e4384-ee1b-587e-94ca-3121eff11496","2bach-mates","matematicas-ii","Castilla-La Mancha","BLOCKED","LOADED_NOT_MATERIALIZED_BY_CURRENT_ROUTES","[""ANSWER_MISSING"",""MODALITIES_MISSING"",""MODALITY_UNDEMONSTRATED"",""SOLUTION_MISSING"",""UNMAPPED_TOPIC"",""PAU_DETAIL_INCOMPLETE"",""PAU_MODALITY_UNDECLARED"",""SOLUTION_REVIEW_REQUIRED""]","[""src-ec27b70b-15bf-5504-8f32-8767931da44a""]"
"mates2-analisis-0d9f00f8848d","cand-1bdd203f-065a-5949-87f9-595fa663e8ca","ex-893f0660-211c-5624-9ed8-99199b9337cf","2bach-mates","matematicas-ii","Castilla-La Mancha","BLOCKED","LOADED_NOT_MATERIALIZED_BY_CURRENT_ROUTES","[""ANSWER_MISSING"",""MODALITIES_MISSING"",""MODALITY_UNDEMONSTRATED"",""SOLUTION_MISSING"",""UNMAPPED_TOPIC"",""MATH_REPRESENTATION_UNDECLARED"",""PAU_DETAIL_INCOMPLETE"",""PAU_MODALITY_UNDECLARED"",""SOLUTION_REVIEW_REQUIRED""]","[""src-a5eb25e7-d6e1-5f0e-aae7-d27cde684890""]"
"mates2-analisis-0d9f00f8848d-integral","cand-759a27da-f9ed-5dc9-952a-5f46af88ba7b","ex-a66b6d9e-2539-53d3-8bc6-9f50a079e6c7","2bach-mates","matematicas-ii","","BLOCKED","LOADED_NOT_MATERIALIZED_BY_CURRENT_ROUTES","[""ANSWER_MISSING"",""COMMUNITY_UNMAPPED"",""MODALITIES_MISSING"",""MODALITY_UNDEMONSTRATED"",""PAU_COMMUNITY_MISSING"",""SOLUTION_MISSING"",""UNMAPPED_TOPIC"",""PAU_DETAIL_INCOMPLETE"",""PAU_MODALITY_UNDECLARED"",""SOLUTION_REVIEW_REQUIRED""]","[""src-936fdf90-2039-5764-9bc3-444e6edb5bee""]"
"mates2-analisis-0e5ccf371575","cand-ca3e49fd-c28f-56c4-a66e-f59e0c63ed1f","ex-8e902fea-2710-51cc-95e6-95b035c79f23","2bach-mates","matematicas-ii","Castilla-La Mancha","BLOCKED","LOADED_NOT_MATERIALIZED_BY_CURRENT_ROUTES","[""ANSWER_MISSING"",""MODALITIES_MISSING"",""MODALITY_UNDEMONSTRATED"",""SOLUTION_MISSING"",""UNMAPPED_TOPIC"",""PAU_DETAIL_INCOMPLETE"",""PAU_MODALITY_UNDECLARED"",""SOLUTION_REVIEW_REQUIRED""]","[""src-a38694df-c93e-5033-b5f0-7b88e5485bba""]"
"mates2-analisis-0e5ccf371575-area","cand-cdf437cf-98a7-511d-83f9-51fb767d81d9","ex-f0330b5a-d010-591c-87f7-3222b485051a","2bach-mates","matematicas-ii","","BLOCKED","LOADED_NOT_MATERIALIZED_BY_CURRENT_ROUTES","[""ANSWER_MISSING"",""COMMUNITY_UNMAPPED"",""MODALITIES_MISSING"",""MODALITY_UNDEMONSTRATED"",""PAU_COMMUNITY_MISSING"",""SOLUTION_MISSING"",""UNMAPPED_TOPIC"",""PAU_DETAIL_INCOMPLETE"",""PAU_MODALITY_UNDECLARED"",""SOLUTION_REVIEW_REQUIRED""]","[""src-486f0a86-4bbb-53ab-be54-0f336af17985""]"
"mates2-analisis-0ecffbb7d637","cand-29d88296-4edd-5bc4-9bc3-bfdbd639dfc8","ex-7d7cc67e-d666-500c-8e2b-76f5a14966ef","2bach-mates","matematicas-ii","Castilla-La Mancha","BLOCKED","LOADED_NOT_MATERIALIZED_BY_CURRENT_ROUTES","[""ANSWER_MISSING"",""MODALITIES_MISSING"",""MODALITY_UNDEMONSTRATED"",""SOLUTION_MISSING"",""UNMAPPED_TOPIC"",""PAU_MODALITY_UNDECLARED"",""SOLUTION_REVIEW_REQUIRED""]","[""src-2c14ada5-740d-5c16-8b02-b2d2c8c3516a""]"
"mates2-analisis-0ecffbb7d637-1b","cand-8eb1842a-850e-5fe2-b346-ee33373bd01e","ex-bd952479-3e24-5d19-b0ed-1469b8cff163","2bach-mates","matematicas-ii","","BLOCKED","LOADED_NOT_MATERIALIZED_BY_CURRENT_ROUTES","[""ANSWER_MISSING"",""COMMUNITY_UNMAPPED"",""MODALITIES_MISSING"",""MODALITY_UNDEMONSTRATED"",""PAU_COMMUNITY_MISSING"",""SOLUTION_MISSING"",""UNMAPPED_TOPIC"",""MATH_REPRESENTATION_UNDECLARED"",""PAU_MODALITY_UNDECLARED"",""SOLUTION_REVIEW_REQUIRED""]","[""src-9dc205bc-a188-577c-b416-37b5f398635c""]"
"mates2-analisis-0ecffbb7d637-2a","cand-80479286-5f73-5674-a270-be3200392816","ex-32c2f0dc-808f-5a4e-ab99-70d15f901ce7","2bach-mates","matematicas-ii","","BLOCKED","LOADED_NOT_MATERIALIZED_BY_CURRENT_ROUTES","[""ANSWER_MISSING"",""COMMUNITY_UNMAPPED"",""MODALITIES_MISSING"",""MODALITY_UNDEMONSTRATED"",""PAU_COMMUNITY_MISSING"",""SOLUTION_MISSING"",""UNMAPPED_TOPIC"",""PAU_MODALITY_UNDECLARED"",""SOLUTION_REVIEW_REQUIRED""]","[""src-450b3eca-6a88-5571-8cce-12857793d44e""]"
"mates2-analisis-0ecffbb7d637-2b","cand-a4aec1f7-2a27-55f3-9ac0-dadc57fd121e","ex-c869e8f0-104d-5b4e-a7c4-37966ce9b234","2bach-mates","matematicas-ii","","BLOCKED","LOADED_NOT_MATERIALIZED_BY_CURRENT_ROUTES","[""ANSWER_MISSING"",""COMMUNITY_UNMAPPED"",""MODALITIES_MISSING"",""MODALITY_UNDEMONSTRATED"",""PAU_COMMUNITY_MISSING"",""SOLUTION_MISSING"",""UNMAPPED_TOPIC"",""PAU_MODALITY_UNDECLARED"",""SOLUTION_REVIEW_REQUIRED""]","[""src-4098f06e-49b0-5500-a7f2-0f24227ed9b6""]"
"mates2-analisis-109734dacfe2","cand-18f50f5d-7c7b-5d35-8bd6-5aeed15f7741","ex-95b9b614-81b0-564f-8dd7-4838ccc8a1da","2bach-mates","matematicas-ii","Castilla-La Mancha","BLOCKED","LOADED_NOT_MATERIALIZED_BY_CURRENT_ROUTES","[""ANSWER_MISSING"",""MODALITIES_MISSING"",""MODALITY_UNDEMONSTRATED"",""SOLUTION_MISSING"",""UNMAPPED_TOPIC"",""PAU_MODALITY_UNDECLARED"",""SOLUTION_REVIEW_REQUIRED""]","[""src-9e1d7021-35b5-55ee-afe5-213dbc1c52a4""]"
"mates2-analisis-11ac2b328445","cand-4ce24ea2-6389-54f0-8d8b-400f8883435e","ex-323751f6-37f8-5235-a6db-ebd248fac286","2bach-mates","matematicas-ii","Castilla-La Mancha","BLOCKED","LOADED_NOT_MATERIALIZED_BY_CURRENT_ROUTES","[""ANSWER_MISSING"",""MODALITIES_MISSING"",""MODALITY_UNDEMONSTRATED"",""SOLUTION_MISSING"",""UNMAPPED_TOPIC"",""PAU_MODALITY_UNDECLARED"",""SOLUTION_REVIEW_REQUIRED""]","[""src-cd118685-c85e-5de4-b123-045a1f4c1ce3""]"
"mates2-analisis-1211c99a0439","cand-ef09c7dc-b39f-5acb-8cdc-b059deca4a12","ex-33205d30-e495-522f-b18f-7ba6c8df91c4","2bach-mates","matematicas-ii","Castilla-La Mancha","BLOCKED","LOADED_NOT_MATERIALIZED_BY_CURRENT_ROUTES","[""ANSWER_MISSING"",""MODALITIES_MISSING"",""MODALITY_UNDEMONSTRATED"",""SOLUTION_MISSING"",""UNMAPPED_TOPIC"",""PAU_DETAIL_INCOMPLETE"",""PAU_MODALITY_UNDECLARED"",""SOLUTION_REVIEW_REQUIRED""]","[""src-d7c6f4d1-6f80-504b-adac-0ea75520bb4c""]"
"mates2-analisis-1211c99a0439-integral","cand-bef1a761-443f-53cf-82fc-5381d6ee73a0","ex-be8798bb-a58a-52c9-8633-d06a2837a578","2bach-mates","matematicas-ii","","BLOCKED","LOADED_NOT_MATERIALIZED_BY_CURRENT_ROUTES","[""ANSWER_MISSING"",""COMMUNITY_UNMAPPED"",""MODALITIES_MISSING"",""MODALITY_UNDEMONSTRATED"",""PAU_COMMUNITY_MISSING"",""SOLUTION_MISSING"",""UNMAPPED_TOPIC"",""PAU_DETAIL_INCOMPLETE"",""PAU_MODALITY_UNDECLARED"",""SOLUTION_REVIEW_REQUIRED""]","[""src-e7f2b513-5ac4-57cb-979e-f47de097547d""]"
"mates2-analisis-12409f718a3b","cand-02ce303e-1515-5853-936c-10a910d596e4","ex-6eb29427-3c5d-5153-8ff4-a74ab9a4309c","2bach-mates","matematicas-ii","Castilla-La Mancha","BLOCKED","LOADED_NOT_MATERIALIZED_BY_CURRENT_ROUTES","[""ANSWER_MISSING"",""MODALITIES_MISSING"",""MODALITY_UNDEMONSTRATED"",""SOLUTION_MISSING"",""UNMAPPED_TOPIC"",""PAU_DETAIL_INCOMPLETE"",""PAU_MODALITY_UNDECLARED"",""SOLUTION_REVIEW_REQUIRED""]","[""src-2a6e5654-0123-5996-a7ae-c606a7b6ab47""]"
"mates2-analisis-13961a5043be","cand-c6d0df84-d243-5efb-8c81-adf06c1d056b","ex-2ccef2a3-ad02-5a7e-bd6d-61a05582285f","2bach-mates","matematicas-ii","Castilla-La Mancha","BLOCKED","LOADED_NOT_MATERIALIZED_BY_CURRENT_ROUTES","[""ANSWER_MISSING"",""MODALITIES_MISSING"",""MODALITY_UNDEMONSTRATED"",""SOLUTION_MISSING"",""UNMAPPED_TOPIC"",""MATH_REPRESENTATION_UNDECLARED"",""PAU_DETAIL_INCOMPLETE"",""PAU_MODALITY_UNDECLARED"",""SOLUTION_REVIEW_REQUIRED""]","[""src-5782f374-f567-5e1f-93df-6d309bce3ee3""]"
"mates2-analisis-13961a5043be-area","cand-e5e0cf52-f30a-54d3-b7fe-0018c18fa200","ex-e968e05b-dac3-53d3-93a2-9000e5eee865","2bach-mates","matematicas-ii","","BLOCKED","LOADED_NOT_MATERIALIZED_BY_CURRENT_ROUTES","[""ANSWER_MISSING"",""COMMUNITY_UNMAPPED"",""MODALITIES_MISSING"",""MODALITY_UNDEMONSTRATED"",""PAU_COMMUNITY_MISSING"",""SOLUTION_MISSING"",""UNMAPPED_TOPIC"",""MATH_REPRESENTATION_UNDECLARED"",""PAU_DETAIL_INCOMPLETE"",""PAU_MODALITY_UNDECLARED"",""SOLUTION_REVIEW_REQUIRED""]","[""src-da8c27e7-5ad9-5e22-84e7-939a06f8bed3""]"
"mates2-analisis-18b1ff6e8760","cand-4304eb3a-334b-5954-8d8f-ddf283633480","ex-c161f050-1df9-55e6-a8a8-9f042f860066","2bach-mates","matematicas-ii","Castilla-La Mancha","BLOCKED","LOADED_NOT_MATERIALIZED_BY_CURRENT_ROUTES","[""ANSWER_MISSING"",""MODALITIES_MISSING"",""MODALITY_UNDEMONSTRATED"",""SOLUTION_MISSING"",""UNMAPPED_TOPIC"",""MATH_REPRESENTATION_UNDECLARED"",""PAU_MODALITY_UNDECLARED"",""SOLUTION_REVIEW_REQUIRED""]","[""src-424bf12b-272e-564a-a25b-95de27e71e8f""]"
"mates2-analisis-192bf7f315a4","cand-8b76b4b2-47d8-508b-81da-6c5962b778f9","ex-00348c2a-c3c9-5487-b952-a40ccbee63eb","2bach-mates","matematicas-ii","Castilla-La Mancha","BLOCKED","LOADED_NOT_MATERIALIZED_BY_CURRENT_ROUTES","[""ANSWER_MISSING"",""MODALITIES_MISSING"",""MODALITY_UNDEMONSTRATED"",""SOLUTION_MISSING"",""UNMAPPED_TOPIC"",""PAU_MODALITY_UNDECLARED"",""SOLUTION_REVIEW_REQUIRED""]","[""src-ceeebd7f-7b2f-5239-bad3-0aa11ed2cfb1""]"
"mates2-analisis-1b48bfe13b2f","cand-9a4dd29a-6331-5847-913b-a636e5973f09","ex-4f4957d3-372c-500c-8e60-030f786de1f5","2bach-mates","matematicas-ii","Castilla-La Mancha","BLOCKED","LOADED_NOT_MATERIALIZED_BY_CURRENT_ROUTES","[""ANSWER_MISSING"",""MODALITIES_MISSING"",""MODALITY_UNDEMONSTRATED"",""SOLUTION_MISSING"",""UNMAPPED_TOPIC"",""PAU_MODALITY_UNDECLARED"",""SOLUTION_REVIEW_REQUIRED""]","[""src-63b3008c-30d3-5cf5-9d4b-a6e59ec13e30""]"
"mates2-analisis-1b48bfe13b2f--mates-ii-analisis-2","cand-94d8be1c-004f-540f-9095-e8f7fc29ad31","ex-85bbf195-4cf9-5a07-8201-0471e0b0bc8e","2bach-mates","matematicas-ii","Castilla-La Mancha","BLOCKED","LOADED_NOT_MATERIALIZED_BY_CURRENT_ROUTES","[""ANSWER_MISSING"",""MODALITIES_MISSING"",""MODALITY_UNDEMONSTRATED"",""SOLUTION_MISSING"",""UNMAPPED_TOPIC"",""MATH_REPRESENTATION_UNDECLARED"",""PAU_MODALITY_UNDECLARED"",""SOLUTION_REVIEW_REQUIRED""]","[""src-db1f043a-98e3-5d90-a44d-1baa9885735a""]"
"mates2-analisis-1b8a2884eef5","cand-9b5206b2-ef7f-5bde-ac08-509f647c91a7","ex-d4441e75-b9c2-519f-9f69-7350459865bb","2bach-mates","matematicas-ii","Castilla-La Mancha","BLOCKED","LOADED_NOT_MATERIALIZED_BY_CURRENT_ROUTES","[""ANSWER_MISSING"",""MODALITIES_MISSING"",""MODALITY_UNDEMONSTRATED"",""SOLUTION_MISSING"",""UNMAPPED_TOPIC"",""PAU_MODALITY_UNDECLARED"",""SOLUTION_REVIEW_REQUIRED""]","[""src-877443d7-0452-5043-815c-9d9c33aae47e""]"
"mates2-analisis-1b9847af8936","cand-060f7087-d33d-519e-af65-258c44a95451","ex-1b42c6ed-e7e6-5e14-b403-f563e6ed321e","2bach-mates","matematicas-ii","Castilla-La Mancha","BLOCKED","LOADED_NOT_MATERIALIZED_BY_CURRENT_ROUTES","[""ANSWER_MISSING"",""MODALITIES_MISSING"",""MODALITY_UNDEMONSTRATED"",""SOLUTION_MISSING"",""UNMAPPED_TOPIC"",""PAU_MODALITY_UNDECLARED"",""SOLUTION_REVIEW_REQUIRED""]","[""src-8ab9900f-a977-59cd-8b9e-c9cc080c15bc""]"
"mates2-analisis-1c34bb5dcd34","cand-9b6c291e-01aa-5aa7-815a-f5a19bf295c6","ex-63a5bb88-368a-574b-96a2-9b69a6cab31c","2bach-mates","matematicas-ii","Castilla-La Mancha","BLOCKED","LOADED_NOT_MATERIALIZED_BY_CURRENT_ROUTES","[""ANSWER_MISSING"",""MODALITIES_MISSING"",""MODALITY_UNDEMONSTRATED"",""SOLUTION_MISSING"",""UNMAPPED_TOPIC"",""PAU_DETAIL_INCOMPLETE"",""PAU_MODALITY_UNDECLARED"",""SOLUTION_REVIEW_REQUIRED""]","[""src-0b137b00-cff4-53d0-8cc3-54bc5e6879da""]"
"mates2-analisis-1d3c41960c30","cand-5e204874-4dea-587b-97b0-ea6a8c793db5","ex-810ad747-2760-534c-b539-1cdfa65edc5b","2bach-mates","matematicas-ii","Castilla-La Mancha","BLOCKED","LOADED_NOT_MATERIALIZED_BY_CURRENT_ROUTES","[""ANSWER_MISSING"",""MODALITIES_MISSING"",""MODALITY_UNDEMONSTRATED"",""SOLUTION_MISSING"",""UNMAPPED_TOPIC"",""MATH_REPRESENTATION_UNDECLARED"",""PAU_MODALITY_UNDECLARED"",""SOLUTION_REVIEW_REQUIRED""]","[""src-835368b6-b40e-5c72-b774-ded0b304f85f""]"
"mates2-analisis-1d3c41960c30-1b","cand-f4f1ad9a-2bbf-5ca7-8786-d3ccb7cc5fae","ex-fab57ec5-4ae6-5d67-ac62-fb11c9584320","2bach-mates","matematicas-ii","","BLOCKED","LOADED_NOT_MATERIALIZED_BY_CURRENT_ROUTES","[""ANSWER_MISSING"",""COMMUNITY_UNMAPPED"",""MODALITIES_MISSING"",""MODALITY_UNDEMONSTRATED"",""PAU_COMMUNITY_MISSING"",""SOLUTION_MISSING"",""UNMAPPED_TOPIC"",""PAU_MODALITY_UNDECLARED"",""SOLUTION_REVIEW_REQUIRED""]","[""src-ece8176d-230c-5a23-9bc0-b73f355d2291""]"
"mates2-analisis-1d3c41960c30-2a","cand-cb0e708f-ba55-5777-849f-cfe92fc64645","ex-6ab5591e-5046-5583-84a4-c6daf0352daf","2bach-mates","matematicas-ii","","BLOCKED","LOADED_NOT_MATERIALIZED_BY_CURRENT_ROUTES","[""ANSWER_MISSING"",""COMMUNITY_UNMAPPED"",""MODALITIES_MISSING"",""MODALITY_UNDEMONSTRATED"",""PAU_COMMUNITY_MISSING"",""SOLUTION_MISSING"",""UNMAPPED_TOPIC"",""MATH_REPRESENTATION_UNDECLARED"",""PAU_MODALITY_UNDECLARED"",""SOLUTION_REVIEW_REQUIRED""]","[""src-39d85410-9194-530d-9c1e-375ca78685fe""]"
"mates2-analisis-1e7470cab59f","cand-8bce545a-577d-5a9c-b4e2-e430c39c0917","ex-b65b94d2-d6a1-5150-b8a0-39e6391cd98f","2bach-mates","matematicas-ii","Castilla-La Mancha","BLOCKED","LOADED_NOT_MATERIALIZED_BY_CURRENT_ROUTES","[""ANSWER_MISSING"",""MODALITIES_MISSING"",""MODALITY_UNDEMONSTRATED"",""SOLUTION_MISSING"",""UNMAPPED_TOPIC"",""PAU_MODALITY_UNDECLARED"",""SOLUTION_REVIEW_REQUIRED""]","[""src-17dcd9a8-da93-5723-b5f3-a7e932c1e500""]"
"mates2-analisis-1e7470cab59f--mates-ii-analisis-2","cand-793c3034-7752-5634-9d85-8dd5181c90f1","ex-77b6cecf-a0d7-51a1-99ec-54f6bb988327","2bach-mates","matematicas-ii","Castilla-La Mancha","BLOCKED","LOADED_NOT_MATERIALIZED_BY_CURRENT_ROUTES","[""ANSWER_MISSING"",""MODALITIES_MISSING"",""MODALITY_UNDEMONSTRATED"",""SOLUTION_MISSING"",""UNMAPPED_TOPIC"",""MATH_REPRESENTATION_UNDECLARED"",""PAU_MODALITY_UNDECLARED"",""SOLUTION_REVIEW_REQUIRED""]","[""src-5572f29d-cf1f-5d7a-aaa3-0d1848389413""]"
"mates2-analisis-1e7470cab59f--mates-ii-analisis-3","cand-04b65d3e-81a6-5013-9056-419545cd1fe4","ex-97747028-9485-558c-a09a-89245f45b831","2bach-mates","matematicas-ii","Castilla-La Mancha","BLOCKED","LOADED_NOT_MATERIALIZED_BY_CURRENT_ROUTES","[""ANSWER_MISSING"",""MODALITIES_MISSING"",""MODALITY_UNDEMONSTRATED"",""SOLUTION_MISSING"",""UNMAPPED_TOPIC"",""PAU_MODALITY_UNDECLARED"",""SOLUTION_REVIEW_REQUIRED""]","[""src-c2e242ea-3497-5f6b-bb3d-0b78d7c090e0""]"
"mates2-analisis-1e7470cab59f--mates-ii-analisis-4","cand-d80133d3-7cd3-55fd-9d35-ae239fc9832a","ex-cd2188d0-f3bb-5eb9-96be-b32b90bbf00b","2bach-mates","matematicas-ii","Castilla-La Mancha","BLOCKED","LOADED_NOT_MATERIALIZED_BY_CURRENT_ROUTES","[""ANSWER_MISSING"",""MODALITIES_MISSING"",""MODALITY_UNDEMONSTRATED"",""SOLUTION_MISSING"",""UNMAPPED_TOPIC"",""PAU_MODALITY_UNDECLARED"",""SOLUTION_REVIEW_REQUIRED""]","[""src-99414968-cbe5-57ee-81ae-25cc9c89ecdb""]"
"mates2-analisis-208bccad2b5d","cand-bb785875-dfea-563e-b6d6-fddc501b14de","ex-56465053-3b45-50d4-8045-879cf4abdf78","2bach-mates","matematicas-ii","Castilla-La Mancha","BLOCKED","LOADED_NOT_MATERIALIZED_BY_CURRENT_ROUTES","[""ANSWER_MISSING"",""MODALITIES_MISSING"",""MODALITY_UNDEMONSTRATED"",""SOLUTION_MISSING"",""UNMAPPED_TOPIC"",""MATH_REPRESENTATION_UNDECLARED"",""PAU_DETAIL_INCOMPLETE"",""PAU_MODALITY_UNDECLARED"",""SOLUTION_REVIEW_REQUIRED""]","[""src-57654970-8acb-5656-9c39-ac4d99d8a4c7""]"
"mates2-analisis-22b9f23eb671","cand-5b66fbb8-fcc8-588c-861f-5c8917861d39","ex-f695c5c3-3fec-5cdf-a5cb-0deab1a968e3","2bach-mates","matematicas-ii","Castilla-La Mancha","BLOCKED","LOADED_NOT_MATERIALIZED_BY_CURRENT_ROUTES","[""ANSWER_MISSING"",""MODALITIES_MISSING"",""MODALITY_UNDEMONSTRATED"",""SOLUTION_MISSING"",""UNMAPPED_TOPIC"",""PAU_MODALITY_UNDECLARED"",""SOLUTION_REVIEW_REQUIRED""]","[""src-25c1b405-2928-535d-b362-2cfb431c09fd""]"
"mates2-analisis-22b9f23eb671-integral","cand-41616a7f-d012-5135-ae39-82744af678c9","ex-8e786a10-2a16-51a4-a2b4-b1f6fa6a0927","2bach-mates","matematicas-ii","","BLOCKED","LOADED_NOT_MATERIALIZED_BY_CURRENT_ROUTES","[""ANSWER_MISSING"",""COMMUNITY_UNMAPPED"",""MODALITIES_MISSING"",""MODALITY_UNDEMONSTRATED"",""PAU_COMMUNITY_MISSING"",""SOLUTION_MISSING"",""UNMAPPED_TOPIC"",""MATH_REPRESENTATION_UNDECLARED"",""PAU_MODALITY_UNDECLARED"",""SOLUTION_REVIEW_REQUIRED""]","[""src-678c7b64-12ba-5e87-b3f3-14247652a615""]"
"mates2-analisis-27926536398d","cand-92964b0a-afb3-5bb8-922f-38596d24c9c7","ex-c1f399a3-a9b2-521e-91b4-34f1610ad610","2bach-mates","matematicas-ii","Castilla-La Mancha","BLOCKED","LOADED_NOT_MATERIALIZED_BY_CURRENT_ROUTES","[""ANSWER_MISSING"",""MODALITIES_MISSING"",""MODALITY_UNDEMONSTRATED"",""SOLUTION_MISSING"",""UNMAPPED_TOPIC"",""PAU_MODALITY_UNDECLARED"",""SOLUTION_REVIEW_REQUIRED""]","[""src-f2f248f7-d346-565e-97d7-e8eb48a1cfdd""]"
"mates2-analisis-27926536398d--mates-ii-analisis-2","cand-c747eed7-ecb4-53e4-a0d2-015f1dd3a13e","ex-aef8b904-580f-58ec-8d97-787f32e6830b","2bach-mates","matematicas-ii","Castilla-La Mancha","BLOCKED","LOADED_NOT_MATERIALIZED_BY_CURRENT_ROUTES","[""ANSWER_MISSING"",""MODALITIES_MISSING"",""MODALITY_UNDEMONSTRATED"",""SOLUTION_MISSING"",""UNMAPPED_TOPIC"",""PAU_MODALITY_UNDECLARED"",""SOLUTION_REVIEW_REQUIRED""]","[""src-12408926-d5ae-58b8-b53b-7d8ff96df339""]"
"mates2-analisis-285232b2f1a1","cand-3cd136ce-aa7a-586b-ae12-9ac887cd7631","ex-c7a604cc-7357-5ee4-8e1d-7371a17b3d91","2bach-mates","matematicas-ii","Castilla-La Mancha","BLOCKED","LOADED_NOT_MATERIALIZED_BY_CURRENT_ROUTES","[""ANSWER_MISSING"",""MODALITIES_MISSING"",""MODALITY_UNDEMONSTRATED"",""SOLUTION_MISSING"",""UNMAPPED_TOPIC"",""MATH_REPRESENTATION_UNDECLARED"",""PAU_DETAIL_INCOMPLETE"",""PAU_MODALITY_UNDECLARED"",""SOLUTION_REVIEW_REQUIRED""]","[""src-b961b76a-57a5-55bb-a11c-6974dde41c9d""]"
"mates2-analisis-2b38356d1326","cand-f5afcbba-5d7e-51e9-a30b-10600bfe8e7b","ex-dda1ac40-a2b1-531f-93a8-7164af9b4d80","2bach-mates","matematicas-ii","Castilla-La Mancha","BLOCKED","LOADED_NOT_MATERIALIZED_BY_CURRENT_ROUTES","[""ANSWER_MISSING"",""MODALITIES_MISSING"",""MODALITY_UNDEMONSTRATED"",""SOLUTION_MISSING"",""UNMAPPED_TOPIC"",""PAU_MODALITY_UNDECLARED"",""SOLUTION_REVIEW_REQUIRED""]","[""src-d63ac7d8-8f1b-5541-af3e-8629bc8d9747""]"
"mates2-analisis-2b38356d1326-area","cand-6fd4128e-556a-5274-8afc-3cf87664db91","ex-90658bf7-068f-5a11-9762-a9c9b7d888d3","2bach-mates","matematicas-ii","","BLOCKED","LOADED_NOT_MATERIALIZED_BY_CURRENT_ROUTES","[""ANSWER_MISSING"",""COMMUNITY_UNMAPPED"",""MODALITIES_MISSING"",""MODALITY_UNDEMONSTRATED"",""PAU_COMMUNITY_MISSING"",""SOLUTION_MISSING"",""UNMAPPED_TOPIC"",""MATH_REPRESENTATION_UNDECLARED"",""PAU_MODALITY_UNDECLARED"",""SOLUTION_REVIEW_REQUIRED""]","[""src-2bc4475e-bcd5-53b8-9480-f120b2480753""]"
"mates2-analisis-2b55c136fb82","cand-f310600d-75c7-5515-868e-00868faac23b","ex-122c4045-aa7c-5023-baeb-946bed6bf156","2bach-mates","matematicas-ii","Castilla-La Mancha","BLOCKED","LOADED_NOT_MATERIALIZED_BY_CURRENT_ROUTES","[""ANSWER_MISSING"",""MODALITIES_MISSING"",""MODALITY_UNDEMONSTRATED"",""SOLUTION_MISSING"",""UNMAPPED_TOPIC"",""PAU_MODALITY_UNDECLARED"",""SOLUTION_REVIEW_REQUIRED""]","[""src-b669d5c6-ba94-5757-b0bf-905766bb47c2""]"
"mates2-analisis-2b55c136fb82--mates-ii-analisis-2","cand-8ca634fa-058b-560f-96b9-a51a03a0bbb9","ex-fec555b9-07e9-5c4a-904a-aee2b6eb5373","2bach-mates","matematicas-ii","Castilla-La Mancha","BLOCKED","LOADED_NOT_MATERIALIZED_BY_CURRENT_ROUTES","[""ANSWER_MISSING"",""MODALITIES_MISSING"",""MODALITY_UNDEMONSTRATED"",""SOLUTION_MISSING"",""UNMAPPED_TOPIC"",""PAU_MODALITY_UNDECLARED"",""SOLUTION_REVIEW_REQUIRED""]","[""src-7a3508ec-b539-5753-82d2-d012c3bda510""]"
"mates2-analisis-2b55c136fb82--mates-ii-analisis-3","cand-75684c84-5282-5206-8990-a7124c6f7c76","ex-39f1d856-4563-5aa1-bb5d-564cb0b9ec67","2bach-mates","matematicas-ii","Castilla-La Mancha","BLOCKED","LOADED_NOT_MATERIALIZED_BY_CURRENT_ROUTES","[""ANSWER_MISSING"",""MODALITIES_MISSING"",""MODALITY_UNDEMONSTRATED"",""SOLUTION_MISSING"",""UNMAPPED_TOPIC"",""MATH_REPRESENTATION_UNDECLARED"",""PAU_MODALITY_UNDECLARED"",""SOLUTION_REVIEW_REQUIRED""]","[""src-e3aae617-b0e0-520a-bdce-1fc0dc93aec6""]"
"mates2-analisis-2b55c136fb82--mates-ii-analisis-4","cand-417154c9-a121-5388-bd77-d89adf837024","ex-67b9033d-9c2b-5677-bcea-29ee67af0aaa","2bach-mates","matematicas-ii","Castilla-La Mancha","BLOCKED","LOADED_NOT_MATERIALIZED_BY_CURRENT_ROUTES","[""ANSWER_MISSING"",""MODALITIES_MISSING"",""MODALITY_UNDEMONSTRATED"",""SOLUTION_MISSING"",""UNMAPPED_TOPIC"",""PAU_MODALITY_UNDECLARED"",""SOLUTION_REVIEW_REQUIRED""]","[""src-0b9bcbce-beeb-54b3-abc1-9a11d086ede2""]"
"mates2-analisis-2e8270bf68db","cand-418c1ed8-f8bc-5a3b-a556-f210094e9189","ex-1beefe64-dd9f-53af-8324-8831850dbf58","2bach-mates","matematicas-ii","Castilla-La Mancha","BLOCKED","LOADED_NOT_MATERIALIZED_BY_CURRENT_ROUTES","[""ANSWER_MISSING"",""MODALITIES_MISSING"",""MODALITY_UNDEMONSTRATED"",""SOLUTION_MISSING"",""UNMAPPED_TOPIC"",""MATH_REPRESENTATION_UNDECLARED"",""PAU_DETAIL_INCOMPLETE"",""PAU_MODALITY_UNDECLARED"",""SOLUTION_REVIEW_REQUIRED""]","[""src-c91ae7f1-6e96-500b-a486-d7bda4a7b5b7""]"
"mates2-analisis-31158ab4eca7","cand-395fb291-bfd2-5c83-900d-699193836b7c","ex-d5ff144b-abeb-5379-89e3-1b764287c565","2bach-mates","matematicas-ii","Castilla-La Mancha","BLOCKED","LOADED_NOT_MATERIALIZED_BY_CURRENT_ROUTES","[""ANSWER_MISSING"",""MODALITIES_MISSING"",""MODALITY_UNDEMONSTRATED"",""SOLUTION_MISSING"",""UNMAPPED_TOPIC"",""MATH_REPRESENTATION_UNDECLARED"",""PAU_DETAIL_INCOMPLETE"",""PAU_MODALITY_UNDECLARED"",""SOLUTION_REVIEW_REQUIRED""]","[""src-07a72cf0-c5ce-5430-8e1a-c60ab2d748d6""]"
"mates2-analisis-319602a35fa3","cand-c0f7d54d-1965-53cb-82a2-d6c62a760a62","ex-96c9147e-a447-5cce-95da-27c6ddf7b71e","2bach-mates","matematicas-ii","Castilla-La Mancha","BLOCKED","LOADED_NOT_MATERIALIZED_BY_CURRENT_ROUTES","[""ANSWER_MISSING"",""MODALITIES_MISSING"",""MODALITY_UNDEMONSTRATED"",""SOLUTION_MISSING"",""UNMAPPED_TOPIC"",""PAU_MODALITY_UNDECLARED"",""SOLUTION_REVIEW_REQUIRED""]","[""src-201041a4-6016-5550-b393-7935a7879e15""]"
"mates2-analisis-324cf90e6987","cand-18bdf489-99be-57c0-8f21-7425df10bc01","ex-915b77a7-417c-5ad2-b8f9-6c56dbb77b1f","2bach-mates","matematicas-ii","Castilla-La Mancha","BLOCKED","LOADED_NOT_MATERIALIZED_BY_CURRENT_ROUTES","[""ANSWER_MISSING"",""MODALITIES_MISSING"",""MODALITY_UNDEMONSTRATED"",""SOLUTION_MISSING"",""UNMAPPED_TOPIC"",""PAU_DETAIL_INCOMPLETE"",""PAU_MODALITY_UNDECLARED"",""SOLUTION_REVIEW_REQUIRED""]","[""src-b4f9e991-41c6-5d69-9bef-29f17e628b5b""]"
"mates2-analisis-34ee6210ea28","cand-c796306f-599d-5197-89c9-90d03e95f2b3","ex-77fced1f-0051-5f89-8643-3d531c645bd1","2bach-mates","matematicas-ii","Castilla-La Mancha","BLOCKED","LOADED_NOT_MATERIALIZED_BY_CURRENT_ROUTES","[""ANSWER_MISSING"",""MODALITIES_MISSING"",""MODALITY_UNDEMONSTRATED"",""SOLUTION_MISSING"",""UNMAPPED_TOPIC"",""PAU_MODALITY_UNDECLARED"",""SOLUTION_REVIEW_REQUIRED""]","[""src-597e448e-0242-5358-86b1-99926e2b665b""]"
"mates2-analisis-371d8ddd0e43","cand-4196bc62-8152-51ea-a30c-09a47b7fc554","ex-a5df4e2b-970f-5e95-b278-aafc80008102","2bach-mates","matematicas-ii","Castilla-La Mancha","BLOCKED","LOADED_NOT_MATERIALIZED_BY_CURRENT_ROUTES","[""ANSWER_MISSING"",""MODALITIES_MISSING"",""MODALITY_UNDEMONSTRATED"",""SOLUTION_MISSING"",""UNMAPPED_TOPIC"",""PAU_MODALITY_UNDECLARED"",""SOLUTION_REVIEW_REQUIRED""]","[""src-e62268cb-34ec-523a-96b6-4df34e26aca5""]"
"mates2-analisis-38c00b3160fa","cand-34866eb2-e649-5431-b30d-7a5f1f5b22fa","ex-94e1621c-d880-5b3c-a8f8-b25e2dbb4a67","2bach-mates","matematicas-ii","Castilla-La Mancha","BLOCKED","LOADED_NOT_MATERIALIZED_BY_CURRENT_ROUTES","[""ANSWER_MISSING"",""MODALITIES_MISSING"",""MODALITY_UNDEMONSTRATED"",""SOLUTION_MISSING"",""UNMAPPED_TOPIC"",""PAU_MODALITY_UNDECLARED"",""SOLUTION_REVIEW_REQUIRED""]","[""src-4dfb437f-7670-5cb4-8cd8-c57d2125a654""]"
"mates2-analisis-38c00b3160fa-1b","cand-aca62fba-7fa0-585b-a222-dac7069f7916","ex-ae6f377b-7bf4-5d15-9178-db770dd61249","2bach-mates","matematicas-ii","","BLOCKED","LOADED_NOT_MATERIALIZED_BY_CURRENT_ROUTES","[""ANSWER_MISSING"",""COMMUNITY_UNMAPPED"",""MODALITIES_MISSING"",""MODALITY_UNDEMONSTRATED"",""PAU_COMMUNITY_MISSING"",""SOLUTION_MISSING"",""UNMAPPED_TOPIC"",""MATH_REPRESENTATION_UNDECLARED"",""PAU_MODALITY_UNDECLARED"",""SOLUTION_REVIEW_REQUIRED""]","[""src-a0bee02a-9e13-58c2-a8a6-54de0301203f""]"
"mates2-analisis-38c00b3160fa-2a","cand-7b523b6e-0375-58d1-9c89-22bc79d57020","ex-a0800aae-a0ea-53bd-8dc1-81490c00f477","2bach-mates","matematicas-ii","","BLOCKED","LOADED_NOT_MATERIALIZED_BY_CURRENT_ROUTES","[""ANSWER_MISSING"",""COMMUNITY_UNMAPPED"",""MODALITIES_MISSING"",""MODALITY_UNDEMONSTRATED"",""PAU_COMMUNITY_MISSING"",""SOLUTION_MISSING"",""UNMAPPED_TOPIC"",""PAU_MODALITY_UNDECLARED"",""SOLUTION_REVIEW_REQUIRED""]","[""src-597988ce-6852-55fa-bf27-dbe799ba60a9""]"
"mates2-analisis-38c00b3160fa-2b","cand-a73b808a-904a-5b19-8950-4c9371c5c8bf","ex-acb8f002-14c9-58a0-9d35-44d1ed55b85c","2bach-mates","matematicas-ii","","BLOCKED","LOADED_NOT_MATERIALIZED_BY_CURRENT_ROUTES","[""ANSWER_MISSING"",""COMMUNITY_UNMAPPED"",""MODALITIES_MISSING"",""MODALITY_UNDEMONSTRATED"",""PAU_COMMUNITY_MISSING"",""SOLUTION_MISSING"",""UNMAPPED_TOPIC"",""PAU_MODALITY_UNDECLARED"",""SOLUTION_REVIEW_REQUIRED""]","[""src-abe05856-99f6-5c44-b945-a0f943d084c3""]"
"mates2-analisis-3bc0f882c315","cand-5cde9cc8-34e4-5087-8655-b1c2e1771b8d","ex-5efeef8a-23e7-5e7b-8668-2d1b3e78beaf","2bach-mates","matematicas-ii","Castilla-La Mancha","BLOCKED","LOADED_NOT_MATERIALIZED_BY_CURRENT_ROUTES","[""ANSWER_MISSING"",""MODALITIES_MISSING"",""MODALITY_UNDEMONSTRATED"",""SOLUTION_MISSING"",""UNMAPPED_TOPIC"",""PAU_MODALITY_UNDECLARED"",""SOLUTION_REVIEW_REQUIRED""]","[""src-20a488e1-1598-582e-af7f-4eac3a60fe87""]"
"mates2-analisis-435f38f7d6e2","cand-c4bfe792-020f-50da-9ea9-f8f98f6c28e9","ex-c9265c78-727d-5ba3-8829-7b6b40cddd88","2bach-mates","matematicas-ii","Castilla-La Mancha","BLOCKED","LOADED_NOT_MATERIALIZED_BY_CURRENT_ROUTES","[""ANSWER_MISSING"",""MODALITIES_MISSING"",""MODALITY_UNDEMONSTRATED"",""SOLUTION_MISSING"",""UNMAPPED_TOPIC"",""PAU_MODALITY_UNDECLARED"",""SOLUTION_REVIEW_REQUIRED""]","[""src-a159eedd-b8d7-5fde-ad88-b84f73ca6e2b""]"
"mates2-analisis-43f8040e3890","cand-e7547e62-c4a6-5aa0-b9d2-bd36b51a64b9","ex-454886f0-afe5-5c50-96a4-e79401be0846","2bach-mates","matematicas-ii","Castilla-La Mancha","BLOCKED","LOADED_NOT_MATERIALIZED_BY_CURRENT_ROUTES","[""ANSWER_MISSING"",""MODALITIES_MISSING"",""MODALITY_UNDEMONSTRATED"",""SOLUTION_MISSING"",""UNMAPPED_TOPIC"",""PAU_DETAIL_INCOMPLETE"",""PAU_MODALITY_UNDECLARED"",""SOLUTION_REVIEW_REQUIRED""]","[""src-5d6b711c-7f4e-5ffd-8b75-9d54b038bcae""]"
"mates2-analisis-44f5fd04c357","cand-581f595e-d9bd-5588-a49f-d4a050360820","ex-991fb68e-59fc-588c-89dd-d8207cd8db35","2bach-mates","matematicas-ii","Castilla-La Mancha","BLOCKED","LOADED_NOT_MATERIALIZED_BY_CURRENT_ROUTES","[""ANSWER_MISSING"",""MODALITIES_MISSING"",""MODALITY_UNDEMONSTRATED"",""SOLUTION_MISSING"",""UNMAPPED_TOPIC"",""PAU_DETAIL_INCOMPLETE"",""PAU_MODALITY_UNDECLARED"",""SOLUTION_REVIEW_REQUIRED""]","[""src-acb3a4a1-e12f-5cdd-8494-dff6216b6bf5""]"
"mates2-analisis-49d16e4dd728","cand-0d9d1b63-3247-5856-8f44-a89df50d1fee","ex-14209b5c-7e39-544a-ae0f-af29a1187c14","2bach-mates","matematicas-ii","Castilla-La Mancha","BLOCKED","LOADED_NOT_MATERIALIZED_BY_CURRENT_ROUTES","[""ANSWER_MISSING"",""MODALITIES_MISSING"",""MODALITY_UNDEMONSTRATED"",""SOLUTION_MISSING"",""UNMAPPED_TOPIC"",""PAU_DETAIL_INCOMPLETE"",""PAU_MODALITY_UNDECLARED"",""SOLUTION_REVIEW_REQUIRED""]","[""src-4624b03c-1260-558a-ba36-9d9b5b5611e9""]"
"mates2-analisis-4aac7caf8258","cand-afebbb2b-3e36-5b54-99b0-a23eabd8a7e8","ex-3d904797-77d5-534c-b057-8da804793fa4","2bach-mates","matematicas-ii","Castilla-La Mancha","BLOCKED","LOADED_NOT_MATERIALIZED_BY_CURRENT_ROUTES","[""ANSWER_MISSING"",""MODALITIES_MISSING"",""MODALITY_UNDEMONSTRATED"",""SOLUTION_MISSING"",""UNMAPPED_TOPIC"",""PAU_DETAIL_INCOMPLETE"",""PAU_MODALITY_UNDECLARED"",""SOLUTION_REVIEW_REQUIRED""]","[""src-fec00001-7045-5573-9277-9d3f3ae10c6e""]"
"mates2-analisis-4b615b77c2be","cand-68987523-02d4-58a2-bdbc-ef363e4177f2","ex-d9a731fd-f10a-5ad3-8d90-0f10132e6b72","2bach-mates","matematicas-ii","Castilla-La Mancha","BLOCKED","LOADED_NOT_MATERIALIZED_BY_CURRENT_ROUTES","[""ANSWER_MISSING"",""MODALITIES_MISSING"",""MODALITY_UNDEMONSTRATED"",""SOLUTION_MISSING"",""UNMAPPED_TOPIC"",""PAU_DETAIL_INCOMPLETE"",""PAU_MODALITY_UNDECLARED"",""SOLUTION_REVIEW_REQUIRED""]","[""src-b5584796-7145-5304-bb5e-ff5d59088414""]"
"mates2-analisis-4cacabd64080","cand-285bdfe5-0b87-5116-b17c-7050bc533867","ex-f109f8a4-6a29-5f97-981d-6e0ba71e4375","2bach-mates","matematicas-ii","Castilla-La Mancha","BLOCKED","LOADED_NOT_MATERIALIZED_BY_CURRENT_ROUTES","[""ANSWER_MISSING"",""MODALITIES_MISSING"",""MODALITY_UNDEMONSTRATED"",""SOLUTION_MISSING"",""UNMAPPED_TOPIC"",""MATH_REPRESENTATION_UNDECLARED"",""PAU_MODALITY_UNDECLARED"",""SOLUTION_REVIEW_REQUIRED""]","[""src-042dff66-eb17-5898-bf23-2b1d8f7d3ed0""]"
"mates2-analisis-4e9fc164be4e","cand-529d9cf8-3f52-5c4f-ae80-9ca8bf312c67","ex-199f1a44-5405-5bf4-92bc-15fd7dc8ff83","2bach-mates","matematicas-ii","Castilla-La Mancha","BLOCKED","LOADED_NOT_MATERIALIZED_BY_CURRENT_ROUTES","[""ANSWER_MISSING"",""MODALITIES_MISSING"",""MODALITY_UNDEMONSTRATED"",""SOLUTION_MISSING"",""UNMAPPED_TOPIC"",""PAU_DETAIL_INCOMPLETE"",""PAU_MODALITY_UNDECLARED"",""SOLUTION_REVIEW_REQUIRED""]","[""src-7bab61c7-5de3-54a2-9276-79780b73b075""]"
"mates2-analisis-4e9fc164be4e-area","cand-12f479fc-6e3a-562f-9f27-41ae61a7393a","ex-1692f0ec-fad4-5a34-b1d1-8691384f3c43","2bach-mates","matematicas-ii","","BLOCKED","LOADED_NOT_MATERIALIZED_BY_CURRENT_ROUTES","[""ANSWER_MISSING"",""COMMUNITY_UNMAPPED"",""MODALITIES_MISSING"",""MODALITY_UNDEMONSTRATED"",""PAU_COMMUNITY_MISSING"",""SOLUTION_MISSING"",""UNMAPPED_TOPIC"",""MATH_REPRESENTATION_UNDECLARED"",""PAU_DETAIL_INCOMPLETE"",""PAU_MODALITY_UNDECLARED"",""SOLUTION_REVIEW_REQUIRED""]","[""src-fe06d636-e819-5dc9-8111-f3b61fe9ff7c""]"
"mates2-analisis-4eb03bb5bb48","cand-1333f8f1-96b4-53c8-ac90-c52d09992b63","ex-270f728c-ac7d-5dc0-9205-07a06135d1d3","2bach-mates","matematicas-ii","Castilla-La Mancha","BLOCKED","LOADED_NOT_MATERIALIZED_BY_CURRENT_ROUTES","[""ANSWER_MISSING"",""MODALITIES_MISSING"",""MODALITY_UNDEMONSTRATED"",""SOLUTION_MISSING"",""UNMAPPED_TOPIC"",""MATH_REPRESENTATION_UNDECLARED"",""PAU_MODALITY_UNDECLARED"",""SOLUTION_REVIEW_REQUIRED""]","[""src-97f58e71-bf6b-537d-b6d2-5673f88ea9f6""]"
"mates2-analisis-4ec3a532b714","cand-8873a1e4-bd91-5aad-8c14-f5752ffd40b7","ex-85b785f0-b4da-5783-b072-5121c640193c","2bach-mates","matematicas-ii","Castilla-La Mancha","BLOCKED","LOADED_NOT_MATERIALIZED_BY_CURRENT_ROUTES","[""ANSWER_MISSING"",""MODALITIES_MISSING"",""MODALITY_UNDEMONSTRATED"",""SOLUTION_MISSING"",""UNMAPPED_TOPIC"",""PAU_DETAIL_INCOMPLETE"",""PAU_MODALITY_UNDECLARED"",""SOLUTION_REVIEW_REQUIRED""]","[""src-559e5039-eb4a-5a11-8f47-2acd6e9a6f6b""]"
"mates2-analisis-4efe5254b567","cand-2ee888ce-512d-5a1d-bf3e-ad14a485089a","ex-014faf32-8e08-5f5e-b87f-50938237633b","2bach-mates","matematicas-ii","Castilla-La Mancha","BLOCKED","LOADED_NOT_MATERIALIZED_BY_CURRENT_ROUTES","[""ANSWER_MISSING"",""MODALITIES_MISSING"",""MODALITY_UNDEMONSTRATED"",""SOLUTION_MISSING"",""UNMAPPED_TOPIC"",""PAU_DETAIL_INCOMPLETE"",""PAU_MODALITY_UNDECLARED"",""SOLUTION_REVIEW_REQUIRED""]","[""src-6fa33bc2-a689-5a85-a4b9-6a4d81ef38b3""]"
"mates2-analisis-50b182e82d8b","cand-ae321f60-be86-5ffa-af17-996daefc5636","ex-226a3e78-d04d-5cd2-896f-0810c77ecd0c","2bach-mates","matematicas-ii","Castilla-La Mancha","BLOCKED","LOADED_NOT_MATERIALIZED_BY_CURRENT_ROUTES","[""ANSWER_MISSING"",""MODALITIES_MISSING"",""MODALITY_UNDEMONSTRATED"",""SOLUTION_MISSING"",""UNMAPPED_TOPIC"",""MATH_REPRESENTATION_UNDECLARED"",""PAU_MODALITY_UNDECLARED"",""SOLUTION_REVIEW_REQUIRED""]","[""src-0d4f9bca-0a09-53dd-aa5d-44400d697c5e""]"
"mates2-analisis-51f5f2059f7b","cand-4603a077-fcc5-52f8-b699-4192cd27e5c4","ex-584c57b9-d095-5aaf-ba83-464af2d28d45","2bach-mates","matematicas-ii","Castilla-La Mancha","BLOCKED","LOADED_NOT_MATERIALIZED_BY_CURRENT_ROUTES","[""ANSWER_MISSING"",""MODALITIES_MISSING"",""MODALITY_UNDEMONSTRATED"",""SOLUTION_MISSING"",""UNMAPPED_TOPIC"",""MATH_REPRESENTATION_UNDECLARED"",""PAU_DETAIL_INCOMPLETE"",""PAU_MODALITY_UNDECLARED"",""SOLUTION_REVIEW_REQUIRED""]","[""src-b1c0b228-d7a4-586a-98c2-73b1ff696c08""]"
"mates2-analisis-53bf2027a1fb","cand-00210e6e-8bd2-50d9-ba0c-c8c7b17a9031","ex-0d686c77-0597-5a91-ae63-6152164c9dd4","2bach-mates","matematicas-ii","Castilla-La Mancha","BLOCKED","LOADED_NOT_MATERIALIZED_BY_CURRENT_ROUTES","[""ANSWER_MISSING"",""MODALITIES_MISSING"",""MODALITY_UNDEMONSTRATED"",""SOLUTION_MISSING"",""UNMAPPED_TOPIC"",""MATH_REPRESENTATION_UNDECLARED"",""PAU_DETAIL_INCOMPLETE"",""PAU_MODALITY_UNDECLARED"",""SOLUTION_REVIEW_REQUIRED""]","[""src-dc7b2879-f7f0-5bc6-9d59-eda3a4638422""]"
"mates2-analisis-53bf2027a1fb-integrales","cand-5158b6f0-9eb0-59d8-885e-711d81a9dbe2","ex-aca1ae74-5ba1-579a-809c-601a4359103a","2bach-mates","matematicas-ii","","BLOCKED","LOADED_NOT_MATERIALIZED_BY_CURRENT_ROUTES","[""ANSWER_MISSING"",""COMMUNITY_UNMAPPED"",""MODALITIES_MISSING"",""MODALITY_UNDEMONSTRATED"",""PAU_COMMUNITY_MISSING"",""SOLUTION_MISSING"",""UNMAPPED_TOPIC"",""PAU_DETAIL_INCOMPLETE"",""PAU_MODALITY_UNDECLARED"",""SOLUTION_REVIEW_REQUIRED""]","[""src-fced6c4d-6260-5491-8f70-cafc98cc53fa""]"
"mates2-analisis-53fd22aaac57","cand-c8b39de2-6b62-58e6-afa8-2c50a187e12a","ex-ebfd60d0-eaed-5673-870c-c0e282ca6d40","2bach-mates","matematicas-ii","Castilla-La Mancha","BLOCKED","LOADED_NOT_MATERIALIZED_BY_CURRENT_ROUTES","[""ANSWER_MISSING"",""MODALITIES_MISSING"",""MODALITY_UNDEMONSTRATED"",""SOLUTION_MISSING"",""UNMAPPED_TOPIC"",""PAU_MODALITY_UNDECLARED"",""SOLUTION_REVIEW_REQUIRED""]","[""src-d3109a7b-1bda-5db6-8795-7aae54bc7eeb""]"
"mates2-analisis-565395de74d3","cand-3d8ca8fe-7241-55b8-abb4-e943af9b8151","ex-307d011d-c98f-520c-a481-313ee40f6f76","2bach-mates","matematicas-ii","Castilla-La Mancha","BLOCKED","LOADED_NOT_MATERIALIZED_BY_CURRENT_ROUTES","[""ANSWER_MISSING"",""MODALITIES_MISSING"",""MODALITY_UNDEMONSTRATED"",""SOLUTION_MISSING"",""UNMAPPED_TOPIC"",""PAU_MODALITY_UNDECLARED"",""SOLUTION_REVIEW_REQUIRED""]","[""src-a12193dd-9806-57fd-9fb5-dd16336d07db""]"
"mates2-analisis-57bcbac15b29","cand-953097e1-a8e1-50f2-b936-1d9beaff1924","ex-d3ae635e-375d-5e02-bd40-a63d8fadc8b3","2bach-mates","matematicas-ii","Castilla-La Mancha","BLOCKED","LOADED_NOT_MATERIALIZED_BY_CURRENT_ROUTES","[""ANSWER_MISSING"",""MODALITIES_MISSING"",""MODALITY_UNDEMONSTRATED"",""SOLUTION_MISSING"",""UNMAPPED_TOPIC"",""MATH_REPRESENTATION_UNDECLARED"",""PAU_MODALITY_UNDECLARED"",""SOLUTION_REVIEW_REQUIRED""]","[""src-c252f196-f623-5c25-be72-9efbffc8e349""]"
"mates2-analisis-57bcbac15b29-1b","cand-4a1e2e78-98d6-58f6-af7e-1bb9231fe13d","ex-a47daa13-9566-5403-a377-12dfeb3d0fbc","2bach-mates","matematicas-ii","","BLOCKED","LOADED_NOT_MATERIALIZED_BY_CURRENT_ROUTES","[""ANSWER_MISSING"",""COMMUNITY_UNMAPPED"",""MODALITIES_MISSING"",""MODALITY_UNDEMONSTRATED"",""PAU_COMMUNITY_MISSING"",""SOLUTION_MISSING"",""UNMAPPED_TOPIC"",""MATH_REPRESENTATION_UNDECLARED"",""PAU_MODALITY_UNDECLARED"",""SOLUTION_REVIEW_REQUIRED""]","[""src-880db2af-ee7f-57e9-a15b-c4b593270909""]"
"mates2-analisis-57bcbac15b29-2a","cand-0c848300-f3d8-5954-adb2-1d7983da07c7","ex-cce6e64b-1611-5552-beae-37a264949c6f","2bach-mates","matematicas-ii","","BLOCKED","LOADED_NOT_MATERIALIZED_BY_CURRENT_ROUTES","[""ANSWER_MISSING"",""COMMUNITY_UNMAPPED"",""MODALITIES_MISSING"",""MODALITY_UNDEMONSTRATED"",""PAU_COMMUNITY_MISSING"",""SOLUTION_MISSING"",""UNMAPPED_TOPIC"",""PAU_MODALITY_UNDECLARED"",""SOLUTION_REVIEW_REQUIRED""]","[""src-d2dccaf5-879a-54c6-9895-64b74ddb91ca""]"
"mates2-analisis-57bcbac15b29-2b","cand-aa0536cf-03cb-5fe0-ae3f-5927547103dc","ex-984d93e5-3597-5054-aba5-79d23df48fa8","2bach-mates","matematicas-ii","","BLOCKED","LOADED_NOT_MATERIALIZED_BY_CURRENT_ROUTES","[""ANSWER_MISSING"",""COMMUNITY_UNMAPPED"",""MODALITIES_MISSING"",""MODALITY_UNDEMONSTRATED"",""PAU_COMMUNITY_MISSING"",""SOLUTION_MISSING"",""UNMAPPED_TOPIC"",""MATH_REPRESENTATION_UNDECLARED"",""PAU_MODALITY_UNDECLARED"",""SOLUTION_REVIEW_REQUIRED""]","[""src-9ce99471-e607-586d-90bc-00e1fcd43307""]"
"mates2-analisis-57fc5bb3efc1","cand-0b7d8f24-5cd3-5103-a89b-d8bf83358327","ex-69692707-12c6-52a8-9a8b-3f0765f2c1ad","2bach-mates","matematicas-ii","Castilla-La Mancha","BLOCKED","LOADED_NOT_MATERIALIZED_BY_CURRENT_ROUTES","[""ANSWER_MISSING"",""MODALITIES_MISSING"",""MODALITY_UNDEMONSTRATED"",""SOLUTION_MISSING"",""UNMAPPED_TOPIC"",""PAU_MODALITY_UNDECLARED"",""SOLUTION_REVIEW_REQUIRED""]","[""src-95860cbc-745d-5e50-803b-5d2891b71d88""]"
"mates2-analisis-57fc5bb3efc1--mates-ii-analisis-2","cand-42cf7345-1cab-558c-8efa-4d0b9c4003b0","ex-5f12f492-1e7a-5fce-952c-af5962221b67","2bach-mates","matematicas-ii","Castilla-La Mancha","BLOCKED","LOADED_NOT_MATERIALIZED_BY_CURRENT_ROUTES","[""ANSWER_MISSING"",""MODALITIES_MISSING"",""MODALITY_UNDEMONSTRATED"",""SOLUTION_MISSING"",""UNMAPPED_TOPIC"",""PAU_MODALITY_UNDECLARED"",""SOLUTION_REVIEW_REQUIRED""]","[""src-3d0f4aa9-3314-5887-a250-6607525cb990""]"
"mates2-analisis-57fc5bb3efc1--mates-ii-analisis-3","cand-ef48705e-5d1e-5340-965e-673940e24736","ex-414c51f2-03ed-5b91-9e93-c1383b6821b4","2bach-mates","matematicas-ii","Castilla-La Mancha","BLOCKED","LOADED_NOT_MATERIALIZED_BY_CURRENT_ROUTES","[""ANSWER_MISSING"",""MODALITIES_MISSING"",""MODALITY_UNDEMONSTRATED"",""SOLUTION_MISSING"",""UNMAPPED_TOPIC"",""PAU_MODALITY_UNDECLARED"",""SOLUTION_REVIEW_REQUIRED""]","[""src-5945ff57-e657-5849-8ca3-ee139d6d109a""]"
"mates2-analisis-57fc5bb3efc1--mates-ii-analisis-4","cand-2fff514e-ed43-5862-9158-3bd77d122d2a","ex-20825d34-ab3d-5450-b9c0-2a4d5514b2bd","2bach-mates","matematicas-ii","Castilla-La Mancha","BLOCKED","LOADED_NOT_MATERIALIZED_BY_CURRENT_ROUTES","[""ANSWER_MISSING"",""MODALITIES_MISSING"",""MODALITY_UNDEMONSTRATED"",""SOLUTION_MISSING"",""UNMAPPED_TOPIC"",""MATH_REPRESENTATION_UNDECLARED"",""PAU_MODALITY_UNDECLARED"",""SOLUTION_REVIEW_REQUIRED""]","[""src-81db7391-c3a8-56fe-a7f8-875aa1e07fc3""]"
"mates2-analisis-584486b3e7be","cand-a98274fa-ffe2-5534-bff2-436e18b8c7fc","ex-1bbf3bca-a838-5629-bedc-88e7660fb426","2bach-mates","matematicas-ii","Castilla-La Mancha","BLOCKED","LOADED_NOT_MATERIALIZED_BY_CURRENT_ROUTES","[""ANSWER_MISSING"",""MODALITIES_MISSING"",""MODALITY_UNDEMONSTRATED"",""SOLUTION_MISSING"",""UNMAPPED_TOPIC"",""PAU_MODALITY_UNDECLARED"",""SOLUTION_REVIEW_REQUIRED""]","[""src-556ef120-894e-53a9-9d82-27ead4175cda""]"
"mates2-analisis-584486b3e7be-1b","cand-a47c96ae-d7c7-5b70-ac20-935f40350b06","ex-d80ec7fd-00fa-590a-9018-99cf77019d75","2bach-mates","matematicas-ii","","BLOCKED","LOADED_NOT_MATERIALIZED_BY_CURRENT_ROUTES","[""ANSWER_MISSING"",""COMMUNITY_UNMAPPED"",""MODALITIES_MISSING"",""MODALITY_UNDEMONSTRATED"",""PAU_COMMUNITY_MISSING"",""SOLUTION_MISSING"",""UNMAPPED_TOPIC"",""MATH_REPRESENTATION_UNDECLARED"",""PAU_MODALITY_UNDECLARED"",""SOLUTION_REVIEW_REQUIRED""]","[""src-56f36d0e-f74a-5899-8ba4-6094094421f5""]"
"mates2-analisis-584486b3e7be-2a","cand-091fb4e4-172e-5bf1-a62d-72f10303e1a0","ex-2a7de16a-acb5-55c4-b5d3-901f610f124a","2bach-mates","matematicas-ii","","BLOCKED","LOADED_NOT_MATERIALIZED_BY_CURRENT_ROUTES","[""ANSWER_MISSING"",""COMMUNITY_UNMAPPED"",""MODALITIES_MISSING"",""MODALITY_UNDEMONSTRATED"",""PAU_COMMUNITY_MISSING"",""SOLUTION_MISSING"",""UNMAPPED_TOPIC"",""PAU_MODALITY_UNDECLARED"",""SOLUTION_REVIEW_REQUIRED""]","[""src-23e92d91-6ac3-5bdb-8256-cac5b05e9266""]"
"mates2-analisis-584486b3e7be-2b","cand-1af0bca9-713c-576b-85c7-6f78c7bd42df","ex-13e12d22-3eaa-5093-ad00-9fa57432b23a","2bach-mates","matematicas-ii","","BLOCKED","LOADED_NOT_MATERIALIZED_BY_CURRENT_ROUTES","[""ANSWER_MISSING"",""COMMUNITY_UNMAPPED"",""MODALITIES_MISSING"",""MODALITY_UNDEMONSTRATED"",""PAU_COMMUNITY_MISSING"",""SOLUTION_MISSING"",""UNMAPPED_TOPIC"",""MATH_REPRESENTATION_UNDECLARED"",""PAU_MODALITY_UNDECLARED"",""SOLUTION_REVIEW_REQUIRED""]","[""src-0aba87ce-714b-50fc-8f9d-4aed19436b51""]"
"mates2-analisis-59975a154d9c","cand-2c1f5755-e27d-51d6-9076-7eb242d747a5","ex-299decc7-718d-59d4-a7e1-7d6d36a78991","2bach-mates","matematicas-ii","Castilla-La Mancha","BLOCKED","LOADED_NOT_MATERIALIZED_BY_CURRENT_ROUTES","[""ANSWER_MISSING"",""MODALITIES_MISSING"",""MODALITY_UNDEMONSTRATED"",""SOLUTION_MISSING"",""UNMAPPED_TOPIC"",""PAU_MODALITY_UNDECLARED"",""SOLUTION_REVIEW_REQUIRED""]","[""src-7b2d01a3-a58f-5151-8fce-df4b6948f6bb""]"
"mates2-analisis-59bdaddbdc86","cand-6fb25206-ec7b-5e00-aa9a-bafaef328183","ex-145d8846-a5f5-5767-ac17-526340ae4554","2bach-mates","matematicas-ii","Castilla-La Mancha","BLOCKED","LOADED_NOT_MATERIALIZED_BY_CURRENT_ROUTES","[""ANSWER_MISSING"",""MODALITIES_MISSING"",""MODALITY_UNDEMONSTRATED"",""SOLUTION_MISSING"",""UNMAPPED_TOPIC"",""MATH_REPRESENTATION_UNDECLARED"",""PAU_DETAIL_INCOMPLETE"",""PAU_MODALITY_UNDECLARED"",""SOLUTION_REVIEW_REQUIRED""]","[""src-35bcbb29-9ea1-59e8-93c4-2dd2f6e60f3e""]"
"mates2-analisis-5ab171fce00c","cand-b3543f13-3a90-563f-82b0-35b3f4b2459b","ex-874f8f88-b9bb-56a2-acc1-a091f392fcd6","2bach-mates","matematicas-ii","Castilla-La Mancha","BLOCKED","LOADED_NOT_MATERIALIZED_BY_CURRENT_ROUTES","[""ANSWER_MISSING"",""MODALITIES_MISSING"",""MODALITY_UNDEMONSTRATED"",""SOLUTION_MISSING"",""UNMAPPED_TOPIC"",""MATH_REPRESENTATION_UNDECLARED"",""PAU_DETAIL_INCOMPLETE"",""PAU_MODALITY_UNDECLARED"",""SOLUTION_REVIEW_REQUIRED""]","[""src-84b4846e-8714-520a-ac99-8bb26a522ffb""]"
"mates2-analisis-5cedbeab66a8","cand-30b082bd-a8b0-52c1-81b9-5e56295acba5","ex-4ed1d436-fec9-5020-9c70-762bb8d1e3fa","2bach-mates","matematicas-ii","Castilla-La Mancha","BLOCKED","LOADED_NOT_MATERIALIZED_BY_CURRENT_ROUTES","[""ANSWER_MISSING"",""MODALITIES_MISSING"",""MODALITY_UNDEMONSTRATED"",""SOLUTION_MISSING"",""UNMAPPED_TOPIC"",""PAU_MODALITY_UNDECLARED"",""SOLUTION_REVIEW_REQUIRED""]","[""src-770a9355-5ea9-562f-a213-49d33d0c5069""]"
"mates2-analisis-5d13a8a4789b","cand-57c4853c-b37f-572c-94b2-8e924976df70","ex-3eaf605b-c903-5afa-bd97-da8c1928ff5e","2bach-mates","matematicas-ii","Castilla-La Mancha","BLOCKED","LOADED_NOT_MATERIALIZED_BY_CURRENT_ROUTES","[""ANSWER_MISSING"",""MODALITIES_MISSING"",""MODALITY_UNDEMONSTRATED"",""SOLUTION_MISSING"",""UNMAPPED_TOPIC"",""PAU_MODALITY_UNDECLARED"",""SOLUTION_REVIEW_REQUIRED""]","[""src-7b795d53-2675-5ef9-83ac-cefa72db1fb5""]"
"mates2-analisis-5eda61faad7a","cand-fd75e097-1c7a-54ce-9499-c69c2af9201e","ex-63ffc5ba-eb87-5959-87d6-2c819e2eb8e4","2bach-mates","matematicas-ii","Castilla-La Mancha","BLOCKED","LOADED_NOT_MATERIALIZED_BY_CURRENT_ROUTES","[""ANSWER_MISSING"",""MODALITIES_MISSING"",""MODALITY_UNDEMONSTRATED"",""SOLUTION_MISSING"",""UNMAPPED_TOPIC"",""PAU_MODALITY_UNDECLARED"",""SOLUTION_REVIEW_REQUIRED""]","[""src-13c4a2d8-9f20-5480-a263-064ab2ba5383""]"
"mates2-analisis-6086c2a947a6","cand-d2ad7041-0978-59a9-b21d-266513cf6f22","ex-5bb0f7eb-1aa8-5d6c-a050-a2412d73ee97","2bach-mates","matematicas-ii","Castilla-La Mancha","BLOCKED","LOADED_NOT_MATERIALIZED_BY_CURRENT_ROUTES","[""ANSWER_MISSING"",""MODALITIES_MISSING"",""MODALITY_UNDEMONSTRATED"",""SOLUTION_MISSING"",""UNMAPPED_TOPIC"",""MATH_REPRESENTATION_UNDECLARED"",""PAU_DETAIL_INCOMPLETE"",""PAU_MODALITY_UNDECLARED"",""SOLUTION_REVIEW_REQUIRED""]","[""src-ab04c549-8e1a-5d32-b390-0dc137777d6e""]"
"mates2-analisis-618fcad8ca36","cand-6e7f48b8-9495-5ff1-bb7e-7ff3c0c243d3","ex-f946bd78-d7ae-5a23-9c85-b52719adf0e5","2bach-mates","matematicas-ii","Castilla-La Mancha","BLOCKED","LOADED_NOT_MATERIALIZED_BY_CURRENT_ROUTES","[""ANSWER_MISSING"",""MODALITIES_MISSING"",""MODALITY_UNDEMONSTRATED"",""SOLUTION_MISSING"",""UNMAPPED_TOPIC"",""PAU_MODALITY_UNDECLARED"",""SOLUTION_REVIEW_REQUIRED""]","[""src-7a8500db-4a36-53db-86a0-2852b7e708da""]"
"mates2-analisis-61c5ddfb9d4e","cand-81d95cf7-2a0b-5335-ba5d-99ebfe61e0f4","ex-7881de14-1384-5e9b-9a35-0ecf71cf3eb3","2bach-mates","matematicas-ii","Castilla-La Mancha","BLOCKED","LOADED_NOT_MATERIALIZED_BY_CURRENT_ROUTES","[""ANSWER_MISSING"",""MODALITIES_MISSING"",""MODALITY_UNDEMONSTRATED"",""SOLUTION_MISSING"",""UNMAPPED_TOPIC"",""MATH_REPRESENTATION_UNDECLARED"",""PAU_MODALITY_UNDECLARED"",""SOLUTION_REVIEW_REQUIRED""]","[""src-48968cbf-5a23-51bd-a90c-029c2be33f38""]"
"mates2-analisis-61c5ddfb9d4e-integral","cand-089c6354-94c3-5b7b-baea-154325fb30e7","ex-963cacae-e860-5eb1-b95d-1f0f702ed532","2bach-mates","matematicas-ii","","BLOCKED","LOADED_NOT_MATERIALIZED_BY_CURRENT_ROUTES","[""ANSWER_MISSING"",""COMMUNITY_UNMAPPED"",""MODALITIES_MISSING"",""MODALITY_UNDEMONSTRATED"",""PAU_COMMUNITY_MISSING"",""SOLUTION_MISSING"",""UNMAPPED_TOPIC"",""PAU_MODALITY_UNDECLARED"",""SOLUTION_REVIEW_REQUIRED""]","[""src-9aded593-4a08-58fb-8caf-41ca26fff4f0""]"
"mates2-analisis-635b0439746f","cand-c0f965ee-2385-52fb-9734-61d8119c9190","ex-e97f440d-1eb6-58d3-ade7-aef853d4a3f3","2bach-mates","matematicas-ii","Castilla-La Mancha","BLOCKED","LOADED_NOT_MATERIALIZED_BY_CURRENT_ROUTES","[""ANSWER_MISSING"",""MODALITIES_MISSING"",""MODALITY_UNDEMONSTRATED"",""SOLUTION_MISSING"",""UNMAPPED_TOPIC"",""PAU_DETAIL_INCOMPLETE"",""PAU_MODALITY_UNDECLARED"",""SOLUTION_REVIEW_REQUIRED""]","[""src-b87b70ad-6e96-5f4a-988a-28ffe2df23c1""]"
"mates2-analisis-646ddab07219","cand-f97f12a0-8250-546c-94e9-0033d094db19","ex-7681c693-4c08-5d6c-9c5b-6fa7457c8b8d","2bach-mates","matematicas-ii","Castilla-La Mancha","BLOCKED","LOADED_NOT_MATERIALIZED_BY_CURRENT_ROUTES","[""ANSWER_MISSING"",""MODALITIES_MISSING"",""MODALITY_UNDEMONSTRATED"",""SOLUTION_MISSING"",""UNMAPPED_TOPIC"",""MATH_REPRESENTATION_UNDECLARED"",""PAU_DETAIL_INCOMPLETE"",""PAU_MODALITY_UNDECLARED"",""SOLUTION_REVIEW_REQUIRED""]","[""src-983bc2cf-5816-5d74-a3bd-4a3b95ef2a75""]"
"mates2-analisis-6b178919b9bd","cand-8bd7f8af-a757-5f60-b34f-005b9d60d8e5","ex-9c1b049f-05d7-5f00-9d8d-9e56fc72e4b3","2bach-mates","matematicas-ii","Castilla-La Mancha","BLOCKED","LOADED_NOT_MATERIALIZED_BY_CURRENT_ROUTES","[""ANSWER_MISSING"",""MODALITIES_MISSING"",""MODALITY_UNDEMONSTRATED"",""SOLUTION_MISSING"",""UNMAPPED_TOPIC"",""PAU_MODALITY_UNDECLARED"",""SOLUTION_REVIEW_REQUIRED""]","[""src-f50d74c6-9c9d-5c4d-af80-0bf8b312e978""]"
"mates2-analisis-6c069147729c","cand-be7df7c1-4c99-5109-8bbd-8e415c64eab3","ex-29a06d08-b3ce-57c6-89dd-3d5b8e664464","2bach-mates","matematicas-ii","Castilla-La Mancha","BLOCKED","LOADED_NOT_MATERIALIZED_BY_CURRENT_ROUTES","[""ANSWER_MISSING"",""MODALITIES_MISSING"",""MODALITY_UNDEMONSTRATED"",""SOLUTION_MISSING"",""UNMAPPED_TOPIC"",""PAU_MODALITY_UNDECLARED"",""SOLUTION_REVIEW_REQUIRED""]","[""src-237f6673-fb3c-5909-8d17-49af44e8278c""]"
"mates2-analisis-6ce41777cc5a","cand-a46b6f76-2e9d-58dd-8326-ed2e9fa0e296","ex-e4533f1e-833c-513d-95b4-9917eac7401c","2bach-mates","matematicas-ii","Castilla-La Mancha","BLOCKED","LOADED_NOT_MATERIALIZED_BY_CURRENT_ROUTES","[""ANSWER_MISSING"",""MODALITIES_MISSING"",""MODALITY_UNDEMONSTRATED"",""SOLUTION_MISSING"",""UNMAPPED_TOPIC"",""MATH_REPRESENTATION_UNDECLARED"",""PAU_MODALITY_UNDECLARED"",""SOLUTION_REVIEW_REQUIRED""]","[""src-fbcf2b60-cb8c-5c38-95e6-fbc6780a8c4f""]"
"mates2-analisis-6e082db008cd","cand-e83f22c6-ce61-5bd1-bec2-597aa6854141","ex-c81d97e6-b379-5fc5-9f6a-24607091710d","2bach-mates","matematicas-ii","Castilla-La Mancha","BLOCKED","LOADED_NOT_MATERIALIZED_BY_CURRENT_ROUTES","[""ANSWER_MISSING"",""MODALITIES_MISSING"",""MODALITY_UNDEMONSTRATED"",""SOLUTION_MISSING"",""UNMAPPED_TOPIC"",""MATH_REPRESENTATION_UNDECLARED"",""PAU_MODALITY_UNDECLARED"",""SOLUTION_REVIEW_REQUIRED""]","[""src-513911cb-aecb-5ed6-80e3-c09522978032""]"
"mates2-analisis-6efe8826bd3f","cand-dab16954-a7ee-5ee8-8d15-01d331b2eb5c","ex-c89175e6-b6dc-545f-ab3a-8e6841a3fd05","2bach-mates","matematicas-ii","Castilla-La Mancha","BLOCKED","LOADED_NOT_MATERIALIZED_BY_CURRENT_ROUTES","[""ANSWER_MISSING"",""MODALITIES_MISSING"",""MODALITY_UNDEMONSTRATED"",""SOLUTION_MISSING"",""UNMAPPED_TOPIC"",""MATH_REPRESENTATION_UNDECLARED"",""PAU_DETAIL_INCOMPLETE"",""PAU_MODALITY_UNDECLARED"",""SOLUTION_REVIEW_REQUIRED""]","[""src-17e68c8d-01f7-5c6b-a4c0-99d14b13d19a""]"
"mates2-analisis-6efe8826bd3f-integrales","cand-46553846-9102-54da-ba21-6aec28f3865c","ex-4866339d-8498-5cba-9f94-3da8954a70c2","2bach-mates","matematicas-ii","","BLOCKED","LOADED_NOT_MATERIALIZED_BY_CURRENT_ROUTES","[""ANSWER_MISSING"",""COMMUNITY_UNMAPPED"",""MODALITIES_MISSING"",""MODALITY_UNDEMONSTRATED"",""PAU_COMMUNITY_MISSING"",""SOLUTION_MISSING"",""UNMAPPED_TOPIC"",""PAU_DETAIL_INCOMPLETE"",""PAU_MODALITY_UNDECLARED"",""SOLUTION_REVIEW_REQUIRED""]","[""src-5bc28ac5-2ef9-558e-a99b-7254a838b1ea""]"
"mates2-analisis-6f2ba6d6a0dc","cand-9ff4478c-41c9-5fe8-bfc7-4e88dc66e868","ex-cf00bfdb-14e6-5e2c-82ed-a39ac09a6684","2bach-mates","matematicas-ii","Castilla-La Mancha","BLOCKED","LOADED_NOT_MATERIALIZED_BY_CURRENT_ROUTES","[""ANSWER_MISSING"",""MODALITIES_MISSING"",""MODALITY_UNDEMONSTRATED"",""SOLUTION_MISSING"",""UNMAPPED_TOPIC"",""MATH_REPRESENTATION_UNDECLARED"",""PAU_MODALITY_UNDECLARED"",""SOLUTION_REVIEW_REQUIRED""]","[""src-b1236170-9eb9-5c94-9992-cb82c61fe279""]"
"mates2-analisis-6f2ba6d6a0dc-1b","cand-76a735c6-98ba-598b-abc2-b5038188472d","ex-ed24b521-5547-563c-80f6-ffa598951dc2","2bach-mates","matematicas-ii","","BLOCKED","LOADED_NOT_MATERIALIZED_BY_CURRENT_ROUTES","[""ANSWER_MISSING"",""COMMUNITY_UNMAPPED"",""MODALITIES_MISSING"",""MODALITY_UNDEMONSTRATED"",""PAU_COMMUNITY_MISSING"",""SOLUTION_MISSING"",""UNMAPPED_TOPIC"",""MATH_REPRESENTATION_UNDECLARED"",""PAU_MODALITY_UNDECLARED"",""SOLUTION_REVIEW_REQUIRED""]","[""src-f2e10cba-ec58-5abd-b811-272f1cbcd115""]"
"mates2-analisis-6f2ba6d6a0dc-2a","cand-a3b83b43-f16d-590d-997d-c93174d9d4c7","ex-522f054c-9fa0-5f9d-a2bf-695fb001d4d3","2bach-mates","matematicas-ii","","BLOCKED","LOADED_NOT_MATERIALIZED_BY_CURRENT_ROUTES","[""ANSWER_MISSING"",""COMMUNITY_UNMAPPED"",""MODALITIES_MISSING"",""MODALITY_UNDEMONSTRATED"",""PAU_COMMUNITY_MISSING"",""SOLUTION_MISSING"",""UNMAPPED_TOPIC"",""PAU_MODALITY_UNDECLARED"",""SOLUTION_REVIEW_REQUIRED""]","[""src-ad6141cd-35c2-5746-b6c1-e483fdfb6215""]"
"mates2-analisis-6f2ba6d6a0dc-2b","cand-74de8289-4cfa-522f-8966-b10ce3775390","ex-f08a230d-1589-54fd-a6b5-0f86c62aaf79","2bach-mates","matematicas-ii","","BLOCKED","LOADED_NOT_MATERIALIZED_BY_CURRENT_ROUTES","[""ANSWER_MISSING"",""COMMUNITY_UNMAPPED"",""MODALITIES_MISSING"",""MODALITY_UNDEMONSTRATED"",""PAU_COMMUNITY_MISSING"",""SOLUTION_MISSING"",""UNMAPPED_TOPIC"",""MATH_REPRESENTATION_UNDECLARED"",""PAU_MODALITY_UNDECLARED"",""SOLUTION_REVIEW_REQUIRED""]","[""src-6251fa24-3ae4-56b1-bc35-4e9aaa5bf65e""]"
"mates2-analisis-7c48d547cb2d","cand-a4ec1fba-79e2-5afe-bc00-f9a6883904a3","ex-4a926536-be4b-58de-a885-a37c002c0167","2bach-mates","matematicas-ii","Castilla-La Mancha","BLOCKED","LOADED_NOT_MATERIALIZED_BY_CURRENT_ROUTES","[""ANSWER_MISSING"",""MODALITIES_MISSING"",""MODALITY_UNDEMONSTRATED"",""SOLUTION_MISSING"",""UNMAPPED_TOPIC"",""PAU_MODALITY_UNDECLARED"",""SOLUTION_REVIEW_REQUIRED""]","[""src-25a13573-49cf-5ea3-a580-754f016d971c""]"
"mates2-analisis-7c48d547cb2d--mates-ii-analisis-2","cand-873f49c3-ef13-5a8a-8bd5-41e72949fae8","ex-58dec43d-e248-56e9-a7c7-1be1e092c5d0","2bach-mates","matematicas-ii","Castilla-La Mancha","BLOCKED","LOADED_NOT_MATERIALIZED_BY_CURRENT_ROUTES","[""ANSWER_MISSING"",""MODALITIES_MISSING"",""MODALITY_UNDEMONSTRATED"",""SOLUTION_MISSING"",""UNMAPPED_TOPIC"",""MATH_REPRESENTATION_UNDECLARED"",""PAU_MODALITY_UNDECLARED"",""SOLUTION_REVIEW_REQUIRED""]","[""src-cffc495f-86a7-5989-b73f-6d6affb14f8a""]"
"mates2-analisis-7c48d547cb2d--mates-ii-analisis-3","cand-96ae8647-f67c-50ed-ad80-c4190dfb5ed1","ex-38c1bfc3-a922-546e-b730-748aa81aba37","2bach-mates","matematicas-ii","Castilla-La Mancha","BLOCKED","LOADED_NOT_MATERIALIZED_BY_CURRENT_ROUTES","[""ANSWER_MISSING"",""MODALITIES_MISSING"",""MODALITY_UNDEMONSTRATED"",""SOLUTION_MISSING"",""UNMAPPED_TOPIC"",""MATH_REPRESENTATION_UNDECLARED"",""PAU_MODALITY_UNDECLARED"",""SOLUTION_REVIEW_REQUIRED""]","[""src-0964b54c-4a75-52a2-aad1-9e3617005648""]"
"mates2-analisis-7ebf1daa55b4","cand-ac84cd4e-9ff0-557e-910f-e4056dc4458b","ex-8433c99c-982b-5748-9e2b-06843819eb60","2bach-mates","matematicas-ii","Castilla-La Mancha","BLOCKED","LOADED_NOT_MATERIALIZED_BY_CURRENT_ROUTES","[""ANSWER_MISSING"",""MODALITIES_MISSING"",""MODALITY_UNDEMONSTRATED"",""SOLUTION_MISSING"",""UNMAPPED_TOPIC"",""MATH_REPRESENTATION_UNDECLARED"",""PAU_MODALITY_UNDECLARED"",""SOLUTION_REVIEW_REQUIRED""]","[""src-cddddcad-e3c3-56fd-9cfd-fc72517c5b3b""]"
"mates2-analisis-7ed30ecb492b","cand-e76137db-adda-59ed-bd8d-91eb4cf65729","ex-52de26d3-8c8a-57f5-803d-a6bb6db7d317","2bach-mates","matematicas-ii","Castilla-La Mancha","BLOCKED","LOADED_NOT_MATERIALIZED_BY_CURRENT_ROUTES","[""ANSWER_MISSING"",""MODALITIES_MISSING"",""MODALITY_UNDEMONSTRATED"",""SOLUTION_MISSING"",""UNMAPPED_TOPIC"",""PAU_DETAIL_INCOMPLETE"",""PAU_MODALITY_UNDECLARED"",""SOLUTION_REVIEW_REQUIRED""]","[""src-12b41a09-9a5d-53c0-8ee7-34fa0361c85c""]"
"mates2-analisis-810ef7c260ca","cand-10a9ee7d-3750-5b04-81b8-f13ec91aeb68","ex-c86c4b3d-c2bc-55a8-a298-b19b58b8cd97","2bach-mates","matematicas-ii","Castilla-La Mancha","BLOCKED","LOADED_NOT_MATERIALIZED_BY_CURRENT_ROUTES","[""ANSWER_MISSING"",""MODALITIES_MISSING"",""MODALITY_UNDEMONSTRATED"",""SOLUTION_MISSING"",""UNMAPPED_TOPIC"",""PAU_DETAIL_INCOMPLETE"",""PAU_MODALITY_UNDECLARED"",""SOLUTION_REVIEW_REQUIRED""]","[""src-564480a6-f5e6-58bb-8d6d-f9f04a37713e""]"
"mates2-analisis-8223e6a650c0","cand-064a3618-b557-5875-9f78-d8ce8a05ad68","ex-edcddd0f-a762-5e58-9e39-eb5171449a0b","2bach-mates","matematicas-ii","Castilla-La Mancha","BLOCKED","LOADED_NOT_MATERIALIZED_BY_CURRENT_ROUTES","[""ANSWER_MISSING"",""MODALITIES_MISSING"",""MODALITY_UNDEMONSTRATED"",""SOLUTION_MISSING"",""UNMAPPED_TOPIC"",""MATH_REPRESENTATION_UNDECLARED"",""PAU_DETAIL_INCOMPLETE"",""PAU_MODALITY_UNDECLARED"",""SOLUTION_REVIEW_REQUIRED""]","[""src-314c8fae-77b3-583a-8adf-9be8b4b02c60""]"
"mates2-analisis-88cfdaa70d39","cand-f48d7f1c-313c-5f39-a6e9-e71df250bab5","ex-e1f6ee17-6ca5-53ce-b6e8-d49c5d9a6a03","2bach-mates","matematicas-ii","Castilla-La Mancha","BLOCKED","LOADED_NOT_MATERIALIZED_BY_CURRENT_ROUTES","[""ANSWER_MISSING"",""MODALITIES_MISSING"",""MODALITY_UNDEMONSTRATED"",""SOLUTION_MISSING"",""UNMAPPED_TOPIC"",""PAU_DETAIL_INCOMPLETE"",""PAU_MODALITY_UNDECLARED"",""SOLUTION_REVIEW_REQUIRED""]","[""src-a49cc2bb-fc98-564f-8769-93cc90988ceb""]"
"mates2-analisis-8a1b9f5fcc7d","cand-c2b646f4-c277-56e8-9f62-06d6ba7d6294","ex-53a4bd8f-d2f3-5ef0-9572-81bfc6cdedf0","2bach-mates","matematicas-ii","Castilla-La Mancha","BLOCKED","LOADED_NOT_MATERIALIZED_BY_CURRENT_ROUTES","[""ANSWER_MISSING"",""MODALITIES_MISSING"",""MODALITY_UNDEMONSTRATED"",""SOLUTION_MISSING"",""UNMAPPED_TOPIC"",""PAU_DETAIL_INCOMPLETE"",""PAU_MODALITY_UNDECLARED"",""SOLUTION_REVIEW_REQUIRED""]","[""src-61c259cd-6c66-564f-9803-74a068cee989""]"
"mates2-analisis-8ac86b8260ce","cand-efa91ff7-e764-5748-b5a2-6f0b5c9400ce","ex-e0636548-251b-55d8-b226-083375712471","2bach-mates","matematicas-ii","Castilla-La Mancha","BLOCKED","LOADED_NOT_MATERIALIZED_BY_CURRENT_ROUTES","[""ANSWER_MISSING"",""MODALITIES_MISSING"",""MODALITY_UNDEMONSTRATED"",""SOLUTION_MISSING"",""UNMAPPED_TOPIC"",""MATH_REPRESENTATION_UNDECLARED"",""PAU_MODALITY_UNDECLARED"",""SOLUTION_REVIEW_REQUIRED""]","[""src-c2c8e3ca-caa2-5616-9eb1-d10fdd4236a5""]"
"mates2-analisis-8c944e354b34","cand-e14ac211-9c1d-503d-a8fd-3016b34bc706","ex-7571356d-bf31-5f4b-ba43-e8fc6ac63135","2bach-mates","matematicas-ii","Castilla-La Mancha","BLOCKED","LOADED_NOT_MATERIALIZED_BY_CURRENT_ROUTES","[""ANSWER_MISSING"",""MODALITIES_MISSING"",""MODALITY_UNDEMONSTRATED"",""SOLUTION_MISSING"",""UNMAPPED_TOPIC"",""PAU_DETAIL_INCOMPLETE"",""PAU_MODALITY_UNDECLARED"",""SOLUTION_REVIEW_REQUIRED""]","[""src-bca5c7f1-0ce1-567f-a116-188fb8df33ec""]"
"mates2-analisis-8d1e5170d389","cand-dda5cf25-3c1e-5e1b-bbed-9ff836333dc6","ex-f0991059-78d3-53c0-b3a3-dccc99145380","2bach-mates","matematicas-ii","Castilla-La Mancha","BLOCKED","LOADED_NOT_MATERIALIZED_BY_CURRENT_ROUTES","[""ANSWER_MISSING"",""MODALITIES_MISSING"",""MODALITY_UNDEMONSTRATED"",""SOLUTION_MISSING"",""UNMAPPED_TOPIC"",""PAU_DETAIL_INCOMPLETE"",""PAU_MODALITY_UNDECLARED"",""SOLUTION_REVIEW_REQUIRED""]","[""src-3a66e20b-7761-5437-8c4a-f39c46aea2c8""]"
"mates2-analisis-8eda370b8447","cand-c9b0e7f8-41e5-5365-b513-97bedac0cabd","ex-069a5a9d-5de0-5a7e-a73d-4fb7df6d3088","2bach-mates","matematicas-ii","Castilla-La Mancha","BLOCKED","LOADED_NOT_MATERIALIZED_BY_CURRENT_ROUTES","[""ANSWER_MISSING"",""MODALITIES_MISSING"",""MODALITY_UNDEMONSTRATED"",""SOLUTION_MISSING"",""UNMAPPED_TOPIC"",""PAU_DETAIL_INCOMPLETE"",""PAU_MODALITY_UNDECLARED"",""SOLUTION_REVIEW_REQUIRED""]","[""src-31d7baa3-fbc5-57f5-9830-08f9649bc6e3""]"
"mates2-analisis-8faf38c754c2","cand-55992830-9c23-51fc-a521-f5aa1cc6cf7c","ex-57fad24c-5266-5d40-ad8e-b85e4c10ce76","2bach-mates","matematicas-ii","Castilla-La Mancha","BLOCKED","LOADED_NOT_MATERIALIZED_BY_CURRENT_ROUTES","[""ANSWER_MISSING"",""MODALITIES_MISSING"",""MODALITY_UNDEMONSTRATED"",""SOLUTION_MISSING"",""UNMAPPED_TOPIC"",""MATH_REPRESENTATION_UNDECLARED"",""PAU_MODALITY_UNDECLARED"",""SOLUTION_REVIEW_REQUIRED""]","[""src-d4750446-b974-504f-a0b3-1851030252c2""]"
"mates2-analisis-8faf38c754c2-integral","cand-7f5087e5-4408-5802-8d08-8665f2436863","ex-572d4882-be97-540a-b137-4e08bf361a83","2bach-mates","matematicas-ii","","BLOCKED","LOADED_NOT_MATERIALIZED_BY_CURRENT_ROUTES","[""ANSWER_MISSING"",""COMMUNITY_UNMAPPED"",""MODALITIES_MISSING"",""MODALITY_UNDEMONSTRATED"",""PAU_COMMUNITY_MISSING"",""SOLUTION_MISSING"",""UNMAPPED_TOPIC"",""PAU_MODALITY_UNDECLARED"",""SOLUTION_REVIEW_REQUIRED""]","[""src-714d2a60-afc3-520d-9fcf-164f8d8f7f94""]"
"mates2-analisis-8fe7e19a50ad","cand-a6dd5915-1dfa-5428-aa91-9e1e80c443fc","ex-93ca6754-3bb7-5b96-b81d-fc343e273981","2bach-mates","matematicas-ii","Castilla-La Mancha","BLOCKED","LOADED_NOT_MATERIALIZED_BY_CURRENT_ROUTES","[""ANSWER_MISSING"",""MODALITIES_MISSING"",""MODALITY_UNDEMONSTRATED"",""SOLUTION_MISSING"",""UNMAPPED_TOPIC"",""PAU_MODALITY_UNDECLARED"",""SOLUTION_REVIEW_REQUIRED""]","[""src-7d8aa189-52ed-5ef4-bd26-8e834d8e9947""]"
"mates2-analisis-8fe7e19a50ad-area","cand-6d774d6b-4a5e-5c36-9b54-eb3408573ca0","ex-c1ed948e-f5a7-50cc-aa87-6617e2d46475","2bach-mates","matematicas-ii","","BLOCKED","LOADED_NOT_MATERIALIZED_BY_CURRENT_ROUTES","[""ANSWER_MISSING"",""COMMUNITY_UNMAPPED"",""MODALITIES_MISSING"",""MODALITY_UNDEMONSTRATED"",""PAU_COMMUNITY_MISSING"",""SOLUTION_MISSING"",""UNMAPPED_TOPIC"",""MATH_REPRESENTATION_UNDECLARED"",""PAU_MODALITY_UNDECLARED"",""SOLUTION_REVIEW_REQUIRED""]","[""src-9bc97878-7dc8-521f-a9d1-52adf4b6a4c1""]"
"mates2-analisis-913db90a9e4a","cand-c4cdd6aa-986a-5515-9ece-40aad726aac7","ex-ef2b3caf-7172-592e-9a13-01c5d1d93ef7","2bach-mates","matematicas-ii","Castilla-La Mancha","BLOCKED","LOADED_NOT_MATERIALIZED_BY_CURRENT_ROUTES","[""ANSWER_MISSING"",""MODALITIES_MISSING"",""MODALITY_UNDEMONSTRATED"",""SOLUTION_MISSING"",""UNMAPPED_TOPIC"",""PAU_MODALITY_UNDECLARED"",""SOLUTION_REVIEW_REQUIRED""]","[""src-04d223f1-eb1c-5628-9e19-13b47d6857ed""]"
"mates2-analisis-942fa34add8d","cand-0e5e9e87-c37f-58e1-b718-94ee8b79eceb","ex-d3ea3a7d-e81d-5a2a-b22b-a4219fb0718b","2bach-mates","matematicas-ii","Castilla-La Mancha","BLOCKED","LOADED_NOT_MATERIALIZED_BY_CURRENT_ROUTES","[""ANSWER_MISSING"",""MODALITIES_MISSING"",""MODALITY_UNDEMONSTRATED"",""SOLUTION_MISSING"",""UNMAPPED_TOPIC"",""MATH_REPRESENTATION_UNDECLARED"",""PAU_MODALITY_UNDECLARED"",""SOLUTION_REVIEW_REQUIRED""]","[""src-755ae6cf-cb70-513a-ba89-cd1eda15110f""]"
"mates2-analisis-955dffd3f9be","cand-fd26bee8-55bc-54c8-a0ae-0fda73109191","ex-45c871a8-32cd-5adf-823b-e222c6ba72f6","2bach-mates","matematicas-ii","Castilla-La Mancha","BLOCKED","LOADED_NOT_MATERIALIZED_BY_CURRENT_ROUTES","[""ANSWER_MISSING"",""MODALITIES_MISSING"",""MODALITY_UNDEMONSTRATED"",""SOLUTION_MISSING"",""UNMAPPED_TOPIC"",""MATH_REPRESENTATION_UNDECLARED"",""PAU_MODALITY_UNDECLARED"",""SOLUTION_REVIEW_REQUIRED""]","[""src-d0653330-7a05-57d8-a98f-ba0c058792e6""]"
"mates2-analisis-96ce5a5777a5","cand-4a79619e-addb-5505-933c-50399d0bb359","ex-3d620927-2432-5b82-b1fe-ea26d769a9ee","2bach-mates","matematicas-ii","Castilla-La Mancha","BLOCKED","LOADED_NOT_MATERIALIZED_BY_CURRENT_ROUTES","[""ANSWER_MISSING"",""MODALITIES_MISSING"",""MODALITY_UNDEMONSTRATED"",""SOLUTION_MISSING"",""UNMAPPED_TOPIC"",""PAU_MODALITY_UNDECLARED"",""SOLUTION_REVIEW_REQUIRED""]","[""src-aed19cb8-2b16-559d-b1d8-664be0fbaf22""]"
"mates2-analisis-977272ec7c51","cand-e219c76d-2014-5560-becd-5a39842c2874","ex-737ded3f-e81c-5f7b-bb94-6a91edab5f1e","2bach-mates","matematicas-ii","Castilla-La Mancha","BLOCKED","LOADED_NOT_MATERIALIZED_BY_CURRENT_ROUTES","[""ANSWER_MISSING"",""MODALITIES_MISSING"",""MODALITY_UNDEMONSTRATED"",""SOLUTION_MISSING"",""UNMAPPED_TOPIC"",""PAU_MODALITY_UNDECLARED"",""SOLUTION_REVIEW_REQUIRED""]","[""src-29ff2cf9-01fb-5046-ab2b-bbffbc87edf2""]"
"mates2-analisis-977272ec7c51--mates-ii-analisis-2","cand-2156392d-86c2-54f1-81db-43e49c7a3e82","ex-278a2a5f-f5ae-5d47-be18-ab12c0521855","2bach-mates","matematicas-ii","Castilla-La Mancha","BLOCKED","LOADED_NOT_MATERIALIZED_BY_CURRENT_ROUTES","[""ANSWER_MISSING"",""MODALITIES_MISSING"",""MODALITY_UNDEMONSTRATED"",""SOLUTION_MISSING"",""UNMAPPED_TOPIC"",""MATH_REPRESENTATION_UNDECLARED"",""PAU_MODALITY_UNDECLARED"",""SOLUTION_REVIEW_REQUIRED""]","[""src-805b8b48-f3cd-5054-b8a9-02256c0fc62d""]"
"mates2-analisis-977272ec7c51--mates-ii-analisis-3","cand-30e718f7-c20d-520b-86b9-07e118bf1ea6","ex-11f347c7-c01b-547b-bccc-8c6dab55fd3c","2bach-mates","matematicas-ii","Castilla-La Mancha","BLOCKED","LOADED_NOT_MATERIALIZED_BY_CURRENT_ROUTES","[""ANSWER_MISSING"",""MODALITIES_MISSING"",""MODALITY_UNDEMONSTRATED"",""SOLUTION_MISSING"",""UNMAPPED_TOPIC"",""MATH_REPRESENTATION_UNDECLARED"",""PAU_MODALITY_UNDECLARED"",""SOLUTION_REVIEW_REQUIRED""]","[""src-0d371efa-530c-52c4-9d8e-9310e9588f99""]"
"mates2-analisis-977272ec7c51--mates-ii-analisis-4","cand-cddb43db-3854-5ccc-bfa9-b828250bb35d","ex-2bd70e83-3846-5248-a034-e0e0874ded0f","2bach-mates","matematicas-ii","Castilla-La Mancha","BLOCKED","LOADED_NOT_MATERIALIZED_BY_CURRENT_ROUTES","[""ANSWER_MISSING"",""MODALITIES_MISSING"",""MODALITY_UNDEMONSTRATED"",""SOLUTION_MISSING"",""UNMAPPED_TOPIC"",""MATH_REPRESENTATION_UNDECLARED"",""PAU_MODALITY_UNDECLARED"",""SOLUTION_REVIEW_REQUIRED""]","[""src-347c898b-e454-56a7-af17-ecc85c20eddc""]"
"mates2-analisis-9869a0de1690","cand-f6a2736b-ed78-5106-900b-b4e1f1e188d3","ex-56f978d6-7349-5b08-a79a-36ef08e36084","2bach-mates","matematicas-ii","Castilla-La Mancha","BLOCKED","LOADED_NOT_MATERIALIZED_BY_CURRENT_ROUTES","[""ANSWER_MISSING"",""MODALITIES_MISSING"",""MODALITY_UNDEMONSTRATED"",""SOLUTION_MISSING"",""UNMAPPED_TOPIC"",""MATH_REPRESENTATION_UNDECLARED"",""PAU_MODALITY_UNDECLARED"",""SOLUTION_REVIEW_REQUIRED""]","[""src-5b2e393d-5ff7-50cb-b82f-8ec343d0b13c""]"
"mates2-analisis-9a1598812551","cand-5496416a-0560-5e57-b297-7537b3ecf332","ex-cc620690-428c-52b9-b691-5f8a0ddf42e0","2bach-mates","matematicas-ii","Castilla-La Mancha","BLOCKED","LOADED_NOT_MATERIALIZED_BY_CURRENT_ROUTES","[""ANSWER_MISSING"",""MODALITIES_MISSING"",""MODALITY_UNDEMONSTRATED"",""SOLUTION_MISSING"",""UNMAPPED_TOPIC"",""MATH_REPRESENTATION_UNDECLARED"",""PAU_MODALITY_UNDECLARED"",""SOLUTION_REVIEW_REQUIRED""]","[""src-b2ee8d15-eb04-5e62-8237-4c0ecac0a738""]"
"mates2-analisis-9a1c32d36498","cand-60a21b46-cf54-5f38-bf16-15305d8bc615","ex-651be63d-dbce-5099-81de-7c7e36705d54","2bach-mates","matematicas-ii","Castilla-La Mancha","BLOCKED","LOADED_NOT_MATERIALIZED_BY_CURRENT_ROUTES","[""ANSWER_MISSING"",""MODALITIES_MISSING"",""MODALITY_UNDEMONSTRATED"",""SOLUTION_MISSING"",""UNMAPPED_TOPIC"",""PAU_MODALITY_UNDECLARED"",""SOLUTION_REVIEW_REQUIRED""]","[""src-841421bd-a7be-58e8-88fc-f05638a18a68""]"
"mates2-analisis-9a1c32d36498--mates-ii-analisis-2","cand-8956c127-dfbd-5118-8118-72f7b7d7d9cd","ex-dd048a30-09f2-52c5-bbcb-f55ffaa8a2c1","2bach-mates","matematicas-ii","Castilla-La Mancha","BLOCKED","LOADED_NOT_MATERIALIZED_BY_CURRENT_ROUTES","[""ANSWER_MISSING"",""MODALITIES_MISSING"",""MODALITY_UNDEMONSTRATED"",""SOLUTION_MISSING"",""UNMAPPED_TOPIC"",""MATH_REPRESENTATION_UNDECLARED"",""PAU_MODALITY_UNDECLARED"",""SOLUTION_REVIEW_REQUIRED""]","[""src-6cf11961-4bf0-5042-8533-7e1bbfcfb81f""]"
"mates2-analisis-9a1c32d36498--mates-ii-analisis-3","cand-75cb59e2-88e9-5db3-93b4-9910fcda9225","ex-234b2c4a-32a4-5255-8ed7-fb42e90d805a","2bach-mates","matematicas-ii","Castilla-La Mancha","BLOCKED","LOADED_NOT_MATERIALIZED_BY_CURRENT_ROUTES","[""ANSWER_MISSING"",""MODALITIES_MISSING"",""MODALITY_UNDEMONSTRATED"",""SOLUTION_MISSING"",""UNMAPPED_TOPIC"",""PAU_MODALITY_UNDECLARED"",""SOLUTION_REVIEW_REQUIRED""]","[""src-cfde2e79-6e1b-5bbe-9d1a-e1fd62a2c4e2""]"
"mates2-analisis-9dce0ad60050","cand-fecce8e1-54dd-5503-9555-01ad3a2b9143","ex-4a55224a-842b-5d54-80da-de49c0743f9e","2bach-mates","matematicas-ii","Castilla-La Mancha","BLOCKED","LOADED_NOT_MATERIALIZED_BY_CURRENT_ROUTES","[""ANSWER_MISSING"",""MODALITIES_MISSING"",""MODALITY_UNDEMONSTRATED"",""SOLUTION_MISSING"",""UNMAPPED_TOPIC"",""PAU_DETAIL_INCOMPLETE"",""PAU_MODALITY_UNDECLARED"",""SOLUTION_REVIEW_REQUIRED""]","[""src-6a85714d-e672-5781-8a0e-6e9698356384""]"
"mates2-analisis-9ff8a18eebbc","cand-ebf7ae00-c261-5a54-a07a-1431ff635d27","ex-bebcef37-bb12-51a1-8cfb-f02c48621d49","2bach-mates","matematicas-ii","Castilla-La Mancha","BLOCKED","LOADED_NOT_MATERIALIZED_BY_CURRENT_ROUTES","[""ANSWER_MISSING"",""MODALITIES_MISSING"",""MODALITY_UNDEMONSTRATED"",""SOLUTION_MISSING"",""UNMAPPED_TOPIC"",""PAU_MODALITY_UNDECLARED"",""SOLUTION_REVIEW_REQUIRED""]","[""src-d941ad37-cdcd-56ba-9fad-bb92deb5ec26""]"
"mates2-analisis-9ff8a18eebbc--mates-ii-analisis-2","cand-adfef163-1b57-59f1-bb94-ef1dcd14d7cf","ex-fa69d2e9-395c-50e2-987f-bb4a7890f7fa","2bach-mates","matematicas-ii","Castilla-La Mancha","BLOCKED","LOADED_NOT_MATERIALIZED_BY_CURRENT_ROUTES","[""ANSWER_MISSING"",""MODALITIES_MISSING"",""MODALITY_UNDEMONSTRATED"",""SOLUTION_MISSING"",""UNMAPPED_TOPIC"",""PAU_MODALITY_UNDECLARED"",""SOLUTION_REVIEW_REQUIRED""]","[""src-507eea78-4704-5764-901a-ba88859734f0""]"
"mates2-analisis-9ff8a18eebbc--mates-ii-analisis-3","cand-9520d27e-63fb-56d7-a780-d335942fcbcf","ex-28ecf1a9-14ba-5c14-95ca-5b6f7f340f22","2bach-mates","matematicas-ii","Castilla-La Mancha","BLOCKED","LOADED_NOT_MATERIALIZED_BY_CURRENT_ROUTES","[""ANSWER_MISSING"",""MODALITIES_MISSING"",""MODALITY_UNDEMONSTRATED"",""SOLUTION_MISSING"",""UNMAPPED_TOPIC"",""PAU_MODALITY_UNDECLARED"",""SOLUTION_REVIEW_REQUIRED""]","[""src-5ea6f28c-f667-5be2-9514-1f8b98b36c54""]"
"mates2-analisis-a49fbfc0261a","cand-8529bd5a-2443-5d6e-ac49-5b4211382f85","ex-21087239-540d-5ab2-a918-365e45f8dcba","2bach-mates","matematicas-ii","Castilla-La Mancha","BLOCKED","LOADED_NOT_MATERIALIZED_BY_CURRENT_ROUTES","[""ANSWER_MISSING"",""MODALITIES_MISSING"",""MODALITY_UNDEMONSTRATED"",""SOLUTION_MISSING"",""UNMAPPED_TOPIC"",""PAU_MODALITY_UNDECLARED"",""SOLUTION_REVIEW_REQUIRED""]","[""src-53c5ce4a-fd4f-5537-bcea-6f1243fef508""]"
"mates2-analisis-a685e6796d17","cand-5f7ec7c4-22fe-5f8b-8a2c-289f86de6946","ex-eda9a61b-a22c-529a-9862-2d29a50e75c3","2bach-mates","matematicas-ii","Castilla-La Mancha","BLOCKED","LOADED_NOT_MATERIALIZED_BY_CURRENT_ROUTES","[""ANSWER_MISSING"",""MODALITIES_MISSING"",""MODALITY_UNDEMONSTRATED"",""SOLUTION_MISSING"",""UNMAPPED_TOPIC"",""MATH_REPRESENTATION_UNDECLARED"",""PAU_DETAIL_INCOMPLETE"",""PAU_MODALITY_UNDECLARED"",""SOLUTION_REVIEW_REQUIRED""]","[""src-99e35ca3-cc92-5acd-96cf-8c7964160b70""]"
"mates2-analisis-aef8e741a8cb","cand-dd5dc589-a3f4-567b-be2a-7bcdbf309798","ex-b18015e4-c5d5-58d8-8ddc-25e6308efe73","2bach-mates","matematicas-ii","Castilla-La Mancha","BLOCKED","LOADED_NOT_MATERIALIZED_BY_CURRENT_ROUTES","[""ANSWER_MISSING"",""MODALITIES_MISSING"",""MODALITY_UNDEMONSTRATED"",""SOLUTION_MISSING"",""UNMAPPED_TOPIC"",""PAU_DETAIL_INCOMPLETE"",""PAU_MODALITY_UNDECLARED"",""SOLUTION_REVIEW_REQUIRED""]","[""src-fbde02b8-18b2-5dd0-baf3-75fd2e1f3b62""]"
"mates2-analisis-b09561e4b4d5","cand-4655c551-8a44-53f0-99a1-aaa19043b769","ex-869e50f4-80b9-5835-bade-c5b4846ef0ae","2bach-mates","matematicas-ii","Castilla-La Mancha","BLOCKED","LOADED_NOT_MATERIALIZED_BY_CURRENT_ROUTES","[""ANSWER_MISSING"",""MODALITIES_MISSING"",""MODALITY_UNDEMONSTRATED"",""SOLUTION_MISSING"",""UNMAPPED_TOPIC"",""PAU_MODALITY_UNDECLARED"",""SOLUTION_REVIEW_REQUIRED""]","[""src-ae483a9f-56a2-50f1-bb4e-e6d1c65e53a8""]"
"mates2-analisis-b21707190d9b","cand-d45f8709-24e9-5e8f-ac17-c79eff274a19","ex-61858e9b-7282-564c-a59e-95d33c076384","2bach-mates","matematicas-ii","Castilla-La Mancha","BLOCKED","LOADED_NOT_MATERIALIZED_BY_CURRENT_ROUTES","[""ANSWER_MISSING"",""MODALITIES_MISSING"",""MODALITY_UNDEMONSTRATED"",""SOLUTION_MISSING"",""UNMAPPED_TOPIC"",""PAU_DETAIL_INCOMPLETE"",""PAU_MODALITY_UNDECLARED"",""SOLUTION_REVIEW_REQUIRED""]","[""src-42b32a51-2cbe-5121-9f4a-864db96078c0""]"
"mates2-analisis-b2cf32bb0462","cand-c5a6dbdd-94fb-5cdc-a851-8465f0c341fc","ex-55700fd4-a8a7-53a2-9664-c96c6167cf38","2bach-mates","matematicas-ii","Castilla-La Mancha","BLOCKED","LOADED_NOT_MATERIALIZED_BY_CURRENT_ROUTES","[""ANSWER_MISSING"",""MODALITIES_MISSING"",""MODALITY_UNDEMONSTRATED"",""SOLUTION_MISSING"",""UNMAPPED_TOPIC"",""PAU_MODALITY_UNDECLARED"",""SOLUTION_REVIEW_REQUIRED""]","[""src-4a1a448f-8390-5620-baad-3679ca73f318""]"
"mates2-analisis-b6c890885621","cand-e36e38b7-6e34-525c-863d-94712bc70457","ex-5b9bc9a5-edfe-5870-a696-be51dd837afe","2bach-mates","matematicas-ii","Castilla-La Mancha","BLOCKED","LOADED_NOT_MATERIALIZED_BY_CURRENT_ROUTES","[""ANSWER_MISSING"",""MODALITIES_MISSING"",""MODALITY_UNDEMONSTRATED"",""SOLUTION_MISSING"",""UNMAPPED_TOPIC"",""PAU_DETAIL_INCOMPLETE"",""PAU_MODALITY_UNDECLARED"",""SOLUTION_REVIEW_REQUIRED""]","[""src-36df5e0e-378a-5349-a5fc-88e5946c5aaa""]"
"mates2-analisis-b9089fbde648","cand-53fffd8a-8f74-524e-83d5-d63424c17ad8","ex-991c7168-ba97-51d8-9aa6-b1589388c516","2bach-mates","matematicas-ii","Castilla-La Mancha","BLOCKED","LOADED_NOT_MATERIALIZED_BY_CURRENT_ROUTES","[""ANSWER_MISSING"",""MODALITIES_MISSING"",""MODALITY_UNDEMONSTRATED"",""SOLUTION_MISSING"",""UNMAPPED_TOPIC"",""PAU_MODALITY_UNDECLARED"",""SOLUTION_REVIEW_REQUIRED""]","[""src-d153a574-7428-50ba-9e72-b20280f0e1ce""]"
"mates2-analisis-b9089fbde648--mates-ii-analisis-2","cand-ba384bb7-d3f8-591f-9e7d-fdcaea0a72bb","ex-f46ccf3c-88f8-537b-a378-d85984f34a46","2bach-mates","matematicas-ii","Castilla-La Mancha","BLOCKED","LOADED_NOT_MATERIALIZED_BY_CURRENT_ROUTES","[""ANSWER_MISSING"",""MODALITIES_MISSING"",""MODALITY_UNDEMONSTRATED"",""SOLUTION_MISSING"",""UNMAPPED_TOPIC"",""PAU_MODALITY_UNDECLARED"",""SOLUTION_REVIEW_REQUIRED""]","[""src-4582fb01-ac79-57a6-af52-4f3db843ef65""]"
"mates2-analisis-b9089fbde648--mates-ii-analisis-3","cand-73a9b44a-3e62-5798-ba01-4b66065db3c9","ex-cd65ac8e-e120-553a-92af-a7628641f438","2bach-mates","matematicas-ii","Castilla-La Mancha","BLOCKED","LOADED_NOT_MATERIALIZED_BY_CURRENT_ROUTES","[""ANSWER_MISSING"",""MODALITIES_MISSING"",""MODALITY_UNDEMONSTRATED"",""SOLUTION_MISSING"",""UNMAPPED_TOPIC"",""PAU_MODALITY_UNDECLARED"",""SOLUTION_REVIEW_REQUIRED""]","[""src-78f0a7c9-6195-5859-b4d3-67a124f3d3ff""]"
"mates2-analisis-b9089fbde648--mates-ii-analisis-4","cand-58b58c6b-18cf-51d1-bb68-9d5ae605ee7d","ex-d0df3689-6f4c-55b9-943f-d151e180eabf","2bach-mates","matematicas-ii","Castilla-La Mancha","BLOCKED","LOADED_NOT_MATERIALIZED_BY_CURRENT_ROUTES","[""ANSWER_MISSING"",""MODALITIES_MISSING"",""MODALITY_UNDEMONSTRATED"",""SOLUTION_MISSING"",""UNMAPPED_TOPIC"",""MATH_REPRESENTATION_UNDECLARED"",""PAU_MODALITY_UNDECLARED"",""SOLUTION_REVIEW_REQUIRED""]","[""src-e089d4da-c234-5291-8aa2-edce5f237188""]"
"mates2-analisis-b9ae7dfe3d6e","cand-4152b20b-b9aa-5f6c-bd3c-859c203d7411","ex-65662ff9-bbee-5cf3-b5dd-8d37387a108f","2bach-mates","matematicas-ii","Castilla-La Mancha","BLOCKED","LOADED_NOT_MATERIALIZED_BY_CURRENT_ROUTES","[""ANSWER_MISSING"",""MODALITIES_MISSING"",""MODALITY_UNDEMONSTRATED"",""SOLUTION_MISSING"",""UNMAPPED_TOPIC"",""PAU_DETAIL_INCOMPLETE"",""PAU_MODALITY_UNDECLARED"",""SOLUTION_REVIEW_REQUIRED""]","[""src-cca86128-8e4a-5600-9b6e-a2ffac03cc1b""]"
"mates2-analisis-bb2f31f90df0","cand-310cb6ef-f477-5941-9a4c-ca807d43e4cd","ex-0e6c1984-b79d-5a03-a3a4-38bfb96b8235","2bach-mates","matematicas-ii","Castilla-La Mancha","BLOCKED","LOADED_NOT_MATERIALIZED_BY_CURRENT_ROUTES","[""ANSWER_MISSING"",""MODALITIES_MISSING"",""MODALITY_UNDEMONSTRATED"",""SOLUTION_MISSING"",""UNMAPPED_TOPIC"",""MATH_REPRESENTATION_UNDECLARED"",""PAU_DETAIL_INCOMPLETE"",""PAU_MODALITY_UNDECLARED"",""SOLUTION_REVIEW_REQUIRED""]","[""src-2f9e0f3d-fb5d-5d8b-b62c-409a0c02bd6d""]"
"mates2-analisis-bf2070836657","cand-b78ff2dc-8737-5460-8a5a-e06d93ae48a1","ex-4fb7b284-d804-5bfc-8988-15c8d952ab74","2bach-mates","matematicas-ii","Castilla-La Mancha","BLOCKED","LOADED_NOT_MATERIALIZED_BY_CURRENT_ROUTES","[""ANSWER_MISSING"",""MODALITIES_MISSING"",""MODALITY_UNDEMONSTRATED"",""SOLUTION_MISSING"",""UNMAPPED_TOPIC"",""MATH_REPRESENTATION_UNDECLARED"",""PAU_DETAIL_INCOMPLETE"",""PAU_MODALITY_UNDECLARED"",""SOLUTION_REVIEW_REQUIRED""]","[""src-0e59ff7c-c361-53d4-97b9-92d720f3a754""]"
"mates2-analisis-bfa6708472a9","cand-61cf38d3-06e9-5500-82f7-e2d929a04806","ex-2f178a95-1e50-5956-a7f7-10aa850e704d","2bach-mates","matematicas-ii","Castilla-La Mancha","BLOCKED","LOADED_NOT_MATERIALIZED_BY_CURRENT_ROUTES","[""ANSWER_MISSING"",""MODALITIES_MISSING"",""MODALITY_UNDEMONSTRATED"",""SOLUTION_MISSING"",""UNMAPPED_TOPIC"",""PAU_DETAIL_INCOMPLETE"",""PAU_MODALITY_UNDECLARED"",""SOLUTION_REVIEW_REQUIRED""]","[""src-f5f98a84-ca4d-560d-9b97-c5922f26d284""]"
"mates2-analisis-c031c549d272","cand-81598dee-6ec0-5c5e-b6c5-a951296d62e5","ex-62a73c1e-35ba-59c6-8a93-8609f9869a57","2bach-mates","matematicas-ii","Castilla-La Mancha","BLOCKED","LOADED_NOT_MATERIALIZED_BY_CURRENT_ROUTES","[""ANSWER_MISSING"",""MODALITIES_MISSING"",""MODALITY_UNDEMONSTRATED"",""SOLUTION_MISSING"",""UNMAPPED_TOPIC"",""PAU_DETAIL_INCOMPLETE"",""PAU_MODALITY_UNDECLARED"",""SOLUTION_REVIEW_REQUIRED""]","[""src-9b686a75-8da6-56fb-a48e-80abb444ee89""]"
"mates2-analisis-c1bd298a3533","cand-48fd3f74-7806-509f-ba2e-ee4a3404a5ef","ex-5ecfac6a-2eed-5dfe-89a6-51f180fc724f","2bach-mates","matematicas-ii","Castilla-La Mancha","BLOCKED","LOADED_NOT_MATERIALIZED_BY_CURRENT_ROUTES","[""ANSWER_MISSING"",""MODALITIES_MISSING"",""MODALITY_UNDEMONSTRATED"",""SOLUTION_MISSING"",""UNMAPPED_TOPIC"",""PAU_MODALITY_UNDECLARED"",""SOLUTION_REVIEW_REQUIRED""]","[""src-eb0952da-ee19-5b79-97da-47c3d078829b""]"
"mates2-analisis-c1bd298a3533-2","cand-295395b7-e92f-506b-b85f-c867e45dc170","ex-5e8db2b8-972a-50c7-8c48-e0585bec8909","2bach-mates","matematicas-ii","","BLOCKED","LOADED_NOT_MATERIALIZED_BY_CURRENT_ROUTES","[""ANSWER_MISSING"",""COMMUNITY_UNMAPPED"",""MODALITIES_MISSING"",""MODALITY_UNDEMONSTRATED"",""PAU_COMMUNITY_MISSING"",""SOLUTION_MISSING"",""UNMAPPED_TOPIC"",""PAU_MODALITY_UNDECLARED"",""SOLUTION_REVIEW_REQUIRED""]","[""src-13f995e7-f1d2-52ae-88ae-ff82e5e7fa8d""]"
"mates2-analisis-c2d332ee45c3","cand-aa427c11-ef20-5924-b446-b43dc52c9aff","ex-dc55a0aa-c044-5e83-86fe-9bd5470b959c","2bach-mates","matematicas-ii","Castilla-La Mancha","BLOCKED","LOADED_NOT_MATERIALIZED_BY_CURRENT_ROUTES","[""ANSWER_MISSING"",""MODALITIES_MISSING"",""MODALITY_UNDEMONSTRATED"",""SOLUTION_MISSING"",""UNMAPPED_TOPIC"",""MATH_REPRESENTATION_UNDECLARED"",""PAU_MODALITY_UNDECLARED"",""SOLUTION_REVIEW_REQUIRED""]","[""src-fde06890-69a0-5e0c-8643-c7c488edcd5d""]"
"mates2-analisis-c2d332ee45c3-1b","cand-762b2304-c552-5827-ba0b-5acbdc111df5","ex-cd049093-0997-565a-b684-ebb099a9465b","2bach-mates","matematicas-ii","","BLOCKED","LOADED_NOT_MATERIALIZED_BY_CURRENT_ROUTES","[""ANSWER_MISSING"",""COMMUNITY_UNMAPPED"",""MODALITIES_MISSING"",""MODALITY_UNDEMONSTRATED"",""PAU_COMMUNITY_MISSING"",""SOLUTION_MISSING"",""UNMAPPED_TOPIC"",""MATH_REPRESENTATION_UNDECLARED"",""PAU_MODALITY_UNDECLARED"",""SOLUTION_REVIEW_REQUIRED""]","[""src-d072334a-7765-5ef6-aa30-9c132c58d796""]"
"mates2-analisis-c2d332ee45c3-2a","cand-4f363d94-48c6-5a74-8f9d-e85034c1804f","ex-d2412c59-08bb-553f-a57c-08bee753f25a","2bach-mates","matematicas-ii","","BLOCKED","LOADED_NOT_MATERIALIZED_BY_CURRENT_ROUTES","[""ANSWER_MISSING"",""COMMUNITY_UNMAPPED"",""MODALITIES_MISSING"",""MODALITY_UNDEMONSTRATED"",""PAU_COMMUNITY_MISSING"",""SOLUTION_MISSING"",""UNMAPPED_TOPIC"",""MATH_REPRESENTATION_UNDECLARED"",""PAU_MODALITY_UNDECLARED"",""SOLUTION_REVIEW_REQUIRED""]","[""src-c2df72ee-4348-5ceb-9b6e-40b12f3711af""]"
"mates2-analisis-c2d332ee45c3-2b","cand-69b7d98e-be87-5b2e-9bd8-a964b9c650d9","ex-cf0c074c-7a92-583a-a94b-2b79abca8180","2bach-mates","matematicas-ii","","BLOCKED","LOADED_NOT_MATERIALIZED_BY_CURRENT_ROUTES","[""ANSWER_MISSING"",""COMMUNITY_UNMAPPED"",""MODALITIES_MISSING"",""MODALITY_UNDEMONSTRATED"",""PAU_COMMUNITY_MISSING"",""SOLUTION_MISSING"",""UNMAPPED_TOPIC"",""PAU_MODALITY_UNDECLARED"",""SOLUTION_REVIEW_REQUIRED""]","[""src-9bad4410-e454-52b0-86e9-3184f74a284f""]"
"mates2-analisis-c3697f3750bd","cand-d867168b-1a7d-5aa2-bfec-ea17da08f60a","ex-7ae5d9a8-0bbf-5998-b46b-333adfdaefb3","2bach-mates","matematicas-ii","Castilla-La Mancha","BLOCKED","LOADED_NOT_MATERIALIZED_BY_CURRENT_ROUTES","[""ANSWER_MISSING"",""MODALITIES_MISSING"",""MODALITY_UNDEMONSTRATED"",""SOLUTION_MISSING"",""UNMAPPED_TOPIC"",""MATH_REPRESENTATION_UNDECLARED"",""PAU_MODALITY_UNDECLARED"",""SOLUTION_REVIEW_REQUIRED""]","[""src-27928f7d-6477-5996-b3bb-662aef5a0463""]"
"mates2-analisis-c399a6f884c1","cand-d59d4f4d-9d91-5ce1-a511-af55f1f76cd0","ex-59a86eda-9af9-5e58-abad-56ba24f81e6c","2bach-mates","matematicas-ii","Castilla-La Mancha","BLOCKED","LOADED_NOT_MATERIALIZED_BY_CURRENT_ROUTES","[""ANSWER_MISSING"",""MODALITIES_MISSING"",""MODALITY_UNDEMONSTRATED"",""SOLUTION_MISSING"",""UNMAPPED_TOPIC"",""PAU_DETAIL_INCOMPLETE"",""PAU_MODALITY_UNDECLARED"",""SOLUTION_REVIEW_REQUIRED""]","[""src-6a892191-490a-5758-b461-4b3cf3ba19a5""]"
"mates2-analisis-c543e1c0746b","cand-7b859703-127d-565c-b1d2-9bb853ddd198","ex-43346f14-e2bd-50fa-b384-fbae4a04ecf2","2bach-mates","matematicas-ii","Castilla-La Mancha","BLOCKED","LOADED_NOT_MATERIALIZED_BY_CURRENT_ROUTES","[""ANSWER_MISSING"",""MODALITIES_MISSING"",""MODALITY_UNDEMONSTRATED"",""SOLUTION_MISSING"",""UNMAPPED_TOPIC"",""MATH_REPRESENTATION_UNDECLARED"",""PAU_MODALITY_UNDECLARED"",""SOLUTION_REVIEW_REQUIRED""]","[""src-4787f59b-daf8-5e2c-a410-0f563ba51efe""]"
"mates2-analisis-c623519654b3","cand-3618967c-c01b-525d-9f6e-c00ccbc04bd9","ex-7e034cc9-27a6-5aad-9599-37471c95c8e1","2bach-mates","matematicas-ii","Castilla-La Mancha","BLOCKED","LOADED_NOT_MATERIALIZED_BY_CURRENT_ROUTES","[""ANSWER_MISSING"",""MODALITIES_MISSING"",""MODALITY_UNDEMONSTRATED"",""SOLUTION_MISSING"",""UNMAPPED_TOPIC"",""MATH_REPRESENTATION_UNDECLARED"",""PAU_MODALITY_UNDECLARED"",""SOLUTION_REVIEW_REQUIRED""]","[""src-1c767676-9b07-59b1-a1fc-bf488d0af90a""]"
"mates2-analisis-c6b50e490668","cand-05b23213-9b32-5b09-8d09-f6e3004e2681","ex-a58528d9-c3a8-5b65-a7d2-afbcaa9f7d05","2bach-mates","matematicas-ii","Castilla-La Mancha","BLOCKED","LOADED_NOT_MATERIALIZED_BY_CURRENT_ROUTES","[""ANSWER_MISSING"",""MODALITIES_MISSING"",""MODALITY_UNDEMONSTRATED"",""SOLUTION_MISSING"",""UNMAPPED_TOPIC"",""MATH_REPRESENTATION_UNDECLARED"",""PAU_MODALITY_UNDECLARED"",""SOLUTION_REVIEW_REQUIRED""]","[""src-1c981a7f-aea2-50c4-9390-28166547a50f""]"
"mates2-analisis-c8070096fa96","cand-f0065379-4716-54f9-ab65-1ce8dc5cbc0a","ex-773cf6be-230d-526d-9c53-7413314f8897","2bach-mates","matematicas-ii","Castilla-La Mancha","BLOCKED","LOADED_NOT_MATERIALIZED_BY_CURRENT_ROUTES","[""ANSWER_MISSING"",""MODALITIES_MISSING"",""MODALITY_UNDEMONSTRATED"",""SOLUTION_MISSING"",""UNMAPPED_TOPIC"",""PAU_DETAIL_INCOMPLETE"",""PAU_MODALITY_UNDECLARED"",""SOLUTION_REVIEW_REQUIRED""]","[""src-3e6d611b-ce77-5bed-8d72-30a6d979609e""]"
"mates2-analisis-c80e286c16c6","cand-cce2115f-60a1-50b8-9793-80d9834f6111","ex-a392dc70-d129-519e-ae16-aa3a8f860789","2bach-mates","matematicas-ii","Castilla-La Mancha","BLOCKED","LOADED_NOT_MATERIALIZED_BY_CURRENT_ROUTES","[""ANSWER_MISSING"",""MODALITIES_MISSING"",""MODALITY_UNDEMONSTRATED"",""SOLUTION_MISSING"",""UNMAPPED_TOPIC"",""MATH_REPRESENTATION_UNDECLARED"",""PAU_DETAIL_INCOMPLETE"",""PAU_MODALITY_UNDECLARED"",""SOLUTION_REVIEW_REQUIRED""]","[""src-de5691ef-e9d3-5280-8947-4fafe1304194""]"
"mates2-analisis-cc335e861a6d","cand-d3152586-2c9e-51ee-a60d-f2db00dc024b","ex-a1722a24-2509-5536-95fa-098d52583ec8","2bach-mates","matematicas-ii","Castilla-La Mancha","BLOCKED","LOADED_NOT_MATERIALIZED_BY_CURRENT_ROUTES","[""ANSWER_MISSING"",""MODALITIES_MISSING"",""MODALITY_UNDEMONSTRATED"",""SOLUTION_MISSING"",""UNMAPPED_TOPIC"",""PAU_DETAIL_INCOMPLETE"",""PAU_MODALITY_UNDECLARED"",""SOLUTION_REVIEW_REQUIRED""]","[""src-d787a551-b354-5598-b3e8-3ab787e5fe52""]"
"mates2-analisis-cc81ce0c055e","cand-4eb1334e-1383-5bb8-9995-710365c88cf7","ex-308cb9f6-96f7-5724-9b14-db5ef7c0c784","2bach-mates","matematicas-ii","Castilla-La Mancha","BLOCKED","LOADED_NOT_MATERIALIZED_BY_CURRENT_ROUTES","[""ANSWER_MISSING"",""MODALITIES_MISSING"",""MODALITY_UNDEMONSTRATED"",""SOLUTION_MISSING"",""UNMAPPED_TOPIC"",""PAU_DETAIL_INCOMPLETE"",""PAU_MODALITY_UNDECLARED"",""SOLUTION_REVIEW_REQUIRED""]","[""src-3abfef6c-2c41-5b3f-a4a6-a9726fca007d""]"
"mates2-analisis-ce1ce12754c4","cand-3a7b053c-cb41-526b-8972-012a7d7fc361","ex-3d5bcc9c-bfcf-5f15-b7af-27ec6223373b","2bach-mates","matematicas-ii","Castilla-La Mancha","BLOCKED","LOADED_NOT_MATERIALIZED_BY_CURRENT_ROUTES","[""ANSWER_MISSING"",""MODALITIES_MISSING"",""MODALITY_UNDEMONSTRATED"",""SOLUTION_MISSING"",""UNMAPPED_TOPIC"",""PAU_DETAIL_INCOMPLETE"",""PAU_MODALITY_UNDECLARED"",""SOLUTION_REVIEW_REQUIRED""]","[""src-377b20f8-32a6-536c-b307-e9e69e618085""]"
"mates2-analisis-ce813cc87aeb","cand-af24625a-b7d2-5b4e-b165-c824c0805652","ex-aa70e6b0-1d67-56b6-a66f-d0493b607424","2bach-mates","matematicas-ii","Castilla-La Mancha","BLOCKED","LOADED_NOT_MATERIALIZED_BY_CURRENT_ROUTES","[""ANSWER_MISSING"",""MODALITIES_MISSING"",""MODALITY_UNDEMONSTRATED"",""SOLUTION_MISSING"",""UNMAPPED_TOPIC"",""PAU_MODALITY_UNDECLARED"",""SOLUTION_REVIEW_REQUIRED""]","[""src-c6e8858f-6f04-5135-8b28-91fe892fbc53""]"
"mates2-analisis-cf4f1e3eed37","cand-abde68ac-0f6c-51f8-bc3e-feabc578b48c","ex-ee5c4343-d3d8-526a-8dfd-6486ddcdf019","2bach-mates","matematicas-ii","Castilla-La Mancha","BLOCKED","LOADED_NOT_MATERIALIZED_BY_CURRENT_ROUTES","[""ANSWER_MISSING"",""MODALITIES_MISSING"",""MODALITY_UNDEMONSTRATED"",""SOLUTION_MISSING"",""UNMAPPED_TOPIC"",""MATH_REPRESENTATION_UNDECLARED"",""PAU_MODALITY_UNDECLARED"",""SOLUTION_REVIEW_REQUIRED""]","[""src-30673858-fac6-53bc-8846-0fadfa6699c4""]"
"mates2-analisis-d09e28058129","cand-6629e29c-44b7-5ef4-9108-42a63f884828","ex-f42c286a-5ea4-5c0e-aa9a-4c666df6a2e1","2bach-mates","matematicas-ii","Castilla-La Mancha","BLOCKED","LOADED_NOT_MATERIALIZED_BY_CURRENT_ROUTES","[""ANSWER_MISSING"",""MODALITIES_MISSING"",""MODALITY_UNDEMONSTRATED"",""SOLUTION_MISSING"",""UNMAPPED_TOPIC"",""MATH_REPRESENTATION_UNDECLARED"",""PAU_MODALITY_UNDECLARED"",""SOLUTION_REVIEW_REQUIRED""]","[""src-7a553b88-2d31-517c-b4fd-cc289cd948b1""]"
"mates2-analisis-d1eb1bbc2b2e","cand-d7e38607-4788-53e8-aa37-5a518a042395","ex-161e0d9c-b188-5528-add6-8f768c526901","2bach-mates","matematicas-ii","Castilla-La Mancha","BLOCKED","LOADED_NOT_MATERIALIZED_BY_CURRENT_ROUTES","[""ANSWER_MISSING"",""MODALITIES_MISSING"",""MODALITY_UNDEMONSTRATED"",""SOLUTION_MISSING"",""UNMAPPED_TOPIC"",""PAU_MODALITY_UNDECLARED"",""SOLUTION_REVIEW_REQUIRED""]","[""src-00f93492-91a6-5858-89e1-446d038d8225""]"
"mates2-analisis-d37150a012da","cand-b44155e7-10a9-51b8-bb85-6eb23bd560e4","ex-bc8414b3-d65b-5c10-b6d7-5c96537678f7","2bach-mates","matematicas-ii","Castilla-La Mancha","BLOCKED","LOADED_NOT_MATERIALIZED_BY_CURRENT_ROUTES","[""ANSWER_MISSING"",""MODALITIES_MISSING"",""MODALITY_UNDEMONSTRATED"",""SOLUTION_MISSING"",""UNMAPPED_TOPIC"",""PAU_MODALITY_UNDECLARED"",""SOLUTION_REVIEW_REQUIRED""]","[""src-89a4a4de-ce3d-5247-b039-8a3ebead37bf""]"
"mates2-analisis-d37150a012da-1b","cand-96893b70-c97f-550a-aa45-8eb4b57afcae","ex-73b6b5c2-478f-5496-891b-108b3ea8b0aa","2bach-mates","matematicas-ii","","BLOCKED","LOADED_NOT_MATERIALIZED_BY_CURRENT_ROUTES","[""ANSWER_MISSING"",""COMMUNITY_UNMAPPED"",""MODALITIES_MISSING"",""MODALITY_UNDEMONSTRATED"",""PAU_COMMUNITY_MISSING"",""SOLUTION_MISSING"",""UNMAPPED_TOPIC"",""PAU_MODALITY_UNDECLARED"",""SOLUTION_REVIEW_REQUIRED""]","[""src-eea94d58-d5ac-505f-b7a6-91f354921f8f""]"
"mates2-analisis-d37150a012da-2a","cand-9b7ac0f5-b37f-5cca-9f0e-4ae3f9ebce61","ex-e5694d87-851a-597e-a00c-c19dd847d547","2bach-mates","matematicas-ii","","BLOCKED","LOADED_NOT_MATERIALIZED_BY_CURRENT_ROUTES","[""ANSWER_MISSING"",""COMMUNITY_UNMAPPED"",""MODALITIES_MISSING"",""MODALITY_UNDEMONSTRATED"",""PAU_COMMUNITY_MISSING"",""SOLUTION_MISSING"",""UNMAPPED_TOPIC"",""MATH_REPRESENTATION_UNDECLARED"",""PAU_MODALITY_UNDECLARED"",""SOLUTION_REVIEW_REQUIRED""]","[""src-660dac48-fa38-5e9c-a871-0b2d1af0c17a""]"
"mates2-analisis-d37150a012da-2b","cand-ea9bad26-b09d-5a43-85ce-7613245649b3","ex-53326945-5962-552a-9c28-79b64a77c939","2bach-mates","matematicas-ii","","BLOCKED","LOADED_NOT_MATERIALIZED_BY_CURRENT_ROUTES","[""ANSWER_MISSING"",""COMMUNITY_UNMAPPED"",""MODALITIES_MISSING"",""MODALITY_UNDEMONSTRATED"",""PAU_COMMUNITY_MISSING"",""SOLUTION_MISSING"",""UNMAPPED_TOPIC"",""PAU_MODALITY_UNDECLARED"",""SOLUTION_REVIEW_REQUIRED""]","[""src-b9ed0e5e-b009-5e3d-a611-8feae31abaec""]"
"mates2-analisis-d6270598ad14","cand-28b1f54d-90fe-5033-bec5-c6c8c92aa9ee","ex-44993a86-7098-5072-8bf9-fb4e4cdeabe0","2bach-mates","matematicas-ii","Castilla-La Mancha","BLOCKED","LOADED_NOT_MATERIALIZED_BY_CURRENT_ROUTES","[""ANSWER_MISSING"",""MODALITIES_MISSING"",""MODALITY_UNDEMONSTRATED"",""SOLUTION_MISSING"",""UNMAPPED_TOPIC"",""MATH_REPRESENTATION_UNDECLARED"",""PAU_DETAIL_INCOMPLETE"",""PAU_MODALITY_UNDECLARED"",""SOLUTION_REVIEW_REQUIRED""]","[""src-49db4eb7-4b9a-5632-99a8-307347a1a511""]"
"mates2-analisis-d7fda1d5da3b","cand-5ec0e4a5-f9f5-5251-af8d-f06348c540bb","ex-ded7187d-f1d0-52df-a883-f1541005c6c6","2bach-mates","matematicas-ii","Castilla-La Mancha","BLOCKED","LOADED_NOT_MATERIALIZED_BY_CURRENT_ROUTES","[""ANSWER_MISSING"",""MODALITIES_MISSING"",""MODALITY_UNDEMONSTRATED"",""SOLUTION_MISSING"",""UNMAPPED_TOPIC"",""PAU_DETAIL_INCOMPLETE"",""PAU_MODALITY_UNDECLARED"",""SOLUTION_REVIEW_REQUIRED""]","[""src-54c72ba3-c5d0-55c4-b48a-bb6f1ac040cd""]"
"mates2-analisis-daab52a3bd45","cand-5fcf1ddc-5cfb-5ebe-a1cf-44fcac893d54","ex-8b72b302-a259-5a65-96cf-18f6ebc45f67","2bach-mates","matematicas-ii","Castilla-La Mancha","BLOCKED","LOADED_NOT_MATERIALIZED_BY_CURRENT_ROUTES","[""ANSWER_MISSING"",""MODALITIES_MISSING"",""MODALITY_UNDEMONSTRATED"",""SOLUTION_MISSING"",""UNMAPPED_TOPIC"",""MATH_REPRESENTATION_UNDECLARED"",""PAU_DETAIL_INCOMPLETE"",""PAU_MODALITY_UNDECLARED"",""SOLUTION_REVIEW_REQUIRED""]","[""src-349f92b3-bb4c-5b7f-8e24-5ddbe07d5d33""]"
"mates2-analisis-daab52a3bd45-area","cand-0bcceaf0-d91d-5068-b81c-9be7750e1f61","ex-6cfdeb87-43d1-5b79-8c52-54f1d5c05a7a","2bach-mates","matematicas-ii","","BLOCKED","LOADED_NOT_MATERIALIZED_BY_CURRENT_ROUTES","[""ANSWER_MISSING"",""COMMUNITY_UNMAPPED"",""MODALITIES_MISSING"",""MODALITY_UNDEMONSTRATED"",""PAU_COMMUNITY_MISSING"",""SOLUTION_MISSING"",""UNMAPPED_TOPIC"",""MATH_REPRESENTATION_UNDECLARED"",""PAU_DETAIL_INCOMPLETE"",""PAU_MODALITY_UNDECLARED"",""SOLUTION_REVIEW_REQUIRED""]","[""src-4a5a69cd-e85f-5f64-be76-9d173cb65343""]"
"mates2-analisis-db4fb75c79cb","cand-44fae4dc-1699-5c30-a16a-50fbe340f34c","ex-cb25ebe6-7280-5370-9e3b-5f4903e53c31","2bach-mates","matematicas-ii","Castilla-La Mancha","BLOCKED","LOADED_NOT_MATERIALIZED_BY_CURRENT_ROUTES","[""ANSWER_MISSING"",""MODALITIES_MISSING"",""MODALITY_UNDEMONSTRATED"",""SOLUTION_MISSING"",""UNMAPPED_TOPIC"",""PAU_MODALITY_UNDECLARED"",""SOLUTION_REVIEW_REQUIRED""]","[""src-25d88603-ff6b-59cc-add9-c24f1733c7b5""]"
"mates2-analisis-db4fb75c79cb--mates-ii-analisis-2","cand-1191ca59-5119-5246-8206-8ff525d152d4","ex-716ff651-ab77-5362-89c7-fb14e2c68424","2bach-mates","matematicas-ii","Castilla-La Mancha","BLOCKED","LOADED_NOT_MATERIALIZED_BY_CURRENT_ROUTES","[""ANSWER_MISSING"",""MODALITIES_MISSING"",""MODALITY_UNDEMONSTRATED"",""SOLUTION_MISSING"",""UNMAPPED_TOPIC"",""MATH_REPRESENTATION_UNDECLARED"",""PAU_MODALITY_UNDECLARED"",""SOLUTION_REVIEW_REQUIRED""]","[""src-cdc8de2d-3b18-59dc-a33e-5f314ce2200f""]"
"mates2-analisis-dbf12dd0701b","cand-3f6a62ac-c2f4-5bdd-9bae-2efec6e58ac1","ex-fb30b5e5-1577-523c-95de-bbb1313b2a64","2bach-mates","matematicas-ii","Castilla-La Mancha","BLOCKED","LOADED_NOT_MATERIALIZED_BY_CURRENT_ROUTES","[""ANSWER_MISSING"",""MODALITIES_MISSING"",""MODALITY_UNDEMONSTRATED"",""SOLUTION_MISSING"",""UNMAPPED_TOPIC"",""MATH_REPRESENTATION_UNDECLARED"",""PAU_MODALITY_UNDECLARED"",""SOLUTION_REVIEW_REQUIRED""]","[""src-00d6493b-ccb8-5be8-8eb0-9e2240b8d2cd""]"
"mates2-analisis-dbf12dd0701b--mates-ii-analisis-2","cand-d5b9a041-80bc-5de7-8ac0-187f52ca5faf","ex-29153969-4e02-5dfe-94df-c235234c56b5","2bach-mates","matematicas-ii","Castilla-La Mancha","BLOCKED","LOADED_NOT_MATERIALIZED_BY_CURRENT_ROUTES","[""ANSWER_MISSING"",""MODALITIES_MISSING"",""MODALITY_UNDEMONSTRATED"",""SOLUTION_MISSING"",""UNMAPPED_TOPIC"",""PAU_MODALITY_UNDECLARED"",""SOLUTION_REVIEW_REQUIRED""]","[""src-b904e16f-47ab-5918-9572-3267c3ad5885""]"
"mates2-analisis-dcef9f8036c1","cand-31a96a08-0654-5362-a629-86d030511805","ex-fba7a316-8500-5b37-80b4-44bbcff3c147","2bach-mates","matematicas-ii","Castilla-La Mancha","BLOCKED","LOADED_NOT_MATERIALIZED_BY_CURRENT_ROUTES","[""ANSWER_MISSING"",""MODALITIES_MISSING"",""MODALITY_UNDEMONSTRATED"",""SOLUTION_MISSING"",""UNMAPPED_TOPIC"",""PAU_DETAIL_INCOMPLETE"",""PAU_MODALITY_UNDECLARED"",""SOLUTION_REVIEW_REQUIRED""]","[""src-5dc75540-3ee5-5f50-8284-8f8b4dcde3e3""]"
"mates2-analisis-dede61de18f2","cand-b27c9ea5-3387-5ab0-aba5-6b4bfa9ef0f0","ex-a5182e16-ac39-56c4-b64a-c80497630bb0","2bach-mates","matematicas-ii","Castilla-La Mancha","BLOCKED","LOADED_NOT_MATERIALIZED_BY_CURRENT_ROUTES","[""ANSWER_MISSING"",""MODALITIES_MISSING"",""MODALITY_UNDEMONSTRATED"",""SOLUTION_MISSING"",""UNMAPPED_TOPIC"",""MATH_REPRESENTATION_UNDECLARED"",""PAU_MODALITY_UNDECLARED"",""SOLUTION_REVIEW_REQUIRED""]","[""src-48d5bfa7-9a10-5006-9c0c-0a2a41bddd2a""]"
"mates2-analisis-df640c5905c9","cand-efaf4f79-5757-5807-8fd6-4509b8d13c60","ex-1f7ea91c-4124-588f-b035-48bff0634788","2bach-mates","matematicas-ii","Castilla-La Mancha","BLOCKED","LOADED_NOT_MATERIALIZED_BY_CURRENT_ROUTES","[""ANSWER_MISSING"",""MODALITIES_MISSING"",""MODALITY_UNDEMONSTRATED"",""SOLUTION_MISSING"",""UNMAPPED_TOPIC"",""MATH_REPRESENTATION_UNDECLARED"",""PAU_MODALITY_UNDECLARED"",""SOLUTION_REVIEW_REQUIRED"",""STATEMENT_VARIANTS""]","[""src-c145b532-b3ec-56b6-aa3a-4afa203a1a93"",""src-d00b77eb-7ca2-52ef-80d6-2ecc49bb2ae5""]"
"mates2-analisis-df640c5905c9-agua","cand-50fc3ff1-8b64-513f-8a4e-cf628bfe9370","ex-7296e16a-0eb8-5158-b68a-a07b87866370","2bach-mates","matematicas-ii","","BLOCKED","LOADED_NOT_MATERIALIZED_BY_CURRENT_ROUTES","[""ANSWER_MISSING"",""COMMUNITY_UNMAPPED"",""MODALITIES_MISSING"",""MODALITY_UNDEMONSTRATED"",""PAU_COMMUNITY_MISSING"",""SOLUTION_MISSING"",""UNMAPPED_TOPIC"",""PAU_MODALITY_UNDECLARED"",""SOLUTION_REVIEW_REQUIRED""]","[""src-36cf0ece-1da0-51dc-a433-cfa87607ed9f""]"
"mates2-analisis-e09054d12b66","cand-bff8b23e-a037-5179-a6d4-515125eb8c02","ex-19f797b6-266a-5d31-95c8-222f57453bc3","2bach-mates","matematicas-ii","Castilla-La Mancha","BLOCKED","LOADED_NOT_MATERIALIZED_BY_CURRENT_ROUTES","[""ANSWER_MISSING"",""MODALITIES_MISSING"",""MODALITY_UNDEMONSTRATED"",""SOLUTION_MISSING"",""UNMAPPED_TOPIC"",""PAU_DETAIL_INCOMPLETE"",""PAU_MODALITY_UNDECLARED"",""SOLUTION_REVIEW_REQUIRED""]","[""src-46770367-af96-5e7f-b50a-b7ad3005ef7b""]"
"mates2-analisis-e09054d12b66-integrales","cand-e2b2efe0-500b-565f-8e80-65ad9e12d7d0","ex-36f69150-9cd3-5db8-9282-493e6be0bb2a","2bach-mates","matematicas-ii","","BLOCKED","LOADED_NOT_MATERIALIZED_BY_CURRENT_ROUTES","[""ANSWER_MISSING"",""COMMUNITY_UNMAPPED"",""MODALITIES_MISSING"",""MODALITY_UNDEMONSTRATED"",""PAU_COMMUNITY_MISSING"",""SOLUTION_MISSING"",""UNMAPPED_TOPIC"",""PAU_DETAIL_INCOMPLETE"",""PAU_MODALITY_UNDECLARED"",""SOLUTION_REVIEW_REQUIRED""]","[""src-fabd2ec5-cb10-53ed-9f4b-a426be148994""]"
"mates2-analisis-e09dbd3ffdfc","cand-92861ced-c192-57bd-aaf6-f03f3988eed8","ex-1d02e406-026e-5779-9ba1-251954d9da44","2bach-mates","matematicas-ii","Castilla-La Mancha","BLOCKED","LOADED_NOT_MATERIALIZED_BY_CURRENT_ROUTES","[""ANSWER_MISSING"",""MODALITIES_MISSING"",""MODALITY_UNDEMONSTRATED"",""SOLUTION_MISSING"",""UNMAPPED_TOPIC"",""PAU_DETAIL_INCOMPLETE"",""PAU_MODALITY_UNDECLARED"",""SOLUTION_REVIEW_REQUIRED""]","[""src-b4344f67-07a0-5212-bd9b-7133b4938410""]"
"mates2-analisis-e11322ebed10","cand-ea405034-c38f-5b5f-bb48-c40e5949dce6","ex-104fdbf4-920e-5657-8178-ebf286c83289","2bach-mates","matematicas-ii","Castilla-La Mancha","BLOCKED","LOADED_NOT_MATERIALIZED_BY_CURRENT_ROUTES","[""ANSWER_MISSING"",""MODALITIES_MISSING"",""MODALITY_UNDEMONSTRATED"",""SOLUTION_MISSING"",""UNMAPPED_TOPIC"",""MATH_REPRESENTATION_UNDECLARED"",""PAU_DETAIL_INCOMPLETE"",""PAU_MODALITY_UNDECLARED"",""SOLUTION_REVIEW_REQUIRED""]","[""src-57ea985d-4dcd-59ae-a463-8ac5fdddc63e""]"
"mates2-analisis-e1a5e5443263","cand-530a423b-6a6d-5b5a-8be5-42b4ead78efa","ex-06263e2e-82d2-55be-8827-9f56f54b7fc1","2bach-mates","matematicas-ii","Castilla-La Mancha","BLOCKED","LOADED_NOT_MATERIALIZED_BY_CURRENT_ROUTES","[""ANSWER_MISSING"",""MODALITIES_MISSING"",""MODALITY_UNDEMONSTRATED"",""SOLUTION_MISSING"",""UNMAPPED_TOPIC"",""PAU_MODALITY_UNDECLARED"",""SOLUTION_REVIEW_REQUIRED""]","[""src-243d9840-6a98-5fc8-8a4c-ca6634b2b1f2""]"
"mates2-analisis-e1a5e5443263-integral","cand-34cea683-bf59-5569-929d-d68ed84713f5","ex-f26bdf09-6860-5b41-9982-ad7886ffbcb6","2bach-mates","matematicas-ii","","BLOCKED","LOADED_NOT_MATERIALIZED_BY_CURRENT_ROUTES","[""ANSWER_MISSING"",""COMMUNITY_UNMAPPED"",""MODALITIES_MISSING"",""MODALITY_UNDEMONSTRATED"",""PAU_COMMUNITY_MISSING"",""SOLUTION_MISSING"",""UNMAPPED_TOPIC"",""PAU_MODALITY_UNDECLARED"",""SOLUTION_REVIEW_REQUIRED""]","[""src-ac80d2f6-240a-52bb-9a0a-33353f3509b1""]"
"mates2-analisis-e2a3ad2d6f98","cand-15994be7-6140-5258-a8db-0aad23d100f7","ex-1cca7cd9-4ff2-584a-93fb-5242ccf663d6","2bach-mates","matematicas-ii","Castilla-La Mancha","BLOCKED","LOADED_NOT_MATERIALIZED_BY_CURRENT_ROUTES","[""ANSWER_MISSING"",""MODALITIES_MISSING"",""MODALITY_UNDEMONSTRATED"",""SOLUTION_MISSING"",""UNMAPPED_TOPIC"",""PAU_MODALITY_UNDECLARED"",""SOLUTION_REVIEW_REQUIRED""]","[""src-f5e3e50b-0e6f-5b0f-8cf1-7b74a7b6b311""]"
"mates2-analisis-e35f3878e056","cand-b247af76-f35c-5d85-8e2f-90a9dce0da12","ex-19755fad-a165-569e-9dac-9d5fe57f63fd","2bach-mates","matematicas-ii","Castilla-La Mancha","BLOCKED","LOADED_NOT_MATERIALIZED_BY_CURRENT_ROUTES","[""ANSWER_MISSING"",""MODALITIES_MISSING"",""MODALITY_UNDEMONSTRATED"",""SOLUTION_MISSING"",""UNMAPPED_TOPIC"",""MATH_REPRESENTATION_UNDECLARED"",""PAU_MODALITY_UNDECLARED"",""SOLUTION_REVIEW_REQUIRED""]","[""src-5763ead8-499b-5644-b734-ecba47f54225""]"
"mates2-analisis-e38db2e9f578","cand-ad7b71f9-a3ae-5ddd-b060-9f87f52fde1a","ex-cc08172a-0b19-5b42-b5e5-811b35269011","2bach-mates","matematicas-ii","Castilla-La Mancha","BLOCKED","LOADED_NOT_MATERIALIZED_BY_CURRENT_ROUTES","[""ANSWER_MISSING"",""MODALITIES_MISSING"",""MODALITY_UNDEMONSTRATED"",""SOLUTION_MISSING"",""UNMAPPED_TOPIC"",""MATH_REPRESENTATION_UNDECLARED"",""PAU_DETAIL_INCOMPLETE"",""PAU_MODALITY_UNDECLARED"",""SOLUTION_REVIEW_REQUIRED""]","[""src-eb4c9acd-ae4c-55d1-b7ea-b366de60ddfb""]"
"mates2-analisis-e42ec83ee0fc","cand-fca6995c-9d3f-5886-bf89-d2d91f5a7e8e","ex-bd1e7b69-0a94-5a9e-8883-d82ce744b021","2bach-mates","matematicas-ii","Castilla-La Mancha","BLOCKED","LOADED_NOT_MATERIALIZED_BY_CURRENT_ROUTES","[""ANSWER_MISSING"",""MODALITIES_MISSING"",""MODALITY_UNDEMONSTRATED"",""SOLUTION_MISSING"",""UNMAPPED_TOPIC"",""MATH_REPRESENTATION_UNDECLARED"",""PAU_MODALITY_UNDECLARED"",""SOLUTION_REVIEW_REQUIRED""]","[""src-29d6bad0-3bbf-52bd-9971-52b0e902dd59""]"
"mates2-analisis-e4a9cc8ea5e8","cand-20973f7e-fa9f-5137-88bf-1a90bb8d2002","ex-a4daa246-bf07-5c20-b42b-c776664754f7","2bach-mates","matematicas-ii","Castilla-La Mancha","BLOCKED","LOADED_NOT_MATERIALIZED_BY_CURRENT_ROUTES","[""ANSWER_MISSING"",""MODALITIES_MISSING"",""MODALITY_UNDEMONSTRATED"",""SOLUTION_MISSING"",""UNMAPPED_TOPIC"",""MATH_REPRESENTATION_UNDECLARED"",""PAU_DETAIL_INCOMPLETE"",""PAU_MODALITY_UNDECLARED"",""SOLUTION_REVIEW_REQUIRED""]","[""src-8fb77e87-9526-59d9-81a4-5be9af8286b1""]"
"mates2-analisis-e5a6b844d4c9","cand-4abe4880-cf66-5a4c-a7ae-3b3c186246ea","ex-efb4eb38-4c31-5c94-9515-90c303b75cd4","2bach-mates","matematicas-ii","Castilla-La Mancha","BLOCKED","LOADED_NOT_MATERIALIZED_BY_CURRENT_ROUTES","[""ANSWER_MISSING"",""MODALITIES_MISSING"",""MODALITY_UNDEMONSTRATED"",""SOLUTION_MISSING"",""UNMAPPED_TOPIC"",""PAU_DETAIL_INCOMPLETE"",""PAU_MODALITY_UNDECLARED"",""SOLUTION_REVIEW_REQUIRED""]","[""src-36e371d4-cfd9-57ec-b26e-56ab5720d22a""]"
"mates2-analisis-e8dc4e93192d","cand-6bea0952-136a-513c-9328-6b85b3179f19","ex-160c5bd7-3a82-5965-b9cd-2b9d0375674a","2bach-mates","matematicas-ii","Castilla-La Mancha","BLOCKED","LOADED_NOT_MATERIALIZED_BY_CURRENT_ROUTES","[""ANSWER_MISSING"",""MODALITIES_MISSING"",""MODALITY_UNDEMONSTRATED"",""SOLUTION_MISSING"",""UNMAPPED_TOPIC"",""MATH_REPRESENTATION_UNDECLARED"",""PAU_MODALITY_UNDECLARED"",""SOLUTION_REVIEW_REQUIRED""]","[""src-df571371-ebf5-5ab8-8e67-679f2667ded4""]"
"mates2-analisis-e8e0f1e5cd5f","cand-bfd05a23-6204-5e61-807e-4e1477d0acca","ex-25e9e83c-9c8d-52d4-aee0-692dc0582c92","2bach-mates","matematicas-ii","Castilla-La Mancha","BLOCKED","LOADED_NOT_MATERIALIZED_BY_CURRENT_ROUTES","[""ANSWER_MISSING"",""MODALITIES_MISSING"",""MODALITY_UNDEMONSTRATED"",""SOLUTION_MISSING"",""UNMAPPED_TOPIC"",""MATH_REPRESENTATION_UNDECLARED"",""PAU_MODALITY_UNDECLARED"",""SOLUTION_REVIEW_REQUIRED""]","[""src-7958dc58-7049-5307-84fe-27623193265e""]"
"mates2-analisis-e8e0f1e5cd5f--mates-ii-analisis-2","cand-0fd8fa07-9cdc-5062-a576-55dbeac13975","ex-a6304a4a-3e51-56e8-a7b8-f5bb4679e9c1","2bach-mates","matematicas-ii","Castilla-La Mancha","BLOCKED","LOADED_NOT_MATERIALIZED_BY_CURRENT_ROUTES","[""ANSWER_MISSING"",""MODALITIES_MISSING"",""MODALITY_UNDEMONSTRATED"",""SOLUTION_MISSING"",""UNMAPPED_TOPIC"",""MATH_REPRESENTATION_UNDECLARED"",""PAU_MODALITY_UNDECLARED"",""SOLUTION_REVIEW_REQUIRED""]","[""src-d7ca17ba-6041-5201-a96a-ce3205705301""]"
"mates2-analisis-ea9fbb465ba0","cand-95b07b71-0a61-5501-bd00-b8094585302d","ex-dedd4f79-3ba8-5399-b60f-e4743bc69bb5","2bach-mates","matematicas-ii","Castilla-La Mancha","BLOCKED","LOADED_NOT_MATERIALIZED_BY_CURRENT_ROUTES","[""ANSWER_MISSING"",""MODALITIES_MISSING"",""MODALITY_UNDEMONSTRATED"",""SOLUTION_MISSING"",""UNMAPPED_TOPIC"",""PAU_MODALITY_UNDECLARED"",""SOLUTION_REVIEW_REQUIRED""]","[""src-4195d97b-3eb1-5bc6-a6b0-85c61fe310f4""]"
"mates2-analisis-ea9fbb465ba0-1b","cand-5a33217c-070d-50b9-b20e-060d0d9d7683","ex-c3590805-bb90-576d-bd99-27d52d8d3f97","2bach-mates","matematicas-ii","","BLOCKED","LOADED_NOT_MATERIALIZED_BY_CURRENT_ROUTES","[""ANSWER_MISSING"",""COMMUNITY_UNMAPPED"",""MODALITIES_MISSING"",""MODALITY_UNDEMONSTRATED"",""PAU_COMMUNITY_MISSING"",""SOLUTION_MISSING"",""UNMAPPED_TOPIC"",""MATH_REPRESENTATION_UNDECLARED"",""PAU_MODALITY_UNDECLARED"",""SOLUTION_REVIEW_REQUIRED""]","[""src-021d3888-7aea-5c41-874e-bb30197a09cf""]"
"mates2-analisis-ea9fbb465ba0-2a","cand-f516220c-1572-57dd-8a65-4dfb987f23f7","ex-d4095983-ea63-5562-9961-1bd960728726","2bach-mates","matematicas-ii","","BLOCKED","LOADED_NOT_MATERIALIZED_BY_CURRENT_ROUTES","[""ANSWER_MISSING"",""COMMUNITY_UNMAPPED"",""MODALITIES_MISSING"",""MODALITY_UNDEMONSTRATED"",""PAU_COMMUNITY_MISSING"",""SOLUTION_MISSING"",""UNMAPPED_TOPIC"",""PAU_MODALITY_UNDECLARED"",""SOLUTION_REVIEW_REQUIRED""]","[""src-1061924c-86d9-513b-98ff-cae02872883e""]"
"mates2-analisis-ea9fbb465ba0-2b","cand-93012fa2-1a2e-5c6b-867e-841f1e990902","ex-a30906d8-85bb-5122-8565-51ca84cd803d","2bach-mates","matematicas-ii","","BLOCKED","LOADED_NOT_MATERIALIZED_BY_CURRENT_ROUTES","[""ANSWER_MISSING"",""COMMUNITY_UNMAPPED"",""MODALITIES_MISSING"",""MODALITY_UNDEMONSTRATED"",""PAU_COMMUNITY_MISSING"",""SOLUTION_MISSING"",""UNMAPPED_TOPIC"",""MATH_REPRESENTATION_UNDECLARED"",""PAU_MODALITY_UNDECLARED"",""SOLUTION_REVIEW_REQUIRED""]","[""src-f6a91a17-fe60-53d7-a07b-33174c80a954""]"
"mates2-analisis-eab25317556c","cand-c942d163-ca9d-54b6-ad5b-c1fefb6a35ec","ex-8eccf510-d5d3-53f9-a4c0-73d1ad3de216","2bach-mates","matematicas-ii","Castilla-La Mancha","BLOCKED","LOADED_NOT_MATERIALIZED_BY_CURRENT_ROUTES","[""ANSWER_MISSING"",""MODALITIES_MISSING"",""MODALITY_UNDEMONSTRATED"",""SOLUTION_MISSING"",""UNMAPPED_TOPIC"",""MATH_REPRESENTATION_UNDECLARED"",""PAU_DETAIL_INCOMPLETE"",""PAU_MODALITY_UNDECLARED"",""SOLUTION_REVIEW_REQUIRED""]","[""src-06ccbb38-91b8-53ba-88ce-224d81a049f9""]"
"mates2-analisis-eb36ab0cea06","cand-5bfc9a44-cb03-5cff-a12a-e27cb8894ade","ex-22e81b6d-ce1f-526f-8287-62787d5d4f37","2bach-mates","matematicas-ii","Castilla-La Mancha","BLOCKED","LOADED_NOT_MATERIALIZED_BY_CURRENT_ROUTES","[""ANSWER_MISSING"",""MODALITIES_MISSING"",""MODALITY_UNDEMONSTRATED"",""SOLUTION_MISSING"",""UNMAPPED_TOPIC"",""PAU_MODALITY_UNDECLARED"",""SOLUTION_REVIEW_REQUIRED""]","[""src-fe22e53a-b930-51b3-a90e-69c98090caf7""]"
"mates2-analisis-eb36ab0cea06-1b","cand-02c4ce25-a94e-545c-8892-4a6599825a80","ex-58452c0b-9a4e-5a07-85a9-57d6b9c3bd5f","2bach-mates","matematicas-ii","","BLOCKED","LOADED_NOT_MATERIALIZED_BY_CURRENT_ROUTES","[""ANSWER_MISSING"",""COMMUNITY_UNMAPPED"",""MODALITIES_MISSING"",""MODALITY_UNDEMONSTRATED"",""PAU_COMMUNITY_MISSING"",""SOLUTION_MISSING"",""UNMAPPED_TOPIC"",""MATH_REPRESENTATION_UNDECLARED"",""PAU_MODALITY_UNDECLARED"",""SOLUTION_REVIEW_REQUIRED""]","[""src-f3631e9d-8c8c-5276-8ef9-7ea0afea2866""]"
"mates2-analisis-eb36ab0cea06-2a","cand-c987cacf-f9ef-5647-9860-afd34dca1fcb","ex-47112e24-cdc7-5e01-81e5-b26978003efc","2bach-mates","matematicas-ii","","BLOCKED","LOADED_NOT_MATERIALIZED_BY_CURRENT_ROUTES","[""ANSWER_MISSING"",""COMMUNITY_UNMAPPED"",""MODALITIES_MISSING"",""MODALITY_UNDEMONSTRATED"",""PAU_COMMUNITY_MISSING"",""SOLUTION_MISSING"",""UNMAPPED_TOPIC"",""PAU_MODALITY_UNDECLARED"",""SOLUTION_REVIEW_REQUIRED""]","[""src-b5050c94-4f32-58ac-aaf5-8fb3b95f6143""]"
"mates2-analisis-eb36ab0cea06-2b","cand-8eefa890-5e28-52da-8c77-3e431f885cbb","ex-0fe94068-a583-57f7-bea7-8f86a26942d0","2bach-mates","matematicas-ii","","BLOCKED","LOADED_NOT_MATERIALIZED_BY_CURRENT_ROUTES","[""ANSWER_MISSING"",""COMMUNITY_UNMAPPED"",""MODALITIES_MISSING"",""MODALITY_UNDEMONSTRATED"",""PAU_COMMUNITY_MISSING"",""SOLUTION_MISSING"",""UNMAPPED_TOPIC"",""PAU_MODALITY_UNDECLARED"",""SOLUTION_REVIEW_REQUIRED""]","[""src-20e05d6e-52e3-582e-81e2-7cbfc7af43df""]"
"mates2-analisis-ed0e90be2ccc","cand-311998c7-c81c-50d8-94aa-0ed51abe72f2","ex-886d86ab-b4e9-5304-a4fb-f51ab687ba80","2bach-mates","matematicas-ii","Castilla-La Mancha","BLOCKED","LOADED_NOT_MATERIALIZED_BY_CURRENT_ROUTES","[""ANSWER_MISSING"",""MODALITIES_MISSING"",""MODALITY_UNDEMONSTRATED"",""SOLUTION_MISSING"",""UNMAPPED_TOPIC"",""MATH_REPRESENTATION_UNDECLARED"",""PAU_MODALITY_UNDECLARED"",""SOLUTION_REVIEW_REQUIRED""]","[""src-38a7fb4a-1861-5b16-96a7-c26008db2eb3""]"
"mates2-analisis-ef349e0731c8","cand-bfb39db0-a7dd-57ca-956c-2977b81d78a5","ex-bdf722cf-5f78-5535-912f-383532c6ed67","2bach-mates","matematicas-ii","Castilla-La Mancha","BLOCKED","LOADED_NOT_MATERIALIZED_BY_CURRENT_ROUTES","[""ANSWER_MISSING"",""MODALITIES_MISSING"",""MODALITY_UNDEMONSTRATED"",""SOLUTION_MISSING"",""UNMAPPED_TOPIC"",""PAU_MODALITY_UNDECLARED"",""SOLUTION_REVIEW_REQUIRED""]","[""src-70b1f2b8-9c4b-5515-b9dc-a36d628adc65""]"
"mates2-analisis-extra-pregunta-5-1-2026|2026 - Junio|5.1","cand-3ae2e42c-36c9-5c81-b12e-3f73b057815c","ex-f5fc7177-8b73-5b48-b110-9c89016192f1","2bach-mates","matematicas-ii","","BLOCKED","LOADED_NOT_MATERIALIZED_BY_CURRENT_ROUTES","[""ANSWER_MISSING"",""COMMUNITY_UNMAPPED"",""MODALITIES_MISSING"",""MODALITY_UNDEMONSTRATED"",""PAU_COMMUNITY_MISSING"",""SOLUTION_MISSING"",""UNMAPPED_TOPIC"",""PAU_MODALITY_UNDECLARED"",""SOLUTION_REVIEW_REQUIRED""]","[""src-150147a0-9857-5bc6-946b-a13b7b987903""]"
"mates2-analisis-extra-pregunta-5-2-2026|2026 - Junio|5.2. Sea la función fx=1x=x2-1x-1six<1ax+bsix≥1, donde a y b son números reales. Determina los valores de a y b para que la función sea continua y derivable en .","cand-77a10614-7f76-5d1d-b695-bdd920b9b8ec","ex-ab1c0c67-61b1-5047-ae79-224c03ce7e02","2bach-mates","matematicas-ii","","BLOCKED","LOADED_NOT_MATERIALIZED_BY_CURRENT_ROUTES","[""ANSWER_MISSING"",""COMMUNITY_UNMAPPED"",""MODALITIES_MISSING"",""MODALITY_UNDEMONSTRATED"",""PAU_COMMUNITY_MISSING"",""SOLUTION_MISSING"",""UNMAPPED_TOPIC"",""PAU_MODALITY_UNDECLARED"",""SOLUTION_REVIEW_REQUIRED""]","[""src-9342dbe4-b972-5998-9c1d-2c4e1922d02a""]"
"mates2-analisis-f0848734ca05","cand-f37661ad-83b5-5a89-b6da-9c75ecfa28c4","ex-dac11360-ed92-5a82-996d-a179e63e676d","2bach-mates","matematicas-ii","Castilla-La Mancha","BLOCKED","LOADED_NOT_MATERIALIZED_BY_CURRENT_ROUTES","[""ANSWER_MISSING"",""MODALITIES_MISSING"",""MODALITY_UNDEMONSTRATED"",""SOLUTION_MISSING"",""UNMAPPED_TOPIC"",""MATH_REPRESENTATION_UNDECLARED"",""PAU_DETAIL_INCOMPLETE"",""PAU_MODALITY_UNDECLARED"",""SOLUTION_REVIEW_REQUIRED""]","[""src-8e8f52a3-9061-5832-9f5d-5b4f980815be""]"
"mates2-analisis-f0a042796457","cand-ca69bea7-6041-588b-8895-478006a2a8a4","ex-ea0dc294-9a32-55f9-a16b-59cb709f00d7","2bach-mates","matematicas-ii","Castilla-La Mancha","BLOCKED","LOADED_NOT_MATERIALIZED_BY_CURRENT_ROUTES","[""ANSWER_MISSING"",""MODALITIES_MISSING"",""MODALITY_UNDEMONSTRATED"",""SOLUTION_MISSING"",""UNMAPPED_TOPIC"",""PAU_MODALITY_UNDECLARED"",""SOLUTION_REVIEW_REQUIRED""]","[""src-a0858723-12eb-54e9-be66-346b11ea0887""]"
"mates2-analisis-f0a042796457--mates-ii-analisis-2","cand-1909b1df-2063-5142-8b17-e677e7c70ad0","ex-f40c3194-7041-58d2-94e2-7d88b078cd67","2bach-mates","matematicas-ii","Castilla-La Mancha","BLOCKED","LOADED_NOT_MATERIALIZED_BY_CURRENT_ROUTES","[""ANSWER_MISSING"",""MODALITIES_MISSING"",""MODALITY_UNDEMONSTRATED"",""SOLUTION_MISSING"",""UNMAPPED_TOPIC"",""PAU_MODALITY_UNDECLARED"",""SOLUTION_REVIEW_REQUIRED""]","[""src-1c18919e-acee-5cdf-8af0-f9ca6e1db75d""]"
"mates2-analisis-f0d400cde4db","cand-51912b8d-c2f5-5afb-9d88-c022babbdc49","ex-48f9a073-708b-5ca0-ad42-5ca696373702","2bach-mates","matematicas-ii","Castilla-La Mancha","BLOCKED","LOADED_NOT_MATERIALIZED_BY_CURRENT_ROUTES","[""ANSWER_MISSING"",""MODALITIES_MISSING"",""MODALITY_UNDEMONSTRATED"",""SOLUTION_MISSING"",""UNMAPPED_TOPIC"",""PAU_MODALITY_UNDECLARED"",""SOLUTION_REVIEW_REQUIRED""]","[""src-09f08fb6-7a55-520a-9987-5c54ac77d9cf""]"
"mates2-analisis-f42d74b8ffc0","cand-eb7c03d7-a480-530a-a589-b48647c3a8d4","ex-cddcd36b-6988-5757-846d-7de52918e842","2bach-mates","matematicas-ii","Castilla-La Mancha","BLOCKED","LOADED_NOT_MATERIALIZED_BY_CURRENT_ROUTES","[""ANSWER_MISSING"",""MODALITIES_MISSING"",""MODALITY_UNDEMONSTRATED"",""SOLUTION_MISSING"",""UNMAPPED_TOPIC"",""PAU_DETAIL_INCOMPLETE"",""PAU_MODALITY_UNDECLARED"",""SOLUTION_REVIEW_REQUIRED""]","[""src-cee6ca7e-f9a8-524c-980e-10ac61d85764""]"
"mates2-analisis-f4c387c08e2b","cand-617bcf18-2b13-52a5-b2b9-79594a1a54ae","ex-49f3dc71-9dd6-5540-9d8d-3325ddb248f1","2bach-mates","matematicas-ii","Castilla-La Mancha","BLOCKED","LOADED_NOT_MATERIALIZED_BY_CURRENT_ROUTES","[""ANSWER_MISSING"",""MODALITIES_MISSING"",""MODALITY_UNDEMONSTRATED"",""SOLUTION_MISSING"",""UNMAPPED_TOPIC"",""PAU_DETAIL_INCOMPLETE"",""PAU_MODALITY_UNDECLARED"",""SOLUTION_REVIEW_REQUIRED""]","[""src-ef3a25a4-e621-59cd-879e-1797bac78252""]"
"mates2-analisis-f60541ece3ff","cand-754006ec-f01f-55c1-8bdc-ce604ad2c6d0","ex-6e0161ff-c033-5686-aea7-c0f55c2b9d13","2bach-mates","matematicas-ii","Castilla-La Mancha","BLOCKED","LOADED_NOT_MATERIALIZED_BY_CURRENT_ROUTES","[""ANSWER_MISSING"",""MODALITIES_MISSING"",""MODALITY_UNDEMONSTRATED"",""SOLUTION_MISSING"",""UNMAPPED_TOPIC"",""MATH_REPRESENTATION_UNDECLARED"",""PAU_DETAIL_INCOMPLETE"",""PAU_MODALITY_UNDECLARED"",""SOLUTION_REVIEW_REQUIRED""]","[""src-8b39d343-496a-5c9e-85bf-8ad9ade1faf9""]"
"mates2-analisis-f984bda4f17b","cand-0eedd783-30fa-539b-896b-3bce97609dd1","ex-e4f4beca-9c18-5922-848e-d6111411eaf7","2bach-mates","matematicas-ii","Castilla-La Mancha","BLOCKED","LOADED_NOT_MATERIALIZED_BY_CURRENT_ROUTES","[""ANSWER_MISSING"",""MODALITIES_MISSING"",""MODALITY_UNDEMONSTRATED"",""SOLUTION_MISSING"",""UNMAPPED_TOPIC"",""PAU_DETAIL_INCOMPLETE"",""PAU_MODALITY_UNDECLARED"",""SOLUTION_REVIEW_REQUIRED""]","[""src-6ec1e160-b718-5bd5-97f9-68e1d91ebbdb""]"
"mates2-analisis-fbee225361a9","cand-4b3f45cd-71fb-5716-be21-8c6db7f7153c","ex-3f8548c8-1517-51c0-a628-793173fbbe55","2bach-mates","matematicas-ii","Castilla-La Mancha","BLOCKED","LOADED_NOT_MATERIALIZED_BY_CURRENT_ROUTES","[""ANSWER_MISSING"",""MODALITIES_MISSING"",""MODALITY_UNDEMONSTRATED"",""SOLUTION_MISSING"",""UNMAPPED_TOPIC"",""MATH_REPRESENTATION_UNDECLARED"",""PAU_DETAIL_INCOMPLETE"",""PAU_MODALITY_UNDECLARED"",""SOLUTION_REVIEW_REQUIRED""]","[""src-539cb9ad-af0a-545e-8d2f-16c77298bbb1""]"
"mates2-analisis-fd3f6a2ab8d0","cand-3e773899-b187-5a83-9354-cefda17f2e5f","ex-3359a6ea-4a70-57e1-9edf-6bc1945d1692","2bach-mates","matematicas-ii","Castilla-La Mancha","BLOCKED","LOADED_NOT_MATERIALIZED_BY_CURRENT_ROUTES","[""ANSWER_MISSING"",""MODALITIES_MISSING"",""MODALITY_UNDEMONSTRATED"",""SOLUTION_MISSING"",""UNMAPPED_TOPIC"",""PAU_DETAIL_INCOMPLETE"",""PAU_MODALITY_UNDECLARED"",""SOLUTION_REVIEW_REQUIRED""]","[""src-4313126e-35e8-5237-8d95-c4921e097894""]"
"mates2-analisis-fd4e47c0cc34","cand-1f09c339-b084-53bc-8725-601b045ba1ae","ex-55174993-eeca-5574-8fa1-7d1b9796cd0e","2bach-mates","matematicas-ii","Castilla-La Mancha","BLOCKED","LOADED_NOT_MATERIALIZED_BY_CURRENT_ROUTES","[""ANSWER_MISSING"",""MODALITIES_MISSING"",""MODALITY_UNDEMONSTRATED"",""SOLUTION_MISSING"",""UNMAPPED_TOPIC"",""PAU_MODALITY_UNDECLARED"",""SOLUTION_REVIEW_REQUIRED""]","[""src-38e0cdb1-addc-5791-aa74-57219c596c03""]"
"mates2-analisis-fd4e47c0cc34--mates-ii-analisis-2","cand-2a92afc7-b02f-573b-8181-1aaf8e5736ee","ex-2f91bf2e-ef37-5ce4-a9ec-978993046fdb","2bach-mates","matematicas-ii","Castilla-La Mancha","BLOCKED","LOADED_NOT_MATERIALIZED_BY_CURRENT_ROUTES","[""ANSWER_MISSING"",""MODALITIES_MISSING"",""MODALITY_UNDEMONSTRATED"",""SOLUTION_MISSING"",""UNMAPPED_TOPIC"",""PAU_MODALITY_UNDECLARED"",""SOLUTION_REVIEW_REQUIRED""]","[""src-92c47b1f-44cb-5750-9a7e-a17780a86384""]"
"mates2-analisis-fd4e47c0cc34--mates-ii-analisis-3","cand-c8e71f2f-140c-5efa-9573-526b461d0261","ex-f55c2d1b-f8d1-5d90-b495-3162de726764","2bach-mates","matematicas-ii","Castilla-La Mancha","BLOCKED","LOADED_NOT_MATERIALIZED_BY_CURRENT_ROUTES","[""ANSWER_MISSING"",""MODALITIES_MISSING"",""MODALITY_UNDEMONSTRATED"",""SOLUTION_MISSING"",""UNMAPPED_TOPIC"",""PAU_MODALITY_UNDECLARED"",""SOLUTION_REVIEW_REQUIRED""]","[""src-c392ad45-0eeb-57c2-8ebb-11a4accf903d""]"
"mates2-analisis-fe57f198d5f9","cand-9168879e-8bd9-5135-ac91-eea5fa167faf","ex-9496780d-2e30-5693-bd3f-1aa473d447e2","2bach-mates","matematicas-ii","Castilla-La Mancha","BLOCKED","LOADED_NOT_MATERIALIZED_BY_CURRENT_ROUTES","[""ANSWER_MISSING"",""MODALITIES_MISSING"",""MODALITY_UNDEMONSTRATED"",""SOLUTION_MISSING"",""UNMAPPED_TOPIC"",""PAU_MODALITY_UNDECLARED"",""SOLUTION_REVIEW_REQUIRED""]","[""src-28abde1b-a548-58df-9402-42fb280aa8dc""]"
"mates2-analisis-ffc97e2b713f","cand-1b71a296-d9b7-5a09-a9b8-cbfdefb1b8bb","ex-23a32f46-a38a-5ae1-aab9-49b8c66fec01","2bach-mates","matematicas-ii","Castilla-La Mancha","BLOCKED","LOADED_NOT_MATERIALIZED_BY_CURRENT_ROUTES","[""ANSWER_MISSING"",""MODALITIES_MISSING"",""MODALITY_UNDEMONSTRATED"",""SOLUTION_MISSING"",""UNMAPPED_TOPIC"",""MATH_REPRESENTATION_UNDECLARED"",""PAU_DETAIL_INCOMPLETE"",""PAU_MODALITY_UNDECLARED"",""SOLUTION_REVIEW_REQUIRED""]","[""src-bfbffb1a-fa45-5764-a167-5458890a910b""]"
"mates2-geometria-00825360d37b","cand-62af27d9-0004-5840-8ff9-51a81ec7ec74","ex-1ff5cad7-265c-5e49-9cc8-c852fc3e25e7","2bach-mates","matematicas-ii","Castilla-La Mancha","BLOCKED","LOADED_NOT_MATERIALIZED_BY_CURRENT_ROUTES","[""ANSWER_MISSING"",""MODALITIES_MISSING"",""MODALITY_UNDEMONSTRATED"",""SOLUTION_MISSING"",""UNMAPPED_TOPIC"",""PAU_MODALITY_UNDECLARED"",""SOLUTION_REVIEW_REQUIRED""]","[""src-c247cd3c-9ef9-582f-bdf7-4b6f5e286c0d""]"
"mates2-geometria-00844fb8a439","cand-14cfd09b-0b5b-5745-b232-2aa3997db668","ex-6fb29331-d04b-502d-90b0-e3e8842f3f5f","2bach-mates","matematicas-ii","Castilla-La Mancha","BLOCKED","LOADED_NOT_MATERIALIZED_BY_CURRENT_ROUTES","[""ANSWER_MISSING"",""MODALITIES_MISSING"",""MODALITY_UNDEMONSTRATED"",""SOLUTION_MISSING"",""UNMAPPED_TOPIC"",""MATH_REPRESENTATION_UNDECLARED"",""PAU_MODALITY_UNDECLARED"",""SOLUTION_REVIEW_REQUIRED""]","[""src-0d7e3660-a766-5502-b175-f01c1c367049""]"
"mates2-geometria-04150d72d1c7","cand-929d66de-3f28-5c06-9bfd-732320ebf390","ex-fa2c9e6d-680d-525b-a09d-92be0f6b10f9","2bach-mates","matematicas-ii","Castilla-La Mancha","BLOCKED","LOADED_NOT_MATERIALIZED_BY_CURRENT_ROUTES","[""ANSWER_MISSING"",""MODALITIES_MISSING"",""MODALITY_UNDEMONSTRATED"",""SOLUTION_MISSING"",""UNMAPPED_TOPIC"",""PAU_MODALITY_UNDECLARED"",""SOLUTION_REVIEW_REQUIRED""]","[""src-c50e3934-7773-5131-b59b-6afd483f6582""]"
"mates2-geometria-0421e782b16e","cand-b6670ed8-e14e-592b-93e7-015421c502a5","ex-b25ced1a-6dde-5f15-a30a-1193b2230717","2bach-mates","matematicas-ii","Castilla-La Mancha","BLOCKED","LOADED_NOT_MATERIALIZED_BY_CURRENT_ROUTES","[""ANSWER_MISSING"",""MODALITIES_MISSING"",""MODALITY_UNDEMONSTRATED"",""SOLUTION_MISSING"",""UNMAPPED_TOPIC"",""PAU_MODALITY_UNDECLARED"",""SOLUTION_REVIEW_REQUIRED""]","[""src-8dfe06dd-43a7-517f-ba02-1c79c7ddfe5e""]"
"mates2-geometria-0703d5c00c0c","cand-4949161c-5676-5b3a-a580-5e698e6ec19a","ex-120ded94-9947-58bd-9168-62aa29ed10c7","2bach-mates","matematicas-ii","Castilla-La Mancha","BLOCKED","LOADED_NOT_MATERIALIZED_BY_CURRENT_ROUTES","[""ANSWER_MISSING"",""MODALITIES_MISSING"",""MODALITY_UNDEMONSTRATED"",""SOLUTION_MISSING"",""UNMAPPED_TOPIC"",""PAU_MODALITY_UNDECLARED"",""SOLUTION_REVIEW_REQUIRED""]","[""src-62833235-2339-5d2a-bd0e-3996536f68da""]"
"mates2-geometria-0a035246abae","cand-2bdfcb62-a592-580b-a5d2-933c444c780e","ex-bede7bd8-21e1-5980-83a9-3ca27d6d23b4","2bach-mates","matematicas-ii","Castilla-La Mancha","BLOCKED","LOADED_NOT_MATERIALIZED_BY_CURRENT_ROUTES","[""ANSWER_MISSING"",""MODALITIES_MISSING"",""MODALITY_UNDEMONSTRATED"",""SOLUTION_MISSING"",""UNMAPPED_TOPIC"",""PAU_MODALITY_UNDECLARED"",""SOLUTION_REVIEW_REQUIRED""]","[""src-2e3f11ed-d134-5847-ba93-e57f409ae4ba""]"
"mates2-geometria-0a06267f3daa","cand-b99d143c-54ed-598b-be28-611e2f98c5f4","ex-1846cde0-4f57-51e5-abdc-f2a1d4462611","2bach-mates","matematicas-ii","Castilla-La Mancha","BLOCKED","LOADED_NOT_MATERIALIZED_BY_CURRENT_ROUTES","[""ANSWER_MISSING"",""MODALITIES_MISSING"",""MODALITY_UNDEMONSTRATED"",""SOLUTION_MISSING"",""UNMAPPED_TOPIC"",""MATH_REPRESENTATION_UNDECLARED"",""PAU_DETAIL_INCOMPLETE"",""PAU_MODALITY_UNDECLARED"",""SOLUTION_REVIEW_REQUIRED""]","[""src-0b77bfe8-a49e-58a0-b13c-af10c5df85c5""]"
"mates2-geometria-0b94c2d3d5af","cand-195b0a04-2c7a-539e-b328-968fb9feb65a","ex-8e8c3f85-bcd6-52e2-b70d-0c31276b7084","2bach-mates","matematicas-ii","Castilla-La Mancha","BLOCKED","LOADED_NOT_MATERIALIZED_BY_CURRENT_ROUTES","[""ANSWER_MISSING"",""MODALITIES_MISSING"",""MODALITY_UNDEMONSTRATED"",""SOLUTION_MISSING"",""UNMAPPED_TOPIC"",""MATH_REPRESENTATION_UNDECLARED"",""PAU_DETAIL_INCOMPLETE"",""PAU_MODALITY_UNDECLARED"",""SOLUTION_REVIEW_REQUIRED""]","[""src-72a648a5-708c-5f85-85ea-30f992a5abd6""]"
"mates2-geometria-0d7e6b1f7af7","cand-4252eb98-fee0-53c5-8a0a-c1700f0588b5","ex-b118bde4-198c-55e3-8150-8e547bc9306c","2bach-mates","matematicas-ii","Castilla-La Mancha","BLOCKED","LOADED_NOT_MATERIALIZED_BY_CURRENT_ROUTES","[""ANSWER_MISSING"",""MODALITIES_MISSING"",""MODALITY_UNDEMONSTRATED"",""SOLUTION_MISSING"",""UNMAPPED_TOPIC"",""MATH_REPRESENTATION_UNDECLARED"",""PAU_MODALITY_UNDECLARED"",""SOLUTION_REVIEW_REQUIRED""]","[""src-01ed7d55-a2ec-5b86-9dd4-fd18153960d9""]"
"mates2-geometria-0dc1b39ffa6c","cand-7f6bc800-8b5d-5467-b044-2ed5e72e1190","ex-d06da6f4-8f80-59fe-8758-8adf72ef718b","2bach-mates","matematicas-ii","Castilla-La Mancha","BLOCKED","LOADED_NOT_MATERIALIZED_BY_CURRENT_ROUTES","[""ANSWER_MISSING"",""MODALITIES_MISSING"",""MODALITY_UNDEMONSTRATED"",""SOLUTION_MISSING"",""UNMAPPED_TOPIC"",""PAU_MODALITY_UNDECLARED"",""SOLUTION_REVIEW_REQUIRED""]","[""src-d11b4527-1e51-5040-b85b-7c900bbdd0fc""]"
"mates2-geometria-0dc1b39ffa6c--mates-ii-geometria-2","cand-76a5d6ef-6291-57c9-ac38-1fdeb65af28c","ex-1479158f-970b-5d42-902f-e2a241dc8e60","2bach-mates","matematicas-ii","Castilla-La Mancha","BLOCKED","LOADED_NOT_MATERIALIZED_BY_CURRENT_ROUTES","[""ANSWER_MISSING"",""MODALITIES_MISSING"",""MODALITY_UNDEMONSTRATED"",""SOLUTION_MISSING"",""UNMAPPED_TOPIC"",""MATH_REPRESENTATION_UNDECLARED"",""PAU_MODALITY_UNDECLARED"",""SOLUTION_REVIEW_REQUIRED""]","[""src-3e4aefcf-c264-5baf-b056-807db5e32c75""]"
"mates2-geometria-0dc1b39ffa6c--mates-ii-geometria-3","cand-02f9047c-30c3-5017-90d1-71e00c53a473","ex-56a9b006-8723-5fce-a69d-1d91c72314cb","2bach-mates","matematicas-ii","Castilla-La Mancha","BLOCKED","LOADED_NOT_MATERIALIZED_BY_CURRENT_ROUTES","[""ANSWER_MISSING"",""MODALITIES_MISSING"",""MODALITY_UNDEMONSTRATED"",""SOLUTION_MISSING"",""UNMAPPED_TOPIC"",""MATH_REPRESENTATION_UNDECLARED"",""PAU_MODALITY_UNDECLARED"",""SOLUTION_REVIEW_REQUIRED""]","[""src-a1f6e31b-22a9-5c61-a4a9-e472766ed728""]"
"mates2-geometria-0ee5256a5650","cand-b881673b-4f60-5bbf-ad6a-8546a4643bd2","ex-25662a75-7e5e-5935-903f-0d41aa138462","2bach-mates","matematicas-ii","Castilla-La Mancha","BLOCKED","LOADED_NOT_MATERIALIZED_BY_CURRENT_ROUTES","[""ANSWER_MISSING"",""MODALITIES_MISSING"",""MODALITY_UNDEMONSTRATED"",""SOLUTION_MISSING"",""UNMAPPED_TOPIC"",""MATH_REPRESENTATION_UNDECLARED"",""PAU_MODALITY_UNDECLARED"",""SOLUTION_REVIEW_REQUIRED""]","[""src-45bd33c7-c79f-50db-91aa-c41796fadff6""]"
"mates2-geometria-122e46500a0e","cand-fa1ff942-e122-52fb-a89c-446cd1bb7e71","ex-95c7cf8b-f5da-5058-9e9a-f9796490d432","2bach-mates","matematicas-ii","Castilla-La Mancha","BLOCKED","LOADED_NOT_MATERIALIZED_BY_CURRENT_ROUTES","[""ANSWER_MISSING"",""MODALITIES_MISSING"",""MODALITY_UNDEMONSTRATED"",""SOLUTION_MISSING"",""UNMAPPED_TOPIC"",""MATH_REPRESENTATION_UNDECLARED"",""PAU_DETAIL_INCOMPLETE"",""PAU_MODALITY_UNDECLARED"",""SOLUTION_REVIEW_REQUIRED""]","[""src-b731dfa7-c7df-59d4-b309-3a7b5747849d""]"
"mates2-geometria-124738967d56","cand-6b04c279-eb8c-5133-b319-69b4034b789c","ex-670a2f81-8419-5bfa-ae79-31f555fee068","2bach-mates","matematicas-ii","Castilla-La Mancha","BLOCKED","LOADED_NOT_MATERIALIZED_BY_CURRENT_ROUTES","[""ANSWER_MISSING"",""MODALITIES_MISSING"",""MODALITY_UNDEMONSTRATED"",""SOLUTION_MISSING"",""UNMAPPED_TOPIC"",""PAU_MODALITY_UNDECLARED"",""SOLUTION_REVIEW_REQUIRED""]","[""src-8c132cb8-75dd-5e70-a027-0c74d52a7328""]"
"mates2-geometria-15e8c229e8da","cand-458ad483-8f96-517b-ba31-3fe11d347dd1","ex-6392af61-960d-5ac1-8b14-0787bbe6971b","2bach-mates","matematicas-ii","Castilla-La Mancha","BLOCKED","LOADED_NOT_MATERIALIZED_BY_CURRENT_ROUTES","[""ANSWER_MISSING"",""MODALITIES_MISSING"",""MODALITY_UNDEMONSTRATED"",""SOLUTION_MISSING"",""UNMAPPED_TOPIC"",""MATH_REPRESENTATION_UNDECLARED"",""PAU_MODALITY_UNDECLARED"",""SOLUTION_REVIEW_REQUIRED""]","[""src-85d87a70-5758-59ba-9e70-dbe73b421e06""]"
"mates2-geometria-1701f2c389f8","cand-55e21956-44d0-546d-a7e2-49807aaa9e1a","ex-795ad7da-0308-5d81-90b7-6678265f5496","2bach-mates","matematicas-ii","Castilla-La Mancha","BLOCKED","LOADED_NOT_MATERIALIZED_BY_CURRENT_ROUTES","[""ANSWER_MISSING"",""MODALITIES_MISSING"",""MODALITY_UNDEMONSTRATED"",""SOLUTION_MISSING"",""UNMAPPED_TOPIC"",""MATH_REPRESENTATION_UNDECLARED"",""PAU_MODALITY_UNDECLARED"",""SOLUTION_REVIEW_REQUIRED""]","[""src-9b25a9fa-491f-5aa2-a5cd-9b46745ad58f""]"
"mates2-geometria-1701f2c389f8-opcion-b","cand-d033cd76-35be-53b7-a490-072af8f1694b","ex-e63ca3a6-ba00-51e3-94bf-00e325526b33","2bach-mates","matematicas-ii","","BLOCKED","LOADED_NOT_MATERIALIZED_BY_CURRENT_ROUTES","[""ANSWER_MISSING"",""COMMUNITY_UNMAPPED"",""MODALITIES_MISSING"",""MODALITY_UNDEMONSTRATED"",""PAU_COMMUNITY_MISSING"",""SOLUTION_MISSING"",""UNMAPPED_TOPIC"",""PAU_MODALITY_UNDECLARED"",""SOLUTION_REVIEW_REQUIRED""]","[""src-a3ab3539-b9a6-5162-a73a-cc64b68a4a12""]"
"mates2-geometria-1768736a1cdb","cand-cb238c34-b97d-500f-9d1e-ef0abd8b4c1d","ex-4167df52-f2bf-5fae-a7e7-7c901e57db5e","2bach-mates","matematicas-ii","Castilla-La Mancha","BLOCKED","LOADED_NOT_MATERIALIZED_BY_CURRENT_ROUTES","[""ANSWER_MISSING"",""MODALITIES_MISSING"",""MODALITY_UNDEMONSTRATED"",""SOLUTION_MISSING"",""UNMAPPED_TOPIC"",""PAU_DETAIL_INCOMPLETE"",""PAU_MODALITY_UNDECLARED"",""SOLUTION_REVIEW_REQUIRED""]","[""src-5e650ecb-2a61-50d9-acd4-9091bfcf1fc0""]"
"mates2-geometria-17c18a82fc49","cand-ef0e46e0-4b06-52f5-9ed8-628ad716230d","ex-31be501a-b672-57dc-8995-ccb6871d40ed","2bach-mates","matematicas-ii","Castilla-La Mancha","BLOCKED","LOADED_NOT_MATERIALIZED_BY_CURRENT_ROUTES","[""ANSWER_MISSING"",""MODALITIES_MISSING"",""MODALITY_UNDEMONSTRATED"",""SOLUTION_MISSING"",""UNMAPPED_TOPIC"",""PAU_MODALITY_UNDECLARED"",""SOLUTION_REVIEW_REQUIRED""]","[""src-27ad1297-0dfc-57ea-8c2f-c9797f835f35""]"
"mates2-geometria-17c18a82fc49-opcion-b","cand-59795e50-c27f-5525-9468-21d5f7cae934","ex-b0d5025a-cc86-52dd-8b9f-d5ce8fce4cf7","2bach-mates","matematicas-ii","","BLOCKED","LOADED_NOT_MATERIALIZED_BY_CURRENT_ROUTES","[""ANSWER_MISSING"",""COMMUNITY_UNMAPPED"",""MODALITIES_MISSING"",""MODALITY_UNDEMONSTRATED"",""PAU_COMMUNITY_MISSING"",""SOLUTION_MISSING"",""UNMAPPED_TOPIC"",""MATH_REPRESENTATION_UNDECLARED"",""PAU_MODALITY_UNDECLARED"",""SOLUTION_REVIEW_REQUIRED""]","[""src-97ff75b1-7526-55a7-a26b-3618fd239a71""]"
"mates2-geometria-1a728cfda37c","cand-70115208-ab6d-59b0-a278-d71d5299c096","ex-eae5fb4b-0025-5da9-96d3-74deacd370c8","2bach-mates","matematicas-ii","Castilla-La Mancha","BLOCKED","LOADED_NOT_MATERIALIZED_BY_CURRENT_ROUTES","[""ANSWER_MISSING"",""MODALITIES_MISSING"",""MODALITY_UNDEMONSTRATED"",""SOLUTION_MISSING"",""UNMAPPED_TOPIC"",""PAU_MODALITY_UNDECLARED"",""SOLUTION_REVIEW_REQUIRED""]","[""src-f9662b09-d04a-5007-a88d-13cacef6b535""]"
"mates2-geometria-1cf8ee1c5e7c","cand-847d393f-f985-5f10-852b-ac9973c479f5","ex-8484fa92-1cf9-5c6b-94aa-ea58664818ee","2bach-mates","matematicas-ii","Castilla-La Mancha","BLOCKED","LOADED_NOT_MATERIALIZED_BY_CURRENT_ROUTES","[""ANSWER_MISSING"",""MODALITIES_MISSING"",""MODALITY_UNDEMONSTRATED"",""SOLUTION_MISSING"",""UNMAPPED_TOPIC"",""MATH_REPRESENTATION_UNDECLARED"",""PAU_MODALITY_UNDECLARED"",""SOLUTION_REVIEW_REQUIRED""]","[""src-ca298db5-d32e-55ab-b85d-54db94eb0a30""]"
"mates2-geometria-1cf8ee1c5e7c-opcion-b","cand-8a14f697-a762-5fc3-800a-d979f65305ca","ex-08d00ee9-8d9f-57ea-a527-7bb4fc2ffe59","2bach-mates","matematicas-ii","","BLOCKED","LOADED_NOT_MATERIALIZED_BY_CURRENT_ROUTES","[""ANSWER_MISSING"",""COMMUNITY_UNMAPPED"",""MODALITIES_MISSING"",""MODALITY_UNDEMONSTRATED"",""PAU_COMMUNITY_MISSING"",""SOLUTION_MISSING"",""UNMAPPED_TOPIC"",""PAU_MODALITY_UNDECLARED"",""SOLUTION_REVIEW_REQUIRED""]","[""src-dc3b1fd3-298e-59cd-a9d1-8fbd508b51b2""]"
"mates2-geometria-1d4f93ec7386","cand-111d9da2-4d0b-51fe-b940-19c9ff11ae05","ex-b81723d5-648c-57c9-97d1-ee647fdc3dbe","2bach-mates","matematicas-ii","Castilla-La Mancha","BLOCKED","LOADED_NOT_MATERIALIZED_BY_CURRENT_ROUTES","[""ANSWER_MISSING"",""MODALITIES_MISSING"",""MODALITY_UNDEMONSTRATED"",""SOLUTION_MISSING"",""UNMAPPED_TOPIC"",""PAU_MODALITY_UNDECLARED"",""SOLUTION_REVIEW_REQUIRED""]","[""src-3aaee8d6-3af7-5b54-aa2a-b7002ce72f91""]"
"mates2-geometria-1d4f93ec7386--mates-ii-geometria-2","cand-91ca43ae-c110-5ff5-85c8-87cd131167c8","ex-9511f2c0-f670-5502-83af-19d687294e22","2bach-mates","matematicas-ii","Castilla-La Mancha","BLOCKED","LOADED_NOT_MATERIALIZED_BY_CURRENT_ROUTES","[""ANSWER_MISSING"",""MODALITIES_MISSING"",""MODALITY_UNDEMONSTRATED"",""SOLUTION_MISSING"",""UNMAPPED_TOPIC"",""MATH_REPRESENTATION_UNDECLARED"",""PAU_MODALITY_UNDECLARED"",""SOLUTION_REVIEW_REQUIRED""]","[""src-617a036f-af67-5d72-9bea-4116d65ac192""]"
"mates2-geometria-2485ea46a716","cand-43d226c0-b3ac-5ea0-8e28-1f4ce2408cc0","ex-c93f1717-c842-55d8-90c9-1e94b683ac52","2bach-mates","matematicas-ii","Castilla-La Mancha","BLOCKED","LOADED_NOT_MATERIALIZED_BY_CURRENT_ROUTES","[""ANSWER_MISSING"",""MODALITIES_MISSING"",""MODALITY_UNDEMONSTRATED"",""SOLUTION_MISSING"",""UNMAPPED_TOPIC"",""MATH_REPRESENTATION_UNDECLARED"",""PAU_DETAIL_INCOMPLETE"",""PAU_MODALITY_UNDECLARED"",""SOLUTION_REVIEW_REQUIRED""]","[""src-892b9ae1-f90a-51ab-9854-6cd80b4c6d0b""]"
"mates2-geometria-2515d514f083","cand-1b3a3aae-40d9-565a-8464-1109cf53af2b","ex-5bdcc397-aa8f-5f1e-9b0f-8b8e3d85c301","2bach-mates","matematicas-ii","Castilla-La Mancha","BLOCKED","LOADED_NOT_MATERIALIZED_BY_CURRENT_ROUTES","[""ANSWER_MISSING"",""MODALITIES_MISSING"",""MODALITY_UNDEMONSTRATED"",""SOLUTION_MISSING"",""UNMAPPED_TOPIC"",""PAU_MODALITY_UNDECLARED"",""SOLUTION_REVIEW_REQUIRED""]","[""src-07cb3912-4493-5a29-8366-64eb73c5262c""]"
"mates2-geometria-2515d514f083-opcion-b","cand-30b1e076-e47c-59b1-96c1-caada29f7a36","ex-cc6833ec-c418-537d-a295-a81f7006d80c","2bach-mates","matematicas-ii","","BLOCKED","LOADED_NOT_MATERIALIZED_BY_CURRENT_ROUTES","[""ANSWER_MISSING"",""COMMUNITY_UNMAPPED"",""MODALITIES_MISSING"",""MODALITY_UNDEMONSTRATED"",""PAU_COMMUNITY_MISSING"",""SOLUTION_MISSING"",""UNMAPPED_TOPIC"",""MATH_REPRESENTATION_UNDECLARED"",""PAU_MODALITY_UNDECLARED"",""SOLUTION_REVIEW_REQUIRED""]","[""src-14d48699-5436-5f84-aab4-708ae5e47126""]"
"mates2-geometria-26c358136685","cand-68c608b3-c816-5d35-a01a-1b7784e955d4","ex-58c94343-50b4-552f-b67a-7d66e7fd2963","2bach-mates","matematicas-ii","Castilla-La Mancha","BLOCKED","LOADED_NOT_MATERIALIZED_BY_CURRENT_ROUTES","[""ANSWER_MISSING"",""MODALITIES_MISSING"",""MODALITY_UNDEMONSTRATED"",""SOLUTION_MISSING"",""UNMAPPED_TOPIC"",""MATH_REPRESENTATION_UNDECLARED"",""PAU_MODALITY_UNDECLARED"",""SOLUTION_REVIEW_REQUIRED""]","[""src-3cee313f-b690-5966-9a76-fc1b6410ab02""]"
"mates2-geometria-27c0fa9beae6","cand-4e16a05f-04f8-5eec-98b4-fd6d7c93ae01","ex-a34d1456-ea58-5040-a17d-b5174441a884","2bach-mates","matematicas-ii","Castilla-La Mancha","BLOCKED","LOADED_NOT_MATERIALIZED_BY_CURRENT_ROUTES","[""ANSWER_MISSING"",""MODALITIES_MISSING"",""MODALITY_UNDEMONSTRATED"",""SOLUTION_MISSING"",""UNMAPPED_TOPIC"",""PAU_DETAIL_INCOMPLETE"",""PAU_MODALITY_UNDECLARED"",""SOLUTION_REVIEW_REQUIRED""]","[""src-5aaf2fd0-fdac-5ec2-b215-8e996bb65d79""]"
"mates2-geometria-2a4ebcc775a7","cand-eb20fa0e-eb8b-580c-a1e5-f7a65080a202","ex-a0f1dc5a-3d04-5c11-a5b6-9345d68f0592","2bach-mates","matematicas-ii","Castilla-La Mancha","BLOCKED","LOADED_NOT_MATERIALIZED_BY_CURRENT_ROUTES","[""ANSWER_MISSING"",""MODALITIES_MISSING"",""MODALITY_UNDEMONSTRATED"",""SOLUTION_MISSING"",""UNMAPPED_TOPIC"",""PAU_MODALITY_UNDECLARED"",""SOLUTION_REVIEW_REQUIRED""]","[""src-49d4735c-d3e3-5e4d-9161-cd0d126c3872""]"
"mates2-geometria-2ad11ab20643","cand-0bcb2f12-b2e1-53df-859b-3a6175635e9e","ex-3ae29932-b4b4-53cc-92bf-3e45ca95456b","2bach-mates","matematicas-ii","Castilla-La Mancha","BLOCKED","LOADED_NOT_MATERIALIZED_BY_CURRENT_ROUTES","[""ANSWER_MISSING"",""MODALITIES_MISSING"",""MODALITY_UNDEMONSTRATED"",""SOLUTION_MISSING"",""UNMAPPED_TOPIC"",""MATH_REPRESENTATION_UNDECLARED"",""PAU_MODALITY_UNDECLARED"",""SOLUTION_REVIEW_REQUIRED""]","[""src-679799f4-0ff3-5a7c-8fbb-dbc50aade729""]"
"mates2-geometria-2ad11ab20643--mates-ii-geometria-2","cand-1cc846d6-e3c3-5797-a9aa-a4d9ee042f67","ex-dd41ed5c-137b-5cb6-8816-1b02a8e4e75b","2bach-mates","matematicas-ii","Castilla-La Mancha","BLOCKED","LOADED_NOT_MATERIALIZED_BY_CURRENT_ROUTES","[""ANSWER_MISSING"",""MODALITIES_MISSING"",""MODALITY_UNDEMONSTRATED"",""SOLUTION_MISSING"",""UNMAPPED_TOPIC"",""PAU_MODALITY_UNDECLARED"",""SOLUTION_REVIEW_REQUIRED""]","[""src-518361ae-990a-5bb5-8d45-65249d4edbe3""]"
"mates2-geometria-2ad11ab20643--mates-ii-geometria-3","cand-5c0a0674-efdd-5d72-98c9-91b3c366ecba","ex-3f172244-07ef-56c0-b2b9-1cf95956ac23","2bach-mates","matematicas-ii","Castilla-La Mancha","BLOCKED","LOADED_NOT_MATERIALIZED_BY_CURRENT_ROUTES","[""ANSWER_MISSING"",""MODALITIES_MISSING"",""MODALITY_UNDEMONSTRATED"",""SOLUTION_MISSING"",""UNMAPPED_TOPIC"",""PAU_MODALITY_UNDECLARED"",""SOLUTION_REVIEW_REQUIRED""]","[""src-80c0f255-b950-5962-a341-efd569daa12d""]"
"mates2-geometria-2ad11ab20643--mates-ii-geometria-4","cand-ece553c9-6f39-5f6a-9f20-369cc339ec57","ex-44cb9738-a9de-5614-9435-ce27f9880a83","2bach-mates","matematicas-ii","Castilla-La Mancha","BLOCKED","LOADED_NOT_MATERIALIZED_BY_CURRENT_ROUTES","[""ANSWER_MISSING"",""MODALITIES_MISSING"",""MODALITY_UNDEMONSTRATED"",""SOLUTION_MISSING"",""UNMAPPED_TOPIC"",""MATH_REPRESENTATION_UNDECLARED"",""PAU_MODALITY_UNDECLARED"",""SOLUTION_REVIEW_REQUIRED""]","[""src-36acfaa9-b18d-56ef-9bbd-0d09c2c9926d""]"
"mates2-geometria-2ae69c3197b5","cand-a0da2f58-c1c7-50c8-9a3b-03d0964c021b","ex-b330ca16-19c9-5349-a315-2b830d9920cc","2bach-mates","matematicas-ii","Castilla-La Mancha","BLOCKED","LOADED_NOT_MATERIALIZED_BY_CURRENT_ROUTES","[""ANSWER_MISSING"",""MODALITIES_MISSING"",""MODALITY_UNDEMONSTRATED"",""SOLUTION_MISSING"",""UNMAPPED_TOPIC"",""PAU_MODALITY_UNDECLARED"",""SOLUTION_REVIEW_REQUIRED""]","[""src-bdcb8ee2-01a3-5491-8e96-6eb897ac955d""]"
"mates2-geometria-2ae69c3197b5--mates-ii-geometria-2","cand-7223e1b8-b72d-5ad0-8c0f-84a1974af9db","ex-f2d181b4-60e8-5637-919b-3b749436441b","2bach-mates","matematicas-ii","Castilla-La Mancha","BLOCKED","LOADED_NOT_MATERIALIZED_BY_CURRENT_ROUTES","[""ANSWER_MISSING"",""MODALITIES_MISSING"",""MODALITY_UNDEMONSTRATED"",""SOLUTION_MISSING"",""UNMAPPED_TOPIC"",""PAU_MODALITY_UNDECLARED"",""SOLUTION_REVIEW_REQUIRED""]","[""src-a8d31133-7f29-5495-aa5d-05c2b81f16f8""]"
"mates2-geometria-2bf89939342c","cand-c40e76f8-d35a-5bc6-a8b2-1a3d6e977f3b","ex-13b1fdd0-b675-5b4c-8256-89612877ba45","2bach-mates","matematicas-ii","Castilla-La Mancha","BLOCKED","LOADED_NOT_MATERIALIZED_BY_CURRENT_ROUTES","[""ANSWER_MISSING"",""MODALITIES_MISSING"",""MODALITY_UNDEMONSTRATED"",""SOLUTION_MISSING"",""UNMAPPED_TOPIC"",""MATH_REPRESENTATION_UNDECLARED"",""PAU_DETAIL_INCOMPLETE"",""PAU_MODALITY_UNDECLARED"",""SOLUTION_REVIEW_REQUIRED""]","[""src-91aeb9d5-8fe4-5ba1-8ffc-e355f6d4f51b""]"
"mates2-geometria-2cc999840987","cand-435370ea-7376-5be5-8ffd-2b6d2e282a3b","ex-a87ef6c7-92d9-5257-ac06-5d74a053f03c","2bach-mates","matematicas-ii","Castilla-La Mancha","BLOCKED","LOADED_NOT_MATERIALIZED_BY_CURRENT_ROUTES","[""ANSWER_MISSING"",""MODALITIES_MISSING"",""MODALITY_UNDEMONSTRATED"",""SOLUTION_MISSING"",""UNMAPPED_TOPIC"",""PAU_DETAIL_INCOMPLETE"",""PAU_MODALITY_UNDECLARED"",""SOLUTION_REVIEW_REQUIRED""]","[""src-39659106-f385-56c2-a514-2607a5c7b0c9""]"
"mates2-geometria-2d82aece9e2c","cand-5f038d59-ccd7-5b5b-8797-de021dadba6f","ex-652e72e2-07a8-57b6-ae26-0ee77ae9d428","2bach-mates","matematicas-ii","Castilla-La Mancha","BLOCKED","LOADED_NOT_MATERIALIZED_BY_CURRENT_ROUTES","[""ANSWER_MISSING"",""MODALITIES_MISSING"",""MODALITY_UNDEMONSTRATED"",""SOLUTION_MISSING"",""UNMAPPED_TOPIC"",""MATH_REPRESENTATION_UNDECLARED"",""PAU_MODALITY_UNDECLARED"",""SOLUTION_REVIEW_REQUIRED""]","[""src-b2c2fa1f-9cb3-5ad1-b674-8b5aa89afb0c""]"
"mates2-geometria-2d82aece9e2c-opcion-b","cand-4fcc8de3-2b82-5961-ac7c-36f104c45c9c","ex-294a1031-9d85-525e-93a0-1abf61b41b17","2bach-mates","matematicas-ii","","BLOCKED","LOADED_NOT_MATERIALIZED_BY_CURRENT_ROUTES","[""ANSWER_MISSING"",""COMMUNITY_UNMAPPED"",""MODALITIES_MISSING"",""MODALITY_UNDEMONSTRATED"",""PAU_COMMUNITY_MISSING"",""SOLUTION_MISSING"",""UNMAPPED_TOPIC"",""PAU_MODALITY_UNDECLARED"",""SOLUTION_REVIEW_REQUIRED""]","[""src-31ba45d6-6308-5913-b023-35504b7dddec""]"
"mates2-geometria-2edbeaff5b7b","cand-2725544c-58fa-5a25-859a-1089551b5225","ex-ccea6d57-8d8d-5711-a05f-9eb99072f0d5","2bach-mates","matematicas-ii","Castilla-La Mancha","BLOCKED","LOADED_NOT_MATERIALIZED_BY_CURRENT_ROUTES","[""ANSWER_MISSING"",""MODALITIES_MISSING"",""MODALITY_UNDEMONSTRATED"",""SOLUTION_MISSING"",""UNMAPPED_TOPIC"",""PAU_DETAIL_INCOMPLETE"",""PAU_MODALITY_UNDECLARED"",""SOLUTION_REVIEW_REQUIRED""]","[""src-02796999-1155-54c5-946a-d015853ebbce""]"
"mates2-geometria-2f51dfc30e20","cand-3dff8b7c-f4b3-5f9d-9cb6-c86ca1bcdc6e","ex-9fc45f1b-ba91-5aa0-adf9-24df61b2b33a","2bach-mates","matematicas-ii","Castilla-La Mancha","BLOCKED","LOADED_NOT_MATERIALIZED_BY_CURRENT_ROUTES","[""ANSWER_MISSING"",""MODALITIES_MISSING"",""MODALITY_UNDEMONSTRATED"",""SOLUTION_MISSING"",""UNMAPPED_TOPIC"",""PAU_MODALITY_UNDECLARED"",""SOLUTION_REVIEW_REQUIRED""]","[""src-58dc2e98-7ee9-5a1a-8b5a-e1ef9d549013""]"
"mates2-geometria-34fd77e168b9","cand-4d316360-b436-5895-851f-97aafb08706b","ex-d55aedfb-30e0-561d-8df3-86a8329bbd79","2bach-mates","matematicas-ii","Castilla-La Mancha","BLOCKED","LOADED_NOT_MATERIALIZED_BY_CURRENT_ROUTES","[""ANSWER_MISSING"",""MODALITIES_MISSING"",""MODALITY_UNDEMONSTRATED"",""SOLUTION_MISSING"",""UNMAPPED_TOPIC"",""PAU_MODALITY_UNDECLARED"",""SOLUTION_REVIEW_REQUIRED""]","[""src-99f0c0ca-658b-5f80-91ff-30cd1c8ac4ba""]"
"mates2-geometria-35d6d220a7b1","cand-ffe36b7a-6b43-5923-bdd2-711e414ffda9","ex-d04a958c-8d39-574b-a017-1df0d9d33d31","2bach-mates","matematicas-ii","Castilla-La Mancha","BLOCKED","LOADED_NOT_MATERIALIZED_BY_CURRENT_ROUTES","[""ANSWER_MISSING"",""MODALITIES_MISSING"",""MODALITY_UNDEMONSTRATED"",""SOLUTION_MISSING"",""UNMAPPED_TOPIC"",""PAU_MODALITY_UNDECLARED"",""SOLUTION_REVIEW_REQUIRED""]","[""src-555d028d-3820-5031-a958-9870525f03b9""]"
"mates2-geometria-35d6d220a7b1--mates-ii-geometria-2","cand-ec6e275c-eb19-5a3c-a44c-7fb3273d8c8f","ex-09323767-ba40-5320-8f53-90958569b4ef","2bach-mates","matematicas-ii","Castilla-La Mancha","BLOCKED","LOADED_NOT_MATERIALIZED_BY_CURRENT_ROUTES","[""ANSWER_MISSING"",""MODALITIES_MISSING"",""MODALITY_UNDEMONSTRATED"",""SOLUTION_MISSING"",""UNMAPPED_TOPIC"",""PAU_MODALITY_UNDECLARED"",""SOLUTION_REVIEW_REQUIRED""]","[""src-0e653c30-5966-5c0b-948e-39a91a6d97e9""]"
"mates2-geometria-35d6d220a7b1--mates-ii-geometria-3","cand-69358050-0c03-58d5-bf4b-0184c5fe1e36","ex-54651acd-c854-522e-b6c2-1d0e71b6b5c8","2bach-mates","matematicas-ii","Castilla-La Mancha","BLOCKED","LOADED_NOT_MATERIALIZED_BY_CURRENT_ROUTES","[""ANSWER_MISSING"",""MODALITIES_MISSING"",""MODALITY_UNDEMONSTRATED"",""SOLUTION_MISSING"",""UNMAPPED_TOPIC"",""MATH_REPRESENTATION_UNDECLARED"",""PAU_MODALITY_UNDECLARED"",""SOLUTION_REVIEW_REQUIRED""]","[""src-ee3f03ed-7de1-567c-820d-75d450603d28""]"
"mates2-geometria-3624ca0ec2b3","cand-4cbf2db4-1c2f-57df-84d6-5df1bacb3f0c","ex-f78fc720-ce89-503f-86eb-01c46ba69ef7","2bach-mates","matematicas-ii","Castilla-La Mancha","BLOCKED","LOADED_NOT_MATERIALIZED_BY_CURRENT_ROUTES","[""ANSWER_MISSING"",""MODALITIES_MISSING"",""MODALITY_UNDEMONSTRATED"",""SOLUTION_MISSING"",""UNMAPPED_TOPIC"",""MATH_REPRESENTATION_UNDECLARED"",""PAU_MODALITY_UNDECLARED"",""SOLUTION_REVIEW_REQUIRED""]","[""src-abb4b179-b672-54dd-960e-84a0b0c45e75""]"
"mates2-geometria-36b2219f6e65","cand-fa439b7b-daba-5cdf-9e1b-b2aaec4c3f2d","ex-cd99d6b7-91c7-56bb-af1f-6e114125f8bb","2bach-mates","matematicas-ii","Castilla-La Mancha","BLOCKED","LOADED_NOT_MATERIALIZED_BY_CURRENT_ROUTES","[""ANSWER_MISSING"",""MODALITIES_MISSING"",""MODALITY_UNDEMONSTRATED"",""SOLUTION_MISSING"",""UNMAPPED_TOPIC"",""PAU_MODALITY_UNDECLARED"",""SOLUTION_REVIEW_REQUIRED""]","[""src-bb79f4e9-0b5b-5d1f-a8b0-f6181743cdc5""]"
"mates2-geometria-3a561d1cb40c","cand-4e10150e-aa3f-583d-a056-c732eab24579","ex-5a5b9b8c-a7d0-5917-b3fe-8ac571d66934","2bach-mates","matematicas-ii","Castilla-La Mancha","BLOCKED","LOADED_NOT_MATERIALIZED_BY_CURRENT_ROUTES","[""ANSWER_MISSING"",""MODALITIES_MISSING"",""MODALITY_UNDEMONSTRATED"",""SOLUTION_MISSING"",""UNMAPPED_TOPIC"",""PAU_DETAIL_INCOMPLETE"",""PAU_MODALITY_UNDECLARED"",""SOLUTION_REVIEW_REQUIRED""]","[""src-4a4cd713-0f59-5e0f-a41a-ae593a62c6a9""]"
"mates2-geometria-3bb27528fb05","cand-898011e8-c79b-5a3a-b2d1-641750a87fb9","ex-d15d37af-4858-5e63-8952-b0e768aafb64","2bach-mates","matematicas-ii","Castilla-La Mancha","BLOCKED","LOADED_NOT_MATERIALIZED_BY_CURRENT_ROUTES","[""ANSWER_MISSING"",""MODALITIES_MISSING"",""MODALITY_UNDEMONSTRATED"",""SOLUTION_MISSING"",""UNMAPPED_TOPIC"",""PAU_DETAIL_INCOMPLETE"",""PAU_MODALITY_UNDECLARED"",""SOLUTION_REVIEW_REQUIRED""]","[""src-bb25ed84-e2ed-5985-8465-6e381bf902e2""]"
"mates2-geometria-3c267d60c69a","cand-2647780b-4afb-5c3f-85b4-89e6736d1171","ex-644c8abd-7621-5481-9562-904767f04b43","2bach-mates","matematicas-ii","Castilla-La Mancha","BLOCKED","LOADED_NOT_MATERIALIZED_BY_CURRENT_ROUTES","[""ANSWER_MISSING"",""MODALITIES_MISSING"",""MODALITY_UNDEMONSTRATED"",""SOLUTION_MISSING"",""UNMAPPED_TOPIC"",""PAU_DETAIL_INCOMPLETE"",""PAU_MODALITY_UNDECLARED"",""SOLUTION_REVIEW_REQUIRED""]","[""src-1cc20d2e-5c55-5f47-8b77-ec3b740be952""]"
"mates2-geometria-3f1c4984d38e","cand-608ecc2d-5cd4-5ca1-959f-c4fa012e9bd8","ex-a23e8216-d264-56de-bc73-3d5471a6ad58","2bach-mates","matematicas-ii","Castilla-La Mancha","BLOCKED","LOADED_NOT_MATERIALIZED_BY_CURRENT_ROUTES","[""ANSWER_MISSING"",""MODALITIES_MISSING"",""MODALITY_UNDEMONSTRATED"",""SOLUTION_MISSING"",""UNMAPPED_TOPIC"",""MATH_REPRESENTATION_UNDECLARED"",""PAU_DETAIL_INCOMPLETE"",""PAU_MODALITY_UNDECLARED"",""SOLUTION_REVIEW_REQUIRED""]","[""src-adc5444b-4af4-5a30-9c1a-e3e78e46ea8c""]"
"mates2-geometria-427b42fc3a01","cand-46ddb3ff-d302-5845-96eb-4d42b8474678","ex-26ede4da-7031-5f92-807c-2d1b3b54a760","2bach-mates","matematicas-ii","Castilla-La Mancha","BLOCKED","LOADED_NOT_MATERIALIZED_BY_CURRENT_ROUTES","[""ANSWER_MISSING"",""MODALITIES_MISSING"",""MODALITY_UNDEMONSTRATED"",""SOLUTION_MISSING"",""UNMAPPED_TOPIC"",""MATH_REPRESENTATION_UNDECLARED"",""PAU_DETAIL_INCOMPLETE"",""PAU_MODALITY_UNDECLARED"",""SOLUTION_REVIEW_REQUIRED""]","[""src-c9d35958-0761-576c-8019-6d8a7879cd16""]"
"mates2-geometria-48c141215833","cand-f4bef6b8-43b1-5205-9ef4-c18cb01f241e","ex-9f2db4bc-badc-5537-8c20-23d6c76907a2","2bach-mates","matematicas-ii","Castilla-La Mancha","BLOCKED","LOADED_NOT_MATERIALIZED_BY_CURRENT_ROUTES","[""ANSWER_MISSING"",""MODALITIES_MISSING"",""MODALITY_UNDEMONSTRATED"",""SOLUTION_MISSING"",""UNMAPPED_TOPIC"",""PAU_MODALITY_UNDECLARED"",""SOLUTION_REVIEW_REQUIRED""]","[""src-19e74fa7-0cd1-55f1-828b-007b6182b07b""]"
"mates2-geometria-492e3a1f4bb5","cand-c1ba9926-8fef-5b3a-8d1c-923169fbde6a","ex-0bfec524-4eb2-5dd5-af79-661b445273d3","2bach-mates","matematicas-ii","Castilla-La Mancha","BLOCKED","LOADED_NOT_MATERIALIZED_BY_CURRENT_ROUTES","[""ANSWER_MISSING"",""MODALITIES_MISSING"",""MODALITY_UNDEMONSTRATED"",""SOLUTION_MISSING"",""UNMAPPED_TOPIC"",""MATH_REPRESENTATION_UNDECLARED"",""PAU_DETAIL_INCOMPLETE"",""PAU_MODALITY_UNDECLARED"",""SOLUTION_REVIEW_REQUIRED""]","[""src-c4018967-1f50-5924-b173-0ad7a3f78b78""]"
"mates2-geometria-493f3920b234","cand-96f866fe-dc96-5de9-ab86-55441cd958cc","ex-4d865738-53ee-5a37-84a8-2069f4f99ad8","2bach-mates","matematicas-ii","Castilla-La Mancha","BLOCKED","LOADED_NOT_MATERIALIZED_BY_CURRENT_ROUTES","[""ANSWER_MISSING"",""MODALITIES_MISSING"",""MODALITY_UNDEMONSTRATED"",""SOLUTION_MISSING"",""UNMAPPED_TOPIC"",""MATH_REPRESENTATION_UNDECLARED"",""PAU_DETAIL_INCOMPLETE"",""PAU_MODALITY_UNDECLARED"",""SOLUTION_REVIEW_REQUIRED""]","[""src-fc29066e-ae87-582b-af32-37327ac22903""]"
"mates2-geometria-4ade04107ed9","cand-590902a8-0dc3-5de0-8cdc-feb214a06f05","ex-af7e9d64-5e6c-5692-a500-f400a9f72ba5","2bach-mates","matematicas-ii","Castilla-La Mancha","BLOCKED","LOADED_NOT_MATERIALIZED_BY_CURRENT_ROUTES","[""ANSWER_MISSING"",""MODALITIES_MISSING"",""MODALITY_UNDEMONSTRATED"",""SOLUTION_MISSING"",""UNMAPPED_TOPIC"",""MATH_REPRESENTATION_UNDECLARED"",""PAU_MODALITY_UNDECLARED"",""SOLUTION_REVIEW_REQUIRED""]","[""src-facaec28-9b03-50df-855a-1bcb88abbb47""]"
"mates2-geometria-507baa5cb4a0","cand-bf7eff6c-ba85-5619-acb2-f43ea4eccec2","ex-493e6e64-5bf0-54de-bf4e-a2b070b9c524","2bach-mates","matematicas-ii","Castilla-La Mancha","BLOCKED","LOADED_NOT_MATERIALIZED_BY_CURRENT_ROUTES","[""ANSWER_MISSING"",""MODALITIES_MISSING"",""MODALITY_UNDEMONSTRATED"",""SOLUTION_MISSING"",""UNMAPPED_TOPIC"",""PAU_MODALITY_UNDECLARED"",""SOLUTION_REVIEW_REQUIRED""]","[""src-d9e3f8d6-d9dd-5230-a22b-8b3af29ac051""]"
"mates2-geometria-51fcf10fc8e3","cand-53b2ab95-d87e-56b9-89d9-5d459bfcd882","ex-a8b2a1ae-e034-5f37-873a-074ddfe99cbf","2bach-mates","matematicas-ii","Castilla-La Mancha","BLOCKED","LOADED_NOT_MATERIALIZED_BY_CURRENT_ROUTES","[""ANSWER_MISSING"",""MODALITIES_MISSING"",""MODALITY_UNDEMONSTRATED"",""SOLUTION_MISSING"",""UNMAPPED_TOPIC"",""MATH_REPRESENTATION_UNDECLARED"",""PAU_DETAIL_INCOMPLETE"",""PAU_MODALITY_UNDECLARED"",""SOLUTION_REVIEW_REQUIRED""]","[""src-a89f6dcb-d836-56e8-9333-624a13a103be""]"
"mates2-geometria-54f714a8fba2","cand-0d616d06-04df-59ea-a835-d71f14517325","ex-cd57f33b-175d-5a3d-a07c-d8ea934426a9","2bach-mates","matematicas-ii","Castilla-La Mancha","BLOCKED","LOADED_NOT_MATERIALIZED_BY_CURRENT_ROUTES","[""ANSWER_MISSING"",""MODALITIES_MISSING"",""MODALITY_UNDEMONSTRATED"",""SOLUTION_MISSING"",""UNMAPPED_TOPIC"",""PAU_DETAIL_INCOMPLETE"",""PAU_MODALITY_UNDECLARED"",""SOLUTION_REVIEW_REQUIRED""]","[""src-951cf9f2-903e-5b6d-90f8-148bdb2fc8e7""]"
"mates2-geometria-54fcfade2ed3","cand-dee47ce2-a5d7-551f-946a-98593ed831bf","ex-ef113913-4ea1-5a3c-a042-d1cced86e440","2bach-mates","matematicas-ii","Castilla-La Mancha","BLOCKED","LOADED_NOT_MATERIALIZED_BY_CURRENT_ROUTES","[""ANSWER_MISSING"",""MODALITIES_MISSING"",""MODALITY_UNDEMONSTRATED"",""SOLUTION_MISSING"",""UNMAPPED_TOPIC"",""MATH_REPRESENTATION_UNDECLARED"",""PAU_MODALITY_UNDECLARED"",""SOLUTION_REVIEW_REQUIRED""]","[""src-d0191b41-719c-5e71-81ea-f34a5fc40a8f""]"
"mates2-geometria-54fcfade2ed3--mates-ii-geometria-2","cand-2a4a7320-eccb-59e3-bb0e-7e18d11f7f92","ex-28e61f8d-be7f-51c4-bb2a-07484a0cc8a7","2bach-mates","matematicas-ii","Castilla-La Mancha","BLOCKED","LOADED_NOT_MATERIALIZED_BY_CURRENT_ROUTES","[""ANSWER_MISSING"",""MODALITIES_MISSING"",""MODALITY_UNDEMONSTRATED"",""SOLUTION_MISSING"",""UNMAPPED_TOPIC"",""PAU_MODALITY_UNDECLARED"",""SOLUTION_REVIEW_REQUIRED""]","[""src-eef3212a-f0d9-50e9-8f37-4f7c05c464e5""]"
"mates2-geometria-54fcfade2ed3--mates-ii-geometria-3","cand-ad098cef-1512-5215-915b-3cb9a5132fcf","ex-699dcf27-9161-50a9-a65c-d529d6ff78f5","2bach-mates","matematicas-ii","Castilla-La Mancha","BLOCKED","LOADED_NOT_MATERIALIZED_BY_CURRENT_ROUTES","[""ANSWER_MISSING"",""MODALITIES_MISSING"",""MODALITY_UNDEMONSTRATED"",""SOLUTION_MISSING"",""UNMAPPED_TOPIC"",""MATH_REPRESENTATION_UNDECLARED"",""PAU_MODALITY_UNDECLARED"",""SOLUTION_REVIEW_REQUIRED""]","[""src-73438535-6cef-5f41-be80-a442ac0d394e""]"
"mates2-geometria-5a068cd1da11","cand-64f56df0-4ae9-5ef6-80f8-47e82521e600","ex-235c99c6-df67-5c87-8e70-cd5392e24a96","2bach-mates","matematicas-ii","Castilla-La Mancha","BLOCKED","LOADED_NOT_MATERIALIZED_BY_CURRENT_ROUTES","[""ANSWER_MISSING"",""MODALITIES_MISSING"",""MODALITY_UNDEMONSTRATED"",""SOLUTION_MISSING"",""UNMAPPED_TOPIC"",""PAU_DETAIL_INCOMPLETE"",""PAU_MODALITY_UNDECLARED"",""SOLUTION_REVIEW_REQUIRED""]","[""src-f9304ae8-9ea3-52b9-bf00-8218ea9173cb""]"
"mates2-geometria-5c058205fb68","cand-0f24f279-1a35-5032-8338-13eca7e856c6","ex-2f87da1a-602a-52c3-a5f3-06d44aad7b6e","2bach-mates","matematicas-ii","Castilla-La Mancha","BLOCKED","LOADED_NOT_MATERIALIZED_BY_CURRENT_ROUTES","[""ANSWER_MISSING"",""MODALITIES_MISSING"",""MODALITY_UNDEMONSTRATED"",""SOLUTION_MISSING"",""UNMAPPED_TOPIC"",""PAU_DETAIL_INCOMPLETE"",""PAU_MODALITY_UNDECLARED"",""SOLUTION_REVIEW_REQUIRED""]","[""src-c3e3aeab-da52-5541-b512-b21897af9e90""]"
"mates2-geometria-5cd3a8ccee6e","cand-3aa511d4-4b20-5da3-849f-10ae05f95c38","ex-b9248c0e-18d5-54eb-b614-7734763ab3eb","2bach-mates","matematicas-ii","Castilla-La Mancha","BLOCKED","LOADED_NOT_MATERIALIZED_BY_CURRENT_ROUTES","[""ANSWER_MISSING"",""MODALITIES_MISSING"",""MODALITY_UNDEMONSTRATED"",""SOLUTION_MISSING"",""UNMAPPED_TOPIC"",""PAU_MODALITY_UNDECLARED"",""SOLUTION_REVIEW_REQUIRED""]","[""src-b189aeba-bf87-590e-a941-c27686ebfb65""]"
"mates2-geometria-5ceb40bc726c","cand-01b5acd3-1788-5096-9890-681192fbf5c4","ex-628e5334-7fd3-55f2-be96-bf9b058084c8","2bach-mates","matematicas-ii","Castilla-La Mancha","BLOCKED","LOADED_NOT_MATERIALIZED_BY_CURRENT_ROUTES","[""ANSWER_MISSING"",""MODALITIES_MISSING"",""MODALITY_UNDEMONSTRATED"",""SOLUTION_MISSING"",""UNMAPPED_TOPIC"",""MATH_REPRESENTATION_UNDECLARED"",""PAU_MODALITY_UNDECLARED"",""SOLUTION_REVIEW_REQUIRED""]","[""src-226f3a99-58ab-5bea-860c-e60aa7b8d31b""]"
"mates2-geometria-5d622c02fa40","cand-674bbfca-6b23-570b-b7e0-b1acceeba131","ex-bc492ca7-8187-5200-b252-b1a0e91dd39f","2bach-mates","matematicas-ii","Castilla-La Mancha","BLOCKED","LOADED_NOT_MATERIALIZED_BY_CURRENT_ROUTES","[""ANSWER_MISSING"",""MODALITIES_MISSING"",""MODALITY_UNDEMONSTRATED"",""SOLUTION_MISSING"",""UNMAPPED_TOPIC"",""PAU_MODALITY_UNDECLARED"",""SOLUTION_REVIEW_REQUIRED""]","[""src-73c6ad99-aa5e-5092-8020-861abcb4065e""]"
"mates2-geometria-5db82609aec0","cand-e301b8bf-0a6a-5e1b-b97d-ff3ca2b03536","ex-e5626dc4-2457-5d46-b075-f6ab81233890","2bach-mates","matematicas-ii","Castilla-La Mancha","BLOCKED","LOADED_NOT_MATERIALIZED_BY_CURRENT_ROUTES","[""ANSWER_MISSING"",""MODALITIES_MISSING"",""MODALITY_UNDEMONSTRATED"",""SOLUTION_MISSING"",""UNMAPPED_TOPIC"",""PAU_MODALITY_UNDECLARED"",""SOLUTION_REVIEW_REQUIRED""]","[""src-0bdaa583-654d-5bbd-9fd1-95713df08c26""]"
"mates2-geometria-5db82609aec0-opcion-b","cand-e85a0933-9bd7-52a5-ad85-39c5e9424c3c","ex-241847e0-17ad-5f1e-ad16-2d77cfc812b6","2bach-mates","matematicas-ii","","BLOCKED","LOADED_NOT_MATERIALIZED_BY_CURRENT_ROUTES","[""ANSWER_MISSING"",""COMMUNITY_UNMAPPED"",""MODALITIES_MISSING"",""MODALITY_UNDEMONSTRATED"",""PAU_COMMUNITY_MISSING"",""SOLUTION_MISSING"",""UNMAPPED_TOPIC"",""PAU_MODALITY_UNDECLARED"",""SOLUTION_REVIEW_REQUIRED""]","[""src-95569506-05e8-524f-83f9-8e863db0342f""]"
"mates2-geometria-5ef71021adf5","cand-4a0ac45b-40a9-5ffb-b4b7-85c6f3f00572","ex-d4e43a2c-8212-5208-8c72-31df3e1c3f8b","2bach-mates","matematicas-ii","Castilla-La Mancha","BLOCKED","LOADED_NOT_MATERIALIZED_BY_CURRENT_ROUTES","[""ANSWER_MISSING"",""MODALITIES_MISSING"",""MODALITY_UNDEMONSTRATED"",""SOLUTION_MISSING"",""UNMAPPED_TOPIC"",""MATH_REPRESENTATION_UNDECLARED"",""PAU_MODALITY_UNDECLARED"",""SOLUTION_REVIEW_REQUIRED""]","[""src-1b40f204-b7ac-5041-8f2e-11cbc6c90ea6""]"
"mates2-geometria-64defe4588ac","cand-5aaf7cd2-5af2-55a3-a3e1-e40b189f9b35","ex-ba9d1aab-d059-5231-b79b-9baeaf7957ea","2bach-mates","matematicas-ii","Castilla-La Mancha","BLOCKED","LOADED_NOT_MATERIALIZED_BY_CURRENT_ROUTES","[""ANSWER_MISSING"",""MODALITIES_MISSING"",""MODALITY_UNDEMONSTRATED"",""SOLUTION_MISSING"",""UNMAPPED_TOPIC"",""MATH_REPRESENTATION_UNDECLARED"",""PAU_MODALITY_UNDECLARED"",""SOLUTION_REVIEW_REQUIRED""]","[""src-7d3d3270-5a18-5f6b-803f-56c28b34fb5b""]"
"mates2-geometria-667a02b4b012","cand-ea495f96-804b-5ac7-8f2f-221f1e7b314b","ex-52133d84-174b-5cbd-b816-4e9a47b33837","2bach-mates","matematicas-ii","Castilla-La Mancha","BLOCKED","LOADED_NOT_MATERIALIZED_BY_CURRENT_ROUTES","[""ANSWER_MISSING"",""MODALITIES_MISSING"",""MODALITY_UNDEMONSTRATED"",""SOLUTION_MISSING"",""UNMAPPED_TOPIC"",""PAU_MODALITY_UNDECLARED"",""SOLUTION_REVIEW_REQUIRED""]","[""src-948c6911-0e18-5bf9-9473-1f84a1836548""]"
"mates2-geometria-685bbc884243","cand-19cf4ca6-4764-56d5-9c51-19d2a215bcf9","ex-af43ea5f-dbea-5792-a6c4-34782c669013","2bach-mates","matematicas-ii","Castilla-La Mancha","BLOCKED","LOADED_NOT_MATERIALIZED_BY_CURRENT_ROUTES","[""ANSWER_MISSING"",""MODALITIES_MISSING"",""MODALITY_UNDEMONSTRATED"",""SOLUTION_MISSING"",""UNMAPPED_TOPIC"",""PAU_DETAIL_INCOMPLETE"",""PAU_MODALITY_UNDECLARED"",""SOLUTION_REVIEW_REQUIRED""]","[""src-599b7eef-7d51-5267-8bec-e7b626c79ad4""]"
"mates2-geometria-68cc366c579c","cand-9a0d334e-1026-5d29-89d2-d6f97b3b4ef0","ex-64130c50-3873-5ffd-95a8-b1eb199fe112","2bach-mates","matematicas-ii","Castilla-La Mancha","BLOCKED","LOADED_NOT_MATERIALIZED_BY_CURRENT_ROUTES","[""ANSWER_MISSING"",""MODALITIES_MISSING"",""MODALITY_UNDEMONSTRATED"",""SOLUTION_MISSING"",""UNMAPPED_TOPIC"",""MATH_REPRESENTATION_UNDECLARED"",""PAU_MODALITY_UNDECLARED"",""SOLUTION_REVIEW_REQUIRED""]","[""src-66612432-099f-5c9c-90b3-616189c75517""]"
"mates2-geometria-6c4bd06cca23","cand-3127b945-9b94-5daa-9d3d-6c0cee846d33","ex-b48af95c-ef11-59d3-839e-3886b224a8dc","2bach-mates","matematicas-ii","Castilla-La Mancha","BLOCKED","LOADED_NOT_MATERIALIZED_BY_CURRENT_ROUTES","[""ANSWER_MISSING"",""MODALITIES_MISSING"",""MODALITY_UNDEMONSTRATED"",""SOLUTION_MISSING"",""UNMAPPED_TOPIC"",""MATH_REPRESENTATION_UNDECLARED"",""PAU_MODALITY_UNDECLARED"",""SOLUTION_REVIEW_REQUIRED""]","[""src-90712d3d-88f3-58f2-9c3b-ed10d9f6ab43""]"
"mates2-geometria-6cda366b826b","cand-1ad1932b-8267-5a55-aba7-dddd2e083708","ex-1b0057fb-7563-5213-b299-b45600e7e1d3","2bach-mates","matematicas-ii","Castilla-La Mancha","BLOCKED","LOADED_NOT_MATERIALIZED_BY_CURRENT_ROUTES","[""ANSWER_MISSING"",""MODALITIES_MISSING"",""MODALITY_UNDEMONSTRATED"",""SOLUTION_MISSING"",""UNMAPPED_TOPIC"",""PAU_MODALITY_UNDECLARED"",""SOLUTION_REVIEW_REQUIRED""]","[""src-b5991986-a09f-5f51-a2e1-5685366da4d7""]"
"mates2-geometria-6e15005dc8ce","cand-1219a243-6282-596f-98c1-d59420edc5f0","ex-47fca64f-3607-55bb-aef2-01491cc97d17","2bach-mates","matematicas-ii","Castilla-La Mancha","BLOCKED","LOADED_NOT_MATERIALIZED_BY_CURRENT_ROUTES","[""ANSWER_MISSING"",""MODALITIES_MISSING"",""MODALITY_UNDEMONSTRATED"",""SOLUTION_MISSING"",""UNMAPPED_TOPIC"",""MATH_REPRESENTATION_UNDECLARED"",""PAU_DETAIL_INCOMPLETE"",""PAU_MODALITY_UNDECLARED"",""SOLUTION_REVIEW_REQUIRED""]","[""src-2376bd99-d9f9-5d7d-af58-6d24dd1d6b07""]"
"mates2-geometria-6f0c7eb54892","cand-681aba2b-5bb0-518d-b92c-8484b2e28c44","ex-5b63ce7a-b148-5b46-b56e-2117a9375a15","2bach-mates","matematicas-ii","Castilla-La Mancha","BLOCKED","LOADED_NOT_MATERIALIZED_BY_CURRENT_ROUTES","[""ANSWER_MISSING"",""MODALITIES_MISSING"",""MODALITY_UNDEMONSTRATED"",""SOLUTION_MISSING"",""UNMAPPED_TOPIC"",""MATH_REPRESENTATION_UNDECLARED"",""PAU_DETAIL_INCOMPLETE"",""PAU_MODALITY_UNDECLARED"",""SOLUTION_REVIEW_REQUIRED""]","[""src-703132b8-ed7d-58df-95a1-3f258b08f8b5""]"
"mates2-geometria-6fe866bcef0c","cand-b4d02446-7b9a-5520-9993-79a199905a69","ex-e7c24dab-2665-5505-99fd-88be90bcb491","2bach-mates","matematicas-ii","Castilla-La Mancha","BLOCKED","LOADED_NOT_MATERIALIZED_BY_CURRENT_ROUTES","[""ANSWER_MISSING"",""MODALITIES_MISSING"",""MODALITY_UNDEMONSTRATED"",""SOLUTION_MISSING"",""UNMAPPED_TOPIC"",""MATH_REPRESENTATION_UNDECLARED"",""PAU_DETAIL_INCOMPLETE"",""PAU_MODALITY_UNDECLARED"",""SOLUTION_REVIEW_REQUIRED""]","[""src-06e6e691-ace4-59a5-a8c1-5c4ee6728042""]"
"mates2-geometria-728e1590e34e","cand-7fb75e86-b3e3-5ce5-8fee-3b94339183e6","ex-bf17dd8e-5072-558c-8ef0-34d5c6454aea","2bach-mates","matematicas-ii","Castilla-La Mancha","BLOCKED","LOADED_NOT_MATERIALIZED_BY_CURRENT_ROUTES","[""ANSWER_MISSING"",""MODALITIES_MISSING"",""MODALITY_UNDEMONSTRATED"",""SOLUTION_MISSING"",""UNMAPPED_TOPIC"",""MATH_REPRESENTATION_UNDECLARED"",""PAU_DETAIL_INCOMPLETE"",""PAU_MODALITY_UNDECLARED"",""SOLUTION_REVIEW_REQUIRED""]","[""src-a58e28ef-0abe-5768-9881-30afeb0b1bc1""]"
"mates2-geometria-7797da3125f6","cand-baffb918-d026-5b69-8da7-ac5e045628da","ex-d96fc942-964a-5a2e-864b-b98694f13af3","2bach-mates","matematicas-ii","Castilla-La Mancha","BLOCKED","LOADED_NOT_MATERIALIZED_BY_CURRENT_ROUTES","[""ANSWER_MISSING"",""MODALITIES_MISSING"",""MODALITY_UNDEMONSTRATED"",""SOLUTION_MISSING"",""UNMAPPED_TOPIC"",""MATH_REPRESENTATION_UNDECLARED"",""PAU_MODALITY_UNDECLARED"",""SOLUTION_REVIEW_REQUIRED""]","[""src-64c7dd51-ae3d-53d3-bb8e-27ab46f78338""]"
"mates2-geometria-7bfbcea4cade","cand-48c5dbac-643a-569a-9a47-3e40b7c0c035","ex-b9508207-bcd2-554e-a262-caa6e670a595","2bach-mates","matematicas-ii","Castilla-La Mancha","BLOCKED","LOADED_NOT_MATERIALIZED_BY_CURRENT_ROUTES","[""ANSWER_MISSING"",""MODALITIES_MISSING"",""MODALITY_UNDEMONSTRATED"",""SOLUTION_MISSING"",""UNMAPPED_TOPIC"",""PAU_MODALITY_UNDECLARED"",""SOLUTION_REVIEW_REQUIRED""]","[""src-8db6948f-6857-55e7-9f3a-4aed56d246fd""]"
"mates2-geometria-802ade71bfe8","cand-2982fdd6-aec7-55df-871a-9f1a33da6a6b","ex-d6524ab3-de15-5dd0-b664-1bd58eab2a98","2bach-mates","matematicas-ii","Castilla-La Mancha","BLOCKED","LOADED_NOT_MATERIALIZED_BY_CURRENT_ROUTES","[""ANSWER_MISSING"",""MODALITIES_MISSING"",""MODALITY_UNDEMONSTRATED"",""SOLUTION_MISSING"",""UNMAPPED_TOPIC"",""PAU_MODALITY_UNDECLARED"",""SOLUTION_REVIEW_REQUIRED""]","[""src-3f2db169-babe-568f-8649-5895b5c50679""]"
"mates2-geometria-868b276a07e2","cand-676bf5e6-a094-5c27-b2d7-d170e75b572c","ex-0e7448a7-1913-5295-9206-4261d701311c","2bach-mates","matematicas-ii","Castilla-La Mancha","BLOCKED","LOADED_NOT_MATERIALIZED_BY_CURRENT_ROUTES","[""ANSWER_MISSING"",""MODALITIES_MISSING"",""MODALITY_UNDEMONSTRATED"",""SOLUTION_MISSING"",""UNMAPPED_TOPIC"",""MATH_REPRESENTATION_UNDECLARED"",""PAU_MODALITY_UNDECLARED"",""SOLUTION_REVIEW_REQUIRED""]","[""src-82c0f2a9-871a-5028-b583-70527fea22c1""]"
"mates2-geometria-86e6090cfd22","cand-3fe29362-335f-5e26-b526-3c0cd471dc57","ex-a0621dab-a04c-5bbf-b3d8-f88d052edd93","2bach-mates","matematicas-ii","Castilla-La Mancha","BLOCKED","LOADED_NOT_MATERIALIZED_BY_CURRENT_ROUTES","[""ANSWER_MISSING"",""MODALITIES_MISSING"",""MODALITY_UNDEMONSTRATED"",""SOLUTION_MISSING"",""UNMAPPED_TOPIC"",""PAU_MODALITY_UNDECLARED"",""SOLUTION_REVIEW_REQUIRED""]","[""src-d452ca49-5c67-5977-9ecf-17f646f596bb""]"
"mates2-geometria-86f67a7b0b43","cand-eaf7c146-9c01-5a7a-a9eb-c9f4d2c0ae1e","ex-09129b7a-0493-5c89-8a25-4d0b8a79513b","2bach-mates","matematicas-ii","Castilla-La Mancha","BLOCKED","LOADED_NOT_MATERIALIZED_BY_CURRENT_ROUTES","[""ANSWER_MISSING"",""MODALITIES_MISSING"",""MODALITY_UNDEMONSTRATED"",""SOLUTION_MISSING"",""UNMAPPED_TOPIC"",""PAU_DETAIL_INCOMPLETE"",""PAU_MODALITY_UNDECLARED"",""SOLUTION_REVIEW_REQUIRED""]","[""src-3ee8aad0-59c9-5cad-9dc6-f9be96d33e58""]"
"mates2-geometria-887b0f0c01da","cand-284939d3-60aa-588d-8337-195a10cfed16","ex-ef8bd541-b798-586c-b91b-1b0750b19307","2bach-mates","matematicas-ii","Castilla-La Mancha","BLOCKED","LOADED_NOT_MATERIALIZED_BY_CURRENT_ROUTES","[""ANSWER_MISSING"",""MODALITIES_MISSING"",""MODALITY_UNDEMONSTRATED"",""SOLUTION_MISSING"",""UNMAPPED_TOPIC"",""MATH_REPRESENTATION_UNDECLARED"",""PAU_MODALITY_UNDECLARED"",""SOLUTION_REVIEW_REQUIRED""]","[""src-5acdb5a8-bbbc-5604-ba8c-bdcfdf096752""]"
"mates2-geometria-9121a930f661","cand-5f19d713-3ac0-5287-9185-7ecdf5bb02fb","ex-3f70e8f4-46d9-53c4-a992-459431230384","2bach-mates","matematicas-ii","Castilla-La Mancha","BLOCKED","LOADED_NOT_MATERIALIZED_BY_CURRENT_ROUTES","[""ANSWER_MISSING"",""MODALITIES_MISSING"",""MODALITY_UNDEMONSTRATED"",""SOLUTION_MISSING"",""UNMAPPED_TOPIC"",""MATH_REPRESENTATION_UNDECLARED"",""PAU_MODALITY_UNDECLARED"",""SOLUTION_REVIEW_REQUIRED""]","[""src-5ea1f08a-43d6-53e4-8ff2-8dafbca0896a""]"
"mates2-geometria-9273049c43e9","cand-2829bc6b-f0c1-583d-b590-28a14c75db7b","ex-397094f7-9481-5906-b04f-bbe5395966bf","2bach-mates","matematicas-ii","Castilla-La Mancha","BLOCKED","LOADED_NOT_MATERIALIZED_BY_CURRENT_ROUTES","[""ANSWER_MISSING"",""MODALITIES_MISSING"",""MODALITY_UNDEMONSTRATED"",""SOLUTION_MISSING"",""UNMAPPED_TOPIC"",""PAU_MODALITY_UNDECLARED"",""SOLUTION_REVIEW_REQUIRED""]","[""src-b509999b-5086-5f20-84c1-292c89febd82""]"
"mates2-geometria-9273049c43e9--mates-ii-geometria-2","cand-12c898dd-547d-5ef2-ac10-fb1849a84771","ex-3ebc06c5-859b-53ce-bcf8-6f1727d7aced","2bach-mates","matematicas-ii","Castilla-La Mancha","BLOCKED","LOADED_NOT_MATERIALIZED_BY_CURRENT_ROUTES","[""ANSWER_MISSING"",""MODALITIES_MISSING"",""MODALITY_UNDEMONSTRATED"",""SOLUTION_MISSING"",""UNMAPPED_TOPIC"",""MATH_REPRESENTATION_UNDECLARED"",""PAU_MODALITY_UNDECLARED"",""SOLUTION_REVIEW_REQUIRED""]","[""src-ac85b79c-d4e8-516c-b6f7-87958b58421c""]"
"mates2-geometria-9273049c43e9--mates-ii-geometria-3","cand-8c769281-4f2c-5da4-8bf2-345dbf9364da","ex-92881ed6-976c-5216-9909-68261fdade32","2bach-mates","matematicas-ii","Castilla-La Mancha","BLOCKED","LOADED_NOT_MATERIALIZED_BY_CURRENT_ROUTES","[""ANSWER_MISSING"",""MODALITIES_MISSING"",""MODALITY_UNDEMONSTRATED"",""SOLUTION_MISSING"",""UNMAPPED_TOPIC"",""PAU_MODALITY_UNDECLARED"",""SOLUTION_REVIEW_REQUIRED""]","[""src-1e754b58-af7d-5d76-81bb-a1a0a1f14384""]"
"mates2-geometria-95cd1a6005ce","cand-2ad5c09f-0589-5576-9201-6687c598b872","ex-2e3c50c5-beb7-543f-8042-01a651f846e2","2bach-mates","matematicas-ii","Castilla-La Mancha","BLOCKED","LOADED_NOT_MATERIALIZED_BY_CURRENT_ROUTES","[""ANSWER_MISSING"",""MODALITIES_MISSING"",""MODALITY_UNDEMONSTRATED"",""SOLUTION_MISSING"",""UNMAPPED_TOPIC"",""PAU_MODALITY_UNDECLARED"",""SOLUTION_REVIEW_REQUIRED""]","[""src-39bde967-ec56-562b-b27c-1a5642ea5fa5""]"
"mates2-geometria-95cd1a6005ce-opcion-b","cand-6a6c3ef9-e9b1-59ff-b148-1d7fa41ee5af","ex-f14611f0-2788-52de-af14-177c5821224f","2bach-mates","matematicas-ii","","BLOCKED","LOADED_NOT_MATERIALIZED_BY_CURRENT_ROUTES","[""ANSWER_MISSING"",""COMMUNITY_UNMAPPED"",""MODALITIES_MISSING"",""MODALITY_UNDEMONSTRATED"",""PAU_COMMUNITY_MISSING"",""SOLUTION_MISSING"",""UNMAPPED_TOPIC"",""PAU_MODALITY_UNDECLARED"",""SOLUTION_REVIEW_REQUIRED""]","[""src-aa49f64d-d794-5e49-bb17-c3fbbf98b371""]"
"mates2-geometria-962013c3e862","cand-cc4b15cf-8b53-5db1-9ef1-c260a1903f60","ex-1877a95e-2a9a-527c-82b2-fe473a0d5d25","2bach-mates","matematicas-ii","Castilla-La Mancha","BLOCKED","LOADED_NOT_MATERIALIZED_BY_CURRENT_ROUTES","[""ANSWER_MISSING"",""MODALITIES_MISSING"",""MODALITY_UNDEMONSTRATED"",""SOLUTION_MISSING"",""UNMAPPED_TOPIC"",""PAU_MODALITY_UNDECLARED"",""SOLUTION_REVIEW_REQUIRED""]","[""src-e9de5fda-11f1-521f-ba7e-cfa8f55da506""]"
"mates2-geometria-9757260cb157","cand-1f1b6976-bb72-5ab8-8b84-c97bf69dcce4","ex-bf23bbd7-e095-513e-b9c5-1df5582f270a","2bach-mates","matematicas-ii","Castilla-La Mancha","BLOCKED","LOADED_NOT_MATERIALIZED_BY_CURRENT_ROUTES","[""ANSWER_MISSING"",""MODALITIES_MISSING"",""MODALITY_UNDEMONSTRATED"",""SOLUTION_MISSING"",""UNMAPPED_TOPIC"",""PAU_DETAIL_INCOMPLETE"",""PAU_MODALITY_UNDECLARED"",""SOLUTION_REVIEW_REQUIRED""]","[""src-95a9902b-4563-5c3f-8919-4a2a6d9d0b20""]"
"mates2-geometria-975f12d54c66","cand-120961ed-94a9-5f8b-ae08-59a73db8c036","ex-64c274c0-e8e6-5587-acf6-87f6cbecc515","2bach-mates","matematicas-ii","Castilla-La Mancha","BLOCKED","LOADED_NOT_MATERIALIZED_BY_CURRENT_ROUTES","[""ANSWER_MISSING"",""MODALITIES_MISSING"",""MODALITY_UNDEMONSTRATED"",""SOLUTION_MISSING"",""UNMAPPED_TOPIC"",""MATH_REPRESENTATION_UNDECLARED"",""PAU_MODALITY_UNDECLARED"",""SOLUTION_REVIEW_REQUIRED""]","[""src-4df78862-bcd3-5e56-8254-046b7c14d7d2""]"
"mates2-geometria-98dbfce7b679","cand-c1dabcf8-38c6-5dd7-8437-e42b169e4cf2","ex-2e4da84b-5a79-5b2f-940f-0c20ffb2039e","2bach-mates","matematicas-ii","Castilla-La Mancha","BLOCKED","LOADED_NOT_MATERIALIZED_BY_CURRENT_ROUTES","[""ANSWER_MISSING"",""MODALITIES_MISSING"",""MODALITY_UNDEMONSTRATED"",""SOLUTION_MISSING"",""UNMAPPED_TOPIC"",""PAU_MODALITY_UNDECLARED"",""SOLUTION_REVIEW_REQUIRED""]","[""src-1d0a3fea-b3e9-59ee-8963-3275c9d201d2""]"
"mates2-geometria-98dbfce7b679-opcion-b","cand-a5d7cea3-4842-55cb-be12-8f26888423bc","ex-611cf895-4975-5c5e-90cc-04796bdc1b6c","2bach-mates","matematicas-ii","","BLOCKED","LOADED_NOT_MATERIALIZED_BY_CURRENT_ROUTES","[""ANSWER_MISSING"",""COMMUNITY_UNMAPPED"",""MODALITIES_MISSING"",""MODALITY_UNDEMONSTRATED"",""PAU_COMMUNITY_MISSING"",""SOLUTION_MISSING"",""UNMAPPED_TOPIC"",""PAU_MODALITY_UNDECLARED"",""SOLUTION_REVIEW_REQUIRED""]","[""src-d495db0b-883e-54e9-955e-03ef19a9048b""]"
"mates2-geometria-9b20402deeca","cand-ad714f4f-b096-54e6-b11a-496f8353a07f","ex-e200faf9-1a60-5c93-9d11-9c6f0f4e3e48","2bach-mates","matematicas-ii","Castilla-La Mancha","BLOCKED","LOADED_NOT_MATERIALIZED_BY_CURRENT_ROUTES","[""ANSWER_MISSING"",""MODALITIES_MISSING"",""MODALITY_UNDEMONSTRATED"",""SOLUTION_MISSING"",""UNMAPPED_TOPIC"",""PAU_MODALITY_UNDECLARED"",""SOLUTION_REVIEW_REQUIRED""]","[""src-a527aef4-4a74-5d8d-ba45-21321ca5381b""]"
"mates2-geometria-9defc32792ad","cand-ae294d2c-da15-55ab-bbff-fe0e912f1f30","ex-75eb16f4-d46b-5a6c-83b6-90180276af01","2bach-mates","matematicas-ii","Castilla-La Mancha","BLOCKED","LOADED_NOT_MATERIALIZED_BY_CURRENT_ROUTES","[""ANSWER_MISSING"",""MODALITIES_MISSING"",""MODALITY_UNDEMONSTRATED"",""SOLUTION_MISSING"",""UNMAPPED_TOPIC"",""PAU_DETAIL_INCOMPLETE"",""PAU_MODALITY_UNDECLARED"",""SOLUTION_REVIEW_REQUIRED""]","[""src-a9bf6c2a-d268-5a86-83c7-4ee18825f323""]"
"mates2-geometria-a251a527de05","cand-d11eca2e-a241-551a-a802-6b09ee2c7a7a","ex-e9e3fa0f-56a1-585a-84db-1beb8b364ae6","2bach-mates","matematicas-ii","Castilla-La Mancha","BLOCKED","LOADED_NOT_MATERIALIZED_BY_CURRENT_ROUTES","[""ANSWER_MISSING"",""MODALITIES_MISSING"",""MODALITY_UNDEMONSTRATED"",""SOLUTION_MISSING"",""UNMAPPED_TOPIC"",""PAU_DETAIL_INCOMPLETE"",""PAU_MODALITY_UNDECLARED"",""SOLUTION_REVIEW_REQUIRED""]","[""src-ee4842e2-7e15-56da-837c-a922bf8ff44b""]"
"mates2-geometria-a46ba1ed330c","cand-36db9133-cc06-5829-a6be-6d70ccde4243","ex-5bc55806-bdcd-585f-a6b5-12762d085baa","2bach-mates","matematicas-ii","Castilla-La Mancha","BLOCKED","LOADED_NOT_MATERIALIZED_BY_CURRENT_ROUTES","[""ANSWER_MISSING"",""MODALITIES_MISSING"",""MODALITY_UNDEMONSTRATED"",""SOLUTION_MISSING"",""UNMAPPED_TOPIC"",""PAU_MODALITY_UNDECLARED"",""SOLUTION_REVIEW_REQUIRED""]","[""src-be93dacf-38b2-530c-8f7f-d11a4ef5d889""]"
"mates2-geometria-a46ba1ed330c--mates-ii-geometria-2","cand-de31f2a4-7075-51c0-b993-6b208eedeb1b","ex-dab72f5a-61c3-5d64-ad14-653a02e44592","2bach-mates","matematicas-ii","Castilla-La Mancha","BLOCKED","LOADED_NOT_MATERIALIZED_BY_CURRENT_ROUTES","[""ANSWER_MISSING"",""MODALITIES_MISSING"",""MODALITY_UNDEMONSTRATED"",""SOLUTION_MISSING"",""UNMAPPED_TOPIC"",""PAU_MODALITY_UNDECLARED"",""SOLUTION_REVIEW_REQUIRED""]","[""src-559c24f3-e241-53c3-825a-5f43edb2060f""]"
"mates2-geometria-a60e6b2a5be7","cand-318d7eb0-d016-5366-86c0-9ad46b53afdf","ex-091025eb-42fb-5618-8e89-b6cdd3055fb3","2bach-mates","matematicas-ii","Castilla-La Mancha","BLOCKED","LOADED_NOT_MATERIALIZED_BY_CURRENT_ROUTES","[""ANSWER_MISSING"",""MODALITIES_MISSING"",""MODALITY_UNDEMONSTRATED"",""SOLUTION_MISSING"",""UNMAPPED_TOPIC"",""MATH_REPRESENTATION_UNDECLARED"",""PAU_DETAIL_INCOMPLETE"",""PAU_MODALITY_UNDECLARED"",""SOLUTION_REVIEW_REQUIRED""]","[""src-d728518a-4417-5d1b-8f6a-36cf69596741""]"
"mates2-geometria-a62c9ef41cbd","cand-e3a08f0b-8411-5aa1-a2b3-62cda7d3e44c","ex-5f63da14-68b8-51b9-b05e-713d4516e44d","2bach-mates","matematicas-ii","Castilla-La Mancha","BLOCKED","LOADED_NOT_MATERIALIZED_BY_CURRENT_ROUTES","[""ANSWER_MISSING"",""MODALITIES_MISSING"",""MODALITY_UNDEMONSTRATED"",""SOLUTION_MISSING"",""UNMAPPED_TOPIC"",""PAU_MODALITY_UNDECLARED"",""SOLUTION_REVIEW_REQUIRED""]","[""src-d28d4293-7c55-5de1-9873-4df92364f1f7""]"
"mates2-geometria-a6ae293282c2","cand-4fad0a04-94d6-5bf0-bdd4-4ff520ffa71d","ex-4a29f86e-1ffb-5791-ad8a-5c0e0c2ed6bf","2bach-mates","matematicas-ii","Castilla-La Mancha","BLOCKED","LOADED_NOT_MATERIALIZED_BY_CURRENT_ROUTES","[""ANSWER_MISSING"",""MODALITIES_MISSING"",""MODALITY_UNDEMONSTRATED"",""SOLUTION_MISSING"",""UNMAPPED_TOPIC"",""PAU_DETAIL_INCOMPLETE"",""PAU_MODALITY_UNDECLARED"",""SOLUTION_REVIEW_REQUIRED""]","[""src-78409281-cb3f-5998-a373-6e45fba51af9""]"
"mates2-geometria-a7535acd1faa","cand-935ec9c6-b595-5d1e-9604-78f1e158f1c7","ex-88f3a7da-4938-5fb2-88d3-27e840c3d71c","2bach-mates","matematicas-ii","Castilla-La Mancha","BLOCKED","LOADED_NOT_MATERIALIZED_BY_CURRENT_ROUTES","[""ANSWER_MISSING"",""MODALITIES_MISSING"",""MODALITY_UNDEMONSTRATED"",""SOLUTION_MISSING"",""UNMAPPED_TOPIC"",""PAU_MODALITY_UNDECLARED"",""SOLUTION_REVIEW_REQUIRED""]","[""src-78a14617-963a-5f25-8b14-2921aec4d3b2""]"
"mates2-geometria-b05e25ba125f","cand-44270103-8e29-539c-8e53-6e6ecb9e87d2","ex-8cabf432-7a78-58eb-90d3-c645250484da","2bach-mates","matematicas-ii","Castilla-La Mancha","BLOCKED","LOADED_NOT_MATERIALIZED_BY_CURRENT_ROUTES","[""ANSWER_MISSING"",""MODALITIES_MISSING"",""MODALITY_UNDEMONSTRATED"",""SOLUTION_MISSING"",""UNMAPPED_TOPIC"",""MATH_REPRESENTATION_UNDECLARED"",""PAU_MODALITY_UNDECLARED"",""SOLUTION_REVIEW_REQUIRED""]","[""src-f1e1ae56-b5ad-567b-b282-eea01d1e1be7""]"
"mates2-geometria-b68464b3aa75","cand-217d71db-9f2f-5782-9469-b2742162fd99","ex-eeee8055-5a2b-564a-8a01-6db315bb0080","2bach-mates","matematicas-ii","Castilla-La Mancha","BLOCKED","LOADED_NOT_MATERIALIZED_BY_CURRENT_ROUTES","[""ANSWER_MISSING"",""MODALITIES_MISSING"",""MODALITY_UNDEMONSTRATED"",""SOLUTION_MISSING"",""UNMAPPED_TOPIC"",""PAU_MODALITY_UNDECLARED"",""SOLUTION_REVIEW_REQUIRED""]","[""src-dfd3dfa1-aee1-58be-bbe2-9277cf8d02f7""]"
"mates2-geometria-b771e22f630e","cand-1cb09461-648c-560d-b531-8f2166bf5e75","ex-c77d4adb-39c5-52c0-9fdb-19d9e32d4507","2bach-mates","matematicas-ii","Castilla-La Mancha","BLOCKED","LOADED_NOT_MATERIALIZED_BY_CURRENT_ROUTES","[""ANSWER_MISSING"",""MODALITIES_MISSING"",""MODALITY_UNDEMONSTRATED"",""SOLUTION_MISSING"",""UNMAPPED_TOPIC"",""PAU_MODALITY_UNDECLARED"",""SOLUTION_REVIEW_REQUIRED""]","[""src-cb98f8cf-9ad5-58c8-84b9-1a988c161978""]"
"mates2-geometria-b897b867d0a4","cand-f7c38cf5-b397-538e-9dfe-a34204bebd6d","ex-26c0b76b-1c89-5a8a-b600-6faff26332cf","2bach-mates","matematicas-ii","Castilla-La Mancha","BLOCKED","LOADED_NOT_MATERIALIZED_BY_CURRENT_ROUTES","[""ANSWER_MISSING"",""MODALITIES_MISSING"",""MODALITY_UNDEMONSTRATED"",""SOLUTION_MISSING"",""UNMAPPED_TOPIC"",""MATH_REPRESENTATION_UNDECLARED"",""PAU_MODALITY_UNDECLARED"",""SOLUTION_REVIEW_REQUIRED""]","[""src-8e0028e3-0aab-5cfd-8d45-625ca65161ba""]"
"mates2-geometria-b8b610e99f84","cand-3b864ed0-4e51-5d80-b8d0-40caa4cb66eb","ex-7519fa72-ecd5-542a-9421-a016e99aff17","2bach-mates","matematicas-ii","Castilla-La Mancha","BLOCKED","LOADED_NOT_MATERIALIZED_BY_CURRENT_ROUTES","[""ANSWER_MISSING"",""MODALITIES_MISSING"",""MODALITY_UNDEMONSTRATED"",""SOLUTION_MISSING"",""UNMAPPED_TOPIC"",""MATH_REPRESENTATION_UNDECLARED"",""PAU_MODALITY_UNDECLARED"",""SOLUTION_REVIEW_REQUIRED""]","[""src-eb84f5bf-8033-5772-84e1-e5ffb443f7e4""]"
"mates2-geometria-bcb962be3335","cand-a3fa349b-8834-5557-8c0d-afeaccda8327","ex-725d11dd-11bb-5f3b-b8bb-36c0e5207f24","2bach-mates","matematicas-ii","Castilla-La Mancha","BLOCKED","LOADED_NOT_MATERIALIZED_BY_CURRENT_ROUTES","[""ANSWER_MISSING"",""MODALITIES_MISSING"",""MODALITY_UNDEMONSTRATED"",""SOLUTION_MISSING"",""UNMAPPED_TOPIC"",""PAU_DETAIL_INCOMPLETE"",""PAU_MODALITY_UNDECLARED"",""SOLUTION_REVIEW_REQUIRED""]","[""src-05048cd1-5f94-5d75-9087-18240d77214f""]"
"mates2-geometria-bcfd77f1e7db","cand-089a8924-6e76-59c5-b3f4-7caaf8e6ab99","ex-3172f274-e8a8-52f9-94cc-cd74e92b38ab","2bach-mates","matematicas-ii","Castilla-La Mancha","BLOCKED","LOADED_NOT_MATERIALIZED_BY_CURRENT_ROUTES","[""ANSWER_MISSING"",""MODALITIES_MISSING"",""MODALITY_UNDEMONSTRATED"",""SOLUTION_MISSING"",""UNMAPPED_TOPIC"",""PAU_DETAIL_INCOMPLETE"",""PAU_MODALITY_UNDECLARED"",""SOLUTION_REVIEW_REQUIRED""]","[""src-88ac0c5f-5442-5e45-8a4c-73bff1526b44""]"
"mates2-geometria-c57415a4fd2e","cand-05015519-6823-57c4-8346-75aad87c4a52","ex-76acca3b-96dc-5dde-b7e1-451faab2e2ce","2bach-mates","matematicas-ii","Castilla-La Mancha","BLOCKED","LOADED_NOT_MATERIALIZED_BY_CURRENT_ROUTES","[""ANSWER_MISSING"",""MODALITIES_MISSING"",""MODALITY_UNDEMONSTRATED"",""SOLUTION_MISSING"",""UNMAPPED_TOPIC"",""MATH_REPRESENTATION_UNDECLARED"",""PAU_MODALITY_UNDECLARED"",""SOLUTION_REVIEW_REQUIRED""]","[""src-b32bff51-aa82-57fd-8445-fcc8fb0b3fde""]"
"mates2-geometria-c92fd29e11d8","cand-755c2a61-cc67-5994-a81d-a1e50fdaf903","ex-ee56efd7-f607-54bd-bc91-81d942c02340","2bach-mates","matematicas-ii","Castilla-La Mancha","BLOCKED","LOADED_NOT_MATERIALIZED_BY_CURRENT_ROUTES","[""ANSWER_MISSING"",""MODALITIES_MISSING"",""MODALITY_UNDEMONSTRATED"",""SOLUTION_MISSING"",""UNMAPPED_TOPIC"",""MATH_REPRESENTATION_UNDECLARED"",""PAU_DETAIL_INCOMPLETE"",""PAU_MODALITY_UNDECLARED"",""SOLUTION_REVIEW_REQUIRED""]","[""src-a327289f-c0de-5cf6-ba8e-36f93dc9d5a1""]"
"mates2-geometria-c96dfd0f65be","cand-b956b5c0-3e2b-564b-8e39-b7b6317bc522","ex-6c3c94e9-c00d-5fba-8d15-97d6e6d4d63b","2bach-mates","matematicas-ii","Castilla-La Mancha","BLOCKED","LOADED_NOT_MATERIALIZED_BY_CURRENT_ROUTES","[""ANSWER_MISSING"",""MODALITIES_MISSING"",""MODALITY_UNDEMONSTRATED"",""SOLUTION_MISSING"",""UNMAPPED_TOPIC"",""PAU_DETAIL_INCOMPLETE"",""PAU_MODALITY_UNDECLARED"",""SOLUTION_REVIEW_REQUIRED""]","[""src-48d43744-de21-5fcb-8292-6c0de640435d""]"
"mates2-geometria-ccae15a1a68b","cand-4b7eb6e0-cc8b-5285-bbd4-bb02377d2d08","ex-8a9a6c41-f7c5-5671-a115-3a6acd7de782","2bach-mates","matematicas-ii","Castilla-La Mancha","BLOCKED","LOADED_NOT_MATERIALIZED_BY_CURRENT_ROUTES","[""ANSWER_MISSING"",""MODALITIES_MISSING"",""MODALITY_UNDEMONSTRATED"",""SOLUTION_MISSING"",""UNMAPPED_TOPIC"",""PAU_DETAIL_INCOMPLETE"",""PAU_MODALITY_UNDECLARED"",""SOLUTION_REVIEW_REQUIRED""]","[""src-8fc636cc-fbee-52ad-bc01-c00cc9ad276c""]"
"mates2-geometria-cd96b12b2c75","cand-fa95654a-4dec-564c-b6ff-527c28240ca3","ex-11b23404-9e8a-5104-a21f-478beefa267b","2bach-mates","matematicas-ii","Castilla-La Mancha","BLOCKED","LOADED_NOT_MATERIALIZED_BY_CURRENT_ROUTES","[""ANSWER_MISSING"",""MODALITIES_MISSING"",""MODALITY_UNDEMONSTRATED"",""SOLUTION_MISSING"",""UNMAPPED_TOPIC"",""PAU_MODALITY_UNDECLARED"",""SOLUTION_REVIEW_REQUIRED""]","[""src-4138e490-4db0-5b9f-a65f-7a65fb392a39""]"
"mates2-geometria-ced5240c492d","cand-8bfb2d02-22dc-5886-9347-44d86d06fcd8","ex-200220f0-18dc-508a-b329-d3caa298d170","2bach-mates","matematicas-ii","Castilla-La Mancha","BLOCKED","LOADED_NOT_MATERIALIZED_BY_CURRENT_ROUTES","[""ANSWER_MISSING"",""MODALITIES_MISSING"",""MODALITY_UNDEMONSTRATED"",""SOLUTION_MISSING"",""UNMAPPED_TOPIC"",""MATH_REPRESENTATION_UNDECLARED"",""PAU_DETAIL_INCOMPLETE"",""PAU_MODALITY_UNDECLARED"",""SOLUTION_REVIEW_REQUIRED""]","[""src-5a1cb28d-fb50-5a94-b236-f0d5db42d114""]"
"mates2-geometria-d0f9e5056e6f","cand-752dbf84-d81c-514b-99db-4e0524422f33","ex-121baac0-569f-56bf-a2cc-451d42166f3a","2bach-mates","matematicas-ii","Castilla-La Mancha","BLOCKED","LOADED_NOT_MATERIALIZED_BY_CURRENT_ROUTES","[""ANSWER_MISSING"",""MODALITIES_MISSING"",""MODALITY_UNDEMONSTRATED"",""SOLUTION_MISSING"",""UNMAPPED_TOPIC"",""PAU_MODALITY_UNDECLARED"",""SOLUTION_REVIEW_REQUIRED""]","[""src-de94ecc7-d502-5d56-aa23-4191cfa8dbc1""]"
"mates2-geometria-d0f9e5056e6f-opcion-b","cand-f919415e-de5a-5628-a055-c6d561dbd780","ex-41fdca7f-6705-53fd-8fd6-256a74b442dd","2bach-mates","matematicas-ii","","BLOCKED","LOADED_NOT_MATERIALIZED_BY_CURRENT_ROUTES","[""ANSWER_MISSING"",""COMMUNITY_UNMAPPED"",""MODALITIES_MISSING"",""MODALITY_UNDEMONSTRATED"",""PAU_COMMUNITY_MISSING"",""SOLUTION_MISSING"",""UNMAPPED_TOPIC"",""PAU_MODALITY_UNDECLARED"",""SOLUTION_REVIEW_REQUIRED""]","[""src-c3360bcb-e956-5fcc-887e-a6403cb6dae2""]"
"mates2-geometria-d71dea6fff2b","cand-88220509-5b04-5ce7-9b4c-4acce72d10b9","ex-f21c3119-411b-5395-8ae4-750bfe496f43","2bach-mates","matematicas-ii","Castilla-La Mancha","BLOCKED","LOADED_NOT_MATERIALIZED_BY_CURRENT_ROUTES","[""ANSWER_MISSING"",""MODALITIES_MISSING"",""MODALITY_UNDEMONSTRATED"",""SOLUTION_MISSING"",""UNMAPPED_TOPIC"",""PAU_DETAIL_INCOMPLETE"",""PAU_MODALITY_UNDECLARED"",""SOLUTION_REVIEW_REQUIRED""]","[""src-5d696fe6-d63d-59fb-a933-29cf1a0844cc""]"
"mates2-geometria-d869c8c00f74","cand-0be0ac5a-ef89-5232-aeb5-778201b29f13","ex-e9859d1f-d078-5a1d-9208-7ad92a914d17","2bach-mates","matematicas-ii","Castilla-La Mancha","BLOCKED","LOADED_NOT_MATERIALIZED_BY_CURRENT_ROUTES","[""ANSWER_MISSING"",""MODALITIES_MISSING"",""MODALITY_UNDEMONSTRATED"",""SOLUTION_MISSING"",""UNMAPPED_TOPIC"",""MATH_REPRESENTATION_UNDECLARED"",""PAU_MODALITY_UNDECLARED"",""SOLUTION_REVIEW_REQUIRED""]","[""src-a117918d-6dc4-5a83-b21e-4dea989361b4""]"
"mates2-geometria-da2ec5e0c34a","cand-b0bf85a7-5a7b-50bd-b474-5453543cb74f","ex-d5dffb54-392e-5319-aaa9-02428372855e","2bach-mates","matematicas-ii","Castilla-La Mancha","BLOCKED","LOADED_NOT_MATERIALIZED_BY_CURRENT_ROUTES","[""ANSWER_MISSING"",""MODALITIES_MISSING"",""MODALITY_UNDEMONSTRATED"",""SOLUTION_MISSING"",""UNMAPPED_TOPIC"",""PAU_MODALITY_UNDECLARED"",""SOLUTION_REVIEW_REQUIRED""]","[""src-84168dae-72ec-5cda-a9c0-5322986b7623""]"
"mates2-geometria-db86ba9ea208","cand-9374abb7-ed47-5493-b059-82fbb5c7d390","ex-dca6c12f-c5ef-5a8d-a9b5-1f99bb7cd647","2bach-mates","matematicas-ii","Castilla-La Mancha","BLOCKED","LOADED_NOT_MATERIALIZED_BY_CURRENT_ROUTES","[""ANSWER_MISSING"",""MODALITIES_MISSING"",""MODALITY_UNDEMONSTRATED"",""SOLUTION_MISSING"",""UNMAPPED_TOPIC"",""PAU_DETAIL_INCOMPLETE"",""PAU_MODALITY_UNDECLARED"",""SOLUTION_REVIEW_REQUIRED""]","[""src-d1747d8f-94c1-5bb3-aee8-6de2d4fdacca""]"
"mates2-geometria-dcc48e2b5237","cand-ab2872ff-41fe-53e1-a3ad-d003106e7717","ex-734ca724-465e-5fcb-b610-af2de061097b","2bach-mates","matematicas-ii","Castilla-La Mancha","BLOCKED","LOADED_NOT_MATERIALIZED_BY_CURRENT_ROUTES","[""ANSWER_MISSING"",""MODALITIES_MISSING"",""MODALITY_UNDEMONSTRATED"",""SOLUTION_MISSING"",""UNMAPPED_TOPIC"",""MATH_REPRESENTATION_UNDECLARED"",""PAU_MODALITY_UNDECLARED"",""SOLUTION_REVIEW_REQUIRED""]","[""src-ac1da4c0-497d-5008-a649-7953def33d12""]"
"mates2-geometria-df133f2d7c1b","cand-48d796b6-47c4-5641-8734-b06d91bac276","ex-9a0f0b8f-115b-5c9a-ba53-77a080441f38","2bach-mates","matematicas-ii","Castilla-La Mancha","BLOCKED","LOADED_NOT_MATERIALIZED_BY_CURRENT_ROUTES","[""ANSWER_MISSING"",""MODALITIES_MISSING"",""MODALITY_UNDEMONSTRATED"",""SOLUTION_MISSING"",""UNMAPPED_TOPIC"",""PAU_MODALITY_UNDECLARED"",""SOLUTION_REVIEW_REQUIRED""]","[""src-f14b744e-2309-5606-b1e0-675bcc812d82""]"
"mates2-geometria-df133f2d7c1b-opcion-b","cand-027e56ad-3b22-5572-bbb2-87600a11ac2a","ex-3cabf73d-202b-5483-a920-e7268cab7d99","2bach-mates","matematicas-ii","","BLOCKED","LOADED_NOT_MATERIALIZED_BY_CURRENT_ROUTES","[""ANSWER_MISSING"",""COMMUNITY_UNMAPPED"",""MODALITIES_MISSING"",""MODALITY_UNDEMONSTRATED"",""PAU_COMMUNITY_MISSING"",""SOLUTION_MISSING"",""UNMAPPED_TOPIC"",""PAU_MODALITY_UNDECLARED"",""SOLUTION_REVIEW_REQUIRED""]","[""src-df58278f-4eb2-566c-bf8f-2d1861614481""]"
"mates2-geometria-df1ce056e7d4","cand-670524d2-3971-5c31-b874-e8239f8b4733","ex-fba3aea5-6af9-5190-b672-b8aa32f6d407","2bach-mates","matematicas-ii","Castilla-La Mancha","BLOCKED","LOADED_NOT_MATERIALIZED_BY_CURRENT_ROUTES","[""ANSWER_MISSING"",""MODALITIES_MISSING"",""MODALITY_UNDEMONSTRATED"",""SOLUTION_MISSING"",""UNMAPPED_TOPIC"",""MATH_REPRESENTATION_UNDECLARED"",""PAU_DETAIL_INCOMPLETE"",""PAU_MODALITY_UNDECLARED"",""SOLUTION_REVIEW_REQUIRED""]","[""src-d25efa84-51b5-5ffe-bdc5-bcc433cdda6d""]"
"mates2-geometria-e02400b09476","cand-6bacee71-72a8-5815-ad4b-3809b2a194b3","ex-b6bbfa6e-f3d7-5165-89fc-658cbf89d23b","2bach-mates","matematicas-ii","Castilla-La Mancha","BLOCKED","LOADED_NOT_MATERIALIZED_BY_CURRENT_ROUTES","[""ANSWER_MISSING"",""MODALITIES_MISSING"",""MODALITY_UNDEMONSTRATED"",""SOLUTION_MISSING"",""UNMAPPED_TOPIC"",""PAU_MODALITY_UNDECLARED"",""SOLUTION_REVIEW_REQUIRED""]","[""src-35b0276c-cd10-52f1-bae3-cb390fab0c55""]"
"mates2-geometria-e02400b09476--mates-ii-geometria-2","cand-796372d2-cda4-55fc-aa00-387fe8295d9e","ex-027c8512-b524-5983-a77e-86dffe99842a","2bach-mates","matematicas-ii","Castilla-La Mancha","BLOCKED","LOADED_NOT_MATERIALIZED_BY_CURRENT_ROUTES","[""ANSWER_MISSING"",""MODALITIES_MISSING"",""MODALITY_UNDEMONSTRATED"",""SOLUTION_MISSING"",""UNMAPPED_TOPIC"",""PAU_MODALITY_UNDECLARED"",""SOLUTION_REVIEW_REQUIRED""]","[""src-4c55f0f2-26f7-5d63-9a8c-0fa38771a36d""]"
"mates2-geometria-e02400b09476--mates-ii-geometria-3","cand-6bf60102-45d5-5d8a-88cf-0de4d179e220","ex-bb6a04b7-52e6-5d95-8486-6351648dade8","2bach-mates","matematicas-ii","Castilla-La Mancha","BLOCKED","LOADED_NOT_MATERIALIZED_BY_CURRENT_ROUTES","[""ANSWER_MISSING"",""MODALITIES_MISSING"",""MODALITY_UNDEMONSTRATED"",""SOLUTION_MISSING"",""UNMAPPED_TOPIC"",""MATH_REPRESENTATION_UNDECLARED"",""PAU_MODALITY_UNDECLARED"",""SOLUTION_REVIEW_REQUIRED""]","[""src-6c698124-e26a-5317-ab9b-c98059a41753""]"
"mates2-geometria-e074086e7106","cand-2961f9b8-a8c3-589e-a797-16c84dc4faed","ex-14aed6db-1a26-5899-8c69-09bf76aa0dcc","2bach-mates","matematicas-ii","Castilla-La Mancha","BLOCKED","LOADED_NOT_MATERIALIZED_BY_CURRENT_ROUTES","[""ANSWER_MISSING"",""MODALITIES_MISSING"",""MODALITY_UNDEMONSTRATED"",""SOLUTION_MISSING"",""UNMAPPED_TOPIC"",""PAU_DETAIL_INCOMPLETE"",""PAU_MODALITY_UNDECLARED"",""SOLUTION_REVIEW_REQUIRED""]","[""src-3e1b5a3c-27e7-59d1-844b-ddff3e5b99f6""]"
"mates2-geometria-e11396745935","cand-e80adac5-4387-528f-8581-f6ae8c8df8db","ex-eba3a413-d173-5963-a953-e3d9af261172","2bach-mates","matematicas-ii","Castilla-La Mancha","BLOCKED","LOADED_NOT_MATERIALIZED_BY_CURRENT_ROUTES","[""ANSWER_MISSING"",""MODALITIES_MISSING"",""MODALITY_UNDEMONSTRATED"",""SOLUTION_MISSING"",""UNMAPPED_TOPIC"",""MATH_REPRESENTATION_UNDECLARED"",""PAU_DETAIL_INCOMPLETE"",""PAU_MODALITY_UNDECLARED"",""SOLUTION_REVIEW_REQUIRED""]","[""src-2d33dd36-bb7b-5728-8122-21c5727fd24b""]"
"mates2-geometria-e1d60d4cfeb7","cand-6afeb3c0-8928-5237-b498-10a1681851d9","ex-7505f182-4789-5e11-989b-06ea08f012b6","2bach-mates","matematicas-ii","Castilla-La Mancha","BLOCKED","LOADED_NOT_MATERIALIZED_BY_CURRENT_ROUTES","[""ANSWER_MISSING"",""MODALITIES_MISSING"",""MODALITY_UNDEMONSTRATED"",""SOLUTION_MISSING"",""UNMAPPED_TOPIC"",""PAU_MODALITY_UNDECLARED"",""SOLUTION_REVIEW_REQUIRED""]","[""src-0dbfe99e-68b4-56f2-b0a4-8b7d7782a04c""]"
"mates2-geometria-e46f62d8417a","cand-ad47b858-6e07-582a-8521-113e8721b876","ex-02858d80-dc94-5f3c-b0ed-d65026688d6b","2bach-mates","matematicas-ii","Castilla-La Mancha","BLOCKED","LOADED_NOT_MATERIALIZED_BY_CURRENT_ROUTES","[""ANSWER_MISSING"",""MODALITIES_MISSING"",""MODALITY_UNDEMONSTRATED"",""SOLUTION_MISSING"",""UNMAPPED_TOPIC"",""PAU_MODALITY_UNDECLARED"",""SOLUTION_REVIEW_REQUIRED""]","[""src-8be8380f-5b39-5074-a63c-95e33d44e826""]"
"mates2-geometria-e5246f322b25","cand-cbc97f78-3c55-5468-a2d9-1979f60bd71d","ex-36ddcfef-038b-515a-b2fa-0590a89c4587","2bach-mates","matematicas-ii","Castilla-La Mancha","BLOCKED","LOADED_NOT_MATERIALIZED_BY_CURRENT_ROUTES","[""ANSWER_MISSING"",""MODALITIES_MISSING"",""MODALITY_UNDEMONSTRATED"",""SOLUTION_MISSING"",""UNMAPPED_TOPIC"",""MATH_REPRESENTATION_UNDECLARED"",""PAU_MODALITY_UNDECLARED"",""SOLUTION_REVIEW_REQUIRED""]","[""src-578df6a3-3d95-57e6-b339-714b86834766""]"
"mates2-geometria-ec013ba1d3d8","cand-f092d342-cec7-5659-bd68-a651c6446c88","ex-28c9ebd8-0ccc-5495-b5d6-3dea20e1e333","2bach-mates","matematicas-ii","Castilla-La Mancha","BLOCKED","LOADED_NOT_MATERIALIZED_BY_CURRENT_ROUTES","[""ANSWER_MISSING"",""MODALITIES_MISSING"",""MODALITY_UNDEMONSTRATED"",""SOLUTION_MISSING"",""UNMAPPED_TOPIC"",""MATH_REPRESENTATION_UNDECLARED"",""PAU_MODALITY_UNDECLARED"",""SOLUTION_REVIEW_REQUIRED""]","[""src-a52b96f2-d2a7-5ac0-84cf-f4a15a0a1ac2""]"
"mates2-geometria-ec013ba1d3d8-opcion-b","cand-26db9653-0fda-5638-bf10-9358c2049c10","ex-9d3cb03d-8daa-5cf0-98d1-c921150aef1a","2bach-mates","matematicas-ii","","BLOCKED","LOADED_NOT_MATERIALIZED_BY_CURRENT_ROUTES","[""ANSWER_MISSING"",""COMMUNITY_UNMAPPED"",""MODALITIES_MISSING"",""MODALITY_UNDEMONSTRATED"",""PAU_COMMUNITY_MISSING"",""SOLUTION_MISSING"",""UNMAPPED_TOPIC"",""MATH_REPRESENTATION_UNDECLARED"",""PAU_MODALITY_UNDECLARED"",""SOLUTION_REVIEW_REQUIRED""]","[""src-c27fbd29-13f5-58d2-a264-7935d61d5ff1""]"
"mates2-geometria-ecbc59536693","cand-1fead476-9b52-5e94-9ef3-7f895a80604a","ex-684d209e-7ef9-5dde-b084-4c9938dc1d9b","2bach-mates","matematicas-ii","Castilla-La Mancha","BLOCKED","LOADED_NOT_MATERIALIZED_BY_CURRENT_ROUTES","[""ANSWER_MISSING"",""MODALITIES_MISSING"",""MODALITY_UNDEMONSTRATED"",""SOLUTION_MISSING"",""UNMAPPED_TOPIC"",""MATH_REPRESENTATION_UNDECLARED"",""PAU_DETAIL_INCOMPLETE"",""PAU_MODALITY_UNDECLARED"",""SOLUTION_REVIEW_REQUIRED""]","[""src-ce9ea179-1288-5675-8460-9fb57cfa11db""]"
"mates2-geometria-extra-pregunta-4-1-2026|2026 - Junio|4.1. Dados los vectores uvw===12-a-1111a, y -1, se pide:","cand-3d0ecf3b-6780-531b-a8df-7c2f1f9e81d3","ex-e3ffa12a-a187-5dd9-9851-ae4db3327a47","2bach-mates","matematicas-ii","","BLOCKED","LOADED_NOT_MATERIALIZED_BY_CURRENT_ROUTES","[""ANSWER_MISSING"",""COMMUNITY_UNMAPPED"",""MODALITIES_MISSING"",""MODALITY_UNDEMONSTRATED"",""PAU_COMMUNITY_MISSING"",""SOLUTION_MISSING"",""UNMAPPED_TOPIC"",""PAU_MODALITY_UNDECLARED"",""SOLUTION_REVIEW_REQUIRED""]","[""src-767beae8-ea3e-5197-8566-d017bf670f42""]"
"mates2-geometria-extra-pregunta-4-2-2026|2026 - Junio|4.2. En un parque público, se está instalando un sistema de vigilancia mediante sensores de movimiento a ambos lados de un muro recto. Dicho muro está representado por el plano de ecuación: πPπ≡(1,2,6)Px+y+z-6=0. Uno de los sensores está situado en el punto de coordenadas y se desea instalar un segundo sensor en el punto ', simétrico del anterior respecto del plano .","cand-bb14d85c-76fd-5a9f-9e0a-0563a7d420ad","ex-de683b28-30f3-59b7-9a12-316f9813352d","2bach-mates","matematicas-ii","","BLOCKED","LOADED_NOT_MATERIALIZED_BY_CURRENT_ROUTES","[""ANSWER_MISSING"",""COMMUNITY_UNMAPPED"",""MODALITIES_MISSING"",""MODALITY_UNDEMONSTRATED"",""PAU_COMMUNITY_MISSING"",""SOLUTION_MISSING"",""UNMAPPED_TOPIC"",""PAU_MODALITY_UNDECLARED"",""SOLUTION_REVIEW_REQUIRED""]","[""src-17200ce7-d0fa-5060-9bf3-516d035591bb""]"
"mates2-geometria-f6e9a3e7ec1e","cand-c43ade3a-101f-5a46-812d-6178f7e10c01","ex-1eb956ea-da69-5a87-a97c-509da759a373","2bach-mates","matematicas-ii","Castilla-La Mancha","BLOCKED","LOADED_NOT_MATERIALIZED_BY_CURRENT_ROUTES","[""ANSWER_MISSING"",""MODALITIES_MISSING"",""MODALITY_UNDEMONSTRATED"",""SOLUTION_MISSING"",""UNMAPPED_TOPIC"",""PAU_MODALITY_UNDECLARED"",""SOLUTION_REVIEW_REQUIRED""]","[""src-f1d758ab-c8cd-53a3-a4c7-68c5ecf71d14""]"
"mates2-geometria-fa987b57db53","cand-d8fe31de-676a-535a-82e6-d9dae207cd8b","ex-2824a6ef-fdbf-51c0-a7af-36ba8abd3cfd","2bach-mates","matematicas-ii","Castilla-La Mancha","BLOCKED","LOADED_NOT_MATERIALIZED_BY_CURRENT_ROUTES","[""ANSWER_MISSING"",""MODALITIES_MISSING"",""MODALITY_UNDEMONSTRATED"",""SOLUTION_MISSING"",""UNMAPPED_TOPIC"",""MATH_REPRESENTATION_UNDECLARED"",""PAU_DETAIL_INCOMPLETE"",""PAU_MODALITY_UNDECLARED"",""SOLUTION_REVIEW_REQUIRED""]","[""src-c6252fb3-d818-5b90-913f-b7cbe9ed3b36""]"
"mates2-geometria-fc0892b0e4b5","cand-4d2e1360-934e-5768-a745-5d5e7c4cb6dc","ex-6ad4c941-14df-5f7c-b088-6b835ecae09b","2bach-mates","matematicas-ii","Castilla-La Mancha","BLOCKED","LOADED_NOT_MATERIALIZED_BY_CURRENT_ROUTES","[""ANSWER_MISSING"",""MODALITIES_MISSING"",""MODALITY_UNDEMONSTRATED"",""SOLUTION_MISSING"",""UNMAPPED_TOPIC"",""PAU_DETAIL_INCOMPLETE"",""PAU_MODALITY_UNDECLARED"",""SOLUTION_REVIEW_REQUIRED""]","[""src-6e16566a-e495-59ef-a814-45580f4d6a18""]"
"mates2-geometria-fc225200bdd9","cand-3bb20da0-a641-55dc-8530-fe1d2bf83ead","ex-6fb2f409-6ad4-56ae-8b62-4cd789e52c78","2bach-mates","matematicas-ii","Castilla-La Mancha","BLOCKED","LOADED_NOT_MATERIALIZED_BY_CURRENT_ROUTES","[""ANSWER_MISSING"",""MODALITIES_MISSING"",""MODALITY_UNDEMONSTRATED"",""SOLUTION_MISSING"",""UNMAPPED_TOPIC"",""PAU_MODALITY_UNDECLARED"",""SOLUTION_REVIEW_REQUIRED""]","[""src-68a144d2-c423-51af-8de5-10f5bfa74a3a""]"
"mates2-geometria-fcc34b36cf17","cand-91a8e7cd-1baa-5885-a3d4-123c16d5224f","ex-1c65b1cc-3223-542b-a02a-46838aa296f8","2bach-mates","matematicas-ii","Castilla-La Mancha","BLOCKED","LOADED_NOT_MATERIALIZED_BY_CURRENT_ROUTES","[""ANSWER_MISSING"",""MODALITIES_MISSING"",""MODALITY_UNDEMONSTRATED"",""SOLUTION_MISSING"",""UNMAPPED_TOPIC"",""PAU_MODALITY_UNDECLARED"",""SOLUTION_REVIEW_REQUIRED""]","[""src-b7fc905f-9c1e-54b1-9764-9e5579fbd6d5""]"
"mates2-geometria-fcc34b36cf17-opcion-b","cand-cceb9cd2-0c40-5a39-b81b-e7b0acb2e9bf","ex-83f55f1c-7786-524a-aeee-133ff4521b57","2bach-mates","matematicas-ii","","BLOCKED","LOADED_NOT_MATERIALIZED_BY_CURRENT_ROUTES","[""ANSWER_MISSING"",""COMMUNITY_UNMAPPED"",""MODALITIES_MISSING"",""MODALITY_UNDEMONSTRATED"",""PAU_COMMUNITY_MISSING"",""SOLUTION_MISSING"",""UNMAPPED_TOPIC"",""PAU_MODALITY_UNDECLARED"",""SOLUTION_REVIEW_REQUIRED""]","[""src-7ab3b7d4-2bfb-5a8b-ad92-f3b58149c712""]"
"mates2-geometria-fcda4d757dab","cand-d26e3ee1-463c-5acb-80bd-7e45a4fedf5c","ex-cb5c9185-fed3-5c6a-a275-55fb06f1d035","2bach-mates","matematicas-ii","Castilla-La Mancha","BLOCKED","LOADED_NOT_MATERIALIZED_BY_CURRENT_ROUTES","[""ANSWER_MISSING"",""MODALITIES_MISSING"",""MODALITY_UNDEMONSTRATED"",""SOLUTION_MISSING"",""UNMAPPED_TOPIC"",""PAU_DETAIL_INCOMPLETE"",""PAU_MODALITY_UNDECLARED"",""SOLUTION_REVIEW_REQUIRED""]","[""src-55f6dddc-ed64-50ab-bb29-2e5d721f026e""]"
"mates2-geometria-fec65498d188","cand-1003f21e-fbd5-5809-b80a-9d92f3a532db","ex-6dfe66c2-b5ca-53d2-b15c-569a0a4ab5af","2bach-mates","matematicas-ii","Castilla-La Mancha","BLOCKED","LOADED_NOT_MATERIALIZED_BY_CURRENT_ROUTES","[""ANSWER_MISSING"",""MODALITIES_MISSING"",""MODALITY_UNDEMONSTRATED"",""SOLUTION_MISSING"",""UNMAPPED_TOPIC"",""MATH_REPRESENTATION_UNDECLARED"",""PAU_MODALITY_UNDECLARED"",""SOLUTION_REVIEW_REQUIRED""]","[""src-94c978e2-8dc1-5e02-9326-97bd13e4f9fa""]"
"mates2-probabilidad-ampliacion-fotocopiadoras-julio-2025|2025 - Julio|EJERCICIO 4. Elige y resuelve solo uno de los dos apartados siguientes: Apartado a) En la entrada del instituto hay tres fotocopiadoras A, B y C cuyos porcentajes de fallos son 3 %, 5 % y 4 %, respectivamente. Un estudiante entra en el instituto y, como las tres fotocopiadoras están libres, elige una al azar.","cand-d8d80a0c-1e1c-58c1-9cf3-d44059fb9c88","ex-609a15e4-1ece-593c-b148-135c35c326d8","2bach-mates","matematicas-ii","","BLOCKED","LOADED_NOT_MATERIALIZED_BY_CURRENT_ROUTES","[""ANSWER_MISSING"",""COMMUNITY_UNMAPPED"",""MODALITIES_MISSING"",""MODALITY_UNDEMONSTRATED"",""PAU_COMMUNITY_MISSING"",""SOLUTION_MISSING"",""UNMAPPED_TOPIC"",""PAU_MODALITY_UNDECLARED"",""SOLUTION_REVIEW_REQUIRED""]","[""src-4d77e3e1-776a-589a-a709-0a390dd1b5e6""]"
"mates2-probabilidad-estadistica-0290f796295a","cand-fa9c6406-64ce-540f-9feb-212d849455fa","ex-14cbcf9f-2920-5557-b0dc-b5d74e13e439","2bach-mates","matematicas-ii","Castilla-La Mancha","BLOCKED","LOADED_NOT_MATERIALIZED_BY_CURRENT_ROUTES","[""ANSWER_MISSING"",""MODALITIES_MISSING"",""MODALITY_UNDEMONSTRATED"",""SOLUTION_MISSING"",""UNMAPPED_TOPIC"",""PAU_MODALITY_UNDECLARED"",""SOLUTION_REVIEW_REQUIRED""]","[""src-6ca1ced7-874b-52b7-a48e-dd1fac39eb9a""]"
"mates2-probabilidad-estadistica-122b4087122a","cand-3e38cf73-32f6-5909-9995-a4982cf40211","ex-d8fc9f2a-984c-59a0-aa27-ec0c1a567a35","2bach-mates","matematicas-ii","Castilla-La Mancha","BLOCKED","LOADED_NOT_MATERIALIZED_BY_CURRENT_ROUTES","[""ANSWER_MISSING"",""MODALITIES_MISSING"",""MODALITY_UNDEMONSTRATED"",""SOLUTION_MISSING"",""UNMAPPED_TOPIC"",""PAU_MODALITY_UNDECLARED"",""SOLUTION_REVIEW_REQUIRED""]","[""src-f44f150b-363a-5af9-89c7-000e25d78c07""]"
"mates2-probabilidad-estadistica-122b4087122a--mates-ii-probabilidad-estadistica-2","cand-5a6a99fd-54d3-5856-bd8a-17584f1265fc","ex-2643c922-247d-57e4-a141-b17db00e6ee3","2bach-mates","matematicas-ii","Castilla-La Mancha","BLOCKED","LOADED_NOT_MATERIALIZED_BY_CURRENT_ROUTES","[""ANSWER_MISSING"",""MODALITIES_MISSING"",""MODALITY_UNDEMONSTRATED"",""SOLUTION_MISSING"",""UNMAPPED_TOPIC"",""PAU_MODALITY_UNDECLARED"",""SOLUTION_REVIEW_REQUIRED""]","[""src-4e26dcaa-00b6-51db-87fa-006276a87c41""]"
"mates2-probabilidad-estadistica-33c6fe9ee2bb","cand-3add2694-e8a1-5648-b9c8-dc19e4bd7f68","ex-0c0379a3-a5c0-59a2-b2f5-ad1c11ab6817","2bach-mates","matematicas-ii","Castilla-La Mancha","BLOCKED","LOADED_NOT_MATERIALIZED_BY_CURRENT_ROUTES","[""ANSWER_MISSING"",""MODALITIES_MISSING"",""MODALITY_UNDEMONSTRATED"",""SOLUTION_MISSING"",""UNMAPPED_TOPIC"",""PAU_MODALITY_UNDECLARED"",""SOLUTION_REVIEW_REQUIRED""]","[""src-e77c86c3-f5a8-518c-8aa1-834272de1e74""]"
"mates2-probabilidad-estadistica-33c6fe9ee2bb--mates-ii-probabilidad-estadistica-2","cand-9e7d30ff-f25e-5b6c-8468-a5aa57a2f763","ex-34fca524-2f1b-58a4-8978-064e78b6de97","2bach-mates","matematicas-ii","Castilla-La Mancha","BLOCKED","LOADED_NOT_MATERIALIZED_BY_CURRENT_ROUTES","[""ANSWER_MISSING"",""MODALITIES_MISSING"",""MODALITY_UNDEMONSTRATED"",""SOLUTION_MISSING"",""UNMAPPED_TOPIC"",""PAU_MODALITY_UNDECLARED"",""SOLUTION_REVIEW_REQUIRED""]","[""src-98db3fd1-fb11-5ccd-bef8-c8d13176d8d6""]"
"mates2-probabilidad-estadistica-3b5e40ab9b78","cand-3aefff3c-55d0-5deb-951e-17f7ea4f7185","ex-a309b0f0-f3e7-5933-a992-547ea382be0e","2bach-mates","matematicas-ii","Castilla-La Mancha","BLOCKED","LOADED_NOT_MATERIALIZED_BY_CURRENT_ROUTES","[""ANSWER_MISSING"",""MODALITIES_MISSING"",""MODALITY_UNDEMONSTRATED"",""SOLUTION_MISSING"",""UNMAPPED_TOPIC"",""PAU_MODALITY_UNDECLARED"",""SOLUTION_REVIEW_REQUIRED""]","[""src-bdbf99f7-03e4-54d2-a5d4-b40b5d007819""]"
"mates2-probabilidad-estadistica-3c33932d4424","cand-8233b774-80ae-57c5-a13b-8344a7c6e59d","ex-a90ff311-60e6-541f-afe7-4b8dd8d3d3c4","2bach-mates","matematicas-ii","Castilla-La Mancha","BLOCKED","LOADED_NOT_MATERIALIZED_BY_CURRENT_ROUTES","[""ANSWER_MISSING"",""MODALITIES_MISSING"",""MODALITY_UNDEMONSTRATED"",""SOLUTION_MISSING"",""UNMAPPED_TOPIC"",""PAU_MODALITY_UNDECLARED"",""SOLUTION_REVIEW_REQUIRED""]","[""src-55431c89-7bfa-59a6-bc97-e5af57726015""]"
"mates2-probabilidad-estadistica-4348d4d62bd7","cand-d24f1c3e-d27c-52e6-bfce-9f0ddf7b0ec9","ex-18a2c1cc-6a71-5742-80e6-f84838f25705","2bach-mates","matematicas-ii","Castilla-La Mancha","BLOCKED","LOADED_NOT_MATERIALIZED_BY_CURRENT_ROUTES","[""ANSWER_MISSING"",""MODALITIES_MISSING"",""MODALITY_UNDEMONSTRATED"",""SOLUTION_MISSING"",""UNMAPPED_TOPIC"",""PAU_MODALITY_UNDECLARED"",""SOLUTION_REVIEW_REQUIRED""]","[""src-cef2a0bf-5c41-5016-95b7-5df3adf2d9d8""]"
"mates2-probabilidad-estadistica-4348d4d62bd7--mates-ii-probabilidad-estadistica-2","cand-d606c2a4-17c1-5a3e-9fbd-edc415288dcd","ex-d0afe7bb-2cfd-5d05-9cd1-a58fb62260c4","2bach-mates","matematicas-ii","Castilla-La Mancha","BLOCKED","LOADED_NOT_MATERIALIZED_BY_CURRENT_ROUTES","[""ANSWER_MISSING"",""MODALITIES_MISSING"",""MODALITY_UNDEMONSTRATED"",""SOLUTION_MISSING"",""UNMAPPED_TOPIC"",""PAU_MODALITY_UNDECLARED"",""SOLUTION_REVIEW_REQUIRED""]","[""src-240e125d-4828-5e2a-8537-853e484cc543""]"
"mates2-probabilidad-estadistica-4ff268147ad7","cand-00c5cba0-6017-5af3-b685-752ff248ffad","ex-56c4fd8f-ac66-50df-9fa6-c76e470c2797","2bach-mates","matematicas-ii","Castilla-La Mancha","BLOCKED","LOADED_NOT_MATERIALIZED_BY_CURRENT_ROUTES","[""ANSWER_MISSING"",""MODALITIES_MISSING"",""MODALITY_UNDEMONSTRATED"",""SOLUTION_MISSING"",""UNMAPPED_TOPIC"",""PAU_MODALITY_UNDECLARED"",""SOLUTION_REVIEW_REQUIRED""]","[""src-d6f32264-f81f-5aee-a53d-01aa685ab623""]"
"mates2-probabilidad-estadistica-740af0916fb4","cand-e1e1a4c2-d8f2-5ede-bb32-af9128f0a92a","ex-1dde036e-c441-5601-944b-2de933e44a2c","2bach-mates","matematicas-ii","Castilla-La Mancha","BLOCKED","LOADED_NOT_MATERIALIZED_BY_CURRENT_ROUTES","[""ANSWER_MISSING"",""MODALITIES_MISSING"",""MODALITY_UNDEMONSTRATED"",""SOLUTION_MISSING"",""UNMAPPED_TOPIC"",""PAU_MODALITY_UNDECLARED"",""SOLUTION_REVIEW_REQUIRED""]","[""src-198dc0a3-0c8c-5a0a-ad2d-09e64d03b304""]"
"mates2-probabilidad-estadistica-740af0916fb4--mates-ii-probabilidad-estadistica-2","cand-df90c608-584c-5601-8ddf-8e7de466f461","ex-61ab87d4-0a95-5dc7-86ac-0eee907815b5","2bach-mates","matematicas-ii","Castilla-La Mancha","BLOCKED","LOADED_NOT_MATERIALIZED_BY_CURRENT_ROUTES","[""ANSWER_MISSING"",""MODALITIES_MISSING"",""MODALITY_UNDEMONSTRATED"",""SOLUTION_MISSING"",""UNMAPPED_TOPIC"",""PAU_MODALITY_UNDECLARED"",""SOLUTION_REVIEW_REQUIRED""]","[""src-8ffcf98f-7285-56b8-9a70-b11aaad776c2""]"
"mates2-probabilidad-estadistica-77aff8b55067","cand-56fe8b18-2ae4-5afe-a072-99c66f2d0356","ex-057c1a93-fde8-525e-8c9c-c69262368aaa","2bach-mates","matematicas-ii","Castilla-La Mancha","BLOCKED","LOADED_NOT_MATERIALIZED_BY_CURRENT_ROUTES","[""ANSWER_MISSING"",""MODALITIES_MISSING"",""MODALITY_UNDEMONSTRATED"",""SOLUTION_MISSING"",""UNMAPPED_TOPIC"",""PAU_MODALITY_UNDECLARED"",""SOLUTION_REVIEW_REQUIRED""]","[""src-e84cb246-8c9c-5dfe-9efd-16ee8409114a""]"
"mates2-probabilidad-estadistica-7941a5c6dfcf","cand-e857fa23-ce20-5502-a4f6-dba6cdeac171","ex-7e773a90-57c9-5790-9c73-1fe399395d6c","2bach-mates","matematicas-ii","Castilla-La Mancha","BLOCKED","LOADED_NOT_MATERIALIZED_BY_CURRENT_ROUTES","[""ANSWER_MISSING"",""MODALITIES_MISSING"",""MODALITY_UNDEMONSTRATED"",""SOLUTION_MISSING"",""UNMAPPED_TOPIC"",""PAU_MODALITY_UNDECLARED"",""SOLUTION_REVIEW_REQUIRED""]","[""src-7c61100f-779b-56ca-bb53-1da7a8796a21""]"
"mates2-probabilidad-estadistica-820b3ed5396d","cand-c79b422e-c2fe-55a1-85c9-345ced6d921a","ex-6cca4b96-f162-516c-aa55-091bad146de9","2bach-mates","matematicas-ii","Castilla-La Mancha","BLOCKED","LOADED_NOT_MATERIALIZED_BY_CURRENT_ROUTES","[""ANSWER_MISSING"",""MODALITIES_MISSING"",""MODALITY_UNDEMONSTRATED"",""SOLUTION_MISSING"",""UNMAPPED_TOPIC"",""PAU_MODALITY_UNDECLARED"",""SOLUTION_REVIEW_REQUIRED""]","[""src-df3a214f-7851-5c4e-a1fb-aca17c074b77""]"
"mates2-probabilidad-estadistica-834b49ab6167","cand-915fd934-20ba-5a85-b635-83ddab3c66e4","ex-616df0f3-4fb9-59c9-80f9-437012d17378","2bach-mates","matematicas-ii","Castilla-La Mancha","BLOCKED","LOADED_NOT_MATERIALIZED_BY_CURRENT_ROUTES","[""ANSWER_MISSING"",""MODALITIES_MISSING"",""MODALITY_UNDEMONSTRATED"",""SOLUTION_MISSING"",""UNMAPPED_TOPIC"",""PAU_MODALITY_UNDECLARED"",""SOLUTION_REVIEW_REQUIRED""]","[""src-2e290a3b-e8c4-56c0-a79a-fa7b5995ac09""]"
"mates2-probabilidad-estadistica-834b49ab6167--mates-ii-probabilidad-estadistica-2","cand-61666a6e-7897-5941-8323-c310aae58bf7","ex-a7d0c012-f58d-51f7-9731-fcd79281b197","2bach-mates","matematicas-ii","Castilla-La Mancha","BLOCKED","LOADED_NOT_MATERIALIZED_BY_CURRENT_ROUTES","[""ANSWER_MISSING"",""MODALITIES_MISSING"",""MODALITY_UNDEMONSTRATED"",""SOLUTION_MISSING"",""UNMAPPED_TOPIC"",""PAU_MODALITY_UNDECLARED"",""SOLUTION_REVIEW_REQUIRED""]","[""src-6ae3a992-c177-5fba-9f3f-a354721e24b1""]"
"mates2-probabilidad-estadistica-8b1a39769801","cand-08da6f87-91cc-5639-bd0d-e2646754e0b9","ex-78202495-d206-5986-8ae7-0138ff08fdbb","2bach-mates","matematicas-ii","Castilla-La Mancha","BLOCKED","LOADED_NOT_MATERIALIZED_BY_CURRENT_ROUTES","[""ANSWER_MISSING"",""MODALITIES_MISSING"",""MODALITY_UNDEMONSTRATED"",""SOLUTION_MISSING"",""UNMAPPED_TOPIC"",""PAU_MODALITY_UNDECLARED"",""SOLUTION_REVIEW_REQUIRED""]","[""src-eb11a969-b39e-5799-83bf-b37036b5f4ed""]"
"mates2-probabilidad-estadistica-9bd2effe19c2","cand-f7f71de4-5516-5ebd-b6d8-944a42549fab","ex-d0bac1c0-8ec1-5ede-ac58-26af7d042303","2bach-mates","matematicas-ii","Castilla-La Mancha","BLOCKED","LOADED_NOT_MATERIALIZED_BY_CURRENT_ROUTES","[""ANSWER_MISSING"",""MODALITIES_MISSING"",""MODALITY_UNDEMONSTRATED"",""SOLUTION_MISSING"",""UNMAPPED_TOPIC"",""PAU_MODALITY_UNDECLARED"",""SOLUTION_REVIEW_REQUIRED""]","[""src-d3e86d90-053a-53c9-9664-f2f69c74a062""]"
"mates2-probabilidad-estadistica-a1e0260fef2f","cand-9e475abb-cdc6-559f-ae7f-8f774d406c40","ex-4f1437a0-ab87-5b1b-a4e9-73c91e09d9eb","2bach-mates","matematicas-ii","Castilla-La Mancha","BLOCKED","LOADED_NOT_MATERIALIZED_BY_CURRENT_ROUTES","[""ANSWER_MISSING"",""MODALITIES_MISSING"",""MODALITY_UNDEMONSTRATED"",""SOLUTION_MISSING"",""UNMAPPED_TOPIC"",""PAU_MODALITY_UNDECLARED"",""SOLUTION_REVIEW_REQUIRED""]","[""src-40a6ea3b-25fa-5224-832d-98530215698a""]"
"mates2-probabilidad-estadistica-a69daf6724e0","cand-39aa4667-d00c-556a-9928-ebc26a90c892","ex-4ad1f321-324e-5f4d-92ee-3ea12486d2f6","2bach-mates","matematicas-ii","Castilla-La Mancha","BLOCKED","LOADED_NOT_MATERIALIZED_BY_CURRENT_ROUTES","[""ANSWER_MISSING"",""MODALITIES_MISSING"",""MODALITY_UNDEMONSTRATED"",""SOLUTION_MISSING"",""UNMAPPED_TOPIC"",""PAU_MODALITY_UNDECLARED"",""SOLUTION_REVIEW_REQUIRED""]","[""src-765f2165-3ed8-5916-a792-d60e51c3837d""]"
"mates2-probabilidad-estadistica-a8cf6e2cf5a9","cand-5708d311-0e3a-5805-bae4-0239348f50e1","ex-28d0f507-386e-565f-9af1-006836a57344","2bach-mates","matematicas-ii","Castilla-La Mancha","BLOCKED","LOADED_NOT_MATERIALIZED_BY_CURRENT_ROUTES","[""ANSWER_MISSING"",""MODALITIES_MISSING"",""MODALITY_UNDEMONSTRATED"",""SOLUTION_MISSING"",""UNMAPPED_TOPIC"",""PAU_MODALITY_UNDECLARED"",""SOLUTION_REVIEW_REQUIRED""]","[""src-cc62ade4-a6a8-5872-974d-2062190b8b98""]"
"mates2-probabilidad-estadistica-b42c9f7ff2b3","cand-b6ca6f06-c0e3-520b-9709-0114616e5fd7","ex-e3545202-52ce-51b4-bf55-f55b1aa3cb46","2bach-mates","matematicas-ii","Castilla-La Mancha","BLOCKED","LOADED_NOT_MATERIALIZED_BY_CURRENT_ROUTES","[""ANSWER_MISSING"",""MODALITIES_MISSING"",""MODALITY_UNDEMONSTRATED"",""SOLUTION_MISSING"",""UNMAPPED_TOPIC"",""PAU_MODALITY_UNDECLARED"",""SOLUTION_REVIEW_REQUIRED""]","[""src-916e7b6b-1263-55d2-98c5-cf6922c2cdef""]"
"mates2-probabilidad-estadistica-d0757e695467","cand-296f5a3c-f172-5322-b150-8a3157918f9a","ex-f79d7261-1eab-545a-ba57-1c2666fa89ef","2bach-mates","matematicas-ii","Castilla-La Mancha","BLOCKED","LOADED_NOT_MATERIALIZED_BY_CURRENT_ROUTES","[""ANSWER_MISSING"",""MODALITIES_MISSING"",""MODALITY_UNDEMONSTRATED"",""SOLUTION_MISSING"",""UNMAPPED_TOPIC"",""PAU_MODALITY_UNDECLARED"",""SOLUTION_REVIEW_REQUIRED""]","[""src-d0570ca0-278c-50ce-b01b-0af303ca18e7""]"
"mates2-probabilidad-estadistica-ee50d81ca74d","cand-5cfc18a1-b1a3-5c83-9f38-3b8bbd039b09","ex-bfd17d2f-7861-5b75-8703-12ff442d25ff","2bach-mates","matematicas-ii","Castilla-La Mancha","BLOCKED","LOADED_NOT_MATERIALIZED_BY_CURRENT_ROUTES","[""ANSWER_MISSING"",""MODALITIES_MISSING"",""MODALITY_UNDEMONSTRATED"",""SOLUTION_MISSING"",""UNMAPPED_TOPIC"",""MATH_REPRESENTATION_UNDECLARED"",""PAU_MODALITY_UNDECLARED"",""SOLUTION_REVIEW_REQUIRED""]","[""src-f8ccb77a-2b59-599e-9b2e-3e5859d5fd15""]"
"mates2-probabilidad-estadistica-ee50d81ca74d--mates-ii-probabilidad-estadistica-2","cand-14142200-9df4-5e04-b065-84671ca8ed5e","ex-dc6ca454-7307-5459-8784-e53efd4f51ee","2bach-mates","matematicas-ii","Castilla-La Mancha","BLOCKED","LOADED_NOT_MATERIALIZED_BY_CURRENT_ROUTES","[""ANSWER_MISSING"",""MODALITIES_MISSING"",""MODALITY_UNDEMONSTRATED"",""SOLUTION_MISSING"",""UNMAPPED_TOPIC"",""PAU_MODALITY_UNDECLARED"",""SOLUTION_REVIEW_REQUIRED""]","[""src-dbc50f63-2dce-5d7f-a20e-21669a27c7f0""]"
"p1-div-4","","","sin-determinar","","","NOT_CONVERTED","AUXILIARY_HISTORICAL","[""AUXILIARY_RECORD""]","[""src-d120229c-957c-5484-97e8-efec304dc84a""]"
"p1-div-9","","","sin-determinar","","","NOT_CONVERTED","AUXILIARY_HISTORICAL","[""AUXILIARY_RECORD""]","[""src-74066574-9ffd-59d4-bbaf-ed6b80576219""]"
"p1-factor-24","","","sin-determinar","","","NOT_CONVERTED","AUXILIARY_HISTORICAL","[""AUXILIARY_RECORD""]","[""src-8a4e3796-275b-5a85-a9cd-aa24d5108a55""]"
"p1-factor-36","","","sin-determinar","","","NOT_CONVERTED","AUXILIARY_HISTORICAL","[""AUXILIARY_RECORD""]","[""src-71a29345-d8bb-5185-95b7-1781d3d177f4""]"
"p1-factor-multiple","","","sin-determinar","","","NOT_CONVERTED","AUXILIARY_HISTORICAL","[""AUXILIARY_RECORD""]","[""src-04b5ab35-d154-5fc7-be11-842401c223d1""]"
"p1-frac-eq","","","sin-determinar","","","NOT_CONVERTED","AUXILIARY_HISTORICAL","[""AUXILIARY_RECORD""]","[""src-328e511f-41cf-50b4-8654-9b81b3058c70""]"
"p1-frac-sum","","","sin-determinar","","","NOT_CONVERTED","AUXILIARY_HISTORICAL","[""AUXILIARY_RECORD""]","[""src-9b518ae6-49bd-554c-b403-1a9313d045cc""]"
"p1-int-product","","","sin-determinar","","","NOT_CONVERTED","AUXILIARY_HISTORICAL","[""AUXILIARY_RECORD""]","[""src-80a7b925-f585-57ec-bfdc-84b84178458b""]"
"p1-mcd-45","","","sin-determinar","","","NOT_CONVERTED","AUXILIARY_HISTORICAL","[""AUXILIARY_RECORD""]","[""src-ae08ed07-efa4-59aa-b242-b3bf1290526f""]"
"p1-mcm-12","","","sin-determinar","","","NOT_CONVERTED","AUXILIARY_HISTORICAL","[""AUXILIARY_RECORD""]","[""src-74187b85-a22b-5086-b1b0-bb3e83eabf85""]"
"p1-order-a","","","sin-determinar","","","NOT_CONVERTED","AUXILIARY_HISTORICAL","[""AUXILIARY_RECORD""]","[""src-0d02b89b-25ec-53c0-8b13-31a94b3263ba""]"
"p1-order-b","","","sin-determinar","","","NOT_CONVERTED","AUXILIARY_HISTORICAL","[""AUXILIARY_RECORD""]","[""src-275e2a9f-70f1-52cb-b051-740985343ce6""]"
"p1-power-product","","","sin-determinar","","","NOT_CONVERTED","AUXILIARY_HISTORICAL","[""AUXILIARY_RECORD""]","[""src-9142060d-9c83-561b-acc8-57e28c5d6cfd""]"
"p1-prime-31","","","sin-determinar","","","NOT_CONVERTED","AUXILIARY_HISTORICAL","[""AUXILIARY_RECORD""]","[""src-9bd5bc00-0330-54c4-a0e3-7378c05cf313""]"
"p1-prime-37","","","sin-determinar","","","NOT_CONVERTED","AUXILIARY_HISTORICAL","[""AUXILIARY_RECORD""]","[""src-ae94b40f-7dae-53f4-acf4-4395353e901e""]"
"p1-prime-43","","","sin-determinar","","","NOT_CONVERTED","AUXILIARY_HISTORICAL","[""AUXILIARY_RECORD""]","[""src-c28d14c5-c8d3-575a-85de-ce08d7a022f7""]"
"p1-root-144","","","sin-determinar","","","NOT_CONVERTED","AUXILIARY_HISTORICAL","[""AUXILIARY_RECORD""]","[""src-04608da8-f53b-5172-a7d8-293b1dfa546a""]"
