candidateId,exerciseId,errors,warnings,diagnosticCodes
"cand-034ef671-bb54-59ac-a294-a9158dc67d19","ex-1e9986c4-0792-50a6-9629-711decd6e55f","0","2","[""MATH_REPRESENTATION_UNDECLARED"",""SYMBOLIC_EQUIVALENCE_NOT_PROVEN""]"
"cand-83032aa8-b8b8-5ad5-994c-78374b99be7f","ex-5c33bce5-eea4-521f-b4e6-8f171b0635a7","0","2","[""MATH_REPRESENTATION_UNDECLARED"",""SYMBOLIC_EQUIVALENCE_NOT_PROVEN""]"
"cand-886c6bc4-de1d-5512-8b8e-67ec6f6cb7a5","ex-757ba62c-ecbb-5086-8339-2052fb3d0084","0","2","[""MATH_REPRESENTATION_UNDECLARED"",""SYMBOLIC_EQUIVALENCE_NOT_PROVEN""]"
"cand-e9a81507-d6e6-5b42-8087-145872a89cbf","ex-f6400082-ddd3-561e-a0fb-898a6ba66c34","0","2","[""MATH_REPRESENTATION_UNDECLARED"",""SYMBOLIC_EQUIVALENCE_NOT_PROVEN""]"
"cand-4df46a0c-8e74-5d7d-a729-44941da02183","ex-a63c02da-9c82-5ff9-8c73-b8a6a7fb40e9","0","1","[""SYMBOLIC_EQUIVALENCE_NOT_PROVEN""]"
"cand-6576b03e-a531-547d-a101-b5fdd6c9a364","ex-2f185337-5149-51da-83f6-67a085f371aa","0","1","[""SYMBOLIC_EQUIVALENCE_NOT_PROVEN""]"
"cand-43a90e23-c90a-5abb-8145-cd66c8b26540","ex-75c56f26-b580-500b-a3ce-67c0b215825b","0","1","[""SYMBOLIC_EQUIVALENCE_NOT_PROVEN""]"
"cand-ee5d8ea2-1326-508f-9c88-f33842038f2c","ex-d28a49f8-73b0-568f-afb4-6bf3514006d7","0","1","[""MATH_REPRESENTATION_UNDECLARED""]"
"cand-e0c3aa75-32ca-5593-bde4-3f2f391a746f","ex-50a63c16-9d1e-57f3-a00f-63e8a3af81f2","0","1","[""SYMBOLIC_EQUIVALENCE_NOT_PROVEN""]"
"cand-ea39f6cf-d575-5c40-acec-c4dcc6ae16b6","ex-c7cfad45-56cb-5cd3-b5de-e9a76eb10dfe","0","1","[""SYMBOLIC_EQUIVALENCE_NOT_PROVEN""]"
"cand-24fecb2d-a0ef-508f-9caf-88532649947a","ex-ed0e04d5-ce28-5553-89fc-06eb216d3911","0","1","[""SYMBOLIC_EQUIVALENCE_NOT_PROVEN""]"
"cand-afa99deb-c9cc-5240-8aab-5bf0e5870c38","ex-1b39dfdb-72cf-5265-8702-640d68bf7d67","0","1","[""SYMBOLIC_EQUIVALENCE_NOT_PROVEN""]"
"cand-f169d88a-04cd-5a57-bd81-26b8072d07c8","ex-784db8ff-a192-5c50-9856-49b883c9240d","0","1","[""SYMBOLIC_EQUIVALENCE_NOT_PROVEN""]"
"cand-c3c80d81-fe86-54f0-9f7d-b96769e878d9","ex-e621ec6a-8871-5bcd-a69f-a56b7d28b08f","0","1","[""SYMBOLIC_EQUIVALENCE_NOT_PROVEN""]"
"cand-be6ab1aa-b838-5b23-ab4d-a1fcb85572ab","ex-d52266de-9020-5da2-a289-66ced54870d9","0","1","[""SYMBOLIC_EQUIVALENCE_NOT_PROVEN""]"
"cand-07861ceb-bfa9-56f6-a3b7-ff6a92ec6e33","ex-653a4465-4c6a-5192-9d7e-21364a988ae9","0","1","[""SYMBOLIC_EQUIVALENCE_NOT_PROVEN""]"
"cand-7a9141de-6611-5a00-9689-67e6ac6e7b20","ex-a323efa8-a11d-5302-9701-64ad3ccd61c3","0","1","[""SYMBOLIC_EQUIVALENCE_NOT_PROVEN""]"
"cand-65384ad5-7d07-58f1-ae61-311233279bad","ex-86288df3-e000-51e7-a22b-1a66b0af3f75","0","1","[""SYMBOLIC_EQUIVALENCE_NOT_PROVEN""]"
"cand-ba711e8d-9f6f-551d-956d-10fef01963cc","ex-9bc0f07e-e6ff-5c54-a1d5-3fe1bc453e5e","0","1","[""SYMBOLIC_EQUIVALENCE_NOT_PROVEN""]"
"cand-86eff1b9-902e-524c-b0a3-b2f52abb4aa9","ex-c4f21220-5b25-5462-8ba2-bc4a6d4853c4","0","1","[""SYMBOLIC_EQUIVALENCE_NOT_PROVEN""]"
"cand-114ceba8-e751-5ef3-ac79-c878d2ebd6a2","ex-056ca16f-ef5d-514d-9126-075f1c7cee38","0","1","[""SYMBOLIC_EQUIVALENCE_NOT_PROVEN""]"
"cand-dbbf088c-56f3-5617-96b1-6f5f57f4a31b","ex-ee876440-4596-5a05-80ea-09115e80389c","0","1","[""SYMBOLIC_EQUIVALENCE_NOT_PROVEN""]"
"cand-3dcaa2d9-e20d-5c10-b465-3ef1830f655c","ex-cfe273f7-08bb-5264-bf73-cd063e4fc24a","0","1","[""SYMBOLIC_EQUIVALENCE_NOT_PROVEN""]"
"cand-4aad912a-5c00-5a47-8b6f-8753e9b3e49b","ex-bdb607a4-93fb-5cd8-a70c-2479c9876135","0","1","[""MATH_REPRESENTATION_UNDECLARED""]"
"cand-b84daf5c-2ffc-5432-b08f-c0e51497bd27","ex-91806a7f-9339-5223-9c8d-62479febcb61","0","1","[""SYMBOLIC_EQUIVALENCE_NOT_PROVEN""]"
"cand-75a111d8-c912-5483-b52d-ef940e610586","ex-e58b70c5-9021-5b99-bd1e-f3658074e799","0","1","[""SYMBOLIC_EQUIVALENCE_NOT_PROVEN""]"
"cand-b22a2e8d-33d8-5b3a-8097-b00fe2da3aa9","ex-a270e3e4-7313-579e-bc27-1bd4a16123e1","0","1","[""MATH_REPRESENTATION_UNDECLARED""]"
"cand-3b48ea6f-2501-5ec6-a42d-db4221e782d6","ex-08cf9390-ba7e-52a8-8846-454f4471fb35","0","1","[""SYMBOLIC_EQUIVALENCE_NOT_PROVEN""]"
"cand-58d85113-c313-56f7-9629-de7f31008c42","ex-124204fe-37ac-52bb-805d-0fad4e60e052","0","1","[""MATH_REPRESENTATION_UNDECLARED""]"
"cand-d6815025-17f0-5f0f-929a-12e1b5411b09","ex-cf85462b-7589-5a09-9edc-aab1a168983e","0","1","[""MATH_REPRESENTATION_UNDECLARED""]"
"cand-14246b62-19d5-5861-b450-10a2645d636c","ex-362294cc-9a8a-5627-af01-937330b8e925","0","1","[""MATH_REPRESENTATION_UNDECLARED""]"
"cand-328cd194-3a0d-5b42-802c-87c0e2643611","ex-ce2f97db-8de8-5414-8b1e-089afe6553af","0","1","[""MATH_REPRESENTATION_UNDECLARED""]"
"cand-9de6d64d-2960-5bd3-9056-ecdd949405a2","ex-e2b91541-d4d7-5de2-8aab-490121d0cc18","0","1","[""MATH_REPRESENTATION_UNDECLARED""]"
"cand-3eca20b3-c0c5-5936-b595-6be1792ac8ff","ex-a7940929-bf0e-5447-9420-5bf3dc254aa4","0","1","[""SYMBOLIC_EQUIVALENCE_NOT_PROVEN""]"
"cand-46e623cc-7f8c-585e-997c-550a9f38048d","ex-9c045c39-5f78-5c45-afc0-307a07731429","0","1","[""SYMBOLIC_EQUIVALENCE_NOT_PROVEN""]"
"cand-cc30ce3d-2098-5faf-bc09-3e0cbe7720a6","ex-0b33c291-447a-57f7-afd9-39f41fa69784","0","1","[""MATH_REPRESENTATION_UNDECLARED""]"
"cand-bf3afb39-c675-57c3-beb6-5d9271ad3ba1","ex-a8e412d7-7682-5be6-a318-71b562893e2c","0","1","[""SYMBOLIC_EQUIVALENCE_NOT_PROVEN""]"
"cand-f4054df6-59db-5d6c-acd4-832a6f04ee14","ex-7a3d2b0f-9154-5dd6-823a-5f278d51dff6","0","1","[""SYMBOLIC_EQUIVALENCE_NOT_PROVEN""]"
"cand-1587509f-b102-5d57-b72d-3bf37b1c3f2d","ex-001e7767-288b-5219-b762-669f393c8b63","0","1","[""SYMBOLIC_EQUIVALENCE_NOT_PROVEN""]"
"cand-e98f3783-47e6-525b-a252-b5444b8fabd0","ex-4111e7f1-a505-51f7-9d5a-1df90e50f31b","0","1","[""SYMBOLIC_EQUIVALENCE_NOT_PROVEN""]"
"cand-10fced43-8f82-595a-934a-293db84f39aa","ex-c7fb9069-d1e1-5e6f-99ba-177314fb6860","0","1","[""SYMBOLIC_EQUIVALENCE_NOT_PROVEN""]"
"cand-f1621483-4475-5dbb-a432-d103f8d3a5b4","ex-c2662a29-545e-58fe-9c0a-136811e09c25","0","1","[""SYMBOLIC_EQUIVALENCE_NOT_PROVEN""]"
"cand-1fd1b854-ef56-5b35-bd60-7fdc237ab567","ex-d88f0695-8a3b-5870-bcaf-07746ef11541","0","1","[""SYMBOLIC_EQUIVALENCE_NOT_PROVEN""]"
"cand-f5570093-2e0e-5d46-bb09-a18031139343","ex-48ebadc8-340f-5a4c-b095-5f26b4fc4a8e","0","1","[""SYMBOLIC_EQUIVALENCE_NOT_PROVEN""]"
"cand-e4611120-ee80-549c-b744-cd89da2861c3","ex-f2f7d600-d9ea-514a-be59-0d7acaa62747","0","1","[""SYMBOLIC_EQUIVALENCE_NOT_PROVEN""]"
"cand-c97d7259-1452-55ca-9180-8b9b3f401e7c","ex-80f7379c-b0a2-5c7f-a4c3-e321790f980d","0","1","[""SYMBOLIC_EQUIVALENCE_NOT_PROVEN""]"
"cand-8b279b13-d275-52e0-9d3d-0a72cd7ccd6d","ex-d7598b12-2990-5572-ae07-13544739c74c","0","1","[""MATH_REPRESENTATION_UNDECLARED""]"
"cand-d9aa9b87-c48a-5ae3-a070-8b05af60f1f0","ex-ee14c797-6562-54fa-8dc0-386b607c2f17","0","2","[""SOLUTION_DEVELOPMENT_INSUFFICIENT"",""SYMBOLIC_EQUIVALENCE_NOT_PROVEN""]"
"cand-b431ec28-4f68-56ec-8841-83fe80a7b86d","ex-5e6c9c2e-1d16-5706-8548-790a86d8f3a7","0","1","[""SOLUTION_DEVELOPMENT_INSUFFICIENT""]"
"cand-9b79b2da-108b-581f-9f89-45c92b460618","ex-68956c96-0af0-5c95-a9b3-48eb6f896bf4","0","1","[""SOLUTION_DEVELOPMENT_INSUFFICIENT""]"
"cand-c8d5d3bc-bbbc-5958-b996-f030a3ad8504","ex-2ebf54fc-2395-58c1-afbb-8f5875fb6548","0","1","[""SOLUTION_DEVELOPMENT_INSUFFICIENT""]"
"cand-57f3a391-3d93-5177-a90a-e200f428f58a","ex-f3d747a0-252a-50f9-9bd1-fbdd8e8e5744","0","1","[""SOLUTION_DEVELOPMENT_INSUFFICIENT""]"
"cand-abab59fe-2108-5fd2-92b9-201ba1b387ed","ex-566b1bb3-ac8d-586c-965d-98c29e2c78dc","0","1","[""SOLUTION_DEVELOPMENT_INSUFFICIENT""]"
"cand-91f05c54-6da5-53f6-a693-d8d18f67061b","ex-f70a86f0-6129-55e6-ab91-07ad87cc8f9f","0","1","[""SYMBOLIC_EQUIVALENCE_NOT_PROVEN""]"
"cand-407dd023-ff9d-5519-9ad7-d9002eb0f058","ex-21c67b74-99a9-5c35-a6e5-69d25b546869","0","1","[""SYMBOLIC_EQUIVALENCE_NOT_PROVEN""]"
"cand-fbd2d45e-88f8-527c-a6be-5b713922955e","ex-25b14a09-e917-5ea6-9a4b-a0a041c8fe9e","0","1","[""SYMBOLIC_EQUIVALENCE_NOT_PROVEN""]"
"cand-09999945-bddf-5937-bc82-dd0a22a94a37","ex-207ab1b2-daa2-5358-aec7-f2a0c1e3fb8b","0","1","[""SYMBOLIC_EQUIVALENCE_NOT_PROVEN""]"
"cand-d1a9afe4-16fc-5263-96dc-4964bc729315","ex-a394a904-cffc-500a-ad01-ca6b4c560b09","0","1","[""SYMBOLIC_EQUIVALENCE_NOT_PROVEN""]"
"cand-57ffd51b-7dbf-5f90-a2bb-8497c3f16aba","ex-2b804a4a-57d6-57da-a09d-1509794626ec","0","1","[""SYMBOLIC_EQUIVALENCE_NOT_PROVEN""]"
"cand-8a0b2f9f-3ec0-5483-add1-e1f45923907a","ex-4c3d8d93-438f-5c8a-b07c-a4fbd39ed0de","0","1","[""SYMBOLIC_EQUIVALENCE_NOT_PROVEN""]"
"cand-e5b2dd9a-0433-5406-bdc4-ba92b235e7e7","ex-7ca5bb81-7106-521e-8db3-661852439aca","0","1","[""SYMBOLIC_EQUIVALENCE_NOT_PROVEN""]"
"cand-b808366d-828c-5888-b264-5fea453fa7cb","ex-dbc013ef-ea79-583c-94b1-b671addccbd9","0","1","[""SYMBOLIC_EQUIVALENCE_NOT_PROVEN""]"
"cand-052a99db-5c83-56f6-a476-a9e909c38998","ex-0cb95d5a-f32f-5592-85fe-ed0e04c0ab07","0","1","[""SYMBOLIC_EQUIVALENCE_NOT_PROVEN""]"
"cand-8ba417d4-6342-53de-88c3-7466ed938664","ex-7e0f994a-f5aa-554c-b6dc-39c851f8329b","0","1","[""SOLUTION_DEVELOPMENT_INSUFFICIENT""]"
"cand-28038485-6e8b-5e9f-8fa4-55e127bb2e51","ex-fedf41a0-e530-518c-ab26-2395500105b7","0","1","[""SOLUTION_DEVELOPMENT_INSUFFICIENT""]"
"cand-d4e9b534-9f49-5980-a461-830456d4be5e","ex-6d7cf0dd-65ac-5c4a-a22f-c1f78e6ca4d7","0","1","[""MATH_REPRESENTATION_UNDECLARED""]"
"cand-e28945cf-1e4d-5e80-8fcc-4b9fda38db8b","ex-cc9ca132-ddda-5c62-ad21-f1819993faa5","0","1","[""SOLUTION_DEVELOPMENT_INSUFFICIENT""]"
"cand-ff6abe1d-e371-5bba-80e7-f7f846f2749d","ex-d37bd29f-1967-5c6e-8f60-75eadaafb114","0","2","[""SOLUTION_DEVELOPMENT_INSUFFICIENT"",""SYMBOLIC_EQUIVALENCE_NOT_PROVEN""]"
"cand-5e4776c2-6a0c-5fac-901d-abbcc8fa2a0d","ex-0d7f606d-dada-5841-b1d6-631a198dbdea","0","2","[""SOLUTION_DEVELOPMENT_INSUFFICIENT"",""SYMBOLIC_EQUIVALENCE_NOT_PROVEN""]"
"cand-9db94f5a-6859-5cb7-9d29-3f2b2f9f2ac4","ex-0d8f8859-6161-5931-bc15-7d2074b6d47a","0","1","[""SOLUTION_DEVELOPMENT_INSUFFICIENT""]"
"cand-b6908b80-a74b-5338-a236-80b2d7b7bd92","ex-19e5ab03-3c60-56cb-9da6-b31e8b5eda61","0","1","[""SOLUTION_DEVELOPMENT_INSUFFICIENT""]"
"cand-e246e6ab-eec4-5ff7-a2a5-13f10e903204","ex-04e7b2e9-e0c3-5b24-b74a-90143fd23fbe","0","1","[""SOLUTION_DEVELOPMENT_INSUFFICIENT""]"
"cand-4d8733d9-8ec2-5467-81dd-a8ad189d2644","ex-92ac1ee3-ee23-5b7d-81c7-a3576251d168","0","1","[""SYMBOLIC_EQUIVALENCE_NOT_PROVEN""]"
"cand-c20a3c39-3ed9-5e00-a4e2-62faf82198a0","ex-aa80a9b2-57d5-5247-a823-b685c940cc57","0","1","[""SOLUTION_DEVELOPMENT_INSUFFICIENT""]"
"cand-61315c90-aaf0-50d7-a263-ec199a69f33d","ex-831a2d6a-30c3-594b-a9ba-f840bb492552","0","2","[""SOLUTION_DEVELOPMENT_INSUFFICIENT"",""SYMBOLIC_EQUIVALENCE_NOT_PROVEN""]"
"cand-8a582192-b09c-5984-890f-859368691e86","ex-f8c72753-b8f9-547f-b855-ef03e83e7fa2","0","2","[""SOLUTION_DEVELOPMENT_INSUFFICIENT"",""SYMBOLIC_EQUIVALENCE_NOT_PROVEN""]"
"cand-70e39d74-8938-58fa-b9bd-3ed96c2f6ba3","ex-70a66702-4286-55b2-9a50-ea9af029e6d5","0","1","[""SOLUTION_DEVELOPMENT_INSUFFICIENT""]"
"cand-53db353e-de01-513f-a765-d4ac3f779941","ex-c5e76a84-3997-544d-8bf1-dd68864031a6","0","2","[""MATH_REPRESENTATION_UNDECLARED"",""SYMBOLIC_EQUIVALENCE_NOT_PROVEN""]"
"cand-6423bc4c-eb2b-5940-ad98-0fa27aa44316","ex-50497838-813c-5659-a69b-6964ec5638eb","0","2","[""MATH_REPRESENTATION_UNDECLARED"",""SYMBOLIC_EQUIVALENCE_NOT_PROVEN""]"
"cand-9ab4b1e6-3c6e-554b-a882-26597dec1ed1","ex-ad0a84ac-7680-57cb-abe7-32fe5343ca56","0","1","[""SYMBOLIC_EQUIVALENCE_NOT_PROVEN""]"
"cand-a4d3e370-b1ad-5b59-bd32-55a1aac6ad01","ex-c16f6349-5c78-5c31-a0f3-62d70cc2b03d","0","1","[""SYMBOLIC_EQUIVALENCE_NOT_PROVEN""]"
"cand-acc818da-d95b-5687-8f84-d696a262f7f6","ex-3ea23393-d7b1-5d68-b35f-04d04a43c70d","0","1","[""SYMBOLIC_EQUIVALENCE_NOT_PROVEN""]"
"cand-903d0468-cea0-5f89-a7f1-c8f8156d5746","ex-eab0fc11-8b47-511a-a750-041e79250d63","0","1","[""SYMBOLIC_EQUIVALENCE_NOT_PROVEN""]"
"cand-702ab2c2-9951-556b-a8d4-c417ad40c487","ex-20c5a0b7-cd9d-5e0c-8d73-c2811a3b5a4d","0","1","[""SYMBOLIC_EQUIVALENCE_NOT_PROVEN""]"
"cand-a9be5f9d-4cf2-5229-8773-3a0f6f0a9f90","ex-b3f4070e-f0ba-51bb-99e7-b3bae611ed26","0","1","[""SYMBOLIC_EQUIVALENCE_NOT_PROVEN""]"
"cand-7f3822fe-cc40-5f99-8ed2-ac1ae5dcde6d","ex-852dcea1-f338-53a6-a4ec-73796ccb6053","0","1","[""SYMBOLIC_EQUIVALENCE_NOT_PROVEN""]"
"cand-ac00d52d-d656-50e2-97eb-6a3186600ff1","ex-f3f7a597-e3b3-539b-b883-b15677cd2b9c","0","1","[""SYMBOLIC_EQUIVALENCE_NOT_PROVEN""]"
"cand-c0473422-092f-50dc-b84f-cb85dcc28b9c","ex-afd43d2d-be38-5d52-b436-d182988b631b","0","1","[""SYMBOLIC_EQUIVALENCE_NOT_PROVEN""]"
"cand-59fb1a1e-a7ff-5c61-99a7-115959854a24","ex-f3c0e88c-2d2b-538b-8428-b7b4ea939a84","0","1","[""SYMBOLIC_EQUIVALENCE_NOT_PROVEN""]"
"cand-537a5a8e-f067-5c07-9407-28f08975e4f1","ex-05381c96-7b6d-5b87-9e79-e5095bf5eae1","0","1","[""SYMBOLIC_EQUIVALENCE_NOT_PROVEN""]"
"cand-f5d35fae-805a-5f24-9880-aba204ac33bd","ex-a60a75ee-f01f-5398-b5a3-dcc97b0ba2b4","0","1","[""MATH_REPRESENTATION_UNDECLARED""]"
"cand-1651db3f-a2e1-5bd8-b4da-f580fb01baab","ex-16373b0e-a20b-5e1a-806a-e7aeb4e84ff3","0","1","[""SYMBOLIC_EQUIVALENCE_NOT_PROVEN""]"
"cand-6cf5bb84-6863-5c76-8f03-6831dded2a82","ex-4a933fc2-23aa-55b2-b009-98f6dd3274f1","0","1","[""MATH_REPRESENTATION_UNDECLARED""]"
"cand-bbb84114-005a-5ea4-96cf-cdbe2224dfd5","ex-044f7e0e-3dc4-591a-9aa6-9627da92a629","0","1","[""MATH_REPRESENTATION_UNDECLARED""]"
"cand-4d3606d3-2caf-5aae-9d37-80491c44492b","ex-e3821a6e-58b7-5d87-b3ab-9b6bcf776fe0","0","1","[""MATH_REPRESENTATION_UNDECLARED""]"
"cand-15ac6f5c-35b8-5396-9a55-96ed1a1e9d0e","ex-0a54b16d-c660-5d06-a218-77d5f21ea1f0","0","1","[""MATH_REPRESENTATION_UNDECLARED""]"
"cand-cfaab983-ef14-5a99-8fc3-d97d435f8e99","ex-508b4887-6f05-57cc-871c-c90577df99a4","0","1","[""MATH_REPRESENTATION_UNDECLARED""]"
"cand-19f269a0-01e2-59ea-9cdb-15774ced394a","ex-f40702a4-c49b-5cef-8058-cafdb5b14713","0","1","[""MATH_REPRESENTATION_UNDECLARED""]"
"cand-0ee716c7-071c-5228-b306-bbc97f3d3ed3","ex-804f65ce-cf83-596d-b2bf-ed8798c15df0","0","2","[""MATH_REPRESENTATION_UNDECLARED"",""SYMBOLIC_EQUIVALENCE_NOT_PROVEN""]"
"cand-fb87c620-2990-576d-a017-915f27a2711b","ex-81515108-f8eb-51c1-aeb6-cca0a1c7311f","0","2","[""MATH_REPRESENTATION_UNDECLARED"",""SYMBOLIC_EQUIVALENCE_NOT_PROVEN""]"
"cand-14aff6f3-1828-539f-9a76-f62ca4b68bfe","ex-b24f2dea-9ba5-55e5-a078-a7bccfcc9c1a","0","2","[""MATH_REPRESENTATION_UNDECLARED"",""SYMBOLIC_EQUIVALENCE_NOT_PROVEN""]"
"cand-7a4afe3e-24c8-5223-8864-4d4ea5145d4b","ex-c4d3ffa6-a687-5ff8-971b-7447b327f9f2","0","1","[""SOLUTION_DEVELOPMENT_INSUFFICIENT""]"
"cand-91df1f1c-63ca-5734-9133-e320c7ada9fe","ex-da2273d2-1c0a-56ca-b0cd-bee0d04e3545","0","2","[""SOLUTION_DEVELOPMENT_INSUFFICIENT"",""SYMBOLIC_EQUIVALENCE_NOT_PROVEN""]"
"cand-7443af99-9223-587e-b3e5-e1031c230c75","ex-7ddb90ad-6a42-5d6f-92f4-b68fb09dcb1a","0","2","[""SOLUTION_DEVELOPMENT_INSUFFICIENT"",""SYMBOLIC_EQUIVALENCE_NOT_PROVEN""]"
"cand-c9bdf7d4-6353-5336-827a-b3569cbaccbe","ex-27efc373-799c-5b86-acf9-17e8b74eeaa4","0","2","[""SOLUTION_DEVELOPMENT_INSUFFICIENT"",""SYMBOLIC_EQUIVALENCE_NOT_PROVEN""]"
"cand-55070f03-d4cc-5b44-b965-b0bd1dbc683a","ex-4a7294c5-8de4-558d-8bbe-28e55453f8c4","0","2","[""SOLUTION_DEVELOPMENT_INSUFFICIENT"",""SYMBOLIC_EQUIVALENCE_NOT_PROVEN""]"
"cand-74eb1844-648d-55bc-a001-661122068daf","ex-23dc3b2a-c772-5409-9f23-6b355ec6368f","0","2","[""SOLUTION_DEVELOPMENT_INSUFFICIENT"",""SYMBOLIC_EQUIVALENCE_NOT_PROVEN""]"
"cand-3091e5d2-3531-59e4-b2cd-b54c20d22341","ex-facc65e2-bc9e-59c3-818a-b293673fef6e","0","2","[""SOLUTION_DEVELOPMENT_INSUFFICIENT"",""SYMBOLIC_EQUIVALENCE_NOT_PROVEN""]"
"cand-f0a99170-e5ac-5392-9626-14f6c3b573a1","ex-d5cfe7a9-4a86-5de7-9582-0556d615dca4","0","2","[""SOLUTION_DEVELOPMENT_INSUFFICIENT"",""SYMBOLIC_EQUIVALENCE_NOT_PROVEN""]"
"cand-db2f4586-6bb1-556f-aa16-4b234f4f0ddd","ex-b622a83c-86b3-5a72-a035-8b17a04e91c9","0","2","[""SOLUTION_DEVELOPMENT_INSUFFICIENT"",""SYMBOLIC_EQUIVALENCE_NOT_PROVEN""]"
"cand-9d0dbfba-1161-5c8a-9f0b-7a8d9c62c672","ex-5785995f-f7bb-5079-bcc2-e5f1ba21250e","0","1","[""MATH_REPRESENTATION_UNDECLARED""]"
"cand-8e8bd06e-5980-5b13-8c2e-f566683785e5","ex-901c5ca8-65e5-5eaf-b047-0bf395f1b7a3","0","1","[""SYMBOLIC_EQUIVALENCE_NOT_PROVEN""]"
"cand-d962b760-61ff-56a1-8c3d-3b9f5f8cbd1c","ex-5e4e10db-9d98-523b-b984-69751d3c21d8","0","2","[""MATH_REPRESENTATION_UNDECLARED"",""SYMBOLIC_EQUIVALENCE_NOT_PROVEN""]"
"cand-059d6a34-d161-5738-b629-44700689dc69","ex-eaee5060-9019-5735-a438-d9315a74b9d0","0","3","[""MATH_REPRESENTATION_UNDECLARED"",""SOLUTION_DEVELOPMENT_INSUFFICIENT"",""SYMBOLIC_EQUIVALENCE_NOT_PROVEN""]"
"cand-f7751f3f-3565-5dd8-bc44-bea1031a7f29","ex-40fad276-78ed-5380-98e1-0ba505f9c1bc","0","1","[""SOLUTION_DEVELOPMENT_INSUFFICIENT""]"
"cand-ca07199c-d275-53ca-89d6-7efe0cad86e2","ex-97383284-02ba-55d2-85e4-0623fd109b54","0","1","[""SOLUTION_DEVELOPMENT_INSUFFICIENT""]"
"cand-1e5770a7-d422-576b-99df-1ece76f2c06b","ex-0d1b2e0c-4ab0-56fa-944f-2082064aa40d","0","3","[""MATH_REPRESENTATION_UNDECLARED"",""SOLUTION_DEVELOPMENT_INSUFFICIENT"",""SYMBOLIC_EQUIVALENCE_NOT_PROVEN""]"
"cand-05ed63c2-f9f2-5cac-a7d9-c8aa780424de","ex-fd1abf3a-e29a-5155-a8b8-a605a4ce3a5f","0","1","[""SOLUTION_DEVELOPMENT_INSUFFICIENT""]"
"cand-df284a8e-68e0-5fb8-959e-484bd80a70a5","ex-3282602a-ca05-50ab-95b1-9c8f0d6ae0d1","0","2","[""SOLUTION_DEVELOPMENT_INSUFFICIENT"",""SYMBOLIC_EQUIVALENCE_NOT_PROVEN""]"
"cand-f652c6fe-228b-5686-8140-7d74a9fde628","ex-8f7247d1-0378-58cf-897c-9e1e9f3ec543","0","1","[""SOLUTION_DEVELOPMENT_INSUFFICIENT""]"
"cand-6fd8988d-3d08-5485-912d-348c72464c2a","ex-7219859f-94f4-57b4-8648-cb592fe25d0d","0","1","[""SOLUTION_DEVELOPMENT_INSUFFICIENT""]"
"cand-91533fbf-3998-55b2-aa14-7fca0d773183","ex-9b3599b2-1141-57eb-bdf2-bfd9b97b719d","0","1","[""SOLUTION_DEVELOPMENT_INSUFFICIENT""]"
"cand-7715acc7-f303-5ff9-b74e-eb0d90db5e5f","ex-3cb70726-41d1-55c2-aa05-c0ed2483385e","0","1","[""SYMBOLIC_EQUIVALENCE_NOT_PROVEN""]"
"cand-04955675-deba-5ce6-b678-f171001ce194","ex-ee61da9b-001b-5b38-bc53-e2340f1582ac","0","1","[""SYMBOLIC_EQUIVALENCE_NOT_PROVEN""]"
"cand-b4dfd91e-48ae-5777-a1a8-d0b3256aa7ce","ex-09997254-6ba3-50eb-95b3-785544a9a726","0","2","[""MATH_REPRESENTATION_UNDECLARED"",""SYMBOLIC_EQUIVALENCE_NOT_PROVEN""]"
"cand-b138c3f6-08e6-501c-80d9-ae35f09424d7","ex-276b897e-3426-5f47-b8e9-0ccb272f65c8","0","2","[""MATH_REPRESENTATION_UNDECLARED"",""SYMBOLIC_EQUIVALENCE_NOT_PROVEN""]"
"cand-659148bf-c062-5377-9090-d58716d7b8d8","ex-8d82b5f2-04fe-58b5-8706-3e6c1d50841e","0","2","[""MATH_REPRESENTATION_UNDECLARED"",""SYMBOLIC_EQUIVALENCE_NOT_PROVEN""]"
"cand-b358921c-54df-5b86-94de-603796efae35","ex-c1d7f31f-b02d-57bf-82e9-f1dd9e8ebfd9","0","2","[""MATH_REPRESENTATION_UNDECLARED"",""SYMBOLIC_EQUIVALENCE_NOT_PROVEN""]"
"cand-1c21ba0a-a3e8-5d4d-b2b5-4b17b9e058e9","ex-3189398f-880f-5e61-9745-4bb244527301","0","2","[""MATH_REPRESENTATION_UNDECLARED"",""SYMBOLIC_EQUIVALENCE_NOT_PROVEN""]"
"cand-999f7505-8464-5e2b-bf58-2d2765195a88","ex-5a137c73-f2c8-593e-96b7-2ab14638cfb8","0","2","[""MATH_REPRESENTATION_UNDECLARED"",""SYMBOLIC_EQUIVALENCE_NOT_PROVEN""]"
"cand-7bd84850-1b6e-5875-b24c-f69e525be0b8","ex-702e258c-387c-5f7b-93eb-e19e84b0ffc6","0","2","[""MATH_REPRESENTATION_UNDECLARED"",""SYMBOLIC_EQUIVALENCE_NOT_PROVEN""]"
"cand-6b8fe755-25b4-525a-885d-7094715061dd","ex-a8355e06-10e3-52a9-8210-fff625745f9c","0","2","[""MATH_REPRESENTATION_UNDECLARED"",""SYMBOLIC_EQUIVALENCE_NOT_PROVEN""]"
"cand-cceeeee5-8a46-5600-9ccc-cf260c158d26","ex-2ce5fcdd-e861-55ab-b191-e6c481867429","0","2","[""MATH_REPRESENTATION_UNDECLARED"",""SYMBOLIC_EQUIVALENCE_NOT_PROVEN""]"
"cand-e7a935a0-2810-5126-a183-5927a242df10","ex-d730041b-5ab0-51c2-a695-bf9c85a19a2d","0","2","[""MATH_REPRESENTATION_UNDECLARED"",""SYMBOLIC_EQUIVALENCE_NOT_PROVEN""]"
"cand-586381f5-bad1-5844-a7a4-9c56831210d0","ex-b5294059-56d1-5913-8738-43ade05cf87b","0","2","[""MATH_REPRESENTATION_UNDECLARED"",""SYMBOLIC_EQUIVALENCE_NOT_PROVEN""]"
"cand-667c71ea-696a-5187-8c3b-faf030a74b83","ex-c95cdb31-92d7-5d35-8e12-ba3d7d23f79d","0","2","[""MATH_REPRESENTATION_UNDECLARED"",""SYMBOLIC_EQUIVALENCE_NOT_PROVEN""]"
"cand-1778600d-2355-5437-a755-47aa1516247b","ex-6c77fa1e-047f-52c5-871e-ded956d0392d","0","2","[""MATH_REPRESENTATION_UNDECLARED"",""SYMBOLIC_EQUIVALENCE_NOT_PROVEN""]"
"cand-8b7c2078-c3d9-5b03-9efa-958c2f3383f1","ex-edda2049-907f-509b-b7dd-82960bb9a893","0","2","[""MATH_REPRESENTATION_UNDECLARED"",""SYMBOLIC_EQUIVALENCE_NOT_PROVEN""]"
"cand-4e90b127-fac4-5dcb-8250-1ded1cccd06b","ex-49fb1011-8918-5a11-a0b8-5b784e186ce4","0","2","[""MATH_REPRESENTATION_UNDECLARED"",""SYMBOLIC_EQUIVALENCE_NOT_PROVEN""]"
"cand-d8839607-1663-54a8-9a8f-c9296d02ad52","ex-6506bd51-d9a8-55ae-9a99-4103c526002a","0","2","[""MATH_REPRESENTATION_UNDECLARED"",""SYMBOLIC_EQUIVALENCE_NOT_PROVEN""]"
"cand-353a57b5-5ba4-53c0-9bcc-7b07da31ab34","ex-5576cce7-a34e-587a-9b3b-504e8a7110d3","0","2","[""MATH_REPRESENTATION_UNDECLARED"",""SYMBOLIC_EQUIVALENCE_NOT_PROVEN""]"
"cand-3685d050-dace-5b93-b8bf-cc5c810c2727","ex-7017e554-fa9c-5133-a196-2a56ae42514c","0","2","[""MATH_REPRESENTATION_UNDECLARED"",""SYMBOLIC_EQUIVALENCE_NOT_PROVEN""]"
"cand-ac7276dd-8106-57d5-974f-704d66a29fa6","ex-7d15ce09-1053-52c7-b065-42021dfdea54","0","2","[""MATH_REPRESENTATION_UNDECLARED"",""SYMBOLIC_EQUIVALENCE_NOT_PROVEN""]"
"cand-888a2c07-c22f-5676-83ac-df7e8d63e3cf","ex-8f5239b7-9fb4-553f-93b0-00acd51e1749","0","2","[""MATH_REPRESENTATION_UNDECLARED"",""SYMBOLIC_EQUIVALENCE_NOT_PROVEN""]"
"cand-1ace2358-9a95-5c38-b7ef-fdd7eda5db34","ex-893c7f3c-bb73-5051-a957-78f71e710906","0","2","[""MATH_REPRESENTATION_UNDECLARED"",""SYMBOLIC_EQUIVALENCE_NOT_PROVEN""]"
"cand-402f75e1-2f94-53b3-bf5c-1ab04a0bdf9f","ex-4a0e6e06-fbb4-570d-a538-0c0b3044975a","0","2","[""MATH_REPRESENTATION_UNDECLARED"",""SYMBOLIC_EQUIVALENCE_NOT_PROVEN""]"
"cand-d522eb85-929a-5028-9052-a7e4b3241a9f","ex-084ad9e7-bbff-5348-9a9e-b8748a48df1b","0","2","[""MATH_REPRESENTATION_UNDECLARED"",""SYMBOLIC_EQUIVALENCE_NOT_PROVEN""]"
"cand-7112c044-d09c-53f2-8d89-f38d2d535e2d","ex-9520fefc-7b9d-5ea7-9dca-e6dcc6fbf4d9","0","2","[""MATH_REPRESENTATION_UNDECLARED"",""SYMBOLIC_EQUIVALENCE_NOT_PROVEN""]"
"cand-5fcfd4ea-5df0-52f5-a642-127bb74737ca","ex-f74f50a4-d696-5fe2-b622-72d860d322bc","0","2","[""MATH_REPRESENTATION_UNDECLARED"",""SYMBOLIC_EQUIVALENCE_NOT_PROVEN""]"
"cand-cfa405e4-e642-5e84-8ed3-63797f7c1e1b","ex-837d3bea-1b8f-5ab7-a861-2e055234d9d1","0","2","[""MATH_REPRESENTATION_UNDECLARED"",""SYMBOLIC_EQUIVALENCE_NOT_PROVEN""]"
"cand-094624a9-1b53-5674-b42f-163d151dbd50","ex-220d2dbd-d4e8-5009-84de-8cd2cfe38a00","0","2","[""MATH_REPRESENTATION_UNDECLARED"",""SYMBOLIC_EQUIVALENCE_NOT_PROVEN""]"
"cand-e53a091f-bf2d-5091-a718-d9db9ef8055b","ex-fc44ee75-2afa-519a-9750-1a4b3ceade91","0","2","[""MATH_REPRESENTATION_UNDECLARED"",""SYMBOLIC_EQUIVALENCE_NOT_PROVEN""]"
"cand-7afbf327-7853-58d1-97c9-a4d62758d30c","ex-c9bd111d-b723-57eb-be6a-a92295600501","0","2","[""MATH_REPRESENTATION_UNDECLARED"",""SYMBOLIC_EQUIVALENCE_NOT_PROVEN""]"
"cand-33dda2e0-1543-58d3-b93d-74f7a3c7377f","ex-31c460db-807b-5f3f-9875-b38194b7e3e2","0","2","[""MATH_REPRESENTATION_UNDECLARED"",""SYMBOLIC_EQUIVALENCE_NOT_PROVEN""]"
"cand-01b9a100-c368-57b5-8433-8a01365029b1","ex-443401df-8b06-534b-a0ba-7ac3f99ed17c","0","2","[""MATH_REPRESENTATION_UNDECLARED"",""SYMBOLIC_EQUIVALENCE_NOT_PROVEN""]"
"cand-99e61f28-77fe-5a47-bd91-39bb32b9c9e6","ex-54c8fb6c-7540-5e76-8e4c-1ea4f102d604","0","2","[""MATH_REPRESENTATION_UNDECLARED"",""SYMBOLIC_EQUIVALENCE_NOT_PROVEN""]"
"cand-b7b27345-5cec-5f9f-9bd3-05885b8be1f3","ex-288edfa1-ebf2-5258-8fd7-90c7b32f48e0","0","2","[""MATH_REPRESENTATION_UNDECLARED"",""SYMBOLIC_EQUIVALENCE_NOT_PROVEN""]"
"cand-dad198f0-882c-5e5c-af1a-9ff61f36bfb7","ex-309ef1a7-1d39-5dfa-9bcf-d8f60957a328","0","2","[""MATH_REPRESENTATION_UNDECLARED"",""SYMBOLIC_EQUIVALENCE_NOT_PROVEN""]"
"cand-785bca7c-716f-5c21-8889-4aeeef23075d","ex-5992466b-91b9-5115-a8c4-43e4640e4894","0","2","[""MATH_REPRESENTATION_UNDECLARED"",""SYMBOLIC_EQUIVALENCE_NOT_PROVEN""]"
"cand-08d29956-589a-5da9-8bdc-5e981ab7ae25","ex-ad13836b-cf85-5d40-a96c-06020d8c9116","0","2","[""MATH_REPRESENTATION_UNDECLARED"",""SYMBOLIC_EQUIVALENCE_NOT_PROVEN""]"
"cand-59446cd0-4c60-5db4-88e5-17197b13ab49","ex-f9129d09-f9c2-530a-a245-3ee9b657e61a","0","2","[""MATH_REPRESENTATION_UNDECLARED"",""SYMBOLIC_EQUIVALENCE_NOT_PROVEN""]"
"cand-87e14e94-bc85-5021-8f17-fbe932877fdc","ex-dfd679b9-e429-51e4-94a3-9ed5f53bae6e","0","2","[""MATH_REPRESENTATION_UNDECLARED"",""SYMBOLIC_EQUIVALENCE_NOT_PROVEN""]"
"cand-d354da40-41cb-57d0-a1ae-f566802df1c7","ex-71f3aa29-5941-5f12-b7a5-672b37040a3b","0","2","[""MATH_REPRESENTATION_UNDECLARED"",""SYMBOLIC_EQUIVALENCE_NOT_PROVEN""]"
"cand-19268f77-3f30-5844-8747-35fb4b274dc7","ex-921216cc-ae91-5cd9-a02f-a53e688bdd28","0","2","[""MATH_REPRESENTATION_UNDECLARED"",""SYMBOLIC_EQUIVALENCE_NOT_PROVEN""]"
"cand-3b99cd44-60c9-55e4-86b9-6d84f0b32c64","ex-e9871fa4-44fd-58ad-bd44-1b010db6914a","0","2","[""MATH_REPRESENTATION_UNDECLARED"",""SYMBOLIC_EQUIVALENCE_NOT_PROVEN""]"
"cand-abce08aa-3b80-508e-9eb1-5c6c6f3fef9a","ex-6e1af4ea-bbdc-5a00-a29c-8756d0cfb37e","0","2","[""MATH_REPRESENTATION_UNDECLARED"",""SYMBOLIC_EQUIVALENCE_NOT_PROVEN""]"
"cand-7f047fc3-9241-5998-b7f0-c64adba3317b","ex-4b239183-d1f7-5c75-a064-3950ed32efdc","0","2","[""MATH_REPRESENTATION_UNDECLARED"",""SYMBOLIC_EQUIVALENCE_NOT_PROVEN""]"
"cand-795b9b79-f560-5f6b-9663-ce8a3b7b579b","ex-6ae1050a-5214-5079-96e7-b42df2fea6e5","0","1","[""MATH_REPRESENTATION_UNDECLARED""]"
"cand-962c0e54-10e2-5342-8410-19b3b73ae307","ex-556dcbe9-fa94-5578-9943-7806a83f137c","0","1","[""MATH_REPRESENTATION_UNDECLARED""]"
"cand-371bb650-5d36-5c68-acbe-15b76c372470","ex-95a6f6b4-b557-5649-9a91-db9f51083fd2","0","1","[""SYMBOLIC_EQUIVALENCE_NOT_PROVEN""]"
"cand-c2a10233-cf2d-5879-a15b-0c3c359a6dc9","ex-95b761b7-64b1-58d0-b088-191927560c2c","0","2","[""MATH_REPRESENTATION_UNDECLARED"",""SYMBOLIC_EQUIVALENCE_NOT_PROVEN""]"
"cand-4e06053d-f98c-5002-bbca-190d7a3114d4","ex-c37abddf-ee69-57df-bc48-cecade193d98","0","1","[""SYMBOLIC_EQUIVALENCE_NOT_PROVEN""]"
"cand-0ea8b390-1ccd-5283-958c-498730300830","ex-c0b8a26e-c013-5aa3-830e-aa61f3f007cc","0","2","[""MATH_REPRESENTATION_UNDECLARED"",""SYMBOLIC_EQUIVALENCE_NOT_PROVEN""]"
"cand-dbdabf90-b8b4-5bfc-bdde-0cd336f5efe9","ex-1cf7e2c3-e842-5047-abc6-eca696075209","0","1","[""SYMBOLIC_EQUIVALENCE_NOT_PROVEN""]"
"cand-f639d920-80d5-5892-8f12-de9f99183fce","ex-63562ca7-937f-5106-8465-ab1408a63050","0","1","[""SYMBOLIC_EQUIVALENCE_NOT_PROVEN""]"
"cand-1d20ce58-6548-5ae8-8601-b04428ab2477","ex-c10bf39b-97af-5bcf-8919-db011f3bffe9","0","1","[""SYMBOLIC_EQUIVALENCE_NOT_PROVEN""]"
"cand-2ddaca24-2ff0-59bb-9a24-fc2cf357e003","ex-4e2ed8ff-5a53-502b-9d35-1252d43b4c4d","0","1","[""SYMBOLIC_EQUIVALENCE_NOT_PROVEN""]"
"cand-b8aabc05-c760-5b13-aa0f-24d11734a561","ex-237e9e12-f026-56f5-af36-7516edc0725a","0","1","[""SYMBOLIC_EQUIVALENCE_NOT_PROVEN""]"
"cand-2d69f116-6092-5b7a-bef0-1c1679552e3d","ex-ed3a39fd-af5f-528c-9698-1fb453173414","0","1","[""SYMBOLIC_EQUIVALENCE_NOT_PROVEN""]"
"cand-df2d24e4-8e02-51f8-9108-4049416d1ec9","ex-8f1e655e-3475-5a85-b1b7-505a83d0d005","0","1","[""MATH_REPRESENTATION_UNDECLARED""]"
"cand-eec314e8-d82d-56cb-b7bf-5dcc279c1404","ex-a4d1436c-4852-5d68-9616-a363bc79b9b9","0","1","[""SYMBOLIC_EQUIVALENCE_NOT_PROVEN""]"
"cand-874c2436-7936-5f64-8785-58f824584933","ex-d4c5505a-b9e3-56af-8f2f-42eeeaf4cc36","0","2","[""MATH_REPRESENTATION_UNDECLARED"",""SYMBOLIC_EQUIVALENCE_NOT_PROVEN""]"
"cand-4b9f8b4d-1c13-5ce6-9c81-cd3c134583d9","ex-86cd2b36-70ee-5fc0-8c53-552fef9d46ab","0","1","[""SYMBOLIC_EQUIVALENCE_NOT_PROVEN""]"
"cand-202ead72-8615-57da-a08a-3e1e786111a4","ex-05ad384f-61aa-5e94-8abc-3d7b299d3eb2","0","1","[""SYMBOLIC_EQUIVALENCE_NOT_PROVEN""]"
"cand-ca0feaed-3a2e-565b-8691-a1dc2f611065","ex-b8be5c71-a876-51aa-8184-c392d9888464","0","1","[""SYMBOLIC_EQUIVALENCE_NOT_PROVEN""]"
"cand-087290c3-0486-591f-95e4-c1529b306331","ex-0e5f0eca-da36-51b0-b143-f916b4396bd2","0","1","[""SYMBOLIC_EQUIVALENCE_NOT_PROVEN""]"
"cand-d9785fdc-4f00-5937-92b5-4a398d960a1c","ex-37bd3233-b5c7-5a64-b549-57a068a3ff18","0","1","[""SYMBOLIC_EQUIVALENCE_NOT_PROVEN""]"
"cand-25be5432-5b49-5494-b477-d3ad923d0745","ex-971e32aa-ef0f-5d59-bb2c-db385c0acfc6","0","1","[""MATH_REPRESENTATION_UNDECLARED""]"
"cand-8b6b1801-6ac9-5511-a794-3d21e36882b9","ex-468d63a8-c702-517f-90a4-295514248279","0","2","[""MATH_REPRESENTATION_UNDECLARED"",""SOLUTION_DEVELOPMENT_INSUFFICIENT""]"
"cand-39aed608-09fc-57da-89dd-89df752cb3e2","ex-464bcc4c-c1b0-5464-89a8-cfa0502eac2f","0","1","[""SYMBOLIC_EQUIVALENCE_NOT_PROVEN""]"
"cand-01265571-4e96-5337-a995-8d9decfdf3c0","ex-eaf269f6-223b-57cb-9a4f-057833be9cd7","0","2","[""MATH_REPRESENTATION_UNDECLARED"",""SOLUTION_DEVELOPMENT_INSUFFICIENT""]"
"cand-08bfe4ef-6004-5e6d-8979-549b46c497b7","ex-71d6126f-19de-5a20-9e00-0c3f84080c5f","0","1","[""MATH_REPRESENTATION_UNDECLARED""]"
"cand-d9439f5d-0df5-5bee-ac44-e55f31187d9b","ex-15f9b422-d0cb-5fae-a804-0af2b8338194","0","1","[""SYMBOLIC_EQUIVALENCE_NOT_PROVEN""]"
"cand-654048ea-6603-5c26-9c64-86257900e4da","ex-183ad5ab-2374-52ea-9395-04ee39136f25","0","2","[""MATH_REPRESENTATION_UNDECLARED"",""SYMBOLIC_EQUIVALENCE_NOT_PROVEN""]"
"cand-ae98a28f-7958-5a96-b0a5-513ce7fd3576","ex-1bf19a0f-423e-56a5-8ce0-97754ab27d3f","0","1","[""MATH_REPRESENTATION_UNDECLARED""]"
"cand-2d8e45f4-4dda-58b0-9b28-b654bdcd7ab7","ex-9f61a1b9-5bf0-50ef-85ff-65e80ad9e028","0","2","[""MATH_REPRESENTATION_UNDECLARED"",""SYMBOLIC_EQUIVALENCE_NOT_PROVEN""]"
"cand-44344050-3620-5cbb-9191-f530a4d64fcf","ex-a456411a-b1f3-53f9-9bb3-f4dbbeb62c78","0","2","[""MATH_REPRESENTATION_UNDECLARED"",""SOLUTION_DEVELOPMENT_INSUFFICIENT""]"
"cand-a66da26b-bd86-5cc2-ba74-171a4f1254a4","ex-f773ca5c-63d9-5aae-b2af-d8847a70b528","0","1","[""SYMBOLIC_EQUIVALENCE_NOT_PROVEN""]"
"cand-9fe61061-203a-5b7b-9f8f-7bd2cfe2e99e","ex-2e69b7e2-6ec0-52f2-a20d-0f726b41c048","0","1","[""MATH_REPRESENTATION_UNDECLARED""]"
"cand-d74f1713-855d-5f0b-9b79-1226e89b2945","ex-1b1c48b7-5336-5ffb-8f84-36a030b8c96f","0","1","[""MATH_REPRESENTATION_UNDECLARED""]"
"cand-2885d607-8cdf-5e68-ad54-9634d23c7f82","ex-a5d4c956-b5ac-5bfe-a3c3-428d461ff70d","0","1","[""SYMBOLIC_EQUIVALENCE_NOT_PROVEN""]"
"cand-5263c34f-031c-5350-92fb-f1c04318fe01","ex-f605b027-42bd-5774-9212-b4613bacc444","0","2","[""MATH_REPRESENTATION_UNDECLARED"",""SOLUTION_DEVELOPMENT_INSUFFICIENT""]"
"cand-ce89c27d-4220-50ab-9be9-1d3091a6a4e1","ex-74cd99ea-f5b8-56c0-9e5a-6a1422e32c32","0","1","[""MATH_REPRESENTATION_UNDECLARED""]"
"cand-e25da32d-3af1-57bf-b55b-70bc71e19a38","ex-e3c317d9-113a-50ee-a544-c2acfc0f14d7","0","1","[""SYMBOLIC_EQUIVALENCE_NOT_PROVEN""]"
"cand-e451f189-d463-52a0-8ceb-32d97fafd41d","ex-baaa537b-0c17-5fd4-bd9b-0fc4736b7e4b","0","1","[""MATH_REPRESENTATION_UNDECLARED""]"
"cand-6d9def1e-b7c5-51e0-a1cd-e94b69791327","ex-a9e9b9c5-3336-5908-bbfe-f1dc867b8423","0","1","[""SYMBOLIC_EQUIVALENCE_NOT_PROVEN""]"
"cand-33ea6c85-8f04-54ab-9b19-57f8975c8e57","ex-20df8299-de40-5c2e-bd6d-5b8a038049c7","0","3","[""MATH_REPRESENTATION_UNDECLARED"",""SOLUTION_DEVELOPMENT_INSUFFICIENT"",""SYMBOLIC_EQUIVALENCE_NOT_PROVEN""]"
"cand-f6d8591e-3106-5bce-8631-712f548874f1","ex-3058f7b1-cb95-57fa-9edc-04666e9681fc","0","1","[""MATH_REPRESENTATION_UNDECLARED""]"
"cand-09aacffe-6c6d-5c3a-a225-1f1e4f5ee0c2","ex-b23e7218-0dbd-5fb2-92d6-1ea41e63b57f","0","1","[""MATH_REPRESENTATION_UNDECLARED""]"
"cand-b0946448-74b3-5e02-87d6-5de0e2d4b698","ex-9bb4a7b5-d683-5c4a-b829-4af01e0b5087","0","1","[""SYMBOLIC_EQUIVALENCE_NOT_PROVEN""]"
"cand-fad3582c-2e4d-526f-8f46-1241e2746676","ex-834bd6b3-758e-5817-9839-fd6f54fa6866","0","1","[""SYMBOLIC_EQUIVALENCE_NOT_PROVEN""]"
"cand-56b5a58b-6b46-53e6-bbd3-5565801b1dfe","ex-c6db4ff8-c164-5421-a371-6a830b9eda58","0","3","[""MATH_REPRESENTATION_UNDECLARED"",""SOLUTION_DEVELOPMENT_INSUFFICIENT"",""SYMBOLIC_EQUIVALENCE_NOT_PROVEN""]"
"cand-379e65e6-87c0-5a2b-abc2-461b2e267a9c","ex-a88bca26-08a4-50b9-9d5d-dadcf0f4b730","0","1","[""MATH_REPRESENTATION_UNDECLARED""]"
"cand-d1a302cd-3b83-53fb-8781-ea11efa4656b","ex-876aac97-dd68-5f31-b8f7-af1badb018e3","0","1","[""MATH_REPRESENTATION_UNDECLARED""]"
"cand-c1a737eb-03e7-5bed-ab39-8534523db274","ex-3cffc82c-afa7-5f0c-ae8f-b1b8a243dc8f","0","1","[""MATH_REPRESENTATION_UNDECLARED""]"
"cand-f1ed390b-03aa-578f-87b0-fe340f2b77d4","ex-5c3207c1-e5f9-5c75-865e-03b5c8b45ab7","0","1","[""SYMBOLIC_EQUIVALENCE_NOT_PROVEN""]"
"cand-e92cd060-edbe-5e6b-a5b1-fc8b30be5d9c","ex-8efb1105-064c-5f17-9d6a-64d12a395e57","0","1","[""MATH_REPRESENTATION_UNDECLARED""]"
"cand-9656340c-7021-5305-86c2-0f2ef6581c13","ex-62cbd17c-d9af-50c6-85b8-f217d5da6c74","0","1","[""SYMBOLIC_EQUIVALENCE_NOT_PROVEN""]"
"cand-b06ca525-25c9-5cb8-9dab-02a7a3c622dd","ex-aa49f9c7-2992-5727-89cf-9a8cc9f798d7","0","1","[""SYMBOLIC_EQUIVALENCE_NOT_PROVEN""]"
"cand-44595802-9d94-57a7-83a2-da01f09104c7","ex-d94b11cd-4784-57e3-a67c-119653603a87","0","1","[""MATH_REPRESENTATION_UNDECLARED""]"
"cand-70b19f6b-9b00-5604-a2d2-3963620e03ba","ex-72987c3c-c790-5e00-90ef-736521f200d1","0","1","[""MATH_REPRESENTATION_UNDECLARED""]"
"cand-45b4421d-c16b-54bc-9286-6cb427329abf","ex-852e3e4d-3004-52eb-9313-9cb3fb6bc539","0","1","[""SYMBOLIC_EQUIVALENCE_NOT_PROVEN""]"
"cand-4764c3c0-1f03-5c9b-b3f7-66b4c5f180a6","ex-88b6d8e9-2456-57bc-9451-62d4289e1040","0","1","[""SYMBOLIC_EQUIVALENCE_NOT_PROVEN""]"
"cand-95fbe084-9ade-5dbc-8444-12cceb25a662","ex-8c504a92-6fcc-5781-853e-9076aa566254","0","1","[""MATH_REPRESENTATION_UNDECLARED""]"
"cand-c5d3a1b9-13ea-52ec-aaf2-5062652e4bf3","ex-c4876146-3870-5c35-a38b-5ad30bbd3d49","0","1","[""MATH_REPRESENTATION_UNDECLARED""]"
"cand-2f22fe92-7cf5-5550-a1c0-b5ee370274e3","ex-5d447fbc-0a74-57fe-a3ca-2235cee2950e","0","1","[""SYMBOLIC_EQUIVALENCE_NOT_PROVEN""]"
"cand-2cfa1b99-dbf1-5451-90a1-1d264019f414","ex-ecba1351-5fa8-5f1e-8da8-57faa0a1f6a1","0","1","[""MATH_REPRESENTATION_UNDECLARED""]"
"cand-39e79df9-c930-570a-802d-e2a52eea60b0","ex-f136f94d-ed83-5d5e-bf2f-753ee4dbf221","0","1","[""MATH_REPRESENTATION_UNDECLARED""]"
"cand-55a8da01-fdae-5818-a0eb-d77bdafac587","ex-602d614e-5d09-593b-bc13-2cc778eda16e","0","1","[""MATH_REPRESENTATION_UNDECLARED""]"
"cand-09678ad1-9c7e-5701-ae91-9e21e0c9249d","ex-d9c89b42-4b20-5701-9dc5-18743e75a2c3","0","1","[""MATH_REPRESENTATION_UNDECLARED""]"
"cand-40f06d42-2c80-5944-af54-27b0ba3337a5","ex-80e06d71-fb33-5b02-a68c-818e8ce91e10","0","1","[""MATH_REPRESENTATION_UNDECLARED""]"
"cand-9e8c48e6-0d90-5fa2-a44b-7183d1d9b060","ex-9b1bba71-2d84-55f3-8759-cb155e291988","0","1","[""MATH_REPRESENTATION_UNDECLARED""]"
"cand-65936cb9-c03e-54b8-8253-54d65714792b","ex-8e7c9707-0c89-5b10-acdf-b0aa9011855d","0","1","[""MATH_REPRESENTATION_UNDECLARED""]"
"cand-4a248d8c-1112-59e1-8c52-eea03e438ef8","ex-337fbb66-5439-528e-9cdd-03302ca4e644","0","1","[""MATH_REPRESENTATION_UNDECLARED""]"
"cand-8f64baf8-d14f-566d-a159-0708d64c6810","ex-8e2ec363-0390-566b-947e-554af1ba1b98","0","1","[""MATH_REPRESENTATION_UNDECLARED""]"
"cand-43977c18-8f87-561b-b616-51ae64a871f0","ex-53c9ff5c-3ef0-5f70-acec-710a3d6d07e7","0","1","[""MATH_REPRESENTATION_UNDECLARED""]"
"cand-7c64eac9-9ba8-5b1f-8b53-1afb372bdce6","ex-5c03aad8-e99c-5666-ac7f-26726742a683","0","1","[""MATH_REPRESENTATION_UNDECLARED""]"
"cand-742663df-38cc-585e-aa13-1c432ff6df9a","ex-c8ececc1-338e-5026-94ab-ef5175474205","0","1","[""MATH_REPRESENTATION_UNDECLARED""]"
"cand-aaf3caef-c155-5eda-86ad-9f2d36d6eaa1","ex-39a164b3-d059-566c-a1ee-153f67f08c08","0","1","[""MATH_REPRESENTATION_UNDECLARED""]"
"cand-8f039b9a-ea7b-5a3e-a1ef-14c18ee9fb32","ex-d7125b1c-ec19-5a58-b4a6-0f53b5752a01","0","1","[""MATH_REPRESENTATION_UNDECLARED""]"
"cand-43363aca-606d-505c-a082-3b064d198057","ex-f218aed0-d573-55a1-947d-71486cb7a104","0","1","[""MATH_REPRESENTATION_UNDECLARED""]"
"cand-207cfe02-8280-5c5f-9320-503b8b7f3f1e","ex-17575f5d-c0a5-59e0-bd98-139c9995e4f3","0","1","[""MATH_REPRESENTATION_UNDECLARED""]"
"cand-bb9da8ce-e062-57b7-a29c-75d57f014fd5","ex-558ad345-dbab-5b1d-9c0c-663c841e433e","0","1","[""MATH_REPRESENTATION_UNDECLARED""]"
"cand-df735264-f5e9-5fdc-b210-16f8b707fa5b","ex-4ecf60b9-bda0-5832-b520-ecc7b709060a","0","1","[""MATH_REPRESENTATION_UNDECLARED""]"
"cand-22862c23-1d7a-5c7e-8315-7453d7cc04a4","ex-cfc90a7b-4387-5cb5-9ee7-f65b973108f9","0","1","[""MATH_REPRESENTATION_UNDECLARED""]"
"cand-b28b0386-7405-5116-9502-d051a6cb26ae","ex-e35cd71e-7aa0-516d-9700-5210db63eb71","0","1","[""MATH_REPRESENTATION_UNDECLARED""]"
"cand-2849bacc-ffb6-5a0d-94bb-b17b21ff55ac","ex-c943ff29-213c-57ef-beb5-5c9cc2131369","0","1","[""MATH_REPRESENTATION_UNDECLARED""]"
"cand-97d472fd-6326-5880-8094-f394a170e242","ex-97c6d1ab-bf57-5d0b-8185-c63a928744e9","0","1","[""MATH_REPRESENTATION_UNDECLARED""]"
"cand-bf5a86a7-c81f-5861-b7c0-becdd677083d","ex-c5a93436-4659-5d5e-8eb8-3b9e639208c1","0","1","[""MATH_REPRESENTATION_UNDECLARED""]"
"cand-4e739b27-62ff-525c-a48f-d5fd3d8c0ad0","ex-1e1d382d-570d-5218-8ea8-41a24a43f238","0","1","[""MATH_REPRESENTATION_UNDECLARED""]"
"cand-d7a32046-0ee0-5702-8519-d1e5f75d0af7","ex-e1f102b1-5633-52a6-a3dd-123bff947f68","0","1","[""MATH_REPRESENTATION_UNDECLARED""]"
"cand-9d7cf890-3efe-5103-b45b-6db18a2cb1d2","ex-e7275d7a-0845-54cd-9a2b-b2fa600df0a5","0","1","[""MATH_REPRESENTATION_UNDECLARED""]"
"cand-d6576e5b-666c-5e2b-b62c-ffe0c3ef470c","ex-c5d7e251-f42a-581e-b5ca-52ae971850c6","0","1","[""MATH_REPRESENTATION_UNDECLARED""]"
"cand-03dab2f7-f949-5ca3-afd3-c0a456190e15","ex-ad8995a3-5789-5fd4-9554-db9a9fe6c613","0","1","[""MATH_REPRESENTATION_UNDECLARED""]"
"cand-3cd403fb-735d-586d-8e4c-9339e1131a7e","ex-fb0534d3-cdfd-5fcc-b591-de53ccc2eb18","0","1","[""MATH_REPRESENTATION_UNDECLARED""]"
"cand-10da4cfa-745b-5e92-b311-b5f7292032b7","ex-a2e5d64f-73b7-5701-b403-6bbd089a7894","0","1","[""MATH_REPRESENTATION_UNDECLARED""]"
"cand-27f3d038-26f4-559b-aa3f-ccf221912d3f","ex-7bda22cf-e75a-5d9d-8643-3a90bdba3158","0","1","[""SYMBOLIC_EQUIVALENCE_NOT_PROVEN""]"
"cand-49388eb4-8fdb-5626-9e41-2261c874039e","ex-edcb173c-b96b-5a21-9190-ed6380b70ae8","0","1","[""SYMBOLIC_EQUIVALENCE_NOT_PROVEN""]"
"cand-f673fbbc-40e9-5a95-a9cc-a9761497af40","ex-18a3469c-e331-5359-befc-5e7da65d85f2","0","1","[""SYMBOLIC_EQUIVALENCE_NOT_PROVEN""]"
"cand-cbfe4279-5e0e-56c4-875b-4eee59646054","ex-435d907a-4a6d-50a5-8f28-f5a35ae8a528","0","1","[""SYMBOLIC_EQUIVALENCE_NOT_PROVEN""]"
"cand-9f838651-5661-5079-a367-275e31b8456a","ex-9b08291e-d859-524a-9a1e-cfb13c866f04","0","1","[""SYMBOLIC_EQUIVALENCE_NOT_PROVEN""]"
"cand-2ce2bbf3-763d-5b43-bf9c-f6d8a17d9d44","ex-4f26ec4e-5a47-5fa0-914f-9a11432b1d19","0","1","[""SYMBOLIC_EQUIVALENCE_NOT_PROVEN""]"
"cand-e4e9255c-4f11-58d4-a493-a4cc9db1dc84","ex-2990d685-ff73-5a87-bd67-03749ce84b50","0","1","[""SYMBOLIC_EQUIVALENCE_NOT_PROVEN""]"
"cand-27931bcf-cb75-5ccb-bb87-1afe19769674","ex-8bc02491-9658-551c-835a-830a0d072d26","0","1","[""SYMBOLIC_EQUIVALENCE_NOT_PROVEN""]"
"cand-4e1adf7a-b63e-5a27-929f-0ab4e6c8823e","ex-7749cb4f-4712-5e1f-ba68-6fbb87dabbeb","0","1","[""SYMBOLIC_EQUIVALENCE_NOT_PROVEN""]"
"cand-bd94118c-d120-50da-a4a4-b60ff6225253","ex-283c40fc-9035-56e0-9074-b5c28feedbad","0","1","[""SYMBOLIC_EQUIVALENCE_NOT_PROVEN""]"
"cand-e324c7da-c2cc-5a15-9dcf-56891f841edb","ex-fadaabec-72a7-514a-b957-26152cd264af","0","1","[""MATH_REPRESENTATION_UNDECLARED""]"
"cand-8e675c9c-02dd-555f-919b-685429e05a94","ex-e4d4c6b4-d80a-5cc1-8bb0-6041885bead5","0","1","[""SYMBOLIC_EQUIVALENCE_NOT_PROVEN""]"
"cand-9a047556-b944-58e0-995f-8d0487905797","ex-4d6edf28-c9fb-5373-acc4-21383290b27d","0","1","[""SYMBOLIC_EQUIVALENCE_NOT_PROVEN""]"
"cand-ee038648-1a79-5132-b4fc-c72838e8e501","ex-82e32dee-2af6-55a2-844a-34203d22302d","0","1","[""SYMBOLIC_EQUIVALENCE_NOT_PROVEN""]"
"cand-9de6bfc7-bcbf-5b0e-8ec7-3b37caa7e118","ex-eaf217b2-4971-5050-9bd3-1f0eb1b551f8","0","1","[""SYMBOLIC_EQUIVALENCE_NOT_PROVEN""]"
"cand-df31e748-c4f1-5260-9bac-200d1aa4d2ef","ex-48bb7e13-7f53-56df-8a03-cd730ac7b099","0","1","[""SYMBOLIC_EQUIVALENCE_NOT_PROVEN""]"
"cand-3ada1cbf-82cf-5067-b34e-9fa6fa9db979","ex-d38b30e6-a626-5a7d-a6fb-b3ef4a5416e9","0","1","[""SYMBOLIC_EQUIVALENCE_NOT_PROVEN""]"
"cand-5427c780-5a6b-5df2-9e03-004b7efb4a3f","ex-512e5969-9e64-50a3-8a9f-da954f8ccf07","0","1","[""SYMBOLIC_EQUIVALENCE_NOT_PROVEN""]"
"cand-5d188939-a4ad-5ab7-9cb2-5a1fd3b803b5","ex-d480f257-b9f7-51cd-b0e7-6dd818173805","0","2","[""MATH_REPRESENTATION_UNDECLARED"",""SYMBOLIC_EQUIVALENCE_NOT_PROVEN""]"
"cand-73cf1121-1a8d-5b98-b087-5717076d9f17","ex-830a592d-b060-5d8b-9048-4b9644d2bf69","0","1","[""SYMBOLIC_EQUIVALENCE_NOT_PROVEN""]"
"cand-ff2a514a-aefa-5f50-894c-3d72905f016b","ex-964ac19e-534e-57a5-ba4a-1533f07ae4fb","0","2","[""MATH_REPRESENTATION_UNDECLARED"",""SYMBOLIC_EQUIVALENCE_NOT_PROVEN""]"
"cand-384944a8-c610-58ef-a9e0-a589b576aa26","ex-1e6c68e6-3806-5147-941a-75142f3d94d9","0","1","[""SYMBOLIC_EQUIVALENCE_NOT_PROVEN""]"
"cand-f85580f1-b92d-5048-9f37-17e9369e1e50","ex-bf4a236b-a651-5e84-b393-4198c3644c7c","0","1","[""SYMBOLIC_EQUIVALENCE_NOT_PROVEN""]"
"cand-7c6b1516-0f0b-594c-9569-e84aebb88206","ex-21af3936-20c4-581c-bda6-33934365fd99","0","1","[""SYMBOLIC_EQUIVALENCE_NOT_PROVEN""]"
"cand-b697a456-1872-5a0a-b598-d0fa0e650b9f","ex-a5249700-5579-5af0-936e-077ff9447945","0","1","[""SYMBOLIC_EQUIVALENCE_NOT_PROVEN""]"
"cand-86b4ee51-0d62-5a6f-b59e-dac21e1e8648","ex-e57bc906-13d2-52ae-acbf-47cc0c30b6d8","0","1","[""SYMBOLIC_EQUIVALENCE_NOT_PROVEN""]"
"cand-4397d14b-64fb-5008-891e-450fee710048","ex-9b288367-1051-547b-9d44-6c3929f0bc00","0","1","[""SYMBOLIC_EQUIVALENCE_NOT_PROVEN""]"
"cand-b207212f-8e1b-5e71-aeda-a4af6811ce53","ex-5d5c309f-cd8f-5960-af0f-a1184a1ef834","0","1","[""SYMBOLIC_EQUIVALENCE_NOT_PROVEN""]"
"cand-aa49cf55-9051-5d6e-bc08-8c5782ff99fc","ex-eec6df34-b670-5a65-9fd0-22e4b9f685fb","0","2","[""MATH_REPRESENTATION_UNDECLARED"",""SYMBOLIC_EQUIVALENCE_NOT_PROVEN""]"
"cand-9f65962a-b235-5bb5-8130-b9dfb3b56920","ex-54bf4393-2937-50b2-ac72-432229d91fe2","0","1","[""SYMBOLIC_EQUIVALENCE_NOT_PROVEN""]"
"cand-1aba1aec-b793-571b-a37f-55c2da970100","ex-76e4fc7c-b828-5a24-a54e-f4d6a1d0053f","0","1","[""SOLUTION_DEVELOPMENT_INSUFFICIENT""]"
"cand-b1775fde-5553-5e7e-9d26-c2dfabb1a676","ex-e863479a-2788-5241-aca3-7ba09a4d6dbc","0","1","[""SOLUTION_DEVELOPMENT_INSUFFICIENT""]"
"cand-b7d0349c-c788-5b90-9d3b-2f5dabc49e01","ex-505cbe3b-b215-5a82-9794-d15af0c57abc","0","1","[""SOLUTION_DEVELOPMENT_INSUFFICIENT""]"
"cand-90c8dc34-7660-5de7-8d97-1be0503dfb7b","ex-57125318-ab0c-5fd2-a49b-086240768f08","0","1","[""SYMBOLIC_EQUIVALENCE_NOT_PROVEN""]"
"cand-cd601f39-8ab6-5681-bb0d-c1cfdf6f6e98","ex-085f0695-9da2-53a3-8ab8-232ad839582e","0","1","[""SOLUTION_DEVELOPMENT_INSUFFICIENT""]"
"cand-30acf4a6-9756-5b56-a207-1bc2499bce83","ex-185bdc15-5ca8-5dd6-8ff3-b06d781d4f4f","0","1","[""SOLUTION_DEVELOPMENT_INSUFFICIENT""]"
"cand-cdc00823-2429-5843-b96a-5eb7324b3376","ex-832dfe07-afee-51bf-a890-5860375f71bb","0","1","[""SOLUTION_DEVELOPMENT_INSUFFICIENT""]"
"cand-f5d7fb1c-16b0-5827-9f0f-965e3b95fe80","ex-911439ea-a905-55da-a7a0-54881f205c48","0","1","[""SOLUTION_DEVELOPMENT_INSUFFICIENT""]"
"cand-6ffbb75d-1d98-5a14-ab9e-3dd10e5eb5a6","ex-5f7c4553-08d0-57dd-b9c5-513766fdf2e8","0","1","[""SYMBOLIC_EQUIVALENCE_NOT_PROVEN""]"
"cand-0b9732d5-880a-55ae-bd06-5c5cb4ae0822","ex-7b551461-29c6-514d-a889-22227e3e78af","0","1","[""MATH_REPRESENTATION_UNDECLARED""]"
"cand-b1518f73-361d-5cd4-bd5d-5f4a21bb6477","ex-ef59dbdc-d798-5768-acb7-451c063a0755","0","1","[""SYMBOLIC_EQUIVALENCE_NOT_PROVEN""]"
"cand-46f3db7f-c6e6-5324-abb2-bb42771a9975","ex-688a00e4-9475-5e7b-b152-e75835277e20","0","1","[""SYMBOLIC_EQUIVALENCE_NOT_PROVEN""]"
"cand-f165b634-503a-5d90-a785-0069808495cc","ex-454f1a57-a837-5933-baa5-b7ad9ff4113d","0","1","[""SYMBOLIC_EQUIVALENCE_NOT_PROVEN""]"
"cand-ac4eb3d4-f58a-53be-bb5e-15bd872d7447","ex-af8eec26-e751-563e-bcb3-1bbd3113d78a","0","1","[""SOLUTION_DEVELOPMENT_INSUFFICIENT""]"
"cand-6e8debe5-eda3-563a-a60d-3da0b410942c","ex-45971b6a-825f-5442-85d4-7378f0c4db58","0","1","[""SOLUTION_DEVELOPMENT_INSUFFICIENT""]"
"cand-99ddc847-ca6c-5645-9763-02a72a9bcc06","ex-219d098e-2043-5e74-b6c7-53cd5150893e","0","1","[""MATH_REPRESENTATION_UNDECLARED""]"
"cand-3651d672-8e00-55b0-bb3e-aacb41dbdca8","ex-e77f50ca-a583-524e-a618-c05512a55186","0","1","[""MATH_REPRESENTATION_UNDECLARED""]"
"cand-aae1d6aa-7229-5106-8482-f159b020a633","ex-e9050eba-de42-5c7e-b7a0-9392a9142b73","0","1","[""SYMBOLIC_EQUIVALENCE_NOT_PROVEN""]"
"cand-32d1942b-58b8-5978-ac0d-31a95bd744a7","ex-804f0213-89ad-5d59-aae3-136b8a64ff2a","0","1","[""SYMBOLIC_EQUIVALENCE_NOT_PROVEN""]"
"cand-50b56b4d-b2de-52c6-a45f-0e23ceb4941a","ex-b303f21d-677d-5808-9ff5-c87e73905ca7","0","1","[""SYMBOLIC_EQUIVALENCE_NOT_PROVEN""]"
"cand-5db01c56-5fa6-5a5b-b4ef-72322eb07848","ex-6753c880-acaa-50f4-a8d0-89f3112137ba","0","2","[""MATH_REPRESENTATION_UNDECLARED"",""SYMBOLIC_EQUIVALENCE_NOT_PROVEN""]"
"cand-7cfa9b43-2f42-5af7-a548-2270af400341","ex-835761a7-fe57-596a-a89d-1707963a112f","0","1","[""SYMBOLIC_EQUIVALENCE_NOT_PROVEN""]"
"cand-159bb2f5-ff2b-5e7e-9114-397fd0061707","ex-b3845ac9-3f24-5f09-864b-38cab7ad39a6","0","2","[""MATH_REPRESENTATION_UNDECLARED"",""SYMBOLIC_EQUIVALENCE_NOT_PROVEN""]"
"cand-fcb9d8fa-79eb-53f8-9e15-7ce238416893","ex-47374320-cea4-559d-97b8-8139e8491270","0","1","[""SYMBOLIC_EQUIVALENCE_NOT_PROVEN""]"
"cand-a0d5080e-53b4-523c-8842-7e58522c54bd","ex-e64377fe-6fdb-5ab3-ba80-ee0cb514714e","0","1","[""SYMBOLIC_EQUIVALENCE_NOT_PROVEN""]"
"cand-453a0874-72d9-53fe-84f1-966df52ed748","ex-ce6f344a-c1f9-5821-b8c4-be0e142e394c","0","1","[""SYMBOLIC_EQUIVALENCE_NOT_PROVEN""]"
"cand-e741f706-caba-5900-af60-ebec45c84dba","ex-dbcf0ebb-ca85-5c3a-b578-080acddd4419","0","1","[""SYMBOLIC_EQUIVALENCE_NOT_PROVEN""]"
"cand-83da86e6-df6e-50b9-b4a6-13086601f59c","ex-f5d96dc4-ef50-5fb4-b8d0-2b5d25240c33","0","1","[""SYMBOLIC_EQUIVALENCE_NOT_PROVEN""]"
"cand-58354d06-3841-5922-abc9-024fad565506","ex-864920ed-4244-511d-bf97-f0fcc175e620","0","2","[""MATH_REPRESENTATION_UNDECLARED"",""SYMBOLIC_EQUIVALENCE_NOT_PROVEN""]"
"cand-54e8fe22-3b1a-5d45-8c5e-1deead467bf6","ex-262ee7f9-05cd-52a7-86c5-8cd31f2b8318","0","2","[""MATH_REPRESENTATION_UNDECLARED"",""SYMBOLIC_EQUIVALENCE_NOT_PROVEN""]"
"cand-767dc1cd-c547-5d60-a925-ab5430b53a88","ex-55ae27fb-646d-58cd-9422-438bb666c057","0","1","[""SYMBOLIC_EQUIVALENCE_NOT_PROVEN""]"
"cand-77d3ecd9-0e89-5906-8f51-ca57a43fde48","ex-cf9efceb-423a-5e7d-bdd1-acf5a6a89532","0","1","[""SYMBOLIC_EQUIVALENCE_NOT_PROVEN""]"
"cand-046f3c1e-91ac-565f-9a21-e41a1115107f","ex-f3775488-f354-575c-ac16-291615e3b39a","0","2","[""MATH_REPRESENTATION_UNDECLARED"",""SYMBOLIC_EQUIVALENCE_NOT_PROVEN""]"
"cand-814f7a30-e030-51e6-8b2a-ca6c1d7ce66e","ex-da88f65a-2825-5714-9d70-adef016744bf","0","2","[""MATH_REPRESENTATION_UNDECLARED"",""SYMBOLIC_EQUIVALENCE_NOT_PROVEN""]"
"cand-bdaaf120-f9b8-5d38-8950-b7e88e43091b","ex-1f38309a-566d-562e-88b8-2dd12edf2ada","0","1","[""MATH_REPRESENTATION_UNDECLARED""]"
"cand-6f03da18-cbee-5884-97d8-52d70cc2fd8f","ex-683d4c9e-cbce-5cf2-aeea-f018c8f092f1","0","1","[""MATH_REPRESENTATION_UNDECLARED""]"
"cand-b4a5516e-1d26-5624-bebb-b501f5daba15","ex-29d73ed2-115a-539f-ab56-e3c86c58eecf","0","1","[""MATH_REPRESENTATION_UNDECLARED""]"
"cand-b5bb4259-d223-5163-bcce-7c27041afc01","ex-a323a69a-3c0a-55f7-b9db-ddd7219148cf","0","1","[""MATH_REPRESENTATION_UNDECLARED""]"
"cand-0da745e9-413a-52ed-bbc2-213c2a89e4a3","ex-763d5992-9a33-5a5c-99bf-aa2e85ab6b5e","0","1","[""MATH_REPRESENTATION_UNDECLARED""]"
"cand-59a4067b-5c2a-57c6-b67b-c180cdf204b2","ex-7741855d-592d-556f-9dec-2a38db69ef59","0","1","[""SYMBOLIC_EQUIVALENCE_NOT_PROVEN""]"
"cand-05055be2-34ff-5624-bbf5-02322e0c4291","ex-b88a7180-4923-55cc-860e-8d30e5003829","0","1","[""MATH_REPRESENTATION_UNDECLARED""]"
"cand-3776b2a5-3310-5062-b3e6-2f3fa8e5ebc8","ex-21900689-faec-5d5f-b8d8-e7c3f4959c87","0","1","[""MATH_REPRESENTATION_UNDECLARED""]"
"cand-c98fc3b8-aa9a-58b5-8724-2baa01900842","ex-4345105f-0d53-5d8a-8af3-29b1d559cce8","0","1","[""MATH_REPRESENTATION_UNDECLARED""]"
"cand-b0757ff3-a70e-5d7b-b43b-2f2e8b89907a","ex-aea6fe3d-d4cb-5d0d-b440-f18e0fc10c0f","0","1","[""MATH_REPRESENTATION_UNDECLARED""]"
"cand-7efa06d3-3e90-584c-a4fc-5805002b772b","ex-228e281d-65b8-5c53-a5c6-5d53994b8863","0","1","[""MATH_REPRESENTATION_UNDECLARED""]"
"cand-5fe667f0-35cc-5ab4-bc23-0a83cc52b88c","ex-7766ebdd-43df-5397-8e43-777a050d177a","0","1","[""MATH_REPRESENTATION_UNDECLARED""]"
"cand-86973fd8-c7f6-50e5-8e08-d5ff5e8d045d","ex-7745639a-2f0f-51d2-bc09-4b1a6a8d71d3","0","1","[""MATH_REPRESENTATION_UNDECLARED""]"
"cand-5b10121c-5c40-5ad2-9f9e-db6add2faf3b","ex-bbded1a6-85db-5e2e-b555-531f14ad7574","0","1","[""MATH_REPRESENTATION_UNDECLARED""]"
"cand-59793297-ff05-57fc-924e-7378f0738a25","ex-8959ca99-496c-5aa4-a2de-d680f6ee6a2c","0","2","[""MATH_REPRESENTATION_UNDECLARED"",""SYMBOLIC_EQUIVALENCE_NOT_PROVEN""]"
"cand-eed1b62d-da66-5575-ac32-240b26fe7dd6","ex-5ef0cd20-0c9f-52c3-8ace-d1367d883d29","0","1","[""MATH_REPRESENTATION_UNDECLARED""]"
"cand-199dcd10-6316-58fa-bc1d-5105a28425ab","ex-87b36ab5-69e1-5c03-aa72-cad0caef2d2f","0","1","[""MATH_REPRESENTATION_UNDECLARED""]"
"cand-11d21207-ab4b-5b7d-8d07-a83d14726275","ex-6f29ab17-e185-5e02-af9a-df082619ba2e","0","1","[""MATH_REPRESENTATION_UNDECLARED""]"
"cand-3dbe17b8-12d7-570d-bc48-69710d9feb13","ex-be595994-4d11-5cad-9fa9-a4aa120f0b8a","0","1","[""MATH_REPRESENTATION_UNDECLARED""]"
"cand-b55761ea-1851-5ad7-907b-ec8a9132252e","ex-406e199e-51ef-5f22-8627-3ae851ad77f8","0","1","[""MATH_REPRESENTATION_UNDECLARED""]"
"cand-ebf5e9ae-9fc0-5e8b-9753-817c29e1d256","ex-220553ed-c3ef-5ea7-86e0-c3ddf61c15af","0","1","[""MATH_REPRESENTATION_UNDECLARED""]"
"cand-ff79e915-4fc1-546c-8d57-a462377d84dc","ex-8d80bd5e-05d4-5b99-ba5a-9b976bdd1927","0","1","[""MATH_REPRESENTATION_UNDECLARED""]"
"cand-1fcdcc78-d01a-568a-a995-4029743b34c3","ex-e877b37c-1c2b-59a9-9b52-28360098b3af","0","1","[""MATH_REPRESENTATION_UNDECLARED""]"
"cand-9bff10ca-7bee-59fd-9daf-c101591d4548","ex-762c130f-b654-5de2-a4de-592d54834175","0","1","[""MATH_REPRESENTATION_UNDECLARED""]"
"cand-1a9c0e4e-847e-5a2a-b8f3-dd53b8e6106a","ex-a728cbc3-5bb9-52fe-9019-b7501bc321b1","0","1","[""MATH_REPRESENTATION_UNDECLARED""]"
"cand-efbb37a0-f3c3-5caa-8eca-e9ff27aca394","ex-faefe58c-5a2d-54ce-b112-08044245cbe8","0","1","[""MATH_REPRESENTATION_UNDECLARED""]"
"cand-c1ef7066-a9e7-5fde-9d42-e5102ae2e8ca","ex-b39813ed-296b-55c4-9ac4-92127afefa23","0","1","[""MATH_REPRESENTATION_UNDECLARED""]"
"cand-ed2e9375-89ee-5d96-ac4a-5af2463a30af","ex-ef13053c-2385-5149-9e5d-7590b9d7c0fb","0","2","[""MATH_REPRESENTATION_UNDECLARED"",""SYMBOLIC_EQUIVALENCE_NOT_PROVEN""]"
"cand-f8de4d02-7b8a-5213-bda3-341e5c70d7f8","ex-06d188ea-e923-55a9-af7e-9835313c1d85","0","1","[""MATH_REPRESENTATION_UNDECLARED""]"
"cand-2fbf6b97-82df-5d0c-ab26-31660aa80a68","ex-d8b65aac-775a-5063-b6a0-c5c3741a369e","0","2","[""MATH_REPRESENTATION_UNDECLARED"",""SYMBOLIC_EQUIVALENCE_NOT_PROVEN""]"
"cand-25ee50b4-a295-5c24-ab4d-05dcea744958","ex-03273b52-8543-515e-aaf7-aeac270c9f7f","0","1","[""MATH_REPRESENTATION_UNDECLARED""]"
"cand-cce5d78a-8272-5145-826c-da0d9eeaf2b9","ex-e351af86-8577-52cc-a9ea-36aaa0a1d8c5","0","1","[""MATH_REPRESENTATION_UNDECLARED""]"
"cand-dcfab8e0-7593-5e78-9bef-4d030ccf8695","ex-7b071d7d-6fac-5bdc-ae9a-d074244c8a3f","0","1","[""MATH_REPRESENTATION_UNDECLARED""]"
"cand-1fa75ece-93c9-526a-a9fe-2c147913c3d9","ex-8d307758-6c4e-5ee9-a02b-3d46bfb6b183","0","1","[""MATH_REPRESENTATION_UNDECLARED""]"
"cand-8bf73afe-a46c-5ed7-9a7a-142bb5d69552","ex-d1732fef-3de9-5e1d-b729-8b184698de63","0","2","[""MATH_REPRESENTATION_UNDECLARED"",""SYMBOLIC_EQUIVALENCE_NOT_PROVEN""]"
"cand-ee44c807-9461-5719-acd6-51334ecfd971","ex-6fd05c17-e67e-57c0-a1c5-9962d1ca9b47","0","1","[""MATH_REPRESENTATION_UNDECLARED""]"
"cand-38d38ef0-5b33-57de-ba43-79f0790de488","ex-f3926e90-ee9b-5819-b05e-0150357de67c","0","1","[""SYMBOLIC_EQUIVALENCE_NOT_PROVEN""]"
"cand-e9979702-bd59-5e0a-a2ff-be08f5a7ae61","ex-6389c312-8676-5b68-94c8-e3bcc0106444","0","1","[""MATH_REPRESENTATION_UNDECLARED""]"
"cand-15c9885e-2c0f-5fd0-9258-803100e8b33a","ex-b9b45614-26cb-5504-bad8-4e8badad1591","0","1","[""MATH_REPRESENTATION_UNDECLARED""]"
"cand-1941b85b-7abc-5a95-b83e-673df0918029","ex-6539cf53-0e05-52c5-ad2d-69b7eab60c75","0","2","[""MATH_REPRESENTATION_UNDECLARED"",""SYMBOLIC_EQUIVALENCE_NOT_PROVEN""]"
"cand-ecc7cdbf-51fb-56a0-8e6c-ab8ada722bd3","ex-4a276863-4291-53b4-9018-b4fcbcd60c18","0","1","[""SYMBOLIC_EQUIVALENCE_NOT_PROVEN""]"
"cand-e2c7aa3a-f875-5a85-a99e-b62ad48fc18c","ex-c54b145a-8421-5c98-9ce3-3e843fc1a398","0","1","[""SYMBOLIC_EQUIVALENCE_NOT_PROVEN""]"
"cand-89b2cf19-eaaf-5d93-b719-bf6ae8471e28","ex-c7809177-3bd4-5d30-90cd-3524cf88cd68","0","1","[""MATH_REPRESENTATION_UNDECLARED""]"
"cand-0586986e-3359-575b-90c6-881e1c0089fb","ex-4cc2d523-0551-5df6-b850-55c2f560aed7","0","1","[""SYMBOLIC_EQUIVALENCE_NOT_PROVEN""]"
"cand-c40f9556-6ee2-5a58-819a-2a21493fc8a2","ex-280debe3-c2c5-5d17-aeae-8e0e7204e127","0","1","[""MATH_REPRESENTATION_UNDECLARED""]"
"cand-0b3a53cd-a109-55b4-989f-ce6f98023265","ex-a25da993-a781-5d2b-babe-32b0a2c821dd","0","1","[""MATH_REPRESENTATION_UNDECLARED""]"
"cand-10072768-29ac-5ab7-909d-4dec98997073","ex-fd61296f-c5ad-5cbc-808f-dba3b12a5d23","0","1","[""MATH_REPRESENTATION_UNDECLARED""]"
"cand-ddeaa7f8-6912-52f5-81f0-c01c568b37b7","ex-0f9a24b6-add7-569b-97c0-e581983def39","0","1","[""MATH_REPRESENTATION_UNDECLARED""]"
"cand-c5bcdaea-3f1b-5575-b420-fdbd8367ef9a","ex-dfb23de5-8d8a-56aa-8053-7057da031ba0","0","2","[""MATH_REPRESENTATION_UNDECLARED"",""SYMBOLIC_EQUIVALENCE_NOT_PROVEN""]"
"cand-a894d85a-2d2f-5de3-a7ac-6b87ec71f320","ex-be7c1e11-1d3a-5350-88d9-7135b460ff1f","0","2","[""MATH_REPRESENTATION_UNDECLARED"",""SYMBOLIC_EQUIVALENCE_NOT_PROVEN""]"
"cand-ab9217b5-d8a8-56fc-93f4-b00508a63517","ex-5eeb7975-76e1-57a7-98dd-c3ae207a0b45","0","1","[""SYMBOLIC_EQUIVALENCE_NOT_PROVEN""]"
"cand-02850285-f525-575b-9065-bd02d79785f9","ex-91cc4c87-df1c-5718-b007-ccdce78d78f2","0","1","[""SYMBOLIC_EQUIVALENCE_NOT_PROVEN""]"
"cand-1aa39b25-e03a-5d0f-aa37-94bf07b4936e","ex-30894be3-c6b4-5337-ba37-0bbd001b03d6","0","2","[""MATH_REPRESENTATION_UNDECLARED"",""SYMBOLIC_EQUIVALENCE_NOT_PROVEN""]"
"cand-ed6f2e3d-77dd-56ef-a74d-5e25c3d7b597","ex-10c3bb67-ea84-555c-b2c7-d27974e752d4","0","1","[""SYMBOLIC_EQUIVALENCE_NOT_PROVEN""]"
"cand-c178df4d-65ca-5f40-bdef-c43996e25d1a","ex-bf266d38-9cd3-5bf7-9751-1713ce669c3e","0","1","[""SYMBOLIC_EQUIVALENCE_NOT_PROVEN""]"
"cand-39acfa4c-5284-5aa1-bda7-191d287eba0a","ex-b1744ccf-92a2-569f-b3d3-65cf893ae478","0","1","[""MATH_REPRESENTATION_UNDECLARED""]"
"cand-9956daf6-bad9-5c4c-8ee4-652e9682b90e","ex-79d03b56-e31f-538e-9a71-d8ade712c593","0","1","[""MATH_REPRESENTATION_UNDECLARED""]"
"cand-91a18b95-ff81-58ca-8749-9d35cea352a5","ex-cd0349ea-ac86-5821-8178-fe14a7cb6e99","0","1","[""MATH_REPRESENTATION_UNDECLARED""]"
"cand-5c528c6b-c9c8-5133-819b-4420c6ed1dce","ex-136fbaba-bc78-5489-900c-af0863055670","0","2","[""MATH_REPRESENTATION_UNDECLARED"",""SYMBOLIC_EQUIVALENCE_NOT_PROVEN""]"
"cand-7843bdfb-5f3a-5fd7-bb0d-48a94fcb6d5c","ex-a7b43e4e-e820-5123-b2bc-9f4fb852db56","0","2","[""MATH_REPRESENTATION_UNDECLARED"",""SYMBOLIC_EQUIVALENCE_NOT_PROVEN""]"
"cand-75aca982-46df-5dd0-8939-25a86d5412eb","ex-8172ef49-9745-5196-a8cc-9d6045f286ac","0","1","[""MATH_REPRESENTATION_UNDECLARED""]"
"cand-98eeb7b8-d479-5135-85cd-5e046fbcb0ac","ex-91a600ca-0467-5077-9094-74c7174a2255","0","1","[""MATH_REPRESENTATION_UNDECLARED""]"
"cand-50ef1d76-3433-55af-8774-225f5bf9de94","ex-298e127f-8a78-5ca9-910f-b14fdea3ecc5","0","1","[""MATH_REPRESENTATION_UNDECLARED""]"
"cand-18f55f71-c46f-5f94-b698-ce5f25b1d81e","ex-aaeae61d-2f91-56ad-bb02-ad2fd9d2bf96","0","1","[""MATH_REPRESENTATION_UNDECLARED""]"
"cand-de263d45-c0e4-58a3-85eb-c5f3fe33e411","ex-fbb4d95f-4c64-5d18-ab5d-9aa7084aa474","0","1","[""MATH_REPRESENTATION_UNDECLARED""]"
"cand-84334ee0-d9f0-5b76-8421-0d1b523c7320","ex-b41524d4-9383-5a77-9c0c-f18b4f42ff55","0","1","[""MATH_REPRESENTATION_UNDECLARED""]"
"cand-f4ffb79b-ddbf-50ff-8622-4b50f92ed2c2","ex-75fe682a-44c8-5125-a10a-9bb458b0be23","0","1","[""MATH_REPRESENTATION_UNDECLARED""]"
"cand-5657ee46-5c4c-5f81-9963-01f91e26bd80","ex-67fb13f4-78bb-5277-9e56-1b8f7e66f41b","0","1","[""MATH_REPRESENTATION_UNDECLARED""]"
"cand-24dccb95-4759-56ae-88c6-907c4eba9bc2","ex-2ce00c5b-14d0-581f-a0b8-c7150393a18a","0","1","[""MATH_REPRESENTATION_UNDECLARED""]"
"cand-3d6da0e0-43d8-5a06-be81-b6da1681c0fa","ex-98e1f520-bba9-5c46-b69f-b18206923796","0","1","[""MATH_REPRESENTATION_UNDECLARED""]"
"cand-41b17ddf-eccd-57c0-8a77-73f5fbc9fbb7","ex-448542ea-5014-58c3-8819-fbafd51e6fe3","0","1","[""MATH_REPRESENTATION_UNDECLARED""]"
"cand-b69e64f5-ce14-51fb-aee1-9f50934f83f8","ex-65b5a050-e8b3-50db-b659-7095a447d530","0","1","[""MATH_REPRESENTATION_UNDECLARED""]"
"cand-2f6b0f72-4f97-5113-8aad-acea1cb9c6d1","ex-2ed6e22d-a3ca-5e77-b9f4-9d6ead57e951","0","1","[""MATH_REPRESENTATION_UNDECLARED""]"
"cand-528b55ef-45f6-59e6-a7f2-d38e399e0157","ex-948faee6-4f1f-529f-87dd-676501806e40","0","1","[""MATH_REPRESENTATION_UNDECLARED""]"
"cand-5384b9a0-367f-5041-874e-7af5bfc60cc5","ex-2cb5bdf2-43cd-554c-8d96-08cf4fbe5a58","0","1","[""MATH_REPRESENTATION_UNDECLARED""]"
"cand-cbd48b4e-f24b-54d0-a49f-286115b5a287","ex-5039249b-8d4d-57e8-b66d-e22ba6c943e0","0","1","[""MATH_REPRESENTATION_UNDECLARED""]"
"cand-ae72cd18-2328-5abc-8513-395e7333aab2","ex-f7c05d33-ebae-5d3e-a5fa-ec08febf59d3","0","1","[""MATH_REPRESENTATION_UNDECLARED""]"
"cand-6e997718-3327-56ce-a414-dc6b1ce889d2","ex-1831fae8-3073-5858-9234-6088a36f9345","0","1","[""MATH_REPRESENTATION_UNDECLARED""]"
"cand-d71c338f-0638-5dc5-b020-a1beebf1bc68","ex-54f7d618-63ef-5823-b049-f46b893760fe","0","1","[""MATH_REPRESENTATION_UNDECLARED""]"
"cand-7bb4b9ba-cf02-5509-90dd-d034f09b4329","ex-719e0116-c976-5b3f-a775-d7c3e41af196","0","1","[""MATH_REPRESENTATION_UNDECLARED""]"
"cand-e1fa3379-4f95-53bb-a845-7997c17266b7","ex-5d877c59-01f4-55c2-ad24-aa55040f412b","0","1","[""MATH_REPRESENTATION_UNDECLARED""]"
"cand-2c1542b8-9df1-55d6-b633-6c2e18319f3f","ex-a6f65b94-1f2f-58b3-8b8c-9f297402812f","0","1","[""MATH_REPRESENTATION_UNDECLARED""]"
"cand-0db1cda4-a845-53dc-a2a1-e210ca8c0318","ex-7a22ff63-dea4-5a3e-b505-f8d86a972eef","0","1","[""MATH_REPRESENTATION_UNDECLARED""]"
"cand-077d6489-54e5-5de1-9c52-cd3be408342c","ex-5c601e0e-43ac-5ab4-926e-5aed9dc6f0ad","0","1","[""MATH_REPRESENTATION_UNDECLARED""]"
"cand-79b5cf8d-22b7-5ce4-9e4c-6b79ddc2b2ba","ex-9b9975d9-4fa5-5b6b-9330-b55a7258211f","0","1","[""MATH_REPRESENTATION_UNDECLARED""]"
"cand-8da2e900-969a-5982-8682-7c4b057bb598","ex-77879d9e-6cec-5204-9176-c7af98508964","0","1","[""MATH_REPRESENTATION_UNDECLARED""]"
"cand-a8d1aa28-10bf-5f67-8fce-e110a3f138df","ex-18ccd98b-246f-504b-a4c2-665e313571f9","0","1","[""SYMBOLIC_EQUIVALENCE_NOT_PROVEN""]"
"cand-56d6e8d3-8acb-5989-a40b-25dad10c6046","ex-fb71b72b-9b69-5659-ab6c-970cd2cd29f6","0","1","[""SYMBOLIC_EQUIVALENCE_NOT_PROVEN""]"
"cand-80cee881-d856-5e78-8a21-9933e2641fe5","ex-68115347-4d03-5bdf-add4-8ef13a3d5a50","0","1","[""SYMBOLIC_EQUIVALENCE_NOT_PROVEN""]"
"cand-a69d2fe7-3884-56fe-a48c-8d77dd92123f","ex-ecdb890f-ae6d-53f0-9556-2cdd83d0daf6","0","2","[""MATH_REPRESENTATION_UNDECLARED"",""SYMBOLIC_EQUIVALENCE_NOT_PROVEN""]"
"cand-78c5b8ff-c52e-5cb9-9b8d-026a30a5fc98","ex-6749e105-9747-5d13-9bca-f365323c5bc5","0","2","[""MATH_REPRESENTATION_UNDECLARED"",""SYMBOLIC_EQUIVALENCE_NOT_PROVEN""]"
"cand-d3aa21d5-3c09-5992-a3e5-ebcd1cee9b7f","ex-cf67bfa1-ead9-5413-92f7-cfb261ac736d","0","2","[""MATH_REPRESENTATION_UNDECLARED"",""SYMBOLIC_EQUIVALENCE_NOT_PROVEN""]"
"cand-cae8b69a-08b8-5836-8b97-3639a0fa0bd5","ex-5a570e39-2778-57d6-88b8-3149b2e81bdf","0","1","[""SYMBOLIC_EQUIVALENCE_NOT_PROVEN""]"
"cand-edb1000c-8b3d-5177-bb26-d78eed6f528b","ex-1f49a0a9-8dcf-54aa-b5ed-bbb09609db14","0","1","[""SYMBOLIC_EQUIVALENCE_NOT_PROVEN""]"
"cand-866a286f-96df-5c01-8f59-8d0c49e15d17","ex-0537cab3-811b-5a2a-9ce4-9e4df6f01957","0","1","[""SYMBOLIC_EQUIVALENCE_NOT_PROVEN""]"
"cand-c207d6ec-cde0-57da-a496-08d3a150e753","ex-3922b02e-db0e-53bd-83c2-3eaa368a1cf5","0","1","[""SYMBOLIC_EQUIVALENCE_NOT_PROVEN""]"
"cand-21486079-f038-57bc-8a04-f15424ee9384","ex-ed7ba9b0-160f-56a1-bf97-4f56cf44711d","0","2","[""MATH_REPRESENTATION_UNDECLARED"",""SYMBOLIC_EQUIVALENCE_NOT_PROVEN""]"
"cand-7b02e9ad-7522-562f-a2a7-602b06b09ebb","ex-2df8de18-1a9b-5cfb-8dd2-0aa3532bf29f","0","2","[""MATH_REPRESENTATION_UNDECLARED"",""SYMBOLIC_EQUIVALENCE_NOT_PROVEN""]"
"cand-d081e206-edc2-56de-b595-bf7ebc1eacf6","ex-a8af12e6-d1f2-5f9f-9a2a-c1a288cbd85b","0","2","[""MATH_REPRESENTATION_UNDECLARED"",""SYMBOLIC_EQUIVALENCE_NOT_PROVEN""]"
"cand-6d5cc291-5aa7-56a0-b1a9-7d8288bab08d","ex-4592f4f9-0a46-551f-aef5-e0199b074a50","0","1","[""SYMBOLIC_EQUIVALENCE_NOT_PROVEN""]"
"cand-9da8b210-dd3e-5300-89cc-279c332705f2","ex-bbb41573-65c7-58f6-9ff8-0b87d1370781","0","2","[""MATH_REPRESENTATION_UNDECLARED"",""SYMBOLIC_EQUIVALENCE_NOT_PROVEN""]"
"cand-e9d48b2a-8b6d-5ec6-98aa-6858b45b4143","ex-eca2ab50-5c4c-518e-ae16-215ea518eb5d","0","1","[""SYMBOLIC_EQUIVALENCE_NOT_PROVEN""]"
"cand-bf07955e-8cc6-55e1-acb6-6df6987bad25","ex-ab9f80cd-a777-58ed-a97a-3205a6b07e83","0","2","[""MATH_REPRESENTATION_UNDECLARED"",""SYMBOLIC_EQUIVALENCE_NOT_PROVEN""]"
"cand-2b72825a-3b2f-57d1-9758-d4474623fe20","ex-838e04fb-113c-57f0-8eeb-089b38390938","0","1","[""SYMBOLIC_EQUIVALENCE_NOT_PROVEN""]"
"cand-c94e5bf4-a9ce-5913-a91f-b85a56825063","ex-4aef81d1-bdcb-5b0c-af02-4b4f942a0f9c","0","2","[""MATH_REPRESENTATION_UNDECLARED"",""SYMBOLIC_EQUIVALENCE_NOT_PROVEN""]"
"cand-ec389eac-008f-59b2-a75f-f7d76cf95e8c","ex-79bb8de7-1b06-5101-8d38-8da17f8d899a","0","1","[""SYMBOLIC_EQUIVALENCE_NOT_PROVEN""]"
"cand-2c1388cc-03c1-5a0f-a653-a8ba5a10e612","ex-4c6c73c5-0fdf-574c-a1a0-b75ab1748e27","0","1","[""SYMBOLIC_EQUIVALENCE_NOT_PROVEN""]"
"cand-e2fba0f6-d5ae-5683-a459-fdf19ec2afdb","ex-34b60979-781a-5673-98ce-d77ccbb79e98","0","2","[""MATH_REPRESENTATION_UNDECLARED"",""SYMBOLIC_EQUIVALENCE_NOT_PROVEN""]"
"cand-44fee5ed-2207-50f4-a890-d659f4e52b25","ex-a556ac9c-4b6e-5a49-ab5c-16a598a07ffe","0","1","[""SYMBOLIC_EQUIVALENCE_NOT_PROVEN""]"
"cand-624b2c96-464d-5950-97eb-38b65fa46ae2","ex-30e4ec44-2191-59b7-9b9c-6397701386d5","0","2","[""MATH_REPRESENTATION_UNDECLARED"",""SYMBOLIC_EQUIVALENCE_NOT_PROVEN""]"
"cand-7657f472-232a-5953-8e24-44b99e685412","ex-ed9385cc-63b8-5739-8cb8-6a924c5a76f6","0","1","[""SYMBOLIC_EQUIVALENCE_NOT_PROVEN""]"
"cand-7096740b-3c7b-5144-bcae-68e4af95a5a9","ex-eec0479e-267f-58b8-bd5d-408feaae648e","0","1","[""SYMBOLIC_EQUIVALENCE_NOT_PROVEN""]"
"cand-fc45e866-9425-5ee5-856d-2dfea8d7b364","ex-26c11ed1-bc44-5116-a991-604cc68f3133","0","1","[""SYMBOLIC_EQUIVALENCE_NOT_PROVEN""]"
"cand-9b69bb8d-d2bd-52ee-8daa-6c82c947c3c8","ex-a022a041-060d-5def-87a6-302663f8a113","0","1","[""SYMBOLIC_EQUIVALENCE_NOT_PROVEN""]"
"cand-a296990b-60da-52fc-9fce-da2be647c0ec","ex-bea1f7e5-cf03-5731-9af8-d91f1394ef56","0","2","[""MATH_REPRESENTATION_UNDECLARED"",""SYMBOLIC_EQUIVALENCE_NOT_PROVEN""]"
"cand-294d12d6-2027-506e-b58b-067ce3b2814d","ex-eae22dae-01d2-5054-8d81-9afc06c96fe3","0","1","[""SYMBOLIC_EQUIVALENCE_NOT_PROVEN""]"
"cand-2543d2e4-9a21-5194-8207-2df17d51c126","ex-473e5ab7-3a15-5fb0-9d82-4e190f9f9c61","0","1","[""SYMBOLIC_EQUIVALENCE_NOT_PROVEN""]"
"cand-9749239b-8436-55d3-9679-1e28fc541c89","ex-013b862a-e18a-58f0-83a5-026b0295e24c","0","1","[""SYMBOLIC_EQUIVALENCE_NOT_PROVEN""]"
"cand-6b30faad-0ab9-5a9a-9bf1-6554bdbb10fa","ex-7ef15c41-06a7-594e-983c-8806a54627ff","0","1","[""SYMBOLIC_EQUIVALENCE_NOT_PROVEN""]"
"cand-477d5474-d2a8-5b23-8fa3-9126249907fb","ex-dd9d1683-db2b-5fe2-af3c-d3a1112af259","0","1","[""SYMBOLIC_EQUIVALENCE_NOT_PROVEN""]"
"cand-939f11d3-ed49-55ae-ae4f-14398595e8f8","ex-997023a4-9d8a-5d7f-9ba0-4d8893d99b66","0","1","[""SYMBOLIC_EQUIVALENCE_NOT_PROVEN""]"
"cand-a56224c7-2157-5c22-8a28-8d5a264f00b2","ex-abd0673b-bea1-5a51-a901-fee0d97c0d99","0","1","[""SYMBOLIC_EQUIVALENCE_NOT_PROVEN""]"
"cand-ea55b891-69d4-5839-a234-d011ae0c533c","ex-a92e326d-c928-5e28-b8c1-a10f888de174","0","1","[""SYMBOLIC_EQUIVALENCE_NOT_PROVEN""]"
"cand-4cf79244-77c8-5be4-bf52-ba717997fc7f","ex-eae275b8-182c-59c7-ab0b-4ec7403baadb","0","1","[""SYMBOLIC_EQUIVALENCE_NOT_PROVEN""]"
"cand-484dd9f1-254e-507b-b35b-5014c0161539","ex-3cb887a1-b703-5b31-adc4-9f49aa09458a","0","1","[""SYMBOLIC_EQUIVALENCE_NOT_PROVEN""]"
"cand-dfd284bf-5543-5422-8dc3-1b20a81b37fa","ex-ebfacd2b-568b-55f6-8fca-8283ef00f093","0","1","[""SYMBOLIC_EQUIVALENCE_NOT_PROVEN""]"
"cand-3322666e-5d53-535f-a955-9169a941e090","ex-f4a6e317-2f5e-5ae6-8a39-25f5bbf434ec","0","1","[""SYMBOLIC_EQUIVALENCE_NOT_PROVEN""]"
"cand-40647085-e354-5ce9-a68b-e12a57d2037f","ex-50c9ad7f-6303-538b-a425-96a03c78a9f8","0","1","[""SYMBOLIC_EQUIVALENCE_NOT_PROVEN""]"
"cand-6566a16c-ee68-5dba-b176-eff92511140b","ex-7f1b5fda-e61b-5a45-b622-d3ccf208b45f","0","1","[""SYMBOLIC_EQUIVALENCE_NOT_PROVEN""]"
"cand-0b1c6274-daba-5e5f-9d07-f2c7c5e53cbc","ex-3d074104-d552-505c-aff4-c65b713b7127","0","1","[""SYMBOLIC_EQUIVALENCE_NOT_PROVEN""]"
"cand-6d5df723-3042-5954-bdd6-21b75a4de95e","ex-11224fec-c31f-55f3-ad37-db9e40f8210f","0","1","[""SYMBOLIC_EQUIVALENCE_NOT_PROVEN""]"
"cand-41455b27-2ccc-5725-83d2-7d67017931a9","ex-80c7ed08-b4e9-5299-a7fe-283f2005ef44","0","1","[""SYMBOLIC_EQUIVALENCE_NOT_PROVEN""]"
"cand-d2a0efad-f6d6-5039-894c-becc509bc0ce","ex-3d0befe4-c642-5f5b-b3a9-6e9651e9f8e8","0","1","[""SYMBOLIC_EQUIVALENCE_NOT_PROVEN""]"
"cand-5238c271-1f21-510d-983d-9a6cff52848e","ex-5ab2a232-9fc6-59d6-a539-eedf66f9edc4","0","1","[""SYMBOLIC_EQUIVALENCE_NOT_PROVEN""]"
"cand-02987049-e3de-5ede-8f1d-4a89513f00ff","ex-6e80d9fc-afa4-52fe-a62e-21612b2a2545","0","1","[""SYMBOLIC_EQUIVALENCE_NOT_PROVEN""]"
"cand-3a7b975e-0ef7-5709-9c4e-a78c579de8fd","ex-494812ef-fbfa-54c6-ac2e-7b509914a4fb","0","1","[""SYMBOLIC_EQUIVALENCE_NOT_PROVEN""]"
"cand-30e7b2a7-ac78-56ea-83ce-d73594344e1f","ex-a3ec1a98-3f24-58c0-bb82-204173d638c6","0","1","[""SYMBOLIC_EQUIVALENCE_NOT_PROVEN""]"
"cand-b2b60af0-d402-503e-af0b-d6f0f1cd2c52","ex-d6d7720e-8061-518c-8903-7eb243fa8496","0","2","[""MATH_REPRESENTATION_UNDECLARED"",""SYMBOLIC_EQUIVALENCE_NOT_PROVEN""]"
"cand-b1c9c423-c866-541c-9bfc-5218adeb020b","ex-6c6d8f8c-90b6-53c4-9c2e-30f34ca5b017","0","1","[""SYMBOLIC_EQUIVALENCE_NOT_PROVEN""]"
"cand-d608ff66-9013-5d9f-b21a-7ecc84891896","ex-05488f52-a8e2-5de4-85e8-4765b84f54d2","0","1","[""SYMBOLIC_EQUIVALENCE_NOT_PROVEN""]"
"cand-c2babf82-5b69-5b9e-a94d-acbd8fb2f151","ex-bb3a98d7-87d4-5281-9bbe-4a5b483eba40","0","1","[""SYMBOLIC_EQUIVALENCE_NOT_PROVEN""]"
"cand-1c2ce198-06bd-5024-974c-f7890eb1039a","ex-f6656c42-3bd5-5efe-8aa7-5923bd57d119","0","1","[""SYMBOLIC_EQUIVALENCE_NOT_PROVEN""]"
"cand-81dffb39-414e-517f-a25b-2c56f04a77e1","ex-daf45f1d-7bc3-5a7f-88cb-ec96d71dab46","0","1","[""SYMBOLIC_EQUIVALENCE_NOT_PROVEN""]"
"cand-2662341e-3af0-5b33-a6eb-2d898b1fd38d","ex-16cd3162-ac90-5787-8b72-c388ec87914d","0","1","[""SYMBOLIC_EQUIVALENCE_NOT_PROVEN""]"
"cand-9ebc0bf7-535e-559c-b645-084a0ce9ee9d","ex-b7753196-05e1-56db-bdf9-c920dcbe7e48","0","1","[""SYMBOLIC_EQUIVALENCE_NOT_PROVEN""]"
"cand-2157ff62-f380-5fde-ae7d-b51cb67c408f","ex-5a5e2fe3-4313-586b-b3a4-0fb32f8d0fdf","0","2","[""MATH_REPRESENTATION_UNDECLARED"",""SYMBOLIC_EQUIVALENCE_NOT_PROVEN""]"
"cand-432fd18a-850f-5cfb-997a-46625e59fec5","ex-fd02efa5-e352-5966-8b92-6a2c2cc1d444","0","1","[""SYMBOLIC_EQUIVALENCE_NOT_PROVEN""]"
"cand-5b6b3ae2-d523-542c-87b1-f4a0c5728bfb","ex-9986f8ba-b5d3-577d-9a36-f204a25cdddf","0","1","[""SYMBOLIC_EQUIVALENCE_NOT_PROVEN""]"
"cand-d12761fc-8c6e-55ad-9c23-22043135d160","ex-1fc4d808-d92a-575f-9ac7-b23a15885f96","0","1","[""SYMBOLIC_EQUIVALENCE_NOT_PROVEN""]"
"cand-d8da6a18-9a80-5bb8-bdef-0a14e4a70cde","ex-66cbe71a-afb2-5593-8eaa-ef99199b795c","0","1","[""MATH_REPRESENTATION_UNDECLARED""]"
"cand-0d0b725e-5f5a-570f-b7c3-1e4b1f228429","ex-c5fefa71-1e0e-5a5d-b5e6-732a3a01ebc3","0","2","[""MATH_REPRESENTATION_UNDECLARED"",""SYMBOLIC_EQUIVALENCE_NOT_PROVEN""]"
"cand-b178ad70-cd4a-501b-ad7b-ac1b25fa706f","ex-6112b015-3b64-5804-972a-76d0a23cdb74","0","2","[""MATH_REPRESENTATION_UNDECLARED"",""SYMBOLIC_EQUIVALENCE_NOT_PROVEN""]"
"cand-f80fd16e-1ef0-5ae1-97c1-21deb594e7cc","ex-f350c210-0cfa-53c9-971c-b25505ff7d00","0","1","[""SYMBOLIC_EQUIVALENCE_NOT_PROVEN""]"
"cand-93851fb4-9a3f-504e-8b24-4181d1888999","ex-1f8da767-c68e-5b66-9524-7336c3f2905e","0","1","[""SYMBOLIC_EQUIVALENCE_NOT_PROVEN""]"
"cand-c21b7135-d959-5513-947e-1c742fc21ecb","ex-bf73cd61-9534-5c80-a90d-15ac0aa33dd6","0","1","[""SYMBOLIC_EQUIVALENCE_NOT_PROVEN""]"
"cand-28e33a34-cf3a-5368-aea0-60c14aa42374","ex-29fac588-7afd-553a-9093-743a3e67270d","0","1","[""SYMBOLIC_EQUIVALENCE_NOT_PROVEN""]"
"cand-9a8565b2-d147-5655-844d-338d69fe0cf6","ex-43486365-b3e4-5383-a06a-1244ca947ac7","0","1","[""SYMBOLIC_EQUIVALENCE_NOT_PROVEN""]"
"cand-470e186d-16b9-5973-b6b9-860cdcb82654","ex-40814cdf-a85e-51b3-bfbd-75efb83bdbf5","0","1","[""SYMBOLIC_EQUIVALENCE_NOT_PROVEN""]"
"cand-a0fad3d8-8f90-58c6-b1d1-fc4a92b0e8f3","ex-efd086e8-1d3b-56e0-bc68-7fffe7a00e54","0","1","[""MATH_REPRESENTATION_UNDECLARED""]"
"cand-c6d673e0-d677-54d6-961c-8f3f696168f0","ex-d2e063b7-ee71-5200-9f33-a912ead4e1c4","0","1","[""SOLUTION_DEVELOPMENT_INSUFFICIENT""]"
"cand-4bc26f7d-e0de-5e68-8991-0261edaead96","ex-0b5c0113-a4eb-569f-abbe-b33301642c50","0","2","[""MATH_REPRESENTATION_UNDECLARED"",""SOLUTION_DEVELOPMENT_INSUFFICIENT""]"
"cand-52967f5b-f87a-56b1-8414-62515f36fa93","ex-f6d70710-b96f-578b-99c1-4ce5c978a7d8","0","1","[""SOLUTION_DEVELOPMENT_INSUFFICIENT""]"
"cand-94d53666-0213-5656-a724-935677118c84","ex-74bd6d69-53b1-58d0-b65f-63e531e18f62","0","1","[""SOLUTION_DEVELOPMENT_INSUFFICIENT""]"
"cand-fc2e482e-3557-5dcf-998e-88673ed56ab6","ex-962d07cf-ce89-5420-b9fa-c462995363c0","0","1","[""MATH_REPRESENTATION_UNDECLARED""]"
"cand-fd621156-7ed4-5e7f-9768-39ed95ced113","ex-4a7e33f1-54da-5a54-87a0-ba2ef5de941d","0","1","[""SYMBOLIC_EQUIVALENCE_NOT_PROVEN""]"
"cand-ad326bb9-8277-5850-aa1d-b52c7b54ae2b","ex-0eafec44-1dfa-59f2-a7e3-5d3ca171e447","0","1","[""MATH_REPRESENTATION_UNDECLARED""]"
"cand-e5d03a0f-9059-53e6-a85f-cefb1ba78e28","ex-af090053-6e87-57e6-b0ca-65ecc2bfd8bd","0","1","[""SOLUTION_DEVELOPMENT_INSUFFICIENT""]"
"cand-eca3bdf3-b15b-50c4-a274-b098e9473977","ex-5713b71e-0c21-5b29-b133-4d3f06b40605","0","1","[""SYMBOLIC_EQUIVALENCE_NOT_PROVEN""]"
"cand-23198898-3f9f-5861-abc5-2d06abdebf17","ex-dab12109-efaa-5c8d-9a9d-e51a001e122c","0","1","[""SYMBOLIC_EQUIVALENCE_NOT_PROVEN""]"
"cand-90d09b46-89b1-5542-996b-e6ae808dc15f","ex-f1fc9253-0430-51fa-bf1e-35d59c0a404f","0","1","[""SYMBOLIC_EQUIVALENCE_NOT_PROVEN""]"
"cand-0adafc34-e78d-5ab7-a14b-1d19c435e076","ex-fd0a43b2-2947-59d0-9d30-8d1092fcb516","0","1","[""SYMBOLIC_EQUIVALENCE_NOT_PROVEN""]"
"cand-63de65b6-df7e-5094-af7d-b3e95c0714b2","ex-6b8fbf82-fcbc-5cfe-aaef-d19a0bc9a806","0","2","[""MATH_REPRESENTATION_UNDECLARED"",""SYMBOLIC_EQUIVALENCE_NOT_PROVEN""]"
"cand-baef2207-1c59-5145-9c83-5874ffc23b03","ex-0b070979-516e-5979-baa9-33e6adda70b7","0","1","[""SYMBOLIC_EQUIVALENCE_NOT_PROVEN""]"
"cand-5db16c98-d64d-54a9-9f15-4a0f9a485bc2","ex-023f0a1d-b5ab-5610-bfb3-ee405dc32d02","0","1","[""SYMBOLIC_EQUIVALENCE_NOT_PROVEN""]"
"cand-1c7bc185-79ff-50fb-865c-239a3d6e504b","ex-bb367c17-dbf3-5dff-acbc-5d4d753294b3","0","2","[""MATH_REPRESENTATION_UNDECLARED"",""SYMBOLIC_EQUIVALENCE_NOT_PROVEN""]"
"cand-a41b39a6-502d-5fa3-b85f-e38c2b14a1c5","ex-deca7190-b6a7-5db3-9d69-b0203db850bd","0","1","[""SYMBOLIC_EQUIVALENCE_NOT_PROVEN""]"
"cand-a7c8be09-b2ad-5fac-8c6f-4bb9201fc1b3","ex-9a935845-8d94-5f20-98f5-ceda9c123913","0","1","[""SYMBOLIC_EQUIVALENCE_NOT_PROVEN""]"
"cand-7e75621b-9e2f-5a46-8b1a-376837c16a7b","ex-ab52e014-f224-5c4b-8cbb-aaa400e1a777","0","1","[""SYMBOLIC_EQUIVALENCE_NOT_PROVEN""]"
"cand-c7025455-2912-5710-adcb-9bfe197db120","ex-9c018d6f-cebb-53f4-a1da-805e872737b1","0","1","[""SYMBOLIC_EQUIVALENCE_NOT_PROVEN""]"
"cand-2bf67c90-75d4-5032-81ba-68288c63cb60","ex-ae925ab3-7c46-553a-b224-2c3af9fbc3fb","0","1","[""SYMBOLIC_EQUIVALENCE_NOT_PROVEN""]"
"cand-2dac6c25-1b1d-5347-91ba-a458c4a9a58f","ex-01df9bf1-632c-50e6-bcd2-3102b6ea9ff4","0","1","[""SYMBOLIC_EQUIVALENCE_NOT_PROVEN""]"
"cand-d9a4b5fa-3b53-59e6-882b-b6130580e0d8","ex-399e85b3-e996-585c-ba19-0d0b526275e7","0","1","[""SYMBOLIC_EQUIVALENCE_NOT_PROVEN""]"
"cand-a7198a7c-3f92-5763-9527-f1c700aa52a4","ex-fd6b9eff-816c-538f-aa24-be6eb85b621e","0","1","[""SYMBOLIC_EQUIVALENCE_NOT_PROVEN""]"
"cand-2e0c70cc-81f1-5379-b0b9-1bb1bbb4c342","ex-cd3d9d6b-25b3-5566-883f-20f6ac460d6a","0","1","[""SYMBOLIC_EQUIVALENCE_NOT_PROVEN""]"
"cand-df2eba8a-4a05-50a2-826e-0761795d0988","ex-f32a9aae-dde4-5136-8e24-02d59c668e4c","0","1","[""SYMBOLIC_EQUIVALENCE_NOT_PROVEN""]"
"cand-866b6bcc-4ff8-5415-8d0e-a38dfacb4b95","ex-fe916c26-534b-5e87-9b1e-ecf724651ed9","0","1","[""SYMBOLIC_EQUIVALENCE_NOT_PROVEN""]"
"cand-68550615-14c4-5ee7-832e-be8da192f338","ex-136894c1-9f9f-587c-b672-8a8fa4ec48ba","0","1","[""SYMBOLIC_EQUIVALENCE_NOT_PROVEN""]"
"cand-820f0917-471c-56d1-bc70-e7b4869f5e52","ex-44d317bc-a205-5e8b-b523-94110e1f9764","0","1","[""SYMBOLIC_EQUIVALENCE_NOT_PROVEN""]"
"cand-f9e33d50-fbb7-56e0-81fc-84da8b440005","ex-e9f47431-9c3f-53a8-952e-da1a46971283","0","1","[""SOLUTION_DEVELOPMENT_INSUFFICIENT""]"
"cand-863abdcb-a3d3-584a-bbb4-78e746011605","ex-3d3ec62e-bba5-5b9a-be88-9ed70e67ecef","0","1","[""SYMBOLIC_EQUIVALENCE_NOT_PROVEN""]"
"cand-210d7def-25c6-5ffc-8f6d-bad44f1f20f4","ex-e7fde349-9f4d-51b6-8716-7ef90583296f","0","1","[""SYMBOLIC_EQUIVALENCE_NOT_PROVEN""]"
"cand-bc6134ef-f870-5428-88b8-ed136ab68e04","ex-06d4026e-2c0d-5055-a39d-a95f85bd5967","0","1","[""SYMBOLIC_EQUIVALENCE_NOT_PROVEN""]"
"cand-296d2eb0-368f-55b0-81fb-db2579afefdd","ex-dd2a3b46-25f4-58ec-9d43-f07ddc153d27","0","1","[""SYMBOLIC_EQUIVALENCE_NOT_PROVEN""]"
"cand-0b4aa00b-96a4-569f-8c02-e92c836525e2","ex-a4824485-8bf3-54da-a147-fe6d4cccfc8c","0","1","[""SYMBOLIC_EQUIVALENCE_NOT_PROVEN""]"
"cand-e5f37e7a-b0dd-5fd5-b27e-628cddd0b7a8","ex-82abbb22-7750-5b98-a94c-f840e64a7023","0","1","[""SYMBOLIC_EQUIVALENCE_NOT_PROVEN""]"
"cand-e856a268-af36-532e-8d0b-482324ebf2c1","ex-ea998e9a-08eb-5e72-bbcf-54b9ae88a1f3","0","1","[""SYMBOLIC_EQUIVALENCE_NOT_PROVEN""]"
"cand-55f528ee-f98c-541d-b810-14bacbed9923","ex-12ddb28b-5712-5837-abd9-9d7a93a58405","0","2","[""MATH_REPRESENTATION_UNDECLARED"",""SYMBOLIC_EQUIVALENCE_NOT_PROVEN""]"
"cand-d82fde06-4f03-5828-889f-734d35e65333","ex-bb235d4d-df94-527b-bd38-17e7e95ae9a5","0","1","[""SYMBOLIC_EQUIVALENCE_NOT_PROVEN""]"
"cand-06213f42-a561-5593-93f9-73376a017ea7","ex-4883a290-c503-5498-b851-41144bba07e9","0","2","[""MATH_REPRESENTATION_UNDECLARED"",""SYMBOLIC_EQUIVALENCE_NOT_PROVEN""]"
"cand-9a5f16c4-6bfc-51a7-a6a7-1c05772dd46c","ex-1d89944a-bfa0-514b-bba4-b2a3ad268ccb","0","2","[""MATH_REPRESENTATION_UNDECLARED"",""SYMBOLIC_EQUIVALENCE_NOT_PROVEN""]"
"cand-d4f61e67-31d8-59e2-9bf6-2b4012ab6215","ex-d9680b76-f0a4-52f5-bf83-584f2080f16b","0","1","[""SYMBOLIC_EQUIVALENCE_NOT_PROVEN""]"
"cand-00a7fe8e-dfc6-5f1f-a054-5221e26f255e","ex-b51efdce-7fe6-5864-b66c-139849287127","0","1","[""SYMBOLIC_EQUIVALENCE_NOT_PROVEN""]"
"cand-bcdd2aa2-87fb-5b25-b244-edb3e6bb4221","ex-b4dbe3c1-b461-55ab-93b2-7a2d46d1766a","0","1","[""SYMBOLIC_EQUIVALENCE_NOT_PROVEN""]"
"cand-7c903193-75ce-52ec-88df-6315fa34dd9c","ex-fbae604b-61d7-5540-88c2-8998d0e73ba8","0","2","[""MATH_REPRESENTATION_UNDECLARED"",""SYMBOLIC_EQUIVALENCE_NOT_PROVEN""]"
"cand-9de9ea34-7904-58d1-8ba3-f2bb0a14c4e8","ex-160dc1ed-8801-5347-b719-49c86fe4edff","0","2","[""MATH_REPRESENTATION_UNDECLARED"",""SYMBOLIC_EQUIVALENCE_NOT_PROVEN""]"
"cand-62d80d05-8d27-5955-b086-af9ea99a02f5","ex-a723f733-1419-53a0-a99a-debc3d0c861a","0","1","[""SYMBOLIC_EQUIVALENCE_NOT_PROVEN""]"
"cand-7743d4e6-c67c-5cbe-b9d2-ca7735faef9c","ex-476ee5ae-209b-512a-b9d7-95caa0cac2e4","0","1","[""SYMBOLIC_EQUIVALENCE_NOT_PROVEN""]"
"cand-0537b52f-6de7-51cf-b439-c11b9e60a07b","ex-6c8a3db5-84d7-5197-86bc-38aed4893429","0","1","[""SYMBOLIC_EQUIVALENCE_NOT_PROVEN""]"
"cand-dc0c8d8f-1dd3-5af0-b6d9-7e61cc05e80c","ex-1ebda387-8349-50d4-a178-4f1ced40b247","0","1","[""SYMBOLIC_EQUIVALENCE_NOT_PROVEN""]"
"cand-e47533c9-11fb-5b2a-b0df-efaced2699f6","ex-f9f5f0d9-abeb-5d1a-88bf-fd76df44e5ec","0","1","[""SYMBOLIC_EQUIVALENCE_NOT_PROVEN""]"
"cand-456f0c41-ec8f-5201-b9d2-9e1a908f2e12","ex-1c75e8b4-69d0-54fe-bc3a-753e8a6c1410","0","1","[""SYMBOLIC_EQUIVALENCE_NOT_PROVEN""]"
"cand-a11f226a-87bc-5f32-a929-7bdcd05c1fd7","ex-5dff623f-0bd7-52fa-a362-e795486b6867","0","1","[""SYMBOLIC_EQUIVALENCE_NOT_PROVEN""]"
"cand-abdd5e54-3f41-52fb-a191-d5f6cd738c10","ex-4a7ee571-136a-58a1-95c0-95c04d8c7bef","0","2","[""MATH_REPRESENTATION_UNDECLARED"",""SYMBOLIC_EQUIVALENCE_NOT_PROVEN""]"
"cand-d5f7ecd7-43e9-5efc-9f22-a6d7268df462","ex-e81462db-fff2-5c71-9de5-ca4227ee7cc8","0","1","[""SYMBOLIC_EQUIVALENCE_NOT_PROVEN""]"
"cand-a5f15c01-66d1-5878-becf-a9a323b40de3","ex-dbbb030b-6191-509f-9593-19cb65f15645","0","1","[""SYMBOLIC_EQUIVALENCE_NOT_PROVEN""]"
"cand-084e5125-1641-5353-bd12-f2a2b06632b5","ex-83187495-d682-5159-b144-c6baf0ea403e","0","1","[""SYMBOLIC_EQUIVALENCE_NOT_PROVEN""]"
"cand-2a89743c-8d58-50a2-957c-6877037a9db2","ex-919a8759-b343-510e-b495-7fd5dc2ce854","0","1","[""SYMBOLIC_EQUIVALENCE_NOT_PROVEN""]"
"cand-2e2ac49d-5938-5e94-98c3-13021b7e0438","ex-d1987ffe-dded-51f9-942c-67e5119940ec","0","2","[""MATH_REPRESENTATION_UNDECLARED"",""SYMBOLIC_EQUIVALENCE_NOT_PROVEN""]"
"cand-0c81e91b-2ee3-5bdd-ace6-4eb8fcc9d0dd","ex-cefdd84c-382b-5e07-ad31-a12b34be437e","0","1","[""SYMBOLIC_EQUIVALENCE_NOT_PROVEN""]"
"cand-c611d918-4e6e-5322-a1fd-98c129e2c7be","ex-eaae0812-14d3-5d78-9bbd-6ea00826346b","0","1","[""SYMBOLIC_EQUIVALENCE_NOT_PROVEN""]"
"cand-d7037ed3-a1e7-5470-b7d6-da255f0ea34c","ex-e83022b8-0cf2-5992-b6ef-ff598b01c4ab","0","1","[""SYMBOLIC_EQUIVALENCE_NOT_PROVEN""]"
"cand-c298991a-8bd0-50c1-bf07-6daba49611e2","ex-186d2cb1-98bf-50af-8638-6b00c0542ba4","0","2","[""MATH_REPRESENTATION_UNDECLARED"",""SYMBOLIC_EQUIVALENCE_NOT_PROVEN""]"
"cand-a430ecd7-6229-5f11-ac02-0ffbfdaa441c","ex-9a87f202-e0ff-5c2e-8f8a-99f70084e764","0","1","[""SYMBOLIC_EQUIVALENCE_NOT_PROVEN""]"
"cand-2af0d832-53c7-5f3b-a38e-c7838c08173d","ex-cddc3da1-a506-5154-957d-8299cd84931a","0","1","[""SYMBOLIC_EQUIVALENCE_NOT_PROVEN""]"
"cand-f9147755-9bbd-516f-bb13-4ea5624477ba","ex-167b92fa-5deb-5a3b-b46d-4134546dd0db","0","1","[""SYMBOLIC_EQUIVALENCE_NOT_PROVEN""]"
"cand-be70392f-e5dc-591b-bf1b-840023737bf5","ex-7140f953-7c20-5f7e-9612-8ba175eff414","0","1","[""SYMBOLIC_EQUIVALENCE_NOT_PROVEN""]"
"cand-fc400d8f-c8ae-58d8-91b2-a3c834876887","ex-224e4aea-77a3-5900-9fc1-e299ba04226a","0","1","[""SYMBOLIC_EQUIVALENCE_NOT_PROVEN""]"
"cand-e4670ed2-c2a9-56f9-bdde-4e82f5fadfe8","ex-69aa371a-c66d-531a-ac51-d8f1730217f2","0","1","[""SYMBOLIC_EQUIVALENCE_NOT_PROVEN""]"
"cand-6d43284f-d2b2-5355-8fa1-80663c3943cf","ex-3cdedb70-65d3-5a39-9ad7-b6648a122ca3","0","1","[""SYMBOLIC_EQUIVALENCE_NOT_PROVEN""]"
"cand-2e9cc326-5319-5bc5-b41f-805beb7803cc","ex-ce4d8b48-1360-5566-a17b-b8e6bacc04b5","0","1","[""SYMBOLIC_EQUIVALENCE_NOT_PROVEN""]"
"cand-d46c2707-a704-56bc-a127-af977cc47f71","ex-6e979fab-7489-5284-aee3-e9c615b2d854","0","1","[""SYMBOLIC_EQUIVALENCE_NOT_PROVEN""]"
"cand-ed729d89-ee2d-5469-8689-64f37d7d0119","ex-cc95744c-c1fd-5628-b688-b00eea9df8ed","0","1","[""SYMBOLIC_EQUIVALENCE_NOT_PROVEN""]"
"cand-2b7fc019-3a5f-5c1a-9eb8-457596191296","ex-fe52977a-1676-5a93-a3c1-41623e6e815f","0","1","[""SYMBOLIC_EQUIVALENCE_NOT_PROVEN""]"
"cand-9bfd514a-267d-56f6-b97b-d3b5ea2575ac","ex-2aa6743f-b54f-594c-a777-16a0dbe3f5c3","0","1","[""SYMBOLIC_EQUIVALENCE_NOT_PROVEN""]"
"cand-f9087ab0-ba80-52b7-ae83-014f342e669b","ex-e947c136-c247-57f0-aad6-f9e18ce3778d","0","1","[""SYMBOLIC_EQUIVALENCE_NOT_PROVEN""]"
"cand-c4b68307-ca57-5107-9800-3bfabfd7eb96","ex-642a93ab-9f13-5ec9-bb95-6fda4a1033cc","0","1","[""SYMBOLIC_EQUIVALENCE_NOT_PROVEN""]"
"cand-cfc027e4-fab2-58b3-aca8-b7381f5d0c24","ex-e18a8e98-5711-5ad0-9a7f-de1ec5790f84","0","1","[""SYMBOLIC_EQUIVALENCE_NOT_PROVEN""]"
"cand-e0ff3d4a-ac95-5694-b83a-b26243364249","ex-ed7da790-589e-5d02-8b02-ecca5dc98362","0","1","[""SYMBOLIC_EQUIVALENCE_NOT_PROVEN""]"
"cand-46ed8cc2-4381-5de8-b662-b7a2bc0ce5d5","ex-1f07d9e6-a8b7-5ebb-921e-fc3aa91a1589","0","1","[""SYMBOLIC_EQUIVALENCE_NOT_PROVEN""]"
"cand-37229b3d-332e-5ad5-8ca6-25b69a4a0f27","ex-1f7442dd-9124-5ee6-b981-9116b888d01a","0","1","[""SYMBOLIC_EQUIVALENCE_NOT_PROVEN""]"
"cand-58534592-f75e-53ac-9eff-d70ff346d8ea","ex-5ebd80f5-6874-52e3-b5c6-7e2e61f5d25e","0","1","[""SYMBOLIC_EQUIVALENCE_NOT_PROVEN""]"
"cand-6af9f139-e7e4-5186-9b83-2d935f9d8dac","ex-12ae7ff4-12a4-580d-9716-e5f01589f850","0","1","[""SYMBOLIC_EQUIVALENCE_NOT_PROVEN""]"
"cand-8737084d-c84d-5465-aa9d-27e62e6d5ffb","ex-de028d64-daf9-54d1-9587-0d0910a55568","0","1","[""SYMBOLIC_EQUIVALENCE_NOT_PROVEN""]"
"cand-389f4bb6-2979-548e-babe-a7d11d6cec78","ex-9694b806-cbb0-575f-98d1-3597524f904b","0","1","[""SYMBOLIC_EQUIVALENCE_NOT_PROVEN""]"
"cand-b2a9162a-2ab0-534d-93ba-58ac310a5fef","ex-ede8ee84-7f6f-5e72-9188-3bcc21d8915d","0","1","[""SYMBOLIC_EQUIVALENCE_NOT_PROVEN""]"
"cand-bde9370b-0360-5480-91fd-22940e1d037c","ex-4f274c56-2715-597a-8c68-ec46acb5ab6e","0","1","[""SYMBOLIC_EQUIVALENCE_NOT_PROVEN""]"
"cand-6b540507-1798-5a60-a9b7-f47caf08516c","ex-ca68f4d5-5993-51e5-b93d-6b77459261fe","0","1","[""SYMBOLIC_EQUIVALENCE_NOT_PROVEN""]"
"cand-ec92b0b6-ab52-5f46-8269-4e609392f01c","ex-7481a0f8-4419-5d80-b234-7d8e7bdd95b9","0","1","[""SOLUTION_DEVELOPMENT_INSUFFICIENT""]"
"cand-6a130c74-95c0-5333-99c1-dcbe4d4e0ec5","ex-b48b7ba5-2c7c-5823-93cc-5c54e15bb7be","0","2","[""MATH_REPRESENTATION_UNDECLARED"",""SYMBOLIC_EQUIVALENCE_NOT_PROVEN""]"
"cand-5b3f53b6-7947-5c87-9177-1c99e88a7b78","ex-0e3c8359-7468-5f8a-904c-eb3ab70c54d9","0","1","[""SYMBOLIC_EQUIVALENCE_NOT_PROVEN""]"
"cand-f4f58361-4bc8-5372-95ae-ed8a3b67d53e","ex-e9b575b1-32f1-53de-a2e8-fb3e173abd60","0","1","[""SYMBOLIC_EQUIVALENCE_NOT_PROVEN""]"
"cand-392c20d4-d5e6-5df6-a95e-0a73501b899b","ex-4ae4f974-84c1-599f-a8d6-805d824a85fa","0","1","[""SOLUTION_DEVELOPMENT_INSUFFICIENT""]"
"cand-b18e576a-fa6f-5d12-9141-74ee2acb1cca","ex-636b3f22-304b-585f-b2d1-13882e6d71b7","0","1","[""SOLUTION_DEVELOPMENT_INSUFFICIENT""]"
"cand-04d24af4-7a81-5f31-bafd-780692e0563d","ex-2d904b09-7263-582d-81c2-4d7c1cba20cd","0","1","[""SOLUTION_DEVELOPMENT_INSUFFICIENT""]"
"cand-413da18f-e777-5c6a-95d9-053b28f2a192","ex-bb379b37-3648-50fd-a716-8589635ea831","0","1","[""SOLUTION_DEVELOPMENT_INSUFFICIENT""]"
"cand-e662edde-716b-5c47-8e93-63b09d42b004","ex-89b28682-edb6-5aea-8f4d-edf759d277e6","0","1","[""SYMBOLIC_EQUIVALENCE_NOT_PROVEN""]"
"cand-f2c58b35-dafb-5576-9507-23546a06cfd1","ex-c50e25ad-6820-56fc-89e6-596b64438e26","0","1","[""SYMBOLIC_EQUIVALENCE_NOT_PROVEN""]"
"cand-5573a834-ff41-5b0b-a539-06e72be9e804","ex-ce3fcab9-3244-56ed-9288-2c78dd2fd07c","0","1","[""SYMBOLIC_EQUIVALENCE_NOT_PROVEN""]"
"cand-060e2375-3e69-5826-b7a9-e116368172e6","ex-9e21bd76-4d13-5b6e-a023-52be78175171","0","1","[""SYMBOLIC_EQUIVALENCE_NOT_PROVEN""]"
"cand-481323ee-c179-5c91-b40c-8436690fe597","ex-41b4c85c-310f-5e1a-b394-32d97d06b86b","0","1","[""SYMBOLIC_EQUIVALENCE_NOT_PROVEN""]"
"cand-5189c00f-760f-5802-b89b-8f3be9fc0ec1","ex-0d8bdc7e-c74d-5213-9e14-1a04f5c752ab","0","2","[""MATH_REPRESENTATION_UNDECLARED"",""SYMBOLIC_EQUIVALENCE_NOT_PROVEN""]"
"cand-e8c8137d-b6f9-586f-a3e6-10e278b9c2ba","ex-0e2324e6-1236-5b2c-b709-2066cf9aec20","0","1","[""MATH_REPRESENTATION_UNDECLARED""]"
"cand-b0ae43f4-fa44-5309-a935-895180734e20","ex-d90b4ce2-2b3d-54e1-86e6-52d201fbbe0d","0","1","[""SYMBOLIC_EQUIVALENCE_NOT_PROVEN""]"
"cand-a8c90cd3-d44d-5f5d-9a48-bd322bdfed60","ex-90f37165-87ff-59b7-a590-1416560e9ea1","0","1","[""SYMBOLIC_EQUIVALENCE_NOT_PROVEN""]"
"cand-ef4cccdc-af2e-5658-ba6d-333c2202a485","ex-ab56ab8c-f541-5136-a1e2-28971b23049b","0","1","[""SYMBOLIC_EQUIVALENCE_NOT_PROVEN""]"
"cand-7f258bf8-e2b5-5247-ae04-3ea55ba5eafb","ex-210dbf28-7c80-52d8-a3b8-5775d60ede5b","0","1","[""SYMBOLIC_EQUIVALENCE_NOT_PROVEN""]"
"cand-9bfd46ba-7fd0-5987-b365-94f65b5dca39","ex-0539f1f2-1364-594d-b9d6-5e7ea0562372","0","1","[""SYMBOLIC_EQUIVALENCE_NOT_PROVEN""]"
"cand-4fe10a3c-807b-5180-aad0-357e251828bf","ex-310aa1c1-bd42-56c0-b077-671c03a47f5c","0","2","[""MATH_REPRESENTATION_UNDECLARED"",""SYMBOLIC_EQUIVALENCE_NOT_PROVEN""]"
"cand-77e60e59-514d-58aa-8c2b-5e0df6efac1b","ex-4a154c72-c3f3-504e-8b62-c6302622a80e","0","1","[""SYMBOLIC_EQUIVALENCE_NOT_PROVEN""]"
"cand-3a8631cb-13b9-57aa-8529-50df7c9de1ba","ex-7a204fed-67c8-5aef-a91f-24ca00ec5cde","0","1","[""MATH_REPRESENTATION_UNDECLARED""]"
"cand-fcd02d5b-ea31-556e-b3a8-ad92981781bd","ex-96ccb36d-71df-5c12-b14f-71dab937828a","0","1","[""SYMBOLIC_EQUIVALENCE_NOT_PROVEN""]"
"cand-48ed3669-bec6-5616-9338-66baaeb3cf7f","ex-b5b49561-13c6-537e-99f3-f2f9d544fcea","0","1","[""SYMBOLIC_EQUIVALENCE_NOT_PROVEN""]"
"cand-36f65814-146e-583b-a9fc-7acf72eac7c6","ex-9656f92d-45b6-504b-b559-f7eec749d3d8","0","1","[""SYMBOLIC_EQUIVALENCE_NOT_PROVEN""]"
"cand-a67b85db-48ec-5c78-806a-c8a3a05864e6","ex-1af6d65c-af56-5fd6-8ec1-f52c2f56bc9e","0","1","[""SYMBOLIC_EQUIVALENCE_NOT_PROVEN""]"
"cand-c5c7a139-782f-538f-ab6b-640a0b5f5de0","ex-46e013a5-8041-5c34-85b8-a942afaf6517","0","1","[""SYMBOLIC_EQUIVALENCE_NOT_PROVEN""]"
"cand-a73ab3ca-acc8-5734-9039-0cec1ab89bba","ex-642197f3-c740-5b83-b8e8-a3258e99f9dc","0","1","[""SYMBOLIC_EQUIVALENCE_NOT_PROVEN""]"
"cand-ceb9e60d-03bd-5a5c-8557-6821e42aedfd","ex-4a1b3c76-e50f-5633-92c5-cb3ff0d118f9","0","1","[""SYMBOLIC_EQUIVALENCE_NOT_PROVEN""]"
"cand-f7912007-7207-508c-a220-bb0d66144f18","ex-b66fbc57-74b9-55db-ad7f-f7b46c323ced","0","1","[""SYMBOLIC_EQUIVALENCE_NOT_PROVEN""]"
"cand-98f457ac-9ab3-55cd-a118-6f62703706e9","ex-d675a796-d224-5488-b0f5-6ecba564c3a3","0","1","[""SYMBOLIC_EQUIVALENCE_NOT_PROVEN""]"
"cand-944cdc9d-9d0e-56d9-9471-4003ad3297e9","ex-71ae142e-3e66-5ebb-9963-60b1185a66fd","0","1","[""SYMBOLIC_EQUIVALENCE_NOT_PROVEN""]"
"cand-a8a5296e-1533-5194-a4be-7505633c820f","ex-52602a87-34e1-53bf-b047-22fda49f05fc","0","1","[""SYMBOLIC_EQUIVALENCE_NOT_PROVEN""]"
"cand-63f3a997-3463-5f4c-83cb-4e73ffbd2086","ex-3061a078-410b-507c-9403-2a3c06569603","0","1","[""SOLUTION_DEVELOPMENT_INSUFFICIENT""]"
"cand-d4885344-71c8-5b23-b25b-5a74969fe233","ex-30cb8bf0-d5af-5ef4-b4dc-2f228f455306","0","1","[""SYMBOLIC_EQUIVALENCE_NOT_PROVEN""]"
"cand-a2093962-fa81-5332-a26d-ccf21a5cc11e","ex-59959a14-83bb-5113-82e2-0df7308e386f","0","1","[""SYMBOLIC_EQUIVALENCE_NOT_PROVEN""]"
"cand-3d8ecf65-378d-5fa5-b386-43297d81fa3c","ex-b7289bc0-74f8-58e7-a3fb-7bd3edae7e16","0","1","[""SYMBOLIC_EQUIVALENCE_NOT_PROVEN""]"
"cand-b9bd4de5-b000-5629-804b-9b59b6827642","ex-096e2258-d6df-545b-a34a-42130ec0a742","0","2","[""SOLUTION_DEVELOPMENT_INSUFFICIENT"",""SYMBOLIC_EQUIVALENCE_NOT_PROVEN""]"
"cand-79b6f9e8-f8d3-51e4-bd18-2f4cfd2d9a03","ex-1effd609-9be6-5d32-a44a-b80ab1de79cb","0","1","[""SOLUTION_DEVELOPMENT_INSUFFICIENT""]"
"cand-09e2d4d5-14d8-595f-9281-f81e0be71e99","ex-24d5c558-360a-521a-9a74-9b3ce5b7e589","0","1","[""SYMBOLIC_EQUIVALENCE_NOT_PROVEN""]"
"cand-393a4a04-2763-5643-abb1-38d79b8204c3","ex-60efd45c-d15d-5806-8fa1-8ff3e9d6f334","0","1","[""SOLUTION_DEVELOPMENT_INSUFFICIENT""]"
"cand-e614af03-c21f-5120-8fa5-542587eb3a21","ex-61f11beb-aa1c-5b64-9925-4199b5acc4f6","0","1","[""SOLUTION_DEVELOPMENT_INSUFFICIENT""]"
"cand-53795f03-3873-57c1-92e1-4d13d42c487e","ex-216bb676-e18d-5f6b-8507-778935d0862c","0","1","[""SOLUTION_DEVELOPMENT_INSUFFICIENT""]"
"cand-43457bc3-6981-5a74-a306-816f7f4e905f","ex-c6806cf3-c847-5ddc-8fdf-1e384451344d","0","1","[""SYMBOLIC_EQUIVALENCE_NOT_PROVEN""]"
"cand-5fb1d7a7-7f63-5c59-b702-582e18841852","ex-ab16f716-dc1c-5dd2-a2b4-e04ba5a2e077","0","1","[""SOLUTION_DEVELOPMENT_INSUFFICIENT""]"
"cand-fc9c6de8-bd72-517a-857a-e24f5782fbdf","ex-715910fb-5364-59e9-ad42-e1aa32d113e0","0","1","[""SOLUTION_DEVELOPMENT_INSUFFICIENT""]"
"cand-11f6aae1-9253-5c00-a853-f7c11f502d86","ex-dd2ae1ef-efc5-5f40-a4a8-d465b3daf46a","0","1","[""SYMBOLIC_EQUIVALENCE_NOT_PROVEN""]"
"cand-6d67b8fb-8e2d-5947-99ab-1906778a4413","ex-42b5f2b4-d828-589b-878c-f56831ce94e6","0","1","[""SYMBOLIC_EQUIVALENCE_NOT_PROVEN""]"
"cand-0af5b2b4-904c-5fac-ba5e-6c3fe70a2621","ex-8922f19d-d41e-53b9-a77f-8cb3fb185b55","0","1","[""SOLUTION_DEVELOPMENT_INSUFFICIENT""]"
"cand-cccae33a-1b89-5b86-86fb-cf365d367683","ex-dee8ee0c-f22f-532f-b624-1a110628f13b","0","1","[""SOLUTION_DEVELOPMENT_INSUFFICIENT""]"
"cand-ed12f47e-3c16-51eb-90ac-1888e924905a","ex-fe6f4663-899f-5f56-aa44-61071e715f2d","0","1","[""SOLUTION_DEVELOPMENT_INSUFFICIENT""]"
"cand-eaea0c51-0a87-56ce-b4b9-78f58da2a2e3","ex-9fc701e5-33a2-515a-ad45-8d5553031b6c","0","1","[""SYMBOLIC_EQUIVALENCE_NOT_PROVEN""]"
"cand-b93fdf0e-b577-5704-b6bf-bad00df3cc8d","ex-0fc324e1-b100-5585-82e1-a6dcf800af13","0","1","[""SYMBOLIC_EQUIVALENCE_NOT_PROVEN""]"
"cand-697337c4-7711-563a-a1d6-ebde3b4d4d14","ex-f76f32a6-c11b-51a5-9e58-d97c8ad2d689","0","1","[""SOLUTION_DEVELOPMENT_INSUFFICIENT""]"
"cand-d46166e8-e372-57e7-bd15-6025417c4867","ex-d2b9967a-067c-5421-af44-387b8d3580d2","0","1","[""SOLUTION_DEVELOPMENT_INSUFFICIENT""]"
"cand-5a8a58df-fc16-5740-b574-b5f38983ac1c","ex-e7b8eb9d-0c24-5227-bdc6-fc10bbf9ccae","0","2","[""MATH_REPRESENTATION_UNDECLARED"",""SYMBOLIC_EQUIVALENCE_NOT_PROVEN""]"
"cand-16cc364a-b607-569a-9bec-7b81aefeaeed","ex-afd5c75a-616a-57c1-b945-b0e9c0bef97f","0","1","[""MATH_REPRESENTATION_UNDECLARED""]"
"cand-01cc1fde-85f7-5bdf-a499-960b17a4cf92","ex-b9c2df7b-0295-552b-a559-483fdf4bb9af","0","1","[""SYMBOLIC_EQUIVALENCE_NOT_PROVEN""]"
"cand-437921d0-3cdb-54c0-a406-b020999e1954","ex-f6496862-469b-547f-ade5-61fe9e26d40c","0","1","[""SYMBOLIC_EQUIVALENCE_NOT_PROVEN""]"
"cand-be4bcbc1-8d1b-5512-b072-44ae1fef3062","ex-ea55323e-30f6-5f52-9dd9-91b2d4a61166","0","1","[""SYMBOLIC_EQUIVALENCE_NOT_PROVEN""]"
"cand-42f78440-04ce-5d51-abc3-a0219beb8b77","ex-17e00c22-6dc2-529f-8caa-876e32738e19","0","1","[""SYMBOLIC_EQUIVALENCE_NOT_PROVEN""]"
"cand-a6585cb9-9bdb-5377-b38b-e097d221894d","ex-6ec23651-ccca-56bd-85eb-caf327a26ccf","0","1","[""SYMBOLIC_EQUIVALENCE_NOT_PROVEN""]"
"cand-6315b07f-35ae-5124-a334-2edd6016857a","ex-720bf6bc-41dd-5102-8fd6-5da1267f9b51","0","1","[""SYMBOLIC_EQUIVALENCE_NOT_PROVEN""]"
"cand-1cfbd739-2b1d-5fbe-980d-729b07c1a5db","ex-2f3b3b1c-ce6e-5dfc-a2f3-ec3170554eda","0","1","[""SYMBOLIC_EQUIVALENCE_NOT_PROVEN""]"
"cand-e1219e71-e0db-5be2-8292-8378dd46aaaf","ex-dc020c10-370f-56bd-8486-ec592d08df50","0","1","[""SYMBOLIC_EQUIVALENCE_NOT_PROVEN""]"
"cand-a376a761-fdbb-51b1-99a8-770dcdfb4f67","ex-057d75e9-7c95-575b-a5ed-ab763ed144a5","0","1","[""SYMBOLIC_EQUIVALENCE_NOT_PROVEN""]"
"cand-30168689-b070-58c9-9713-7ff78f356728","ex-3d99304f-b40e-52b6-a7a4-a5a44c1bb6a9","0","1","[""SYMBOLIC_EQUIVALENCE_NOT_PROVEN""]"
"cand-5c3c63f7-ab02-57fa-b400-2dab22972936","ex-a0bad0c6-4a89-5a32-a733-fd4b0448bb88","0","1","[""SYMBOLIC_EQUIVALENCE_NOT_PROVEN""]"
"cand-750f6448-854d-5f8c-9070-36e6ec53893b","ex-dd957b65-bbd8-58af-93cb-92e6b08c2d70","0","2","[""MATH_REPRESENTATION_UNDECLARED"",""SYMBOLIC_EQUIVALENCE_NOT_PROVEN""]"
"cand-dfa11b79-6a0d-52d2-a089-86a715cb7381","ex-d9d4930c-73b2-5daf-bae8-a60e04d9ed05","0","2","[""MATH_REPRESENTATION_UNDECLARED"",""SYMBOLIC_EQUIVALENCE_NOT_PROVEN""]"
"cand-f7c47e7f-9ccd-551b-b007-6746d5d05374","ex-5b95e07b-bb5b-590a-b19c-5bd2de8aa506","0","2","[""MATH_REPRESENTATION_UNDECLARED"",""SYMBOLIC_EQUIVALENCE_NOT_PROVEN""]"
"cand-9e51ef93-f774-567d-b273-fc7db62015f2","ex-914a525d-3ddb-52bd-8f66-6d15b5daf2be","0","2","[""MATH_REPRESENTATION_UNDECLARED"",""SYMBOLIC_EQUIVALENCE_NOT_PROVEN""]"
"cand-1adecdb3-824f-5d9d-bf87-c4c5d7bf8e56","ex-1aa9ac1c-f39b-5388-bcbb-5ef93ee14325","0","2","[""MATH_REPRESENTATION_UNDECLARED"",""SYMBOLIC_EQUIVALENCE_NOT_PROVEN""]"
"cand-be7a4e6f-fff6-516c-ba7a-621f8702a814","ex-ef399fe8-ae8d-5d9e-944b-e1cafbdb796b","0","2","[""MATH_REPRESENTATION_UNDECLARED"",""SYMBOLIC_EQUIVALENCE_NOT_PROVEN""]"
"cand-face625b-bd2f-5cac-8ec7-c8eca9d74d44","ex-046facea-4bff-55ce-b2bd-b11ea1fa0e66","0","2","[""MATH_REPRESENTATION_UNDECLARED"",""SYMBOLIC_EQUIVALENCE_NOT_PROVEN""]"
"cand-d11a9521-4917-5944-a68b-96613302477a","ex-a6779cd9-7d13-5367-a66c-0a83b45fe6e3","0","2","[""MATH_REPRESENTATION_UNDECLARED"",""SYMBOLIC_EQUIVALENCE_NOT_PROVEN""]"
"cand-4e2265b3-d2aa-5a1d-a83e-bed7c3d0652a","ex-0ac87530-df4e-52a1-b0cd-7393f49f3a86","0","2","[""MATH_REPRESENTATION_UNDECLARED"",""SYMBOLIC_EQUIVALENCE_NOT_PROVEN""]"
"cand-1a79a1ef-0c9d-539c-b2f7-08ddb5d58152","ex-2278dd46-0440-5bb1-b844-05b98cc3809b","0","2","[""MATH_REPRESENTATION_UNDECLARED"",""SYMBOLIC_EQUIVALENCE_NOT_PROVEN""]"
"cand-e75404af-27ee-5b44-8265-df0d252c5eb9","ex-bd93e8d2-b921-5c4a-976c-c78b2ce8c3d2","0","2","[""MATH_REPRESENTATION_UNDECLARED"",""SYMBOLIC_EQUIVALENCE_NOT_PROVEN""]"
"cand-395d9426-001a-5d3f-8f17-0168f8029c19","ex-7d1466d6-73bc-5fb0-af9e-467e00e7c3aa","0","2","[""MATH_REPRESENTATION_UNDECLARED"",""SYMBOLIC_EQUIVALENCE_NOT_PROVEN""]"
"cand-9ffebe4a-aad0-563b-b378-1275d9d2a866","ex-2d6804e5-8042-5d9a-b754-6fee4d944452","0","2","[""MATH_REPRESENTATION_UNDECLARED"",""SYMBOLIC_EQUIVALENCE_NOT_PROVEN""]"
"cand-daef2d30-0831-5c81-8115-1c631e1688f7","ex-8f5aed23-60ff-527e-a1b9-5cc717f48982","0","1","[""SYMBOLIC_EQUIVALENCE_NOT_PROVEN""]"
"cand-d49a585f-20aa-5b87-ae9b-96f0ee2c30ca","ex-f1f5e6b6-e291-567e-92da-918117cc04b8","0","2","[""MATH_REPRESENTATION_UNDECLARED"",""SYMBOLIC_EQUIVALENCE_NOT_PROVEN""]"
"cand-df066dab-bdf1-5dda-b708-f02fe8a1cca1","ex-6a03ba8c-1557-52ac-8e63-7cb231eddb44","0","2","[""MATH_REPRESENTATION_UNDECLARED"",""SYMBOLIC_EQUIVALENCE_NOT_PROVEN""]"
"cand-8a85f601-3f5b-551f-a963-8e56674f09ed","ex-b52aba2d-451b-54ee-a582-6265c5e563cb","0","2","[""MATH_REPRESENTATION_UNDECLARED"",""SYMBOLIC_EQUIVALENCE_NOT_PROVEN""]"
"cand-3909006c-3c70-57ba-b0c6-e96eb170dde4","ex-8a8318e5-849b-55f4-ad8d-7de921bddb18","0","2","[""MATH_REPRESENTATION_UNDECLARED"",""SYMBOLIC_EQUIVALENCE_NOT_PROVEN""]"
"cand-9aecc7e6-afb7-5b38-a49c-311a497899cc","ex-656bdcc7-60d7-5eee-8cb8-8cd62ef33e5e","0","1","[""SOLUTION_DEVELOPMENT_INSUFFICIENT""]"
"cand-56812d38-2502-55dd-999b-316592b51598","ex-05c1dcc8-be4f-59f2-881a-8c51f76daf1f","0","1","[""SOLUTION_DEVELOPMENT_INSUFFICIENT""]"
"cand-bb7d66d1-6781-5233-8a36-98d511399fe3","ex-9482bad8-b60f-5d7d-ba49-2e61ff387c6b","0","1","[""SOLUTION_DEVELOPMENT_INSUFFICIENT""]"
"cand-a44d229f-ac87-57fd-807d-e189ef3409a8","ex-aef60b27-444e-56cf-9fe4-c645e38a7574","0","1","[""SOLUTION_DEVELOPMENT_INSUFFICIENT""]"
"cand-121ebf17-5319-53d2-a36a-a16f86b3225c","ex-0e8ad101-220c-5d4f-bc7d-24d591ec5839","0","1","[""SOLUTION_DEVELOPMENT_INSUFFICIENT""]"
"cand-1648ffeb-e12d-525b-b284-b6bca4deacfc","ex-18304f50-5e7f-58b5-89f3-db85b1697397","0","1","[""SOLUTION_DEVELOPMENT_INSUFFICIENT""]"
"cand-d914d268-a2b6-5639-a248-c63973a48be3","ex-3061cf60-3441-507e-b354-45d9ff004e44","0","1","[""MATH_REPRESENTATION_UNDECLARED""]"
"cand-a64eb673-a8e2-5d6b-88ea-987555e8af67","ex-7466e485-c047-590d-bcc3-fd5f7d586255","0","1","[""SYMBOLIC_EQUIVALENCE_NOT_PROVEN""]"
"cand-7c353aa5-cd38-5907-953b-df64d1d0c42e","ex-1b217e56-5e52-5253-96ce-5218942fa0cb","0","1","[""SYMBOLIC_EQUIVALENCE_NOT_PROVEN""]"
"cand-28d1e9d4-4824-5d15-83f8-55eac80b5176","ex-8dde0313-ac40-5b61-a8e5-57da31e49d0d","0","1","[""SYMBOLIC_EQUIVALENCE_NOT_PROVEN""]"
"cand-e375e0ae-2ad6-568b-b252-2e3a09ef2ba3","ex-467060af-792a-58d9-a6fd-b763177a2f03","0","1","[""MATH_REPRESENTATION_UNDECLARED""]"
"cand-11cc64da-dcc5-5ee8-8096-0bb48ce2b97e","ex-7f29158e-f595-57ab-9d2d-040663969dff","0","1","[""SYMBOLIC_EQUIVALENCE_NOT_PROVEN""]"
"cand-6f443ff8-bdaa-5bd0-8187-a1bd8dcca414","ex-1fae2f57-f6af-511c-b156-e63a908e07dd","0","1","[""MATH_REPRESENTATION_UNDECLARED""]"
"cand-80d20c4f-20f4-551d-878c-ea3ef8e4f504","ex-6d3aacd5-b82c-56ca-9eaa-1ac9fef58dd4","0","1","[""MATH_REPRESENTATION_UNDECLARED""]"
"cand-4bb529d2-dc1d-5929-9b5b-1a021afcf2be","ex-00c41e0e-6bc9-545d-87ca-75ec0a9a1237","0","1","[""MATH_REPRESENTATION_UNDECLARED""]"
"cand-70081464-f142-596e-bb7f-040856839e88","ex-8fd770e6-cb31-58c3-9450-d3b25197eab0","0","1","[""MATH_REPRESENTATION_UNDECLARED""]"
"cand-12a524d8-ec7b-5e76-8650-56f30b9b8cdc","ex-1167cf31-954f-5bea-996f-4e5ecd35a25b","0","1","[""MATH_REPRESENTATION_UNDECLARED""]"
"cand-bd63ec36-5147-5fbe-ba5e-e70d8442a792","ex-2487e963-eb5a-5571-ac0a-107ad549a360","0","1","[""MATH_REPRESENTATION_UNDECLARED""]"
"cand-4a4ff5d9-bbfa-5b84-acf4-18d69b637269","ex-aa1c8b96-42d8-5c68-a207-b55848876ff8","0","2","[""MATH_REPRESENTATION_UNDECLARED"",""SYMBOLIC_EQUIVALENCE_NOT_PROVEN""]"
"cand-8628cfdf-dcbb-5364-bc94-1cc2318148c3","ex-5ec54d76-c66e-51fe-bb08-9b0e9f7190c3","0","1","[""MATH_REPRESENTATION_UNDECLARED""]"
"cand-885a0f8a-1b89-50f4-a0c5-f919fbeffe28","ex-eff6abae-750e-5cc8-9be4-b554107d942f","0","1","[""MATH_REPRESENTATION_UNDECLARED""]"
"cand-a1ccb7fe-1f73-5968-aa8d-af285cebea7a","ex-71de4b42-20fb-5454-91ab-7d01e42c1f39","0","1","[""MATH_REPRESENTATION_UNDECLARED""]"
"cand-6f1f7ab3-9563-52ab-8fff-ced83b09aec5","ex-d84b1dcd-b8e5-5744-8bd9-48698b38eac0","0","2","[""MATH_REPRESENTATION_UNDECLARED"",""SYMBOLIC_EQUIVALENCE_NOT_PROVEN""]"
"cand-03ce7a54-7c3b-5812-b9fc-a30c9aee0db2","ex-7e3b2046-fb0d-55a0-a2b1-8b52c54be299","0","1","[""MATH_REPRESENTATION_UNDECLARED""]"
"cand-ed9af521-c5d2-5c27-b9e1-23152e13f380","ex-1905f35f-77ae-5f02-910c-fa106d828f8a","0","1","[""MATH_REPRESENTATION_UNDECLARED""]"
"cand-20c96f0e-8f88-581c-9652-d9f49e903093","ex-7609d597-d5b3-56b1-bcf7-044d20c823b7","0","1","[""MATH_REPRESENTATION_UNDECLARED""]"
"cand-fe7a4a19-599d-5ae6-b7f5-720e5c7fca45","ex-65fffbb3-2708-5672-a686-6e94173d0885","0","1","[""MATH_REPRESENTATION_UNDECLARED""]"
"cand-b6382f11-cab0-5d14-ba38-f26c845245f8","ex-0400ab3c-9c51-5a8d-9cd3-5172f6ab5ef8","0","1","[""MATH_REPRESENTATION_UNDECLARED""]"
"cand-24bebbd5-38cd-5fe5-b518-85160c0ca6cc","ex-7759db6b-625e-5d9c-b82c-bd1a9d899c5b","0","1","[""MATH_REPRESENTATION_UNDECLARED""]"
"cand-c283a292-023d-5fd7-800a-aa2fd6177a54","ex-fc9a5ba6-75e7-5bba-8471-4e9424caf0a3","0","1","[""MATH_REPRESENTATION_UNDECLARED""]"
"cand-08945780-e7c5-5f5d-99b5-786ed74d4914","ex-3193154c-5277-5a2e-afd7-78811980e806","0","1","[""MATH_REPRESENTATION_UNDECLARED""]"
"cand-17d3f53d-a845-502a-bce6-566bd58cfa84","ex-f8ad1097-00bb-55d7-9674-d1e8b9d38db5","0","1","[""MATH_REPRESENTATION_UNDECLARED""]"
"cand-73559453-9892-562a-b8ac-225d03843f9e","ex-58dedb99-df15-54b5-89b9-653cd1dec292","0","1","[""MATH_REPRESENTATION_UNDECLARED""]"
"cand-a982bbbe-00dd-5f9a-95f6-5675d8be52da","ex-82852b89-bf9e-50c9-ae8f-82a1e2540b31","0","1","[""MATH_REPRESENTATION_UNDECLARED""]"
"cand-13af8948-d6b5-50bf-9036-4b0aa0120da5","ex-78430417-c65e-5ca5-b560-570c6f847e94","0","1","[""MATH_REPRESENTATION_UNDECLARED""]"
"cand-b4e7e3a2-47f0-5834-a575-b552b161874f","ex-70815e58-90c1-5ccf-853b-79208c8f9ade","0","1","[""MATH_REPRESENTATION_UNDECLARED""]"
"cand-8bbf8ad9-0e99-59dc-819e-fafad3d910d4","ex-2bbf15b2-f1c1-5220-8395-f8289d56d707","0","1","[""MATH_REPRESENTATION_UNDECLARED""]"
"cand-6543c805-eed5-5e56-968d-5bef015d4b72","ex-9d929fc0-c954-5cc7-b034-0bbc6011ed31","0","1","[""MATH_REPRESENTATION_UNDECLARED""]"
"cand-15263675-aa99-5651-a5f5-035827c50d1b","ex-952b7582-6322-5f60-93e0-e652bba5f787","0","1","[""MATH_REPRESENTATION_UNDECLARED""]"
"cand-86f69a58-2b96-5490-8b09-c7c0fa7f1652","ex-9978e786-3e3a-5ff3-9ae5-7cdf1fceb55c","0","1","[""MATH_REPRESENTATION_UNDECLARED""]"
"cand-46beb676-a492-5229-81fe-2ffc582ce17a","ex-c34426d1-6500-525c-96af-43d3ee9bdaa5","0","1","[""MATH_REPRESENTATION_UNDECLARED""]"
"cand-9145754b-8d6d-511e-b10a-7e888d4626df","ex-11ed7e0d-9bbc-542a-a1c3-04997c34d8eb","0","1","[""MATH_REPRESENTATION_UNDECLARED""]"
"cand-3fed9a16-dc89-5d60-b293-f5133f176ef8","ex-055853f0-b22a-5054-9cf2-e827afbd8a69","0","1","[""MATH_REPRESENTATION_UNDECLARED""]"
"cand-08bde41f-eaaf-5d07-980c-42d7a4474c8a","ex-528750ae-d774-5f8b-9644-afcff0ee6518","0","1","[""MATH_REPRESENTATION_UNDECLARED""]"
"cand-1d2716dc-97f2-5d34-9fdf-f89f6734e2fd","ex-fc9ffc08-eac8-5436-8157-a55bb58bc85e","0","1","[""MATH_REPRESENTATION_UNDECLARED""]"
"cand-0e7e811a-7dd9-5f61-b570-1f1401fb552f","ex-7edd5af4-d3ff-545a-8057-fbb20cdfb2fc","0","1","[""MATH_REPRESENTATION_UNDECLARED""]"
"cand-4d929e2a-f891-5a30-8511-453db8f75431","ex-aedee4b7-e750-5785-9036-f83c3b745367","0","1","[""MATH_REPRESENTATION_UNDECLARED""]"
"cand-876cb842-c8a9-5a62-a979-98fbb6d86597","ex-a2f0c014-9187-5d82-adee-cae084e80fa6","0","1","[""MATH_REPRESENTATION_UNDECLARED""]"
"cand-8ed85877-f569-59d7-95b0-d2789dd0415c","ex-d5d352d1-aa51-5a27-83f6-3b65d2d477ca","0","1","[""SYMBOLIC_EQUIVALENCE_NOT_PROVEN""]"
"cand-ac677ead-3659-5c13-84db-560ae531777a","ex-ec19eb4f-41e3-5f31-a671-4b64132c942d","0","1","[""SYMBOLIC_EQUIVALENCE_NOT_PROVEN""]"
"cand-8183ec46-d438-54d4-b7d0-0bb3f9825651","ex-c6d330b1-991f-506a-b364-8d1021ad4732","0","1","[""SYMBOLIC_EQUIVALENCE_NOT_PROVEN""]"
"cand-2df059f2-922c-505b-b2bb-162f4f8d9222","ex-e261f5b4-5359-532c-bc0c-d7c0fc2d8738","0","1","[""SYMBOLIC_EQUIVALENCE_NOT_PROVEN""]"
"cand-091bb71c-4b5d-5968-9c60-a7d76c8d6317","ex-6b5efdf0-667e-5b3d-b58a-3de240fe5070","0","1","[""SYMBOLIC_EQUIVALENCE_NOT_PROVEN""]"
"cand-3dfff1d4-e6d5-5d10-b9bc-34ffa32a9ac6","ex-a24d719a-f346-54c7-b4ef-7688edbd226d","0","1","[""SYMBOLIC_EQUIVALENCE_NOT_PROVEN""]"
"cand-ed9c1e37-0127-5465-b721-76a6ef1cb733","ex-ba3a9e6c-5b5b-53a0-9d0d-a830814009a5","0","1","[""SYMBOLIC_EQUIVALENCE_NOT_PROVEN""]"
"cand-a5fd891a-9374-551e-8569-4292e2777597","ex-cd5b4eba-78db-50b6-ab1a-679f248bff8d","0","1","[""SYMBOLIC_EQUIVALENCE_NOT_PROVEN""]"
"cand-edf1c3a5-4e72-5cff-a34f-ac3b1a88acc3","ex-6f4803be-e8cd-5d03-9128-d139eae1248c","0","1","[""SYMBOLIC_EQUIVALENCE_NOT_PROVEN""]"
"cand-7f0ac78c-4dca-5c9c-88f4-378f9fc664ce","ex-032ae0b3-94c4-53e7-9466-fed8c608d929","0","1","[""SYMBOLIC_EQUIVALENCE_NOT_PROVEN""]"
"cand-7ba345e4-d545-57c1-abe7-5c648fdc2f26","ex-d368cefe-3d77-5d6a-b0df-cd0f73604650","0","1","[""SYMBOLIC_EQUIVALENCE_NOT_PROVEN""]"
"cand-06d9e95a-a68e-52ff-b85c-b5739a3b3e27","ex-e007f104-027d-5654-b343-013d022b6d8b","0","1","[""SYMBOLIC_EQUIVALENCE_NOT_PROVEN""]"
"cand-2d50abaf-841b-5a74-87f3-3d58fd78806b","ex-31edbe87-c141-5e11-b8b8-b52955715c8f","0","1","[""SYMBOLIC_EQUIVALENCE_NOT_PROVEN""]"
"cand-bf8f77a9-0917-5492-aa87-10fd7d0322f1","ex-6ae3f351-8602-5501-9af6-e2afe20096a8","0","2","[""MATH_REPRESENTATION_UNDECLARED"",""SYMBOLIC_EQUIVALENCE_NOT_PROVEN""]"
"cand-4648c70a-5f37-57f6-b805-8b9d837bce6d","ex-9c4640ed-b7cc-5e56-8f00-58118ec4ab1a","0","1","[""SYMBOLIC_EQUIVALENCE_NOT_PROVEN""]"
"cand-96762d1f-425f-57ec-9810-e12370045d14","ex-df906bec-2f1c-5c37-b8f7-8e3a75953741","0","1","[""SYMBOLIC_EQUIVALENCE_NOT_PROVEN""]"
"cand-383042ba-efbe-5945-9213-1b431d577cb0","ex-5bd1b0f0-05f6-55f6-b544-6615a8f68683","0","2","[""MATH_REPRESENTATION_UNDECLARED"",""SYMBOLIC_EQUIVALENCE_NOT_PROVEN""]"
"cand-1bae693a-b95a-5d24-8537-43ee376fd63a","ex-789da4b9-03d7-5e01-bdc1-eca6e504009e","0","1","[""SYMBOLIC_EQUIVALENCE_NOT_PROVEN""]"
"cand-c8d01466-d41b-5fdb-9351-4f323d918fd8","ex-30423032-fb07-57f5-89ba-2ba8117740e5","0","1","[""SYMBOLIC_EQUIVALENCE_NOT_PROVEN""]"
"cand-6a43ccdd-3a49-5eeb-8bb1-3bdfc186e736","ex-17753724-df1b-5bdc-bceb-3ed0e427be9a","0","1","[""SYMBOLIC_EQUIVALENCE_NOT_PROVEN""]"
"cand-d484583a-b9f0-50af-b5d1-f2957311a091","ex-705f4ac0-d53c-53fc-9083-e79751bc1174","0","1","[""SYMBOLIC_EQUIVALENCE_NOT_PROVEN""]"
"cand-a1cd8747-4fba-5d28-9357-8eff43089732","ex-c2c194eb-161c-51a5-8f79-aecc2dc35aea","0","2","[""SOLUTION_DEVELOPMENT_INSUFFICIENT"",""SYMBOLIC_EQUIVALENCE_NOT_PROVEN""]"
"cand-0e67455a-6d15-5853-9f82-51a89bccd248","ex-3f332e96-47e3-5fc7-8f22-2aa44ead2812","0","1","[""SYMBOLIC_EQUIVALENCE_NOT_PROVEN""]"
"cand-cdd3be19-1457-5278-9532-b74cb81d65b7","ex-d2c35d69-24bc-50eb-89ff-62c153fa5a0e","0","1","[""SYMBOLIC_EQUIVALENCE_NOT_PROVEN""]"
"cand-f46ab790-1f70-5997-837f-855f97507627","ex-0c556c53-2693-560b-8284-d1462140e385","0","1","[""SYMBOLIC_EQUIVALENCE_NOT_PROVEN""]"
"cand-287a2948-b291-5b3d-a529-554c9d5c9540","ex-3ee69981-a9d5-55d6-903c-1f2f2041c391","0","2","[""SOLUTION_DEVELOPMENT_INSUFFICIENT"",""SYMBOLIC_EQUIVALENCE_NOT_PROVEN""]"
"cand-3f4cf200-dd31-51e1-86de-af70346316d3","ex-403c7502-722b-5cd8-bcd2-4af1cbce9bfe","0","2","[""MATH_REPRESENTATION_UNDECLARED"",""SYMBOLIC_EQUIVALENCE_NOT_PROVEN""]"
"cand-e8149975-40ae-5dca-a5e0-89036bdca166","ex-e9387fd6-eab9-576f-bb29-6fde8cccff13","0","2","[""SOLUTION_DEVELOPMENT_INSUFFICIENT"",""SYMBOLIC_EQUIVALENCE_NOT_PROVEN""]"
"cand-1577fcc2-6f8b-5fb2-9476-116430af6c4c","ex-b874663a-7d1d-53a4-9d9f-c8b469e1a599","0","1","[""SYMBOLIC_EQUIVALENCE_NOT_PROVEN""]"
"cand-4d5376da-f001-5d1e-90ad-a751267ed403","ex-1895581a-9571-5a46-bdb0-0877bf6a747a","0","1","[""SYMBOLIC_EQUIVALENCE_NOT_PROVEN""]"
"cand-0c3cc8d1-9eb0-59d0-918a-72e7f44aa603","ex-abf14913-5ddf-50ba-8308-6283f30597d6","0","1","[""SYMBOLIC_EQUIVALENCE_NOT_PROVEN""]"
"cand-6e4895ae-5a10-55ae-bc5f-757adabea805","ex-1550b17d-9d43-5cf2-a75c-d102f6ee9855","0","1","[""SYMBOLIC_EQUIVALENCE_NOT_PROVEN""]"
"cand-abc0ff4f-9c88-518e-9b66-21f0c431dd5b","ex-ebfca3b7-662a-5235-afe0-3a5b5ead66d7","0","1","[""SYMBOLIC_EQUIVALENCE_NOT_PROVEN""]"
"cand-c50a5776-69f9-597b-b2f1-fbb8de5f5e8b","ex-f41be623-dbd6-5b9d-97d0-820a8651697d","0","1","[""SYMBOLIC_EQUIVALENCE_NOT_PROVEN""]"
"cand-3b53cac9-52d9-58e7-a95f-ba9e90e5b01d","ex-f726256d-acf1-54c5-aebd-c9dfcec169a0","0","1","[""SYMBOLIC_EQUIVALENCE_NOT_PROVEN""]"
"cand-d3fff24a-2de4-5d40-bcba-47923a3b6a5a","ex-a9501280-beee-530d-b1ae-47029753534d","0","1","[""SYMBOLIC_EQUIVALENCE_NOT_PROVEN""]"
"cand-dedc0392-803f-500c-b32b-466ba9a0e6c6","ex-81f78d11-4a12-505c-a019-52d37c04bfd7","0","1","[""SYMBOLIC_EQUIVALENCE_NOT_PROVEN""]"
"cand-7e785bec-ecbd-5982-bdfa-788e8c26d187","ex-9f60471e-701b-5e84-8293-a463feb928fa","0","1","[""SYMBOLIC_EQUIVALENCE_NOT_PROVEN""]"
"cand-bd48e853-8089-5e49-9fd8-b09574b7b085","ex-0cad77fa-0f4a-55bf-91ff-fdf9d9f86ae5","0","1","[""SYMBOLIC_EQUIVALENCE_NOT_PROVEN""]"
"cand-d0dfc2e3-3c9d-5e49-8a0e-07a9d4af56a8","ex-104a03f6-b163-5e1a-82e7-6e818fb3dd5b","0","1","[""SYMBOLIC_EQUIVALENCE_NOT_PROVEN""]"
"cand-55877063-a25d-5e23-92a7-62dcaddb0456","ex-3aa9cae4-3196-5e6c-b001-ae0f4ff8865a","0","1","[""SYMBOLIC_EQUIVALENCE_NOT_PROVEN""]"
"cand-a33f2e36-423d-5596-a25b-9b23e3c91990","ex-41ce2a90-7d74-5320-abc1-586f686c0950","0","1","[""SYMBOLIC_EQUIVALENCE_NOT_PROVEN""]"
"cand-4a512425-1e0f-544f-9a45-9a5a96a45b61","ex-634de7f0-fa8c-5b20-b15c-70a76520c6d7","0","1","[""SYMBOLIC_EQUIVALENCE_NOT_PROVEN""]"
"cand-1830c3bd-4b79-5561-af27-2149e3f1eab2","ex-8302cb1e-f4aa-5aba-92a6-8789d437010b","0","1","[""SYMBOLIC_EQUIVALENCE_NOT_PROVEN""]"
"cand-8295f13f-060c-5008-9694-87d70837e2f1","ex-f6198778-9a59-5c2e-ac6e-7b4af9dca668","0","1","[""SYMBOLIC_EQUIVALENCE_NOT_PROVEN""]"
"cand-953fc579-7b16-5ca3-9b90-c2ea6a6a49fc","ex-607ac7a7-c08f-570e-8c39-2ded83c6c8e8","0","1","[""SYMBOLIC_EQUIVALENCE_NOT_PROVEN""]"
"cand-d4148b00-c227-5591-a2b1-b68b82929def","ex-6d1d972e-10dd-57e2-acbb-409263e4e90a","0","1","[""SYMBOLIC_EQUIVALENCE_NOT_PROVEN""]"
"cand-24d6ed4a-8beb-5f6f-82c3-249906f80499","ex-fb35d496-f107-54ad-ae5c-57314795b874","0","1","[""SYMBOLIC_EQUIVALENCE_NOT_PROVEN""]"
"cand-1db40bc1-af30-57d6-bde1-a54b9d845d0a","ex-d64e37cb-7624-5b5a-be67-01685545257e","0","1","[""SYMBOLIC_EQUIVALENCE_NOT_PROVEN""]"
"cand-7ab3e058-4b1e-557b-a3b3-67fe0b079298","ex-bd471ca8-36a2-5806-b6b0-c30fc68b26ad","0","1","[""SYMBOLIC_EQUIVALENCE_NOT_PROVEN""]"
"cand-327b924c-c277-571f-99c7-fc643b9d63a9","ex-e14e05fc-c67e-5cdc-a906-af865c8751c3","0","1","[""SYMBOLIC_EQUIVALENCE_NOT_PROVEN""]"
"cand-ad3e10a1-d5b4-57c6-b027-c5ad2b494d8a","ex-3ebe3dd7-1eb6-5e41-bb0a-9653eeccdeb6","0","1","[""SYMBOLIC_EQUIVALENCE_NOT_PROVEN""]"
"cand-74038462-280d-5915-9f4e-f6a80b90370a","ex-08c905a2-c219-513f-9900-5984e0a2fb64","0","1","[""SYMBOLIC_EQUIVALENCE_NOT_PROVEN""]"
"cand-34e3378c-0536-520f-8c8f-b1ec3e308670","ex-c94c2eaf-e21e-5e5b-8e5b-65044171e40b","0","1","[""SYMBOLIC_EQUIVALENCE_NOT_PROVEN""]"
"cand-9b38dad5-d2c4-519a-a6dd-def4d1faba21","ex-ccf64564-d9b2-54bf-be75-587cb65a3d9c","0","1","[""SYMBOLIC_EQUIVALENCE_NOT_PROVEN""]"
"cand-b24c4c04-0e93-559b-a873-85bc73a0d668","ex-52b257ff-edf4-5681-ad18-927021cb920e","0","1","[""SYMBOLIC_EQUIVALENCE_NOT_PROVEN""]"
"cand-349b3189-c517-52f8-b248-d951c0c9d80f","ex-73c7f694-97d1-5f45-94a7-0c64c6c54826","0","1","[""SYMBOLIC_EQUIVALENCE_NOT_PROVEN""]"
"cand-9a050403-5e7b-5e68-a24d-75d5b61f6e4b","ex-0e8dc15e-40aa-5d51-9872-95399885b924","0","1","[""SYMBOLIC_EQUIVALENCE_NOT_PROVEN""]"
"cand-413eed48-4612-5dc5-849e-d523f6b3338c","ex-0bc823e5-6912-5d54-bf68-9a47dad47640","0","1","[""SYMBOLIC_EQUIVALENCE_NOT_PROVEN""]"
"cand-b93cfc00-6d3c-533b-9336-a4a22f800e99","ex-15ce0c87-2b85-529c-9b1f-7fed4aee9eb8","0","1","[""SYMBOLIC_EQUIVALENCE_NOT_PROVEN""]"
"cand-a5cacd60-8bb4-5231-a1bf-8e338d553cb8","ex-57a4d0fe-b397-53d4-8b03-975a1306f6c2","0","1","[""SYMBOLIC_EQUIVALENCE_NOT_PROVEN""]"
"cand-62f377c6-60fd-53b7-b6b0-097bcde71478","ex-09ec8705-da3b-580b-9bb6-5fb7470fa297","0","1","[""SYMBOLIC_EQUIVALENCE_NOT_PROVEN""]"
"cand-89c0e84f-9ec9-530b-bf12-8bab1418bef4","ex-a2db879c-bd9e-5860-aace-839db5c88af7","0","1","[""SYMBOLIC_EQUIVALENCE_NOT_PROVEN""]"
"cand-4b95964d-4b19-570a-b4de-24c7cefaf0c7","ex-aa014274-a0c5-56f2-8173-78a1d5cfb7e5","0","1","[""SYMBOLIC_EQUIVALENCE_NOT_PROVEN""]"
"cand-062b938e-2486-57a6-b192-811e09405dfe","ex-034f0ae4-45b8-5db9-bd7b-32e64b26925d","0","1","[""SYMBOLIC_EQUIVALENCE_NOT_PROVEN""]"
"cand-67972b68-39fe-54c6-b5e2-cb0fb65e3827","ex-4a7db989-7c4f-57e6-b28f-d1e24f59be80","0","1","[""SYMBOLIC_EQUIVALENCE_NOT_PROVEN""]"
"cand-ea19aefa-0346-5065-b2f0-10dd3bb0b6b0","ex-1afd4bf0-e215-5612-b123-28d973fd5271","0","1","[""SYMBOLIC_EQUIVALENCE_NOT_PROVEN""]"
"cand-1e40085f-83c7-5441-9b65-390a91100e52","ex-08455710-f200-59cd-b1d1-71e3d08727a5","0","1","[""SYMBOLIC_EQUIVALENCE_NOT_PROVEN""]"
"cand-8dae09cc-397a-5e20-8c88-d20020b17b35","ex-981efb28-2507-5622-8bac-29ab33888b82","0","1","[""SYMBOLIC_EQUIVALENCE_NOT_PROVEN""]"
"cand-a67c3faf-4a3e-519a-abda-8fb6fa167253","ex-de6630d1-8c56-58b4-99fa-d7261e32d754","0","1","[""SYMBOLIC_EQUIVALENCE_NOT_PROVEN""]"
"cand-baeaec09-3746-5e5a-bb7d-4955d674e26c","ex-541a3dd4-02cf-5b9d-85c6-bc87e473a384","0","1","[""SYMBOLIC_EQUIVALENCE_NOT_PROVEN""]"
"cand-f1d8882c-ffd3-51dd-aced-9c496aa5e14c","ex-ad9e9842-7da6-5aa4-a4c8-f870161d4825","0","1","[""SYMBOLIC_EQUIVALENCE_NOT_PROVEN""]"
"cand-2803d6f2-f7e4-59a0-ae48-248347b501cb","ex-1c736faa-9ac1-535e-908f-58373c277c2f","0","1","[""SYMBOLIC_EQUIVALENCE_NOT_PROVEN""]"
"cand-cd693cb7-d94f-5cd7-a58b-5c0685b32ddf","ex-947e7cb3-d3c5-578e-9ee1-d6932e4f5bbf","0","1","[""SYMBOLIC_EQUIVALENCE_NOT_PROVEN""]"
"cand-96696123-27cf-5bab-8b4a-5b7084e03e6f","ex-d3405f0b-5373-57e3-b5d7-be2a3d9a66ef","0","1","[""SYMBOLIC_EQUIVALENCE_NOT_PROVEN""]"
"cand-42713b64-4fb7-5d83-a2d6-cefc9dff2401","ex-26804ad5-57ce-5005-9be7-8439ccd91275","0","1","[""SYMBOLIC_EQUIVALENCE_NOT_PROVEN""]"
"cand-25a0d2b9-82dc-5a51-b6aa-70bac0f69ce8","ex-c055269f-be0d-59a6-afd8-583abe22fab1","0","1","[""SYMBOLIC_EQUIVALENCE_NOT_PROVEN""]"
"cand-530c7ddf-87a0-53ce-92cf-1465e528aa7f","ex-a8687d44-7361-5ab9-8575-1ab4f92da406","0","1","[""SYMBOLIC_EQUIVALENCE_NOT_PROVEN""]"
"cand-384aef84-c001-5074-a568-5e59b74a5a26","ex-3b0305a3-d0b1-55e0-ac4d-a0018488b351","0","1","[""SYMBOLIC_EQUIVALENCE_NOT_PROVEN""]"
"cand-c573b451-fa5e-5cd6-821b-540c2a789275","ex-d2d941e0-85bc-5c55-8397-5572c55af490","0","1","[""SYMBOLIC_EQUIVALENCE_NOT_PROVEN""]"
"cand-b4ad11be-5b95-5259-ad2a-09b6a7b1159d","ex-93dd23db-acbb-55e4-b2ca-4d28330ec905","0","1","[""SYMBOLIC_EQUIVALENCE_NOT_PROVEN""]"
"cand-df8a7e36-33e4-5088-a21e-4c70ebce3aea","ex-f4b0a791-7c69-5022-84de-dac688bf7012","0","1","[""SYMBOLIC_EQUIVALENCE_NOT_PROVEN""]"
"cand-af3d6d60-e6b4-526c-a50f-bb27f334f213","ex-1bef6c5d-f94a-5cde-aa02-257737b1ed9f","0","1","[""SYMBOLIC_EQUIVALENCE_NOT_PROVEN""]"
"cand-6a0c8d65-ff15-5598-bdf3-83b2830a2a2d","ex-9de9449c-d1aa-5813-a0b7-2b38e8e3bcea","0","1","[""SYMBOLIC_EQUIVALENCE_NOT_PROVEN""]"
"cand-94ab39ee-cf09-5f3b-a82e-6e5e7b9e255e","ex-bf3a1319-519a-58c5-aca7-2e43d2d01e31","0","1","[""SYMBOLIC_EQUIVALENCE_NOT_PROVEN""]"
"cand-d0d12589-fd54-5738-99c5-aae1464a40bd","ex-20cfc18c-f9f8-53ba-98ba-4bb00c4ce2f7","0","1","[""SYMBOLIC_EQUIVALENCE_NOT_PROVEN""]"
"cand-423a97e8-9d94-5c27-9fdc-1e5cd6ac0476","ex-be036762-05ff-5470-a1b0-c7d986e3b41e","0","1","[""SYMBOLIC_EQUIVALENCE_NOT_PROVEN""]"
"cand-9bc55153-776f-5f68-a661-4e9ea13aa844","ex-6b1ff4f7-1a55-5216-af9c-13f8adc4cad8","0","1","[""SYMBOLIC_EQUIVALENCE_NOT_PROVEN""]"
"cand-26e2398b-b2b5-5f8e-ab7a-de11367d765a","ex-e4861bd9-0f6c-53a9-ae18-6c7ffddfc40d","0","1","[""MATH_REPRESENTATION_UNDECLARED""]"
"cand-8f7f2345-8f5e-56c8-98ed-a4312a5a1b15","ex-c53279a1-b26f-5b74-93cf-e5109db343dc","0","1","[""MATH_REPRESENTATION_UNDECLARED""]"
"cand-5bfd93df-e3ef-55f7-a3d0-eae2c76b3dea","ex-b6bfa9ee-525c-54d4-8d42-635540008b17","0","1","[""SYMBOLIC_EQUIVALENCE_NOT_PROVEN""]"
"cand-b485ed02-99cd-55f5-bb5e-b8fefb181082","ex-ff27845f-1eb5-5697-a0c0-d831bd048df5","0","1","[""MATH_REPRESENTATION_UNDECLARED""]"
"cand-6d8ce244-1076-5bc6-a6ae-5fe613e75007","ex-425711e1-e6f2-57fb-b505-315f6586bf72","0","1","[""SYMBOLIC_EQUIVALENCE_NOT_PROVEN""]"
"cand-41cb1ef5-3380-5434-877a-c85ab1e99af8","ex-bd8027d8-7121-5bec-aadb-8e01312608d4","0","1","[""MATH_REPRESENTATION_UNDECLARED""]"
"cand-37453eb0-33cb-58e4-8629-e8ee9e0f291f","ex-aedb846a-5f29-599e-b5ac-fc937ca5f1c9","0","1","[""SYMBOLIC_EQUIVALENCE_NOT_PROVEN""]"
"cand-e4d7e6ec-3ef4-5f27-9e1e-11226265bd1f","ex-7e9c1397-2384-5391-ab3e-4bb9f4d37c12","0","1","[""SYMBOLIC_EQUIVALENCE_NOT_PROVEN""]"
"cand-204c3237-fc3b-5f9e-9824-0ac638ec733f","ex-360980df-81c1-5c2d-bc8e-93ad4fea00a6","0","1","[""SYMBOLIC_EQUIVALENCE_NOT_PROVEN""]"
"cand-140f1008-9f7b-5d84-8c4c-b5feace733c1","ex-92e6561a-626e-508b-b70a-70156cf23edc","0","1","[""MATH_REPRESENTATION_UNDECLARED""]"
"cand-ee0aa2e7-3ab3-51d1-ae8b-46dfc837b71a","ex-1468103d-d4e0-51ef-9c31-6c23c764a8ef","0","1","[""MATH_REPRESENTATION_UNDECLARED""]"
"cand-0d29ba57-ded8-5a24-9c26-3ecacfccd32f","ex-6b21256e-9852-5aba-9e52-d87744c6d126","0","1","[""SYMBOLIC_EQUIVALENCE_NOT_PROVEN""]"
"cand-edef2fce-daf9-5aa5-968e-0b61a5fe36a8","ex-1a1b1181-853b-5059-af36-2b26caab8637","0","1","[""SYMBOLIC_EQUIVALENCE_NOT_PROVEN""]"
"cand-900f75e8-3827-57c0-acf0-0ea01899afdc","ex-720f9abe-0cb9-503f-b068-10f4d947fea2","0","1","[""SYMBOLIC_EQUIVALENCE_NOT_PROVEN""]"
"cand-761b98fe-e366-586b-b420-f0796ee29d05","ex-31e3e1b6-3687-5d58-a1af-c7613e1e30a6","0","1","[""SYMBOLIC_EQUIVALENCE_NOT_PROVEN""]"
"cand-41ce8d6a-fbf4-5b97-a53c-676ddff4b250","ex-d5994b13-66c0-5524-89cc-81f0b44c8a87","0","1","[""SYMBOLIC_EQUIVALENCE_NOT_PROVEN""]"
"cand-eb31d43d-f2a5-5b54-8275-202319690ea6","ex-f00635ff-6c7f-5505-b157-069bc46bb888","0","1","[""SYMBOLIC_EQUIVALENCE_NOT_PROVEN""]"
"cand-4541c297-8148-5abf-bec0-b7f33ab69dbb","ex-e59d5476-b4a7-59d5-8b96-cc8e5df4f4a3","0","1","[""SYMBOLIC_EQUIVALENCE_NOT_PROVEN""]"
"cand-547597b0-b9b7-589c-91af-2dade56105b5","ex-78e7b8cf-11fd-5985-8a83-0079b1d28bcf","0","1","[""SYMBOLIC_EQUIVALENCE_NOT_PROVEN""]"
"cand-9fe8f12c-5f97-5853-b288-9919e48bb773","ex-7970c48f-fc6b-5eb3-9a9b-55807c0bedc1","0","1","[""SYMBOLIC_EQUIVALENCE_NOT_PROVEN""]"
"cand-414a6aee-e232-5133-ac82-acab8a8dd073","ex-10859335-49b0-5a2e-8b0f-172a82ddc73d","0","1","[""MATH_REPRESENTATION_UNDECLARED""]"
"cand-df1cd2c4-04de-5ac3-85d1-39fbe26acccf","ex-bc721f54-0f99-5e33-bd22-84c37d5ef394","0","1","[""MATH_REPRESENTATION_UNDECLARED""]"
"cand-8245b36f-fd1c-5cf0-9c0f-721bb9a803ed","ex-929dbce4-d075-50ab-a4d3-2bc16ff2431c","0","1","[""SYMBOLIC_EQUIVALENCE_NOT_PROVEN""]"
"cand-9c778d9e-6c15-56cc-b55c-aec1bbe902ac","ex-42c3df75-00de-503b-97ea-61f6de4c8c82","0","1","[""SYMBOLIC_EQUIVALENCE_NOT_PROVEN""]"
"cand-eb708a84-5d53-5770-a580-742521b83f6f","ex-592c69fe-437c-59d4-bdcc-e85360a1dc41","0","1","[""SYMBOLIC_EQUIVALENCE_NOT_PROVEN""]"
"cand-5a0fd143-540f-5e43-9023-3c493a609e3e","ex-b7233ad3-2c23-5772-bfda-0505732b35e2","0","1","[""SYMBOLIC_EQUIVALENCE_NOT_PROVEN""]"
"cand-cbba96a4-492a-5183-bfa0-fc714da28f21","ex-87844c62-bae8-5f4f-9175-824a2149f285","0","1","[""SYMBOLIC_EQUIVALENCE_NOT_PROVEN""]"
"cand-fccddfe6-a8c0-5ac6-aafb-8e24db2f0626","ex-e2962379-0eec-5dd8-b22f-335d3126eb75","0","1","[""SYMBOLIC_EQUIVALENCE_NOT_PROVEN""]"
"cand-e42614da-8188-519c-85fb-484b1ac6ea93","ex-7d1b146c-db70-5bb7-98a3-b16134b0ef09","0","1","[""SYMBOLIC_EQUIVALENCE_NOT_PROVEN""]"
"cand-23e5b5ef-7f81-5889-8267-f9df9f9f3c53","ex-c3c2d550-fb13-505b-b47f-503a87cb68f4","0","2","[""MATH_REPRESENTATION_UNDECLARED"",""SYMBOLIC_EQUIVALENCE_NOT_PROVEN""]"
"cand-0da7d699-74a9-5a3f-91ed-343756f7b064","ex-3301d1e3-70e0-5e41-aaa4-6a72af01017f","0","2","[""MATH_REPRESENTATION_UNDECLARED"",""SYMBOLIC_EQUIVALENCE_NOT_PROVEN""]"
"cand-2bb17d29-826e-52b0-a749-c309d2457334","ex-1b66811e-92e2-5bb1-a295-606ea6e28fe6","0","2","[""MATH_REPRESENTATION_UNDECLARED"",""SYMBOLIC_EQUIVALENCE_NOT_PROVEN""]"
"cand-689d6773-3269-5867-9462-6b3431058231","ex-0c8746b8-ca8c-5dca-9430-ce0f03a7ff79","0","2","[""MATH_REPRESENTATION_UNDECLARED"",""SYMBOLIC_EQUIVALENCE_NOT_PROVEN""]"
"cand-1c0958c7-d15a-57c9-96c8-69eeb3389c5d","ex-24266f4d-82ce-558d-b241-3ab50a0d43c4","0","2","[""MATH_REPRESENTATION_UNDECLARED"",""SYMBOLIC_EQUIVALENCE_NOT_PROVEN""]"
"cand-b3846910-27cc-56c6-8c54-06e9773f9213","ex-d94b28f3-12a8-5553-9209-86892be11df5","0","2","[""MATH_REPRESENTATION_UNDECLARED"",""SYMBOLIC_EQUIVALENCE_NOT_PROVEN""]"
"cand-c0db3deb-bbcc-5b4f-9f09-929945e89d46","ex-347ef205-de45-51bb-bd77-f793b7e82c74","0","2","[""MATH_REPRESENTATION_UNDECLARED"",""SYMBOLIC_EQUIVALENCE_NOT_PROVEN""]"
"cand-007bfed7-f4da-5d83-ba7d-de220f678913","ex-c18ffba3-6ff2-5743-a8f1-05109364f23a","0","2","[""MATH_REPRESENTATION_UNDECLARED"",""SYMBOLIC_EQUIVALENCE_NOT_PROVEN""]"
"cand-62b23816-f6c6-5858-9799-f053dff1e520","ex-78e20135-995d-5693-beec-e7e7609ea47a","0","2","[""MATH_REPRESENTATION_UNDECLARED"",""SYMBOLIC_EQUIVALENCE_NOT_PROVEN""]"
"cand-618a4330-4fe9-54d8-a580-1bd3dd158b06","ex-19cd8686-7117-5604-8522-f500007d4032","0","2","[""MATH_REPRESENTATION_UNDECLARED"",""SYMBOLIC_EQUIVALENCE_NOT_PROVEN""]"
"cand-1d711a6a-f98a-58ef-8ece-fe95527fba1b","ex-d55bcaf6-e5c2-5b8a-a0af-fb9a13cf9763","0","2","[""MATH_REPRESENTATION_UNDECLARED"",""SYMBOLIC_EQUIVALENCE_NOT_PROVEN""]"
"cand-69472597-20f7-53de-b010-1a328c84bb54","ex-70fed799-43bc-5b7d-877d-1ad98845d977","0","2","[""MATH_REPRESENTATION_UNDECLARED"",""SYMBOLIC_EQUIVALENCE_NOT_PROVEN""]"
"cand-b277fb7e-c645-5fda-a5ca-f3bbf7ac2261","ex-039419d8-19ce-57af-9f18-0a64f6ef3bc1","0","2","[""MATH_REPRESENTATION_UNDECLARED"",""SYMBOLIC_EQUIVALENCE_NOT_PROVEN""]"
"cand-d02d6857-bf53-52ff-b553-1dae52ceef9d","ex-03fbd3b7-476d-585d-84f2-ed3a0e1ee936","0","2","[""MATH_REPRESENTATION_UNDECLARED"",""SYMBOLIC_EQUIVALENCE_NOT_PROVEN""]"
"cand-d79fe382-1dd6-56d1-93ba-2f1853d815cc","ex-ab716921-1bf4-5ee5-a7ff-7e2d84446e84","0","2","[""MATH_REPRESENTATION_UNDECLARED"",""SYMBOLIC_EQUIVALENCE_NOT_PROVEN""]"
"cand-6532c705-c960-5aa3-8441-eca1c8224166","ex-2dd1c290-862c-576c-b299-770a1f4d5c39","0","2","[""MATH_REPRESENTATION_UNDECLARED"",""SYMBOLIC_EQUIVALENCE_NOT_PROVEN""]"
"cand-3a1006c9-7d89-5472-a0de-43fea83929ee","ex-16945739-efca-5655-9710-e276df2ea99a","0","2","[""MATH_REPRESENTATION_UNDECLARED"",""SYMBOLIC_EQUIVALENCE_NOT_PROVEN""]"
"cand-d872a485-d3ba-5703-8a5a-bdaab9a6de4a","ex-39f2d95f-4556-55d5-bbe3-78bb85cd566c","0","2","[""MATH_REPRESENTATION_UNDECLARED"",""SYMBOLIC_EQUIVALENCE_NOT_PROVEN""]"
"cand-6ae09929-7f9a-5039-9224-f2f98faab30e","ex-ff8714ed-00d1-56b0-bb0c-1e47f931ca64","0","2","[""MATH_REPRESENTATION_UNDECLARED"",""SYMBOLIC_EQUIVALENCE_NOT_PROVEN""]"
"cand-98d762fb-f3fa-5e4c-9dc5-c85ceb2ce7cb","ex-ccdd6721-8888-5b8e-b8ad-305e9996d694","0","2","[""MATH_REPRESENTATION_UNDECLARED"",""SYMBOLIC_EQUIVALENCE_NOT_PROVEN""]"
"cand-3f6aad2b-0787-5d84-9412-d39fb976f294","ex-aa6f3912-a010-5923-a2c1-60327319b8c5","0","2","[""MATH_REPRESENTATION_UNDECLARED"",""SYMBOLIC_EQUIVALENCE_NOT_PROVEN""]"
"cand-3212f686-ce5c-5b02-b365-5e01105ca30b","ex-1e968344-ce75-5acb-ae18-7c50d0a03e05","0","2","[""MATH_REPRESENTATION_UNDECLARED"",""SYMBOLIC_EQUIVALENCE_NOT_PROVEN""]"
"cand-d087b7cc-0e6b-5d40-9404-25680172e983","ex-95b810b6-3854-5120-8294-432c6b7c729c","0","2","[""MATH_REPRESENTATION_UNDECLARED"",""SYMBOLIC_EQUIVALENCE_NOT_PROVEN""]"
"cand-30a70034-faa6-50f0-b563-63cfb62c23c0","ex-42fcc904-8bb7-5c0a-acf6-b5dbde6382a0","0","2","[""MATH_REPRESENTATION_UNDECLARED"",""SYMBOLIC_EQUIVALENCE_NOT_PROVEN""]"
"cand-f5b90b93-51d8-5c90-b375-00d8e0b78b14","ex-a7ea50c9-3023-58c7-98f8-c740399718ba","0","2","[""MATH_REPRESENTATION_UNDECLARED"",""SYMBOLIC_EQUIVALENCE_NOT_PROVEN""]"
"cand-103ae450-7005-525c-ac22-d1d993b9fff3","ex-d897fb06-edf2-57c7-b87d-1a7b2960a32f","0","1","[""SYMBOLIC_EQUIVALENCE_NOT_PROVEN""]"
"cand-834b3d8c-ff9d-543e-bd0f-610ad610db52","ex-fd5a64b3-27a3-5820-9c77-862e5e20c93d","0","1","[""SYMBOLIC_EQUIVALENCE_NOT_PROVEN""]"
"cand-a993868f-6c97-5a36-9555-6c3debc6f019","ex-60835b41-db7b-5cf8-9dce-26017468fae3","0","1","[""SYMBOLIC_EQUIVALENCE_NOT_PROVEN""]"
"cand-dcd4a455-83f8-5c4e-b18e-42e03381fd74","ex-2f9bf374-8c30-5ca0-817c-457af55ddf96","0","1","[""SYMBOLIC_EQUIVALENCE_NOT_PROVEN""]"
"cand-d083955d-3a36-573d-b8b8-f36dabec059f","ex-84df9a30-d813-56dd-b36b-55198cb083b7","0","1","[""SYMBOLIC_EQUIVALENCE_NOT_PROVEN""]"
"cand-3866013c-9bbd-57d6-a214-5cd082ad64c8","ex-eef40562-1a2b-59df-bf63-94a720057617","0","1","[""SYMBOLIC_EQUIVALENCE_NOT_PROVEN""]"
"cand-8a37a46d-23bc-5613-8180-9d547bfaa069","ex-8e263ddf-5ca5-5780-b181-157c076e4380","0","1","[""SYMBOLIC_EQUIVALENCE_NOT_PROVEN""]"
"cand-7497f377-39d7-52c6-a3b7-955cea8613e0","ex-b00dba0e-144d-520b-8657-8b354a517fab","0","1","[""SYMBOLIC_EQUIVALENCE_NOT_PROVEN""]"
"cand-99cb5475-95bf-5d4c-b670-c0f7ab2de936","ex-2ffcb81f-c591-5e09-b049-3eb3e41abd0d","0","1","[""SYMBOLIC_EQUIVALENCE_NOT_PROVEN""]"
"cand-fc0424c3-9e51-5905-b9b7-bbcd2adee65c","ex-71faea9a-57ca-5210-89dc-faf39e65b700","0","1","[""SYMBOLIC_EQUIVALENCE_NOT_PROVEN""]"
"cand-9ac9f611-dfab-50a0-a029-852e4433007f","ex-0d2a77fb-1db4-5ade-a028-fc62aadf5fdc","0","1","[""SYMBOLIC_EQUIVALENCE_NOT_PROVEN""]"
"cand-7a2df660-9811-5216-91b9-89bd9246d4d1","ex-40f56adf-dae1-59c2-86cb-be48ac30a8aa","0","1","[""SYMBOLIC_EQUIVALENCE_NOT_PROVEN""]"
"cand-ad7c449b-3e9d-5b56-b58c-f7bade968704","ex-2d2550e2-fffa-5a60-a156-13bba0dd176d","0","1","[""SYMBOLIC_EQUIVALENCE_NOT_PROVEN""]"
"cand-05d3facc-b325-54d0-b54d-bf2884ecd345","ex-4d60c259-e36a-5910-be34-4134b1e97f0f","0","1","[""SYMBOLIC_EQUIVALENCE_NOT_PROVEN""]"
"cand-78f7f9a6-5252-5fd2-9295-6921ab58bfca","ex-e917108a-a150-5dbe-91c0-de31decd6d7b","0","1","[""SYMBOLIC_EQUIVALENCE_NOT_PROVEN""]"
"cand-8ea65914-9f89-564c-af5a-9e09b60a7b3d","ex-6c58996d-489d-507d-90d5-06893fda1b00","0","1","[""SYMBOLIC_EQUIVALENCE_NOT_PROVEN""]"
"cand-6124178b-7a11-5d3f-b15c-9fda67fe950b","ex-1e02d951-c5ab-540f-a557-7202bb4c0c4d","0","1","[""SYMBOLIC_EQUIVALENCE_NOT_PROVEN""]"
"cand-72797a22-7f30-57c8-a541-17e9e181f3cc","ex-051c79fd-be94-51f4-8251-df4f5c0285bc","0","1","[""SYMBOLIC_EQUIVALENCE_NOT_PROVEN""]"
"cand-7aa0d98a-a135-568b-8f7d-50341cba1899","ex-b3ea4e8d-ce4d-51a3-89c2-59444567ca66","0","1","[""SYMBOLIC_EQUIVALENCE_NOT_PROVEN""]"
"cand-4e030042-4e5f-5756-bd83-5935472517db","ex-89a70baf-244e-5c47-899d-ef970a90453d","0","1","[""SYMBOLIC_EQUIVALENCE_NOT_PROVEN""]"
"cand-dfc48617-a591-5887-8422-58de0a0a889e","ex-e557edfa-78d5-5617-938b-828f98869b91","0","1","[""SYMBOLIC_EQUIVALENCE_NOT_PROVEN""]"
"cand-2da247ae-70f3-51d6-b386-621bf79a34d1","ex-7c51c8c8-d109-55da-959c-005cfcaa01a8","0","1","[""SYMBOLIC_EQUIVALENCE_NOT_PROVEN""]"
"cand-b9aeed7f-637f-5bfe-b3ab-a5c9a55f248c","ex-adb28e1f-d516-5722-b61f-094344805f80","0","1","[""SYMBOLIC_EQUIVALENCE_NOT_PROVEN""]"
"cand-97b057b6-02ab-5c19-9476-bda1bee54937","ex-7df50195-38c2-5037-a7ad-3804f4237b00","0","2","[""MATH_REPRESENTATION_UNDECLARED"",""SYMBOLIC_EQUIVALENCE_NOT_PROVEN""]"
"cand-fbe627f1-66d7-58f4-b002-645baeb82129","ex-071d5060-503c-5c18-bb10-1c3645f6a866","0","1","[""SYMBOLIC_EQUIVALENCE_NOT_PROVEN""]"
"cand-da16611b-5e46-50aa-ab2d-288d34f5cfb5","ex-79e2b9ce-8095-5cbf-9a3d-da8342082884","0","1","[""SYMBOLIC_EQUIVALENCE_NOT_PROVEN""]"
"cand-025c18d7-b7d9-5a6e-b1c3-04fab5a34eda","ex-58ac8a4d-70a5-5b96-a128-512d93367680","0","1","[""SYMBOLIC_EQUIVALENCE_NOT_PROVEN""]"
"cand-73f247c1-78c4-5437-8d51-37d8f08b5c43","ex-e23b2c16-c878-5f37-a9ee-0fb9e92981f7","0","1","[""SYMBOLIC_EQUIVALENCE_NOT_PROVEN""]"
"cand-5e226820-99e0-571f-89f2-da85fa2117a2","ex-cbd7a408-e3ac-54c0-b448-a5d9e82d6774","0","1","[""SYMBOLIC_EQUIVALENCE_NOT_PROVEN""]"
"cand-18687168-5678-5175-a913-ef1fcb6a021c","ex-2a0a05e9-b715-5acb-adb8-19c31d49a972","0","1","[""SYMBOLIC_EQUIVALENCE_NOT_PROVEN""]"
"cand-a3f22d23-ecee-55c5-a0b6-b45879901d52","ex-c609637f-6735-5bf7-9cb9-1f79f78771a0","0","1","[""SYMBOLIC_EQUIVALENCE_NOT_PROVEN""]"
"cand-f31367e8-6f52-56c9-b443-748152e71bf3","ex-854ca5ca-b602-5c3e-8660-1b03ec193263","0","1","[""SYMBOLIC_EQUIVALENCE_NOT_PROVEN""]"
"cand-8dbce96f-83db-57d3-bc4b-52eeb7e8d1cd","ex-d2c913ba-71c0-58e1-86f1-da1c0b2aaca7","0","1","[""SYMBOLIC_EQUIVALENCE_NOT_PROVEN""]"
"cand-27d0c4a6-159a-50cf-b22a-cc0506203f16","ex-69f9b3db-0666-5ac7-85c9-f30eb39440c0","0","1","[""SYMBOLIC_EQUIVALENCE_NOT_PROVEN""]"
"cand-0565a6b8-d415-50c4-a733-2da805eb1c28","ex-e3823db4-be0f-5346-9d52-7393c8563395","0","1","[""SYMBOLIC_EQUIVALENCE_NOT_PROVEN""]"
"cand-5a9913ab-adb0-5cc0-ac9d-80fd79ca8cc4","ex-0f9cef53-85ba-5271-8026-3303ad43cfae","0","1","[""SYMBOLIC_EQUIVALENCE_NOT_PROVEN""]"
"cand-3fcf72b9-944b-5291-8d03-bcaf57556f5f","ex-c78cc8da-37fd-5346-8b97-d4f457f84a5f","0","1","[""SYMBOLIC_EQUIVALENCE_NOT_PROVEN""]"
"cand-9bba3c0b-e17e-54a7-b3fa-246f1bb2d820","ex-197f3520-f684-5363-a42a-3b1e783ac627","0","1","[""SYMBOLIC_EQUIVALENCE_NOT_PROVEN""]"
"cand-367721b4-2f0a-5d6f-9f16-550172eaa04b","ex-0b1f4aa7-8885-50ed-9271-bf78d7ee38eb","0","1","[""SYMBOLIC_EQUIVALENCE_NOT_PROVEN""]"
"cand-f974273f-5a3f-538f-9321-368675f5994a","ex-6ca77d13-1b1b-5714-a091-174bb1bc5140","0","1","[""SYMBOLIC_EQUIVALENCE_NOT_PROVEN""]"
"cand-4a5e7196-2f89-500c-b599-d95bbd8d6080","ex-e76d1398-cf69-5f02-8799-d7f5b82befd6","0","1","[""SYMBOLIC_EQUIVALENCE_NOT_PROVEN""]"
"cand-1be4b79b-27dc-5241-9c56-e610ca236d92","ex-88cacd4d-d167-5e31-9df2-23d78dcbd5bd","0","1","[""SYMBOLIC_EQUIVALENCE_NOT_PROVEN""]"
"cand-b342b024-1083-547c-83c8-eb3281bc4b8a","ex-a52d652d-78cd-5c3b-9f9b-400ea9f8e6ef","0","1","[""SYMBOLIC_EQUIVALENCE_NOT_PROVEN""]"
"cand-87b6ce20-37d0-5c1f-92f1-daceda6e5ae8","ex-b6e04113-1c32-5573-a561-c99253a2ee80","0","1","[""SYMBOLIC_EQUIVALENCE_NOT_PROVEN""]"
"cand-5b4d2b53-1d88-5565-b551-5a4397fe64a1","ex-163dc536-3844-5b24-a384-71c75b19016d","0","1","[""SYMBOLIC_EQUIVALENCE_NOT_PROVEN""]"
"cand-e40bb904-fe1b-5ae9-b20c-a18aa531fe5f","ex-a126ef93-cfb9-5e97-a0ca-8cf0ce9f24e1","0","1","[""SYMBOLIC_EQUIVALENCE_NOT_PROVEN""]"
"cand-621edf56-652e-5ee9-be0c-9459ec2b4255","ex-66f84c5f-2694-53e0-a956-f60fb0ab49f8","0","1","[""SYMBOLIC_EQUIVALENCE_NOT_PROVEN""]"
"cand-9cbb7f0a-ab54-55d9-b9cc-3640fae12924","ex-b73dcacb-7dc1-50b9-a89f-f0b75999c637","0","1","[""SYMBOLIC_EQUIVALENCE_NOT_PROVEN""]"
"cand-723aa1ad-0175-5d9c-9707-1552a4636ec1","ex-2085e203-2f56-58eb-a3f8-b72cfb1e5c0d","0","1","[""SYMBOLIC_EQUIVALENCE_NOT_PROVEN""]"
"cand-b7b56e72-ba86-5736-9627-2cadb055dddc","ex-b13af98a-53af-5de0-b66a-2bf359307c53","0","1","[""SYMBOLIC_EQUIVALENCE_NOT_PROVEN""]"
"cand-baa51df4-5b06-53bc-a53c-7d3763d77d01","ex-dd431181-79fc-5ee5-8268-9b32e9374088","0","2","[""MATH_REPRESENTATION_UNDECLARED"",""SYMBOLIC_EQUIVALENCE_NOT_PROVEN""]"
"cand-f39fbdd1-0c49-50c7-8d68-721e9ea4bcf7","ex-eb5a0f6f-7d1e-55c9-bdfe-9b29032f538c","0","1","[""SYMBOLIC_EQUIVALENCE_NOT_PROVEN""]"
"cand-f5633666-03bc-5628-8d10-435abd3cdef7","ex-d61546ef-36c1-511e-94d1-4c30e0460fe4","0","2","[""MATH_REPRESENTATION_UNDECLARED"",""SYMBOLIC_EQUIVALENCE_NOT_PROVEN""]"
"cand-90c42768-84c3-57fe-bcad-0fbe57cade28","ex-9fa429bb-c244-5601-8f88-a62abdfd9e53","0","1","[""SYMBOLIC_EQUIVALENCE_NOT_PROVEN""]"
"cand-1a222d4f-4418-5fb4-adf3-0bbae9266186","ex-d303c73b-2ad4-5411-9ae8-db6e89c8ebc3","0","1","[""SYMBOLIC_EQUIVALENCE_NOT_PROVEN""]"
"cand-738d3e12-952d-50a8-b25c-84f81d3472e7","ex-93cd2ff2-7f34-51d6-af8d-fc0d48a5d822","0","2","[""MATH_REPRESENTATION_UNDECLARED"",""SYMBOLIC_EQUIVALENCE_NOT_PROVEN""]"
"cand-0cfd1bcb-2421-5750-a69f-b4db2d311062","ex-d7c739d4-86d3-5328-b370-07aacc8f0524","0","1","[""SYMBOLIC_EQUIVALENCE_NOT_PROVEN""]"
"cand-34c533e0-1e9d-5b9b-9aaf-e65cf2147089","ex-5c4f52ba-3a2c-5a70-a3a6-99ce13c8f117","0","1","[""SYMBOLIC_EQUIVALENCE_NOT_PROVEN""]"
"cand-003d1d3b-1af6-593a-a034-60fb45dcd325","ex-da6c641d-1f2a-5e32-9919-e1ff4efd1637","0","1","[""SYMBOLIC_EQUIVALENCE_NOT_PROVEN""]"
"cand-66454e10-18f3-5ff0-bda2-634296b991dc","ex-ea0ac96e-83d6-51ac-9472-a6912481eea8","0","2","[""MATH_REPRESENTATION_UNDECLARED"",""SYMBOLIC_EQUIVALENCE_NOT_PROVEN""]"
"cand-4c07a7f6-72a0-5a41-b7ed-60bfb8e7eed4","ex-9431c7bb-f88d-53d7-8be9-546d96b80181","0","1","[""SYMBOLIC_EQUIVALENCE_NOT_PROVEN""]"
"cand-6fd7d961-8d6a-5d5d-80f2-1b54218919bd","ex-5fa3ee63-5a2d-5aed-a278-e602a213e6fb","0","1","[""SYMBOLIC_EQUIVALENCE_NOT_PROVEN""]"
"cand-e0fd6ac7-b01a-5726-830e-def28d659c8a","ex-d354acf5-83b0-538c-a2b7-c6e157c68720","0","1","[""SYMBOLIC_EQUIVALENCE_NOT_PROVEN""]"
"cand-41217c56-16cb-5502-a33a-d39099e6cde9","ex-b92f3b91-b5de-5e55-ba5d-75e865187832","0","1","[""SYMBOLIC_EQUIVALENCE_NOT_PROVEN""]"
"cand-8ddedfa2-37c1-56e7-934d-2933e36174a8","ex-50164822-168d-5913-9e4d-223dbfdc2231","0","1","[""SYMBOLIC_EQUIVALENCE_NOT_PROVEN""]"
"cand-5054ecf7-8a71-5e8d-be70-6af147f88707","ex-0485dc7c-11dc-55eb-a876-d819b9524f87","0","1","[""SYMBOLIC_EQUIVALENCE_NOT_PROVEN""]"
"cand-4bb95c1b-51c6-5592-9c1a-c73ebc106c37","ex-30805689-68d7-5661-aac7-57f394806d93","0","1","[""SYMBOLIC_EQUIVALENCE_NOT_PROVEN""]"
"cand-5bdccc3c-f331-5d0d-8576-372aa4dc2079","ex-461b75cf-bdf6-544d-9b0a-a460d2fbf18d","0","2","[""MATH_REPRESENTATION_UNDECLARED"",""SYMBOLIC_EQUIVALENCE_NOT_PROVEN""]"
"cand-8b874ba0-b20b-532b-9a1b-a23e6ec78009","ex-0b65626a-a407-5ae6-8dd5-829ba649525b","0","1","[""SYMBOLIC_EQUIVALENCE_NOT_PROVEN""]"
"cand-b8ca5a68-3f28-5ac1-aea0-84883c679590","ex-f18ad395-2883-535d-811c-e615469772a0","0","1","[""SYMBOLIC_EQUIVALENCE_NOT_PROVEN""]"
"cand-9cd0a331-851a-5a96-ae47-50ca882e8b5f","ex-b9bf3f7e-8fc2-5ed6-baf3-1ef5b7484dd8","0","1","[""SYMBOLIC_EQUIVALENCE_NOT_PROVEN""]"
"cand-2b6602a6-0191-547e-afb8-2d2e83bdab55","ex-6d15eab9-199c-5e88-97df-198ed8e70a0c","0","1","[""SYMBOLIC_EQUIVALENCE_NOT_PROVEN""]"
"cand-86ee9d70-94c3-5378-a161-61a44960f4a6","ex-94cbc033-52cf-5c01-bf71-11f92d734aeb","0","1","[""SYMBOLIC_EQUIVALENCE_NOT_PROVEN""]"
"cand-262de1b0-85eb-5469-a714-978233d3afe7","ex-d79e34c3-05f6-500a-b59d-8d36eb386423","0","1","[""SYMBOLIC_EQUIVALENCE_NOT_PROVEN""]"
"cand-9d258542-d61f-5c52-9d46-7d326942ab5a","ex-1fb53b2b-aad8-5942-af6b-5dab7f79514f","0","2","[""MATH_REPRESENTATION_UNDECLARED"",""SYMBOLIC_EQUIVALENCE_NOT_PROVEN""]"
"cand-aee40a7a-0be2-5127-96a1-d4f7737e717d","ex-19b7cfa2-bd71-5c9b-92a5-16b14357dd44","0","1","[""SYMBOLIC_EQUIVALENCE_NOT_PROVEN""]"
"cand-1ded7585-47e8-5ff9-86e5-d21ea38b5324","ex-f7987fbe-db7a-5777-a68a-f1903be3d347","0","1","[""SYMBOLIC_EQUIVALENCE_NOT_PROVEN""]"
"cand-5fb4f9b2-771b-5af6-977e-51c84ea527f7","ex-7f83591e-e53d-5fa3-ab31-0375456f430a","0","1","[""SYMBOLIC_EQUIVALENCE_NOT_PROVEN""]"
"cand-0e27f51b-bfc6-5275-95b4-4b7c943070d5","ex-09c41d64-c4db-5887-9eb6-cff9fa367dda","0","1","[""SYMBOLIC_EQUIVALENCE_NOT_PROVEN""]"
"cand-2b07c325-91b3-5dd8-a35c-d4e063aeba09","ex-d5b5a55e-b6b6-57b3-a9f6-598b0da66f46","0","1","[""SYMBOLIC_EQUIVALENCE_NOT_PROVEN""]"
"cand-2e324367-d48b-5c88-9507-b0ca2a21f7c0","ex-e380d90f-bf17-5d0c-a5f2-de4788e74f33","0","1","[""SYMBOLIC_EQUIVALENCE_NOT_PROVEN""]"
"cand-e8027a36-c0ee-5e09-a8ca-6be1a709d2fc","ex-21374ddd-c7eb-58d7-b50c-291eb7885733","0","1","[""SYMBOLIC_EQUIVALENCE_NOT_PROVEN""]"
"cand-61869250-ea68-5994-a436-b9425023e615","ex-08c728d0-9880-5615-bb9f-65cb90223cf6","0","1","[""SYMBOLIC_EQUIVALENCE_NOT_PROVEN""]"
"cand-b0e3fbdd-b946-5c66-ad4b-41dc6e7d3ea1","ex-8b80bfc8-708f-57c2-8302-e6bfd9314d9d","0","1","[""SYMBOLIC_EQUIVALENCE_NOT_PROVEN""]"
"cand-90fdd17b-73b4-57c7-a3bc-8a738aa3985d","ex-d9bd61c2-36d3-52ad-89e2-502c929a9ddc","0","1","[""SOLUTION_DEVELOPMENT_INSUFFICIENT""]"
"cand-1ca15409-1ece-5ed7-8810-16aa07379b42","ex-1096844c-74b9-5379-a338-53c35dc1aa90","0","1","[""SYMBOLIC_EQUIVALENCE_NOT_PROVEN""]"
"cand-19a16dd0-2b0b-5319-862e-bc2b815aa5ce","ex-d0b3856f-b766-564c-bd49-1ef3a7f06827","0","1","[""SYMBOLIC_EQUIVALENCE_NOT_PROVEN""]"
"cand-3de285c9-d3cf-524e-bd8e-15a45431ec0a","ex-811b2d28-4cba-5787-9a00-64ac78339635","0","1","[""SYMBOLIC_EQUIVALENCE_NOT_PROVEN""]"
"cand-038c5a22-37be-5c2f-b958-403d46cb5fb8","ex-004ff802-0884-5ebf-bbb0-a1ba1e6943b4","0","2","[""MATH_REPRESENTATION_UNDECLARED"",""SYMBOLIC_EQUIVALENCE_NOT_PROVEN""]"
"cand-c839c78a-158f-5780-8129-e3823067f435","ex-89ab6eab-dbbb-5e1c-bc03-4931f28d6282","0","1","[""SYMBOLIC_EQUIVALENCE_NOT_PROVEN""]"
"cand-ab511a6b-122f-5000-a269-12aa426354e4","ex-1fad4491-c5ce-5f29-95c2-599e5ae9dc78","0","1","[""SOLUTION_DEVELOPMENT_INSUFFICIENT""]"
"cand-b4442c84-5b77-5305-aa35-022857293a0b","ex-f9d49326-f059-5e2c-b6cc-0be89d4753e4","0","2","[""SOLUTION_DEVELOPMENT_INSUFFICIENT"",""SYMBOLIC_EQUIVALENCE_NOT_PROVEN""]"
"cand-9da3a991-6d65-50f7-a270-b19a5682ab2c","ex-50a83a89-fa2d-55bc-99c0-98a2fe3a3d70","0","1","[""SYMBOLIC_EQUIVALENCE_NOT_PROVEN""]"
"cand-218da79e-ca48-531b-a37c-3de164b80097","ex-8206a546-7266-5909-9e0d-7ea05fc174ef","0","1","[""SYMBOLIC_EQUIVALENCE_NOT_PROVEN""]"
"cand-49c28a02-19da-5108-a378-ac6a5b22429b","ex-28642be1-a9dc-5d9f-acdc-fbed0ad90bdd","0","1","[""SYMBOLIC_EQUIVALENCE_NOT_PROVEN""]"
"cand-cc7dfd9b-fd3d-5fa1-9a8b-2382b97c5cb9","ex-f5913d95-8201-559a-b7f6-2425cb25e9e0","0","1","[""SYMBOLIC_EQUIVALENCE_NOT_PROVEN""]"
"cand-a39558e7-f295-5be8-8f29-35f5e482a58b","ex-3742fc9d-03da-5a96-b351-bef4229b3c53","0","1","[""SYMBOLIC_EQUIVALENCE_NOT_PROVEN""]"
"cand-bede1cff-6595-50cf-8d88-e3317ee47e8d","ex-729d9574-f1d0-5b9c-9143-7c7209cd31a1","0","1","[""SYMBOLIC_EQUIVALENCE_NOT_PROVEN""]"
"cand-7b09baa0-1f0e-5231-998b-b0a8f5241ee0","ex-16179668-f613-5118-8462-ce6021559482","0","1","[""SYMBOLIC_EQUIVALENCE_NOT_PROVEN""]"
"cand-6d698c39-83a3-5b78-90c4-f4bd27c65464","ex-090f3192-99c3-51c9-9615-de1cc6c29606","0","1","[""SYMBOLIC_EQUIVALENCE_NOT_PROVEN""]"
"cand-ff8bd614-c61b-5247-bee3-0432d5a262f7","ex-140c5e90-e3c8-5ba1-b8ab-2fcaa945535a","0","1","[""SYMBOLIC_EQUIVALENCE_NOT_PROVEN""]"
"cand-6cbac1e4-cc0f-5798-93c1-4a3e336330dc","ex-8fc4960f-5414-568f-a4c9-e1f3b692e905","0","1","[""SYMBOLIC_EQUIVALENCE_NOT_PROVEN""]"
"cand-d02df2c2-2e7a-5e03-964b-c9512a0c0074","ex-c65330e7-a711-561e-962e-7a47cb6ad7b2","0","1","[""SYMBOLIC_EQUIVALENCE_NOT_PROVEN""]"
"cand-5b01cf16-1894-5ed1-b09e-96774511361e","ex-eeba8855-ed50-56c1-9625-27af797682d6","0","1","[""SYMBOLIC_EQUIVALENCE_NOT_PROVEN""]"
"cand-8ee5743a-8607-5639-adfa-792613a0b36f","ex-4a1b1a33-0d6e-5e81-8535-e3898a67f6c7","0","1","[""SYMBOLIC_EQUIVALENCE_NOT_PROVEN""]"
"cand-ed483812-fb5f-5261-812a-57364f5c4be2","ex-ab81923c-bd52-503c-9879-9a804a3e6d12","0","1","[""SYMBOLIC_EQUIVALENCE_NOT_PROVEN""]"
"cand-de9c2022-e911-501d-9fd7-40919c141927","ex-dd2e27c0-481f-50a6-b374-8a9fa189796e","0","1","[""SYMBOLIC_EQUIVALENCE_NOT_PROVEN""]"
"cand-ee5f97cf-8c67-546e-980e-0fa897d0bd5d","ex-23d4d0af-5e95-520b-814e-e77b94893a07","0","1","[""SYMBOLIC_EQUIVALENCE_NOT_PROVEN""]"
"cand-dad4c6c6-eadc-577e-bb1d-139b40bce7a6","ex-f3d9b1fe-df08-5370-991e-15db70fafc1a","0","1","[""SYMBOLIC_EQUIVALENCE_NOT_PROVEN""]"
"cand-c62c78c7-bec5-548e-a95f-283ab68b6a64","ex-d75efbd2-565a-5cec-8dcd-42df8fc0a8fc","0","1","[""SYMBOLIC_EQUIVALENCE_NOT_PROVEN""]"
"cand-e97d43d1-a4e9-57ed-b7e2-2ca5c0898c71","ex-055104db-d90a-5b5f-9819-090f379dbb50","0","1","[""SYMBOLIC_EQUIVALENCE_NOT_PROVEN""]"
"cand-a819e63d-17f2-5941-aa15-bfd35be141ff","ex-f6adef0d-6726-55b4-ac84-fdd3b8f19c08","0","1","[""SYMBOLIC_EQUIVALENCE_NOT_PROVEN""]"
"cand-f40ab848-4518-5a04-94cb-48e358e56d5d","ex-933fe21a-b1f8-563d-a88e-110a9e55dfc0","0","1","[""SYMBOLIC_EQUIVALENCE_NOT_PROVEN""]"
"cand-d0a51172-5dbd-5fe7-8a2b-5945e205dc07","ex-b8d380f8-f9bb-5cdd-af9f-7d5a3c5cad40","0","1","[""SYMBOLIC_EQUIVALENCE_NOT_PROVEN""]"
"cand-0eefecf9-716d-5f7b-90e2-ca04e6045499","ex-a491e15b-91a9-5018-918f-adb6e30f8dc0","0","1","[""SYMBOLIC_EQUIVALENCE_NOT_PROVEN""]"
"cand-1f7504aa-bb4f-5a45-84b1-9fc9f8fe9035","ex-f25bc378-e786-5a80-809a-bbfe5b251805","0","1","[""SYMBOLIC_EQUIVALENCE_NOT_PROVEN""]"
"cand-b9cd4fe1-3e4c-5516-b0fb-e16cc7dabf63","ex-4b5512de-94f0-5cb7-8af7-0571e25fa8ef","0","1","[""SYMBOLIC_EQUIVALENCE_NOT_PROVEN""]"
"cand-b4171a01-ba75-51fd-9e36-4d5debc8b762","ex-8f506f79-3cbf-5969-b9d1-318c14593cbc","0","1","[""SYMBOLIC_EQUIVALENCE_NOT_PROVEN""]"
"cand-49658aee-ca5c-55b4-863b-b80dab147535","ex-1f979faa-7331-5abe-8919-fe16860ec7d5","0","1","[""SYMBOLIC_EQUIVALENCE_NOT_PROVEN""]"
"cand-698f0a65-e471-500a-9ea0-03157ccb8fc4","ex-245469c0-47ef-5db7-a1d6-1fd7dc23adc5","0","1","[""SYMBOLIC_EQUIVALENCE_NOT_PROVEN""]"
"cand-6ac5e26e-961b-546a-ae19-7f05aff59f76","ex-4fdcbd72-623a-54eb-95f0-e92f63a1cce2","0","1","[""SYMBOLIC_EQUIVALENCE_NOT_PROVEN""]"
"cand-19fcd23d-3372-5e7f-94e2-3c13c6c1c375","ex-51234852-c14d-5ca4-831f-f1133fa7d860","0","1","[""SYMBOLIC_EQUIVALENCE_NOT_PROVEN""]"
"cand-90b26593-b99b-5939-8c26-5ed4e77fb067","ex-e11c14f8-f1e2-5b13-b49c-c6c0ecf9b44f","0","1","[""SYMBOLIC_EQUIVALENCE_NOT_PROVEN""]"
"cand-1146d5f6-389c-53cd-b01c-1550145cabaa","ex-7736514f-6b86-587d-9b80-e6bae1849e30","0","1","[""SYMBOLIC_EQUIVALENCE_NOT_PROVEN""]"
"cand-83333f62-bb5f-52c6-bcfe-6b59cf15f470","ex-377a6d86-a428-5d0e-a6c9-f9d24164e9fa","0","1","[""MATH_REPRESENTATION_UNDECLARED""]"
"cand-5caa7f81-48ab-5614-903e-75c8341f224e","ex-0979ffad-e3a8-50f7-808a-14ceedc9e439","0","1","[""MATH_REPRESENTATION_UNDECLARED""]"
"cand-64e9556b-3662-58a7-ac98-13f09920ce65","ex-5f635a49-9309-5adc-8d63-193f03af47a6","0","1","[""MATH_REPRESENTATION_UNDECLARED""]"
"cand-547755bf-02ba-57dd-b8fc-30d1a548a34c","ex-e7b76cb8-2be4-5a81-9a82-6f633bc6015e","0","1","[""MATH_REPRESENTATION_UNDECLARED""]"
"cand-242fd64b-8a61-5cb9-ac10-676c5729589a","ex-a83b93bd-ba5d-56ea-9471-2044eb819a56","0","2","[""MATH_REPRESENTATION_UNDECLARED"",""SYMBOLIC_EQUIVALENCE_NOT_PROVEN""]"
"cand-60a8cc67-00a5-5e41-bcfd-65c30e9ba0b7","ex-408e4d19-19b7-5ec6-b6d9-2f5761ee4548","0","1","[""MATH_REPRESENTATION_UNDECLARED""]"
"cand-e1f8e306-4195-5fdb-a62b-15196033965d","ex-755d5ab2-8318-57a5-8dc5-8680bda29116","0","1","[""MATH_REPRESENTATION_UNDECLARED""]"
"cand-8c281ed4-3eeb-5ffa-be02-4937d3fca8fa","ex-63e90ede-d14b-5a03-ac3e-b7867ec3c9dc","0","1","[""MATH_REPRESENTATION_UNDECLARED""]"
"cand-494e9563-e80d-52f5-8667-2e800e5b9fa8","ex-94c5b91a-e378-54ce-9b4a-bcf8d74b0d0a","0","1","[""MATH_REPRESENTATION_UNDECLARED""]"
"cand-d1711a17-e44f-5ade-b12b-7313a485f429","ex-2a7e6a98-32a4-5b8a-8faf-ac85da85eb55","0","1","[""SYMBOLIC_EQUIVALENCE_NOT_PROVEN""]"
"cand-2c520f55-44e3-59ca-a13c-4f6c282e2973","ex-991e98ca-edca-5d17-8113-ada57938ed19","0","1","[""MATH_REPRESENTATION_UNDECLARED""]"
"cand-53f2f116-0913-5f26-9221-36ade3a639fe","ex-c220b2e0-c012-55b6-aa9d-9d5c9d55966c","0","1","[""MATH_REPRESENTATION_UNDECLARED""]"
"cand-36e4df2d-dd43-5f88-956f-7e5f18c4224c","ex-a7e062f5-8695-5e95-9a0f-86a5269d1108","0","2","[""MATH_REPRESENTATION_UNDECLARED"",""SYMBOLIC_EQUIVALENCE_NOT_PROVEN""]"
"cand-1ff40229-da6d-544a-aac3-5767d2db0e86","ex-4e86e294-2850-55b7-9393-6c61648b4730","0","2","[""MATH_REPRESENTATION_UNDECLARED"",""SYMBOLIC_EQUIVALENCE_NOT_PROVEN""]"
"cand-811e2749-019e-5a62-b958-6374119872ac","ex-8853eb14-59c8-5fa7-a8a8-253b762108da","0","1","[""MATH_REPRESENTATION_UNDECLARED""]"
"cand-0b0adff7-be68-5692-b916-a8b5252bd41b","ex-aeb16cf3-0cc6-50f7-b13e-4448ac779fd3","0","1","[""SYMBOLIC_EQUIVALENCE_NOT_PROVEN""]"
"cand-6e24e6e6-a159-5f8a-b6ff-ec42384ced51","ex-fbbe18e3-ea08-575a-88f5-a1d87f3cb59e","0","1","[""MATH_REPRESENTATION_UNDECLARED""]"
"cand-a688f04a-53be-5a99-9a38-fef17974b454","ex-c366b76b-9b6a-59ab-a690-0636d995122d","0","1","[""MATH_REPRESENTATION_UNDECLARED""]"
"cand-547534ae-15b1-5abb-9fed-f4c3884df68e","ex-3251181d-2b8e-5b17-b996-ae111954087f","0","1","[""MATH_REPRESENTATION_UNDECLARED""]"
"cand-10bc93e0-0709-5047-b511-f81e5b7beb62","ex-6f46a73c-2ef1-5776-b821-1b8e1306774f","0","2","[""MATH_REPRESENTATION_UNDECLARED"",""SYMBOLIC_EQUIVALENCE_NOT_PROVEN""]"
"cand-cd06f55c-93bc-52c3-82f8-8960df1ec369","ex-551ae7c4-dc1c-5d38-947d-7afcce103e01","0","2","[""MATH_REPRESENTATION_UNDECLARED"",""SYMBOLIC_EQUIVALENCE_NOT_PROVEN""]"
"cand-8c112031-32bf-5936-b928-e0d68c8c1b6d","ex-a2317224-a166-5505-b6f5-c407d1f7470b","0","2","[""MATH_REPRESENTATION_UNDECLARED"",""SYMBOLIC_EQUIVALENCE_NOT_PROVEN""]"
"cand-a5187262-78b4-529c-ab78-9db9af60558a","ex-e3358265-f315-50f5-ab6a-37a5548bc2be","0","1","[""MATH_REPRESENTATION_UNDECLARED""]"
"cand-b51a7ca2-6eab-53e2-9f3a-4ff95aea7789","ex-c58c58ec-d819-5718-b8c2-9c4489d414a7","0","1","[""MATH_REPRESENTATION_UNDECLARED""]"
"cand-394dd98c-0805-5aa2-b9ca-03651bc85fd4","ex-9666bb97-e789-5e4b-bf64-5b30a481bcc7","0","1","[""MATH_REPRESENTATION_UNDECLARED""]"
"cand-3b39a0e6-3b25-5f75-96bb-06d7ee38c5fe","ex-82b3f2ec-7795-5635-b7aa-1135e2e6e447","0","1","[""MATH_REPRESENTATION_UNDECLARED""]"
"cand-c97838fe-4945-54d0-8ec1-a0d7c4f273fd","ex-826ef357-87f8-5e72-8050-d65da5e96a05","0","1","[""MATH_REPRESENTATION_UNDECLARED""]"
"cand-5af6d91c-bc8b-5427-8bd8-5245eb43715c","ex-22b2ea27-06a1-57f8-8211-73446918e18f","0","1","[""MATH_REPRESENTATION_UNDECLARED""]"
"cand-24979816-30cd-5d33-9c55-89b229e12e1d","ex-981732b4-4384-5bca-8c72-8e5470d4bba9","0","1","[""MATH_REPRESENTATION_UNDECLARED""]"
"cand-244f998c-bc58-545f-a27d-f75af3e37755","ex-1bb77e4a-35b6-5c44-9c2f-42b3a6fa198a","0","2","[""MATH_REPRESENTATION_UNDECLARED"",""SYMBOLIC_EQUIVALENCE_NOT_PROVEN""]"
"cand-8540f748-ca77-5681-8d61-a1c0ecc93796","ex-fa15ff1d-64ed-588b-bef7-1ae240d9a01a","0","1","[""MATH_REPRESENTATION_UNDECLARED""]"
"cand-55fc793c-7cf0-54c9-8eed-af50cb5bde2f","ex-44eaf481-616f-5878-9116-b640d0a54903","0","1","[""MATH_REPRESENTATION_UNDECLARED""]"
"cand-e2dbf135-6a76-5ed2-b5e9-b29c1ee2fbc2","ex-e500f979-4786-581e-a9e8-c27917fd061a","0","1","[""MATH_REPRESENTATION_UNDECLARED""]"
"cand-b32017f1-c401-5cc1-94f2-33dcdf86ae20","ex-c05f7e76-c129-57c1-b164-0ecfa07f3199","0","1","[""MATH_REPRESENTATION_UNDECLARED""]"
"cand-49b05d52-6704-5480-8d5f-71ff94447f85","ex-cb1ec896-cd57-5d39-aded-e98053cc8094","0","1","[""MATH_REPRESENTATION_UNDECLARED""]"
"cand-6dbfd1de-3741-531c-b520-d25eae3228ee","ex-b7e160d9-3f63-57c4-8897-c178796d5268","0","2","[""MATH_REPRESENTATION_UNDECLARED"",""SYMBOLIC_EQUIVALENCE_NOT_PROVEN""]"
"cand-f6ebf5b0-8022-5c20-b657-c8811c77d158","ex-b9e95f45-bafb-5e0c-aedd-a0435fb537db","0","1","[""SYMBOLIC_EQUIVALENCE_NOT_PROVEN""]"
"cand-5686ee23-85f0-5d16-8552-b63ebe4495e3","ex-b5ed4af7-6215-5f95-abd3-f2565dad201a","0","1","[""MATH_REPRESENTATION_UNDECLARED""]"
"cand-a33711fa-748f-5817-a4e2-37fa1261fc75","ex-7ae92cd0-5fbf-5ed5-af9a-902c671b274d","0","1","[""MATH_REPRESENTATION_UNDECLARED""]"
"cand-4b2c8d64-76c4-5fe7-8046-ffc3c206d7e4","ex-772fbc49-6709-5fba-acf4-d2d4b8f0f8e3","0","1","[""SYMBOLIC_EQUIVALENCE_NOT_PROVEN""]"
"cand-abb43dee-ac50-5e87-aba7-22fe20d7ac48","ex-59140e42-e1ec-5349-b4d9-e5542e842eed","0","2","[""MATH_REPRESENTATION_UNDECLARED"",""SYMBOLIC_EQUIVALENCE_NOT_PROVEN""]"
"cand-fa7111f7-17fc-5f6e-8eb7-2da01ecebd96","ex-6d257c00-e49f-5a56-8258-47ba7d8ff5e9","0","1","[""SYMBOLIC_EQUIVALENCE_NOT_PROVEN""]"
"cand-426ec5c7-b398-5ea6-857f-f72af00743d6","ex-9931248f-76fa-5209-ab2b-94394cc25c97","0","1","[""MATH_REPRESENTATION_UNDECLARED""]"
"cand-e8daa0bc-1c26-5240-b8d0-97a2f7db88a6","ex-874640ed-0e85-5a2a-81c1-0934eadd2c83","0","1","[""SYMBOLIC_EQUIVALENCE_NOT_PROVEN""]"
"cand-b913aa3a-06d3-5785-ab44-2bfc9a9803c5","ex-ab8acddc-1229-5919-b9dc-3863685fce5e","0","1","[""SYMBOLIC_EQUIVALENCE_NOT_PROVEN""]"
"cand-150be6fb-60b5-5739-9bb1-76f43ab1d10d","ex-1a6b9634-6613-58e2-9817-52f464469751","0","1","[""MATH_REPRESENTATION_UNDECLARED""]"
"cand-a738b9d6-8f25-58af-ad34-b7266a4872c3","ex-817846e0-68dd-5b44-858d-21e41c721003","0","1","[""SYMBOLIC_EQUIVALENCE_NOT_PROVEN""]"
"cand-3b38781c-4fae-501a-90a9-458a32da9a16","ex-dd4c0a23-76a9-54e6-85de-e43e5bd5949d","0","1","[""SYMBOLIC_EQUIVALENCE_NOT_PROVEN""]"
"cand-fb240049-479a-5ad3-ab21-f9bb6175ca91","ex-5b9182b3-1f9b-5291-acc8-63d039607ffe","0","1","[""SYMBOLIC_EQUIVALENCE_NOT_PROVEN""]"
"cand-3c74900b-6b6a-5056-ade2-0f53d4e04dc4","ex-6ff2420e-74b5-5c11-9e9e-2d2028967d4c","0","1","[""SYMBOLIC_EQUIVALENCE_NOT_PROVEN""]"
"cand-c4fbabf5-081f-5bf8-8c14-114dc6c1c134","ex-4e9f7f26-5adb-50c2-bb49-53873cfbd4e6","0","1","[""SYMBOLIC_EQUIVALENCE_NOT_PROVEN""]"
"cand-cba77bf1-b7e3-5cd3-a8be-966068bffcbe","ex-ba53f27b-a78c-5d24-8188-d933e5d9a53a","0","1","[""SYMBOLIC_EQUIVALENCE_NOT_PROVEN""]"
"cand-260a80f5-d48c-5d7f-8eb6-7d20de0b5bf2","ex-def77035-9fce-5381-8e18-4ab60723039a","0","1","[""SYMBOLIC_EQUIVALENCE_NOT_PROVEN""]"
"cand-3c3c6fd7-91dd-5715-9392-d03d56fbc69d","ex-71a23b73-3608-5111-9198-3044c08cf91e","0","1","[""SYMBOLIC_EQUIVALENCE_NOT_PROVEN""]"
"cand-cc89453a-6658-5ee0-b3d3-c91a47b16362","ex-b6960ba0-5e87-5c2e-bc66-369f693bdaff","0","1","[""SYMBOLIC_EQUIVALENCE_NOT_PROVEN""]"
"cand-7d1813f3-5c15-5906-895c-244d27a70c5a","ex-4ad843f6-d90c-50dd-b2bd-a6ee8a8ac1c5","0","1","[""SYMBOLIC_EQUIVALENCE_NOT_PROVEN""]"
"cand-b582b3d8-29a4-5fcc-9711-9d68d80c2fc4","ex-d585fb23-b694-5e8b-a632-d45c1e9b53a9","0","1","[""SYMBOLIC_EQUIVALENCE_NOT_PROVEN""]"
"cand-ea7206ed-2a24-5c13-8f09-1df091048b88","ex-ff1da438-d8ad-5b3c-a4d3-6975c5d1cb68","0","1","[""SYMBOLIC_EQUIVALENCE_NOT_PROVEN""]"
"cand-5a20e333-e7af-5732-9cae-afc54a441d0a","ex-929841b7-aa3a-5fd8-837d-6390fb3e7311","0","1","[""SYMBOLIC_EQUIVALENCE_NOT_PROVEN""]"
"cand-34844e0d-9dbe-51f6-aa9f-765d1b2145fc","ex-b1438be3-4dee-569d-b6d2-61816f36836f","0","1","[""SYMBOLIC_EQUIVALENCE_NOT_PROVEN""]"
"cand-01b88fa9-b954-5315-8272-66fd0baf8268","ex-2a570597-10a5-5a2d-8a1e-f34ea731bb5f","0","1","[""SYMBOLIC_EQUIVALENCE_NOT_PROVEN""]"
"cand-020b9320-e269-5ca9-a787-88587338c4b3","ex-a6ff0f0f-2c74-5c13-8dab-afc9bd98990d","0","2","[""MATH_REPRESENTATION_UNDECLARED"",""SYMBOLIC_EQUIVALENCE_NOT_PROVEN""]"
"cand-02373874-3f1d-573e-87a0-a530e67891d0","ex-45e4b30d-8684-5247-8a50-525c39cc9301","0","1","[""MATH_REPRESENTATION_UNDECLARED""]"
"cand-85dcf924-4942-5696-99dc-e9541a731084","ex-877cadbd-e3a9-54d7-b100-c24617d637f7","0","2","[""MATH_REPRESENTATION_UNDECLARED"",""SYMBOLIC_EQUIVALENCE_NOT_PROVEN""]"
"cand-76962577-1528-5205-a4af-2793f985d7d8","ex-d60d1483-817e-56cf-a883-b023d2cad8af","0","2","[""MATH_REPRESENTATION_UNDECLARED"",""SYMBOLIC_EQUIVALENCE_NOT_PROVEN""]"
"cand-f8078ff2-d121-5ccf-87f3-24bbc04bd909","ex-bd72b79e-1e49-5d9c-af24-76ddafca4d65","0","2","[""MATH_REPRESENTATION_UNDECLARED"",""SYMBOLIC_EQUIVALENCE_NOT_PROVEN""]"
"cand-bd7d4058-e21d-5ec9-87c6-249f3c408564","ex-d309dce9-f573-5296-af75-46346cdf1e49","0","2","[""MATH_REPRESENTATION_UNDECLARED"",""SYMBOLIC_EQUIVALENCE_NOT_PROVEN""]"
"cand-f1efd072-05da-5fe5-b926-b814adb478bc","ex-366f19b0-9889-5dee-8ce8-d3baab119ad5","0","1","[""MATH_REPRESENTATION_UNDECLARED""]"
"cand-d6678671-50ba-5bbc-9a59-65d32a6505b4","ex-ffdc63dd-2573-5507-9857-a8b8e9a45c76","0","2","[""MATH_REPRESENTATION_UNDECLARED"",""SYMBOLIC_EQUIVALENCE_NOT_PROVEN""]"
"cand-15300ca1-90ed-52b9-aa44-3a0e1055142b","ex-19ec941e-f155-5a8c-9fcb-03a5ffa8931b","0","1","[""MATH_REPRESENTATION_UNDECLARED""]"
"cand-0a1811c1-a310-50dd-bdcd-af1b15994862","ex-62549f9b-e046-5018-8370-55e7ae4514bf","0","1","[""MATH_REPRESENTATION_UNDECLARED""]"
"cand-8c357c1d-802e-59a1-b8c7-b5565a5b9655","ex-83a0124f-e72d-587f-89d0-5590fecd0df6","0","2","[""MATH_REPRESENTATION_UNDECLARED"",""SYMBOLIC_EQUIVALENCE_NOT_PROVEN""]"
"cand-d5cf1288-84be-52cb-ae76-512b95eb9db8","ex-4e9c1d63-b1cd-5c5f-b630-6350cd13e0ae","0","1","[""MATH_REPRESENTATION_UNDECLARED""]"
"cand-801ee684-7c93-5f06-8966-734882d8e6be","ex-6e4ba298-84cf-53df-9dd4-4f978da827f1","0","1","[""MATH_REPRESENTATION_UNDECLARED""]"
"cand-09105e7b-6fe6-5a95-8150-1338993d0522","ex-aeed912d-4c35-56e3-bd93-54107f4aed3a","0","1","[""MATH_REPRESENTATION_UNDECLARED""]"
"cand-f6184a5c-47c6-5b38-bbea-dc8998663cbf","ex-6fe56a38-d29d-5a14-929a-7c624ebf784b","0","1","[""MATH_REPRESENTATION_UNDECLARED""]"
"cand-e19a6fcd-4894-5a3d-a64c-f7f8cb750d1c","ex-2144cb6f-8817-56f1-acaa-0784f8ea221a","0","1","[""MATH_REPRESENTATION_UNDECLARED""]"
"cand-e5375530-ac7a-5c67-ab15-20c5eb37016e","ex-7eb883e1-c392-5ed0-8147-d6d7d2328927","0","1","[""MATH_REPRESENTATION_UNDECLARED""]"
"cand-c07317af-750e-515c-8a2f-e6b6da28a069","ex-b448fca9-b3df-58b3-818e-0e1e72e0d083","0","2","[""MATH_REPRESENTATION_UNDECLARED"",""SYMBOLIC_EQUIVALENCE_NOT_PROVEN""]"
"cand-4cfe71e7-68c1-5515-bf47-eff6c39d669b","ex-7cf5d8d5-dd3b-5d16-b4b8-c6e08bb28fcd","0","1","[""MATH_REPRESENTATION_UNDECLARED""]"
"cand-b6b30491-0986-5be7-9e9f-608622799e33","ex-5f22f6f8-028f-58c5-b473-e65a3b004a45","0","1","[""MATH_REPRESENTATION_UNDECLARED""]"
"cand-c789a7b1-d4a2-56da-bf09-8c65b55561ac","ex-9cfa5ec6-22cd-5d4b-be37-05b9d8061c50","0","2","[""MATH_REPRESENTATION_UNDECLARED"",""SYMBOLIC_EQUIVALENCE_NOT_PROVEN""]"
"cand-8009835f-8663-55b5-a6af-3f8b1839c204","ex-0675d037-f0a6-51b1-8559-0a5af8ede9f8","0","1","[""MATH_REPRESENTATION_UNDECLARED""]"
"cand-4b618078-e216-5025-9d77-796bee97d9d1","ex-8ad95576-1e5c-5d8d-9e12-06d249be8433","0","2","[""MATH_REPRESENTATION_UNDECLARED"",""SYMBOLIC_EQUIVALENCE_NOT_PROVEN""]"
"cand-c2c4bf9b-311e-570b-acbe-3d10362fa275","ex-08601bb4-cbf0-5374-ba7b-f244ac0a9c20","0","1","[""MATH_REPRESENTATION_UNDECLARED""]"
"cand-2de6cdec-04e3-5d3b-b148-71838435dbd1","ex-f9636417-415c-5ff4-97e7-aaf09bcff0d2","0","2","[""REVIEW_FINDINGS_OPEN"",""SOLUTION_REVIEW_REQUIRED""]"
"cand-afda3463-6c94-55aa-bb73-85678c36ef8e","ex-025a3db3-af4c-5fac-870a-5a072c2af31f","0","3","[""REVIEW_FINDINGS_OPEN"",""SOLUTION_REVIEW_REQUIRED"",""SYMBOLIC_EQUIVALENCE_NOT_PROVEN""]"
"cand-12cac89c-06fb-57a1-ae14-8d586b521196","ex-c614c189-0943-5ab9-b73c-8c4405826de5","0","3","[""REVIEW_FINDINGS_OPEN"",""SOLUTION_REVIEW_REQUIRED"",""SYMBOLIC_EQUIVALENCE_NOT_PROVEN""]"
"cand-e8f8639d-27f5-5fe5-9360-b486d05f4187","ex-581ff99a-06c2-5c41-aad3-e4dd47f82aa5","0","3","[""REVIEW_FINDINGS_OPEN"",""SOLUTION_DEVELOPMENT_INSUFFICIENT"",""SOLUTION_REVIEW_REQUIRED""]"
"cand-c0843e49-8fc2-5258-9b3a-727677a0f72f","ex-4541240f-8f84-5ec0-9fc2-7bebde209718","0","3","[""REVIEW_FINDINGS_OPEN"",""SOLUTION_DEVELOPMENT_INSUFFICIENT"",""SOLUTION_REVIEW_REQUIRED""]"
"cand-b1733e38-ba99-5a3b-bcf8-7d980aa4827c","ex-9f5605d9-741c-513a-a0d7-95a282009a54","0","4","[""REVIEW_FINDINGS_OPEN"",""SOLUTION_DEVELOPMENT_INSUFFICIENT"",""SOLUTION_REVIEW_REQUIRED"",""SYMBOLIC_EQUIVALENCE_NOT_PROVEN""]"
"cand-e7f623e7-c7c0-56b3-86c4-38e60a62e963","ex-2862a78e-bf94-5a44-a8f7-faa2b96808a3","0","3","[""REVIEW_FINDINGS_OPEN"",""SOLUTION_DEVELOPMENT_INSUFFICIENT"",""SOLUTION_REVIEW_REQUIRED""]"
"cand-bc3adc6b-0b3d-519d-b385-65b8d1482e2f","ex-61d910b6-bf72-51b7-a117-f3935bf99602","0","3","[""REVIEW_FINDINGS_OPEN"",""SOLUTION_DEVELOPMENT_INSUFFICIENT"",""SOLUTION_REVIEW_REQUIRED""]"
"cand-117c550f-0f86-54b7-b815-cd8e317fce2b","ex-56e31cc1-1af5-505c-bc20-96b493af868c","0","3","[""REVIEW_FINDINGS_OPEN"",""SOLUTION_DEVELOPMENT_INSUFFICIENT"",""SOLUTION_REVIEW_REQUIRED""]"
"cand-cbe5d7fd-4198-54df-be36-9dfdd24546eb","ex-f2a71539-e7f5-5dce-982d-3ff875733b95","0","2","[""REVIEW_FINDINGS_OPEN"",""SOLUTION_REVIEW_REQUIRED""]"
"cand-f1c0fe5e-0619-5aff-88d6-debcf57a4db5","ex-c372ebf2-d846-54f7-8368-c14b3360b880","0","3","[""REVIEW_FINDINGS_OPEN"",""SOLUTION_DEVELOPMENT_INSUFFICIENT"",""SOLUTION_REVIEW_REQUIRED""]"
"cand-1014f04c-4e21-5b79-83a3-f6dc68b60a23","ex-9e05e89d-2986-5dbe-b1d5-e8c09960fe85","0","2","[""REVIEW_FINDINGS_OPEN"",""SOLUTION_REVIEW_REQUIRED""]"
"cand-10c3aa79-44a1-592b-a3dc-d7c62d754163","ex-5e11b000-be1e-517c-b9eb-9db902831dfe","0","4","[""REVIEW_FINDINGS_OPEN"",""SOLUTION_DEVELOPMENT_INSUFFICIENT"",""SOLUTION_REVIEW_REQUIRED"",""SYMBOLIC_EQUIVALENCE_NOT_PROVEN""]"
"cand-86a2839e-a414-5cb0-a20b-0f98701a7b64","ex-37dd6ac5-a9f2-5122-a849-61c7fceebda9","0","3","[""REVIEW_FINDINGS_OPEN"",""SOLUTION_DEVELOPMENT_INSUFFICIENT"",""SOLUTION_REVIEW_REQUIRED""]"
"cand-8602a22f-9f7f-5cfc-a742-c63b815c3a7e","ex-e4e4ee77-4ccb-53f8-8a0d-fe3d7dabf4d2","0","4","[""REVIEW_FINDINGS_OPEN"",""SOLUTION_DEVELOPMENT_INSUFFICIENT"",""SOLUTION_REVIEW_REQUIRED"",""SYMBOLIC_EQUIVALENCE_NOT_PROVEN""]"
"cand-e39ca49a-fb68-50f7-9ee8-d4c08c714a9a","ex-26d86ae9-8000-5f85-9a3b-9ac115661c7e","0","3","[""REVIEW_FINDINGS_OPEN"",""SOLUTION_DEVELOPMENT_INSUFFICIENT"",""SOLUTION_REVIEW_REQUIRED""]"
"cand-b17fe5d8-1c59-5ea4-9fb2-979718c4055b","ex-cf77e024-148d-5864-a1ec-2c6d3eae5e5d","0","4","[""REVIEW_FINDINGS_OPEN"",""SOLUTION_DEVELOPMENT_INSUFFICIENT"",""SOLUTION_REVIEW_REQUIRED"",""SYMBOLIC_EQUIVALENCE_NOT_PROVEN""]"
"cand-a8a35bee-af6c-52d3-88dd-88ad6b82dd2e","ex-342a6a13-cea6-5df7-9f76-1256807fb6bc","0","3","[""REVIEW_FINDINGS_OPEN"",""SOLUTION_DEVELOPMENT_INSUFFICIENT"",""SOLUTION_REVIEW_REQUIRED""]"
"cand-eaf75f40-6652-51da-9f47-a64018e4cb7e","ex-9ae4045a-400e-516e-a628-7c98042aa8ca","0","4","[""REVIEW_FINDINGS_OPEN"",""SOLUTION_DEVELOPMENT_INSUFFICIENT"",""SOLUTION_REVIEW_REQUIRED"",""SYMBOLIC_EQUIVALENCE_NOT_PROVEN""]"
"cand-f8aa7fbf-09b2-5e68-88c7-b59442e68fee","ex-cc312d72-8979-55a9-8ddc-9f800fc51e67","0","3","[""REVIEW_FINDINGS_OPEN"",""SOLUTION_DEVELOPMENT_INSUFFICIENT"",""SOLUTION_REVIEW_REQUIRED""]"
"cand-44cc9db1-7f5f-5a51-999d-237db1319459","ex-9679c779-30f0-588c-ac6a-83adda53edaa","0","3","[""REVIEW_FINDINGS_OPEN"",""SOLUTION_DEVELOPMENT_INSUFFICIENT"",""SOLUTION_REVIEW_REQUIRED""]"
"cand-eaffdf3a-219f-5d55-81d5-93d020a0b7b8","ex-9d574095-ef02-50a0-a566-3ffb1d44ddcf","0","4","[""REVIEW_FINDINGS_OPEN"",""SOLUTION_DEVELOPMENT_INSUFFICIENT"",""SOLUTION_REVIEW_REQUIRED"",""SYMBOLIC_EQUIVALENCE_NOT_PROVEN""]"
"cand-eaa10f2d-c7ae-5f33-b7e7-d409ed79c5d9","ex-c0f44b23-2753-52d3-8216-d24ebfde46c0","0","3","[""REVIEW_FINDINGS_OPEN"",""SOLUTION_DEVELOPMENT_INSUFFICIENT"",""SOLUTION_REVIEW_REQUIRED""]"
"cand-b60d1961-93c6-517d-ae4d-c8ef84e0c47e","ex-1acf668f-9a20-5b1e-9f4d-b5b78cbd8b15","0","3","[""REVIEW_FINDINGS_OPEN"",""SOLUTION_DEVELOPMENT_INSUFFICIENT"",""SOLUTION_REVIEW_REQUIRED""]"
"cand-6ff66ee8-d66d-589e-a77b-b66736ef1002","ex-ecddf8a9-a66f-5e5a-aba5-2125a4954727","0","3","[""REVIEW_FINDINGS_OPEN"",""SOLUTION_DEVELOPMENT_INSUFFICIENT"",""SOLUTION_REVIEW_REQUIRED""]"
"cand-e701318c-ee04-578c-8d31-63820e76e9c6","ex-9294b7b6-e9e2-59f6-af78-db09daa4b7d4","0","3","[""REVIEW_FINDINGS_OPEN"",""SOLUTION_DEVELOPMENT_INSUFFICIENT"",""SOLUTION_REVIEW_REQUIRED""]"
"cand-d8f46a7f-508b-5bda-86c2-34a7f4b834d2","ex-afea1316-8b24-5ba9-ad5f-0bf35f071280","0","4","[""REVIEW_FINDINGS_OPEN"",""SOLUTION_DEVELOPMENT_INSUFFICIENT"",""SOLUTION_REVIEW_REQUIRED"",""SYMBOLIC_EQUIVALENCE_NOT_PROVEN""]"
"cand-3a5f6e0a-e684-5d3f-8e9f-b6bcc33031d2","ex-fd230130-4747-542a-a9f6-63d803c022ae","0","3","[""REVIEW_FINDINGS_OPEN"",""SOLUTION_REVIEW_REQUIRED"",""SYMBOLIC_EQUIVALENCE_NOT_PROVEN""]"
"cand-2bce8d43-9e5b-53de-8e9b-3b43a226d886","ex-9ef6f7af-d82a-5d54-97bb-6e653ecb4814","0","3","[""REVIEW_FINDINGS_OPEN"",""SOLUTION_DEVELOPMENT_INSUFFICIENT"",""SOLUTION_REVIEW_REQUIRED""]"
"cand-fb10e768-3e48-5698-aa20-3274990fa498","ex-3ca61b1f-ded6-5813-8359-8b835049afd9","0","4","[""REVIEW_FINDINGS_OPEN"",""SOLUTION_DEVELOPMENT_INSUFFICIENT"",""SOLUTION_REVIEW_REQUIRED"",""SYMBOLIC_EQUIVALENCE_NOT_PROVEN""]"
"cand-7c53378f-de1f-5e23-b626-83e737ba5ca9","ex-ef8f3731-31dd-59c0-a4da-ef13b65b5af3","0","4","[""REVIEW_FINDINGS_OPEN"",""SOLUTION_DEVELOPMENT_INSUFFICIENT"",""SOLUTION_REVIEW_REQUIRED"",""SYMBOLIC_EQUIVALENCE_NOT_PROVEN""]"
"cand-d0ad446e-149e-5190-bfbd-ace86e3a4dcc","ex-5ee38cfc-153a-547f-96b9-92eabf3f2ac2","0","4","[""REVIEW_FINDINGS_OPEN"",""SOLUTION_DEVELOPMENT_INSUFFICIENT"",""SOLUTION_REVIEW_REQUIRED"",""SYMBOLIC_EQUIVALENCE_NOT_PROVEN""]"
"cand-fc86ac58-80c7-5adf-b73a-c5a65aa8c704","ex-0593a0d0-a699-580b-9dec-f134767a1b34","0","4","[""REVIEW_FINDINGS_OPEN"",""SOLUTION_DEVELOPMENT_INSUFFICIENT"",""SOLUTION_REVIEW_REQUIRED"",""SYMBOLIC_EQUIVALENCE_NOT_PROVEN""]"
"cand-203deae2-4f86-541e-a6ed-5ce3568b345c","ex-08918112-8526-5d98-af78-13d2a38b1cba","0","4","[""REVIEW_FINDINGS_OPEN"",""SOLUTION_DEVELOPMENT_INSUFFICIENT"",""SOLUTION_REVIEW_REQUIRED"",""SYMBOLIC_EQUIVALENCE_NOT_PROVEN""]"
"cand-ea3b99e4-8652-56de-b0ad-dbe8e1af7a17","ex-24fdb8a1-f6e8-55b3-b41b-0b9cd0ebc300","0","4","[""REVIEW_FINDINGS_OPEN"",""SOLUTION_DEVELOPMENT_INSUFFICIENT"",""SOLUTION_REVIEW_REQUIRED"",""SYMBOLIC_EQUIVALENCE_NOT_PROVEN""]"
"cand-84fa5501-46ec-5a9d-9104-09a1b57145bd","ex-0b498ca9-9b0e-5f48-835a-f4b0ecfeaa9d","0","4","[""REVIEW_FINDINGS_OPEN"",""SOLUTION_DEVELOPMENT_INSUFFICIENT"",""SOLUTION_REVIEW_REQUIRED"",""SYMBOLIC_EQUIVALENCE_NOT_PROVEN""]"
"cand-0ad504c5-1965-547c-bd3e-ff9249814c4c","ex-a2ee3c06-4ec4-500f-9637-2aa587ff0d02","0","4","[""REVIEW_FINDINGS_OPEN"",""SOLUTION_DEVELOPMENT_INSUFFICIENT"",""SOLUTION_REVIEW_REQUIRED"",""SYMBOLIC_EQUIVALENCE_NOT_PROVEN""]"
"cand-a185d26b-fd6f-52ef-b14c-9d2f44282de8","ex-dea1516f-c2ab-54dc-8f4b-d9d5296cbc92","0","4","[""REVIEW_FINDINGS_OPEN"",""SOLUTION_DEVELOPMENT_INSUFFICIENT"",""SOLUTION_REVIEW_REQUIRED"",""SYMBOLIC_EQUIVALENCE_NOT_PROVEN""]"
"cand-35a7414e-d228-5efc-a7ab-3c778c1c88aa","ex-6da0bb12-753c-59ef-9a86-266c5f4e5854","0","4","[""REVIEW_FINDINGS_OPEN"",""SOLUTION_DEVELOPMENT_INSUFFICIENT"",""SOLUTION_REVIEW_REQUIRED"",""SYMBOLIC_EQUIVALENCE_NOT_PROVEN""]"
"cand-948878da-bab0-598d-90ef-2f466a526c91","ex-6378b02c-b3ff-5b94-8460-0e412618893a","0","4","[""REVIEW_FINDINGS_OPEN"",""SOLUTION_DEVELOPMENT_INSUFFICIENT"",""SOLUTION_REVIEW_REQUIRED"",""SYMBOLIC_EQUIVALENCE_NOT_PROVEN""]"
"cand-33412f5c-d8c7-519e-ad2d-d81e411688ea","ex-34f006b2-3922-5d16-94f2-39b72cd475f9","0","3","[""REVIEW_FINDINGS_OPEN"",""SOLUTION_DEVELOPMENT_INSUFFICIENT"",""SOLUTION_REVIEW_REQUIRED""]"
"cand-335c155e-1516-57a0-89fa-e76093d5b862","ex-38680f60-688c-53fc-bb31-46b979b3bc59","0","3","[""REVIEW_FINDINGS_OPEN"",""SOLUTION_DEVELOPMENT_INSUFFICIENT"",""SOLUTION_REVIEW_REQUIRED""]"
"cand-acc8c593-e766-5dd4-ba4e-f58ac6583980","ex-0b3e7a2c-a4e5-5d52-ae0b-f3557431987b","0","3","[""REVIEW_FINDINGS_OPEN"",""SOLUTION_DEVELOPMENT_INSUFFICIENT"",""SOLUTION_REVIEW_REQUIRED""]"
"cand-550fc079-473d-5e78-aa53-0d437f94f7e5","ex-54ada39f-8bbb-5df4-b836-03b25d920505","0","3","[""REVIEW_FINDINGS_OPEN"",""SOLUTION_DEVELOPMENT_INSUFFICIENT"",""SOLUTION_REVIEW_REQUIRED""]"
"cand-a0709ce3-caaf-52dd-b912-25a5327c7a7f","ex-204f31c7-6c36-5e4b-b140-9adf80bc113b","0","3","[""REVIEW_FINDINGS_OPEN"",""SOLUTION_DEVELOPMENT_INSUFFICIENT"",""SOLUTION_REVIEW_REQUIRED""]"
"cand-6fb2e909-5098-51c4-bf2a-65e8f24f4888","ex-a3c9f979-ff2f-57d5-92ad-c6053949c3f3","0","4","[""REVIEW_FINDINGS_OPEN"",""SOLUTION_DEVELOPMENT_INSUFFICIENT"",""SOLUTION_REVIEW_REQUIRED"",""SYMBOLIC_EQUIVALENCE_NOT_PROVEN""]"
"cand-68cfeb08-6fc0-5ae6-9fcc-bbe8a5a94070","ex-c421ee43-ed7d-50f6-8c4a-7b7044fb77db","0","3","[""REVIEW_FINDINGS_OPEN"",""SOLUTION_DEVELOPMENT_INSUFFICIENT"",""SOLUTION_REVIEW_REQUIRED""]"
"cand-9cc4a2d8-dbcb-50ab-a0ef-5290d86691f8","ex-5ed5d4c0-11f6-575b-a103-c96d6afbc5b4","0","3","[""REVIEW_FINDINGS_OPEN"",""SOLUTION_DEVELOPMENT_INSUFFICIENT"",""SOLUTION_REVIEW_REQUIRED""]"
"cand-566cb56d-c8a2-5ce5-adeb-58c1cb5dab4e","ex-8f918724-9b5e-5462-8d0a-c053e4693da0","0","3","[""REVIEW_FINDINGS_OPEN"",""SOLUTION_DEVELOPMENT_INSUFFICIENT"",""SOLUTION_REVIEW_REQUIRED""]"
"cand-e279588a-df9c-59e1-a7bf-28b62b83ff01","ex-dc6696fc-0d2b-5b99-8985-3133bee16040","0","3","[""REVIEW_FINDINGS_OPEN"",""SOLUTION_DEVELOPMENT_INSUFFICIENT"",""SOLUTION_REVIEW_REQUIRED""]"
"cand-3b4f56dd-4b7a-591f-9ff3-3158597d0775","ex-405c7e30-49a3-5dd9-a450-272e2d7fbd7d","0","3","[""REVIEW_FINDINGS_OPEN"",""SOLUTION_DEVELOPMENT_INSUFFICIENT"",""SOLUTION_REVIEW_REQUIRED""]"
"cand-c6c459ea-74ce-583b-99fb-2bb437ae219e","ex-3e64802c-8772-51dc-b7bb-386e76de75a1","0","3","[""REVIEW_FINDINGS_OPEN"",""SOLUTION_DEVELOPMENT_INSUFFICIENT"",""SOLUTION_REVIEW_REQUIRED""]"
"cand-d4e453e5-9ee2-5e24-bda6-571ebb8ac0fa","ex-4786f5fa-0c84-57a0-b9d1-190955fda340","0","3","[""REVIEW_FINDINGS_OPEN"",""SOLUTION_DEVELOPMENT_INSUFFICIENT"",""SOLUTION_REVIEW_REQUIRED""]"
